idna_subject,checker_type,destination,source,tested_at,session_id
0.fls.doubleclick.net,AVAILABILITY,domains.list,domains.list,2001-08-29 01:39:50.924007,127761e9c642bb72a668b975
0001-cab8-4c8c-43de.reporo.net,AVAILABILITY,domains.list,domains.list,2001-08-29 01:39:51.070879,127761e9c642bb72a668b975
002-slq-470.mktoresp.com,AVAILABILITY,domains.list,domains.list,2001-08-29 01:39:51.210842,127761e9c642bb72a668b975
004-btr-463.mktoresp.com,AVAILABILITY,domains.list,domains.list,2001-08-29 01:39:51.352541,127761e9c642bb72a668b975
005.free-counters.co.uk,AVAILABILITY,domains.list,domains.list,2001-08-29 01:39:51.504992,127761e9c642bb72a668b975
006.free-counters.co.uk,AVAILABILITY,domains.list,domains.list,2001-08-29 01:39:51.652587,127761e9c642bb72a668b975
007.free-counters.co.uk,AVAILABILITY,domains.list,domains.list,2001-08-29 01:39:51.806147,127761e9c642bb72a668b975
0075-7112-e7eb-f9b9.reporo.net,AVAILABILITY,domains.list,domains.list,2001-08-29 01:39:51.951463,127761e9c642bb72a668b975
008.free-counters.co.uk,AVAILABILITY,domains.list,domains.list,2001-08-29 01:39:52.101727,127761e9c642bb72a668b975
009-yli-241.mktoresp.com,AVAILABILITY,domains.list,domains.list,2001-08-29 01:39:52.245731,127761e9c642bb72a668b975
009.bapi.adsafeprotected.com,AVAILABILITY,domains.list,domains.list,2001-08-29 01:39:52.382022,127761e9c642bb72a668b975
00b5-d72d-8252-a96c.reporo.net,AVAILABILITY,domains.list,domains.list,2001-08-29 01:39:52.534691,127761e9c642bb72a668b975
00f9-d59a-b75d-8898.reporo.net,AVAILABILITY,domains.list,domains.list,2001-08-29 01:39:52.665031,127761e9c642bb72a668b975
00v07c3k7o.kameleoon.eu,AVAILABILITY,domains.list,domains.list,2001-08-29 01:39:52.806719,127761e9c642bb72a668b975
01-1099pro-nym2.ad.corp.appnexus.com,AVAILABILITY,domains.list,domains.list,2001-08-29 01:39:52.945280,127761e9c642bb72a668b975
01-dc-den2.ad.corp.appnexus.com,AVAILABILITY,domains.list,domains.list,2001-08-29 01:39:53.094555,127761e9c642bb72a668b975
01-ddpe-fe-nym2.corp.appnexus.com,AVAILABILITY,domains.list,domains.list,2001-08-29 01:39:53.369598,127761e9c642bb72a668b975
01-ddpe-nym2.ad.corp.appnexus.com,AVAILABILITY,domains.list,domains.list,2001-08-29 01:39:53.511005,127761e9c642bb72a668b975
01-exch-den2.ad.corp.appnexus.com,AVAILABILITY,domains.list,domains.list,2001-08-29 01:39:53.650067,127761e9c642bb72a668b975
01-ion-dr-lax.ad.corp.appnexus.com,AVAILABILITY,domains.list,domains.list,2001-08-29 01:39:54.174109,127761e9c642bb72a668b975
01-prf-dr-lax.ad.corp.appnexus.com,AVAILABILITY,domains.list,domains.list,2001-08-29 01:39:54.309256,127761e9c642bb72a668b975
01-prf-test-nym.ad.corp.appnexus.com,AVAILABILITY,domains.list,domains.list,2001-08-29 01:39:54.444024,127761e9c642bb72a668b975
01-rds-dev-nym1.ad.corp.appnexus.com,AVAILABILITY,domains.list,domains.list,2001-08-29 01:39:54.583063,127761e9c642bb72a668b975
01-rds-dr-lax.ad.corp.appnexus.com,AVAILABILITY,domains.list,domains.list,2001-08-29 01:39:54.716136,127761e9c642bb72a668b975
01-spotapp-nym2.ad.corp.appnexus.com,AVAILABILITY,domains.list,domains.list,2001-08-29 01:39:54.850737,127761e9c642bb72a668b975
01-spotdb-nym2.ad.corp.appnexus.com,AVAILABILITY,domains.list,domains.list,2001-08-29 01:39:54.985824,127761e9c642bb72a668b975
01-spotweb-nym2.ad.corp.appnexus.com,AVAILABILITY,domains.list,domains.list,2001-08-29 01:39:55.133977,127761e9c642bb72a668b975
01-sql-dev-nym1.ad.corp.appnexus.com,AVAILABILITY,domains.list,domains.list,2001-08-29 01:39:55.292332,127761e9c642bb72a668b975
01-sql-test-nym.ad.corp.appnexus.com,AVAILABILITY,domains.list,domains.list,2001-08-29 01:39:55.441367,127761e9c642bb72a668b975
01-sun-dev-nym1.ad.corp.appnexus.com,AVAILABILITY,domains.list,domains.list,2001-08-29 01:39:55.588033,127761e9c642bb72a668b975
01-sun-dr-lax.ad.corp.appnexus.com,AVAILABILITY,domains.list,domains.list,2001-08-29 01:39:55.746118,127761e9c642bb72a668b975
01-vidyo-router.ams1.appnexus.com,AVAILABILITY,domains.list,domains.list,2001-08-29 01:39:55.897407,127761e9c642bb72a668b975
01-vidyo-router.lax1.appnexus.com,AVAILABILITY,domains.list,domains.list,2001-08-29 01:39:56.049364,127761e9c642bb72a668b975
01-vidyo-router.nyc2.appnexus.com,AVAILABILITY,domains.list,domains.list,2001-08-29 01:39:56.205563,127761e9c642bb72a668b975
01-vidyo-router.nym2.appnexus.com,AVAILABILITY,domains.list,domains.list,2001-08-29 01:39:56.344947,127761e9c642bb72a668b975
01-winadmin-nym2.ad.corp.appnexus.com,AVAILABILITY,domains.list,domains.list,2001-08-29 01:39:56.498081,127761e9c642bb72a668b975
01-winbuild-nym2.ad.corp.appnexus.com,AVAILABILITY,domains.list,domains.list,2001-08-29 01:39:56.647366,127761e9c642bb72a668b975
01-winlog-nym2.ad.corp.appnexus.com,AVAILABILITY,domains.list,domains.list,2001-08-29 01:39:56.788734,127761e9c642bb72a668b975
01.ast.nyc2.appnexus.com,AVAILABILITY,domains.list,domains.list,2001-08-29 01:39:57.076833,127761e9c642bb72a668b975
01.catchpoint.ams1.appnexus.com,AVAILABILITY,domains.list,domains.list,2001-08-29 01:39:57.925639,127761e9c642bb72a668b975
01.imap.nyc2.appnexus.com,AVAILABILITY,domains.list,domains.list,2001-08-29 01:39:59.033877,127761e9c642bb72a668b975
01.jamf-fe.nym2.appnexus.com,AVAILABILITY,domains.list,domains.list,2001-08-29 01:39:59.170142,127761e9c642bb72a668b975
01.kdc.ams1.appnexus.com,AVAILABILITY,domains.list,domains.list,2001-08-29 01:39:59.424227,127761e9c642bb72a668b975
01.kdc.fra1.appnexus.com,AVAILABILITY,domains.list,domains.list,2001-08-29 01:39:59.559020,127761e9c642bb72a668b975
01.kdc.lax1.appnexus.com,AVAILABILITY,domains.list,domains.list,2001-08-29 01:39:59.690693,127761e9c642bb72a668b975
01.kdc.nym2.appnexus.com,AVAILABILITY,domains.list,domains.list,2001-08-29 01:39:59.823002,127761e9c642bb72a668b975
01.krbize.ams1.appnexus.com,AVAILABILITY,domains.list,domains.list,2001-08-29 01:40:00.125840,127761e9c642bb72a668b975
01.krbize.lax1.appnexus.com,AVAILABILITY,domains.list,domains.list,2001-08-29 01:40:00.269225,127761e9c642bb72a668b975
01.krbize.nym2.appnexus.com,AVAILABILITY,domains.list,domains.list,2001-08-29 01:40:00.412252,127761e9c642bb72a668b975
01.lg.fra1.appnexus.com,AVAILABILITY,domains.list,domains.list,2001-08-29 01:40:00.670645,127761e9c642bb72a668b975
01.lg.lax1.appnexus.com,AVAILABILITY,domains.list,domains.list,2001-08-29 01:40:00.811196,127761e9c642bb72a668b975
01.lg.nym2.appnexus.com,AVAILABILITY,domains.list,domains.list,2001-08-29 01:40:01.079178,127761e9c642bb72a668b975
01.pbx.nyc2.appnexus.com,AVAILABILITY,domains.list,domains.list,2001-08-29 01:40:01.858905,127761e9c642bb72a668b975
01.vidyo-gateway.nyc2.appnexus.com,AVAILABILITY,domains.list,domains.list,2001-08-29 01:40:02.114077,127761e9c642bb72a668b975
01.vidyo-gw.nyc2.appnexus.com,AVAILABILITY,domains.list,domains.list,2001-08-29 01:40:02.257407,127761e9c642bb72a668b975
01.webproxy.fra1.appnexus.com,AVAILABILITY,domains.list,domains.list,2001-08-29 01:40:02.783442,127761e9c642bb72a668b975
010-knz-501.mktoresp.com,AVAILABILITY,domains.list,domains.list,2001-08-29 01:40:03.424501,127761e9c642bb72a668b975
011-ubx-120.mktoresp.com,AVAILABILITY,domains.list,domains.list,2001-08-29 01:40:03.552187,127761e9c642bb72a668b975
014-clr-420.mktoresp.com,AVAILABILITY,domains.list,domains.list,2001-08-29 01:40:03.822442,127761e9c642bb72a668b975
01e7-6f86-e035-c4b6.reporo.net,AVAILABILITY,domains.list,domains.list,2001-08-29 01:40:03.959298,127761e9c642bb72a668b975
02-rds-test-nym.ad.corp.appnexus.com,AVAILABILITY,domains.list,domains.list,2001-08-29 01:40:04.344345,127761e9c642bb72a668b975
02-vidyo-router.nym2.appnexus.com,AVAILABILITY,domains.list,domains.list,2001-08-29 01:40:04.480951,127761e9c642bb72a668b975
02.catchpoint.ams1.appnexus.com,AVAILABILITY,domains.list,domains.list,2001-08-29 01:40:04.735463,127761e9c642bb72a668b975
02.git.corp.appnexus.com,AVAILABILITY,domains.list,domains.list,2001-08-29 01:40:04.980539,127761e9c642bb72a668b975
02.jh-api.nym2.appnexus.com,AVAILABILITY,domains.list,domains.list,2001-08-29 01:40:05.120026,127761e9c642bb72a668b975
02.lg.nym2.appnexus.com,AVAILABILITY,domains.list,domains.list,2001-08-29 01:40:05.251846,127761e9c642bb72a668b975
02.obs-worker.lax1.appnexus.com,AVAILABILITY,domains.list,domains.list,2001-08-29 01:40:05.384065,127761e9c642bb72a668b975
02.webtrekk.net,AVAILABILITY,domains.list,domains.list,2001-08-29 01:40:05.778060,127761e9c642bb72a668b975
0211c812.akstat.io,AVAILABILITY,domains.list,domains.list,2001-08-29 01:40:06.043224,127761e9c642bb72a668b975
0211c813.akstat.io,AVAILABILITY,domains.list,domains.list,2001-08-29 01:40:06.175641,127761e9c642bb72a668b975
0211c814.akstat.io,AVAILABILITY,domains.list,domains.list,2001-08-29 01:40:06.312805,127761e9c642bb72a668b975
0211c816.akstat.io,AVAILABILITY,domains.list,domains.list,2001-08-29 01:40:06.452098,127761e9c642bb72a668b975
0211c83c.akstat.io,AVAILABILITY,domains.list,domains.list,2001-08-29 01:40:06.593718,127761e9c642bb72a668b975
0211c83d.akstat.io,AVAILABILITY,domains.list,domains.list,2001-08-29 01:40:06.733213,127761e9c642bb72a668b975
0211c83e.akstat.io,AVAILABILITY,domains.list,domains.list,2001-08-29 01:40:06.871982,127761e9c642bb72a668b975
0211c83f.akstat.io,AVAILABILITY,domains.list,domains.list,2001-08-29 01:40:07.005254,127761e9c642bb72a668b975
0211c844.akstat.io,AVAILABILITY,domains.list,domains.list,2001-08-29 01:40:07.140401,127761e9c642bb72a668b975
0211c84d.akstat.io,AVAILABILITY,domains.list,domains.list,2001-08-29 01:40:07.281737,127761e9c642bb72a668b975
0218-8f89-7967-768b.reporo.net,AVAILABILITY,domains.list,domains.list,2001-08-29 01:40:07.417888,127761e9c642bb72a668b975
023-ezk-120.mktoresp.com,AVAILABILITY,domains.list,domains.list,2001-08-29 01:40:07.560531,127761e9c642bb72a668b975
024f-c409-1d64-9c88.reporo.net,AVAILABILITY,domains.list,domains.list,2001-08-29 01:40:07.698565,127761e9c642bb72a668b975
026-yoz-259.mktoresp.com,AVAILABILITY,domains.list,domains.list,2001-08-29 01:40:07.840930,127761e9c642bb72a668b975
0271-842d-5a8b-d2c9.reporo.net,AVAILABILITY,domains.list,domains.list,2001-08-29 01:40:07.984167,127761e9c642bb72a668b975
028-mbr-250.mktoresp.com,AVAILABILITY,domains.list,domains.list,2001-08-29 01:40:08.128075,127761e9c642bb72a668b975
029-bnh-970.mktoresp.com,AVAILABILITY,domains.list,domains.list,2001-08-29 01:40:08.273510,127761e9c642bb72a668b975
03.obs-worker.lax1.appnexus.com,AVAILABILITY,domains.list,domains.list,2001-08-29 01:40:08.690593,127761e9c642bb72a668b975
035-lyw-022.mktoresp.com,AVAILABILITY,domains.list,domains.list,2001-08-29 01:40:08.964807,127761e9c642bb72a668b975
037-iqy-141.mktoresp.com,AVAILABILITY,domains.list,domains.list,2001-08-29 01:40:09.106864,127761e9c642bb72a668b975
037-mcx-531.mktoresp.com,AVAILABILITY,domains.list,domains.list,2001-08-29 01:40:09.247671,127761e9c642bb72a668b975
038-azf-323.mktoresp.com,AVAILABILITY,domains.list,domains.list,2001-08-29 01:40:09.388648,127761e9c642bb72a668b975
04-dc-lax1.ad.corp.appnexus.com,AVAILABILITY,domains.list,domains.list,2001-08-29 01:40:09.528437,127761e9c642bb72a668b975
04-dc-nym2.ad.corp.appnexus.com,AVAILABILITY,domains.list,domains.list,2001-08-29 01:40:09.666936,127761e9c642bb72a668b975
04.jh-api.nym2.appnexus.com,AVAILABILITY,domains.list,domains.list,2001-08-29 01:40:09.802952,127761e9c642bb72a668b975
040-sms-890.mktoresp.com,AVAILABILITY,domains.list,domains.list,2001-08-29 01:40:10.077808,127761e9c642bb72a668b975
048-acr-930.mktoresp.com,AVAILABILITY,domains.list,domains.list,2001-08-29 01:40:10.221972,127761e9c642bb72a668b975
048c-ec4c-aad9-392a.reporo.net,AVAILABILITY,domains.list,domains.list,2001-08-29 01:40:10.504214,127761e9c642bb72a668b975
049-nhe-370.mktoresp.com,AVAILABILITY,domains.list,domains.list,2001-08-29 01:40:10.647972,127761e9c642bb72a668b975
049-oxj-466.mktoresp.com,AVAILABILITY,domains.list,domains.list,2001-08-29 01:40:10.792740,127761e9c642bb72a668b975
04fd-74b3-b2f6-c645.reporo.net,AVAILABILITY,domains.list,domains.list,2001-08-29 01:40:10.937305,127761e9c642bb72a668b975
05-dc-nym2.ad.corp.appnexus.com,AVAILABILITY,domains.list,domains.list,2001-08-29 01:40:11.075674,127761e9c642bb72a668b975
05.webtrekk.net,AVAILABILITY,domains.list,domains.list,2001-08-29 01:40:11.353568,127761e9c642bb72a668b975
053-mxj-131.mktoresp.com,AVAILABILITY,domains.list,domains.list,2001-08-29 01:40:11.502251,127761e9c642bb72a668b975
053-ztn-590.mktoresp.com,AVAILABILITY,domains.list,domains.list,2001-08-29 01:40:11.648490,127761e9c642bb72a668b975
054-znu-730.mktoresp.com,AVAILABILITY,domains.list,domains.list,2001-08-29 01:40:11.792599,127761e9c642bb72a668b975
056-jrw-730.mktoresp.com,AVAILABILITY,domains.list,domains.list,2001-08-29 01:40:11.940691,127761e9c642bb72a668b975
0596-e69c-b4e1-7284.reporo.net,AVAILABILITY,domains.list,domains.list,2001-08-29 01:40:12.087938,127761e9c642bb72a668b975
06.webtrekk.net,AVAILABILITY,domains.list,domains.list,2001-08-29 01:40:12.230561,127761e9c642bb72a668b975
061-bgc-590.mktoresp.com,AVAILABILITY,domains.list,domains.list,2001-08-29 01:40:12.372345,127761e9c642bb72a668b975
064-crn-960.mktoresp.com,AVAILABILITY,domains.list,domains.list,2001-08-29 01:40:12.513246,127761e9c642bb72a668b975
065-dee-570.mktoresp.com,AVAILABILITY,domains.list,domains.list,2001-08-29 01:40:12.658527,127761e9c642bb72a668b975
065-hus-080.mktoresp.com,AVAILABILITY,domains.list,domains.list,2001-08-29 01:40:12.804681,127761e9c642bb72a668b975
069-alb-339.mktoresp.com,AVAILABILITY,domains.list,domains.list,2001-08-29 01:40:12.951561,127761e9c642bb72a668b975
06uy.tlnk.io,AVAILABILITY,domains.list,domains.list,2001-08-29 01:40:13.099751,127761e9c642bb72a668b975
07.webtrekk.net,AVAILABILITY,domains.list,domains.list,2001-08-29 01:40:13.376103,127761e9c642bb72a668b975
0702-713a-a4ab-194b.reporo.net,AVAILABILITY,domains.list,domains.list,2001-08-29 01:40:13.518837,127761e9c642bb72a668b975
073-sfq-201.mktoresp.com,AVAILABILITY,domains.list,domains.list,2001-08-29 01:40:13.658568,127761e9c642bb72a668b975
073d-ec44-52e9-dab2.reporo.net,AVAILABILITY,domains.list,domains.list,2001-08-29 01:40:13.804991,127761e9c642bb72a668b975
074-hbw-141.mktoresp.com,AVAILABILITY,domains.list,domains.list,2001-08-29 01:40:13.949129,127761e9c642bb72a668b975
074-uqx-410.mktoresp.com,AVAILABILITY,domains.list,domains.list,2001-08-29 01:40:14.093248,127761e9c642bb72a668b975
075-bck-310.mktoresp.com,AVAILABILITY,domains.list,domains.list,2001-08-29 01:40:14.235225,127761e9c642bb72a668b975
075-ksk-811.mktoresp.com,AVAILABILITY,domains.list,domains.list,2001-08-29 01:40:14.379274,127761e9c642bb72a668b975
076-wlp-880.mktoresp.com,AVAILABILITY,domains.list,domains.list,2001-08-29 01:40:14.526256,127761e9c642bb72a668b975
079-wyc-990.mktoresp.com,AVAILABILITY,domains.list,domains.list,2001-08-29 01:40:14.670841,127761e9c642bb72a668b975
07bvbumtw9.kameleoon.eu,AVAILABILITY,domains.list,domains.list,2001-08-29 01:40:14.811660,127761e9c642bb72a668b975
07da-c5ab-7697-fc0d.reporo.net,AVAILABILITY,domains.list,domains.list,2001-08-29 01:40:14.952962,127761e9c642bb72a668b975
07fc-7515-764e-d492.reporo.net,AVAILABILITY,domains.list,domains.list,2001-08-29 01:40:15.099715,127761e9c642bb72a668b975
081-xbs-820.mktoresp.com,AVAILABILITY,domains.list,domains.list,2001-08-29 01:40:15.241616,127761e9c642bb72a668b975
081a-edc3-25e6-288e.reporo.net,AVAILABILITY,domains.list,domains.list,2001-08-29 01:40:15.383898,127761e9c642bb72a668b975
083-gls-023.mktoresp.com,AVAILABILITY,domains.list,domains.list,2001-08-29 01:40:15.531085,127761e9c642bb72a668b975
083-hbs-820.mktoresp.com,AVAILABILITY,domains.list,domains.list,2001-08-29 01:40:15.675964,127761e9c642bb72a668b975
083-yje-211.mktoresp.com,AVAILABILITY,domains.list,domains.list,2001-08-29 01:40:15.821021,127761e9c642bb72a668b975
085-svr-790.mktoresp.com,AVAILABILITY,domains.list,domains.list,2001-08-29 01:40:15.964872,127761e9c642bb72a668b975
088-ivk-130.mktoresp.com,AVAILABILITY,domains.list,domains.list,2001-08-29 01:40:16.106397,127761e9c642bb72a668b975
089-igw-950.mktoresp.com,AVAILABILITY,domains.list,domains.list,2001-08-29 01:40:16.250653,127761e9c642bb72a668b975
0896-c1b9-ed40-acad.reporo.net,AVAILABILITY,domains.list,domains.list,2001-08-29 01:40:16.403773,127761e9c642bb72a668b975
09.git.fra1.appnexus.com,AVAILABILITY,domains.list,domains.list,2001-08-29 01:40:16.556658,127761e9c642bb72a668b975
090-hho-309.mktoresp.com,AVAILABILITY,domains.list,domains.list,2001-08-29 01:40:16.707185,127761e9c642bb72a668b975
092-ols-020.mktoresp.com,AVAILABILITY,domains.list,domains.list,2001-08-29 01:40:16.855516,127761e9c642bb72a668b975
093-mxc-460.mktoresp.com,AVAILABILITY,domains.list,domains.list,2001-08-29 01:40:17.003714,127761e9c642bb72a668b975
093-tqy-221.mktoresp.com,AVAILABILITY,domains.list,domains.list,2001-08-29 01:40:17.152349,127761e9c642bb72a668b975
0935-5457-9a1d-ce06.reporo.net,AVAILABILITY,domains.list,domains.list,2001-08-29 01:40:17.294329,127761e9c642bb72a668b975
094-dcs-290.mktoresp.com,AVAILABILITY,domains.list,domains.list,2001-08-29 01:40:17.430100,127761e9c642bb72a668b975
098-frb-840.mktoresp.com,AVAILABILITY,domains.list,domains.list,2001-08-29 01:40:17.567065,127761e9c642bb72a668b975
098-jtp-403.mktoresp.com,AVAILABILITY,domains.list,domains.list,2001-08-29 01:40:17.707596,127761e9c642bb72a668b975
09f6-ed22-122f-0caa.reporo.net,AVAILABILITY,domains.list,domains.list,2001-08-29 01:40:17.847957,127761e9c642bb72a668b975
0ab8-98d1-e900-9391.reporo.net,AVAILABILITY,domains.list,domains.list,2001-08-29 01:40:17.987500,127761e9c642bb72a668b975
0ad3-6ce3-f6a2-b295.reporo.net,AVAILABILITY,domains.list,domains.list,2001-08-29 01:40:18.114483,127761e9c642bb72a668b975
0bfn6.voluumtrk.com,AVAILABILITY,domains.list,domains.list,2001-08-29 01:40:18.251125,127761e9c642bb72a668b975
0blbku3esh.kameleoon.eu,AVAILABILITY,domains.list,domains.list,2001-08-29 01:40:18.387777,127761e9c642bb72a668b975
0bxxaty1ad.execute-api.us-east-1.amazonaws.com,AVAILABILITY,domains.list,domains.list,2001-08-29 01:40:18.524872,127761e9c642bb72a668b975
0c74-fb9d-12c1-051d.reporo.net,AVAILABILITY,domains.list,domains.list,2001-08-29 01:40:18.658971,127761e9c642bb72a668b975
0c79-5807-03c2-4ecd.reporo.net,AVAILABILITY,domains.list,domains.list,2001-08-29 01:40:18.795908,127761e9c642bb72a668b975
0cde-4e24-dcfb-ebd6.reporo.net,AVAILABILITY,domains.list,domains.list,2001-08-29 01:40:18.930149,127761e9c642bb72a668b975
0cfe-e814-fd2a-7ffc.reporo.net,AVAILABILITY,domains.list,domains.list,2001-08-29 01:40:19.072190,127761e9c642bb72a668b975
0d32-4c73-2e50-510d.reporo.net,AVAILABILITY,domains.list,domains.list,2001-08-29 01:40:19.207045,127761e9c642bb72a668b975
0d847862199.com,AVAILABILITY,domains.list,domains.list,2001-08-29 01:40:19.347559,127761e9c642bb72a668b975
0dfab5ec.akstat.io,AVAILABILITY,domains.list,domains.list,2001-08-29 01:40:19.491565,127761e9c642bb72a668b975
0e89-0316-2324-3228.reporo.net,AVAILABILITY,domains.list,domains.list,2001-08-29 01:40:19.639450,127761e9c642bb72a668b975
0f55-fb73-3513-2f82.reporo.net,AVAILABILITY,domains.list,domains.list,2001-08-29 01:40:19.784515,127761e9c642bb72a668b975
0f5d-15fb-d62d-8026.reporo.net,AVAILABILITY,domains.list,domains.list,2001-08-29 01:40:19.933655,127761e9c642bb72a668b975
0fc3-6b21-9cc2-d77f.reporo.net,AVAILABILITY,domains.list,domains.list,2001-08-29 01:40:20.082747,127761e9c642bb72a668b975
0fdc-5af4-6c2d-1d8a.reporo.net,AVAILABILITY,domains.list,domains.list,2001-08-29 01:40:20.233063,127761e9c642bb72a668b975
0g2z.everesttech.net,AVAILABILITY,domains.list,domains.list,2001-08-29 01:40:20.369337,127761e9c642bb72a668b975
0md5e.voluumtrk.com,AVAILABILITY,domains.list,domains.list,2001-08-29 01:40:20.508984,127761e9c642bb72a668b975
0tht.tlnk.io,AVAILABILITY,domains.list,domains.list,2001-08-29 01:40:21.013063,127761e9c642bb72a668b975
0uk6n.lokpresearch.club,AVAILABILITY,domains.list,domains.list,2001-08-29 01:40:21.155808,127761e9c642bb72a668b975
0zb6y.voluumtrk.com,AVAILABILITY,domains.list,domains.list,2001-08-29 01:40:21.298931,127761e9c642bb72a668b975
0ztnj.voluumtrk.com,AVAILABILITY,domains.list,domains.list,2001-08-29 01:40:21.440867,127761e9c642bb72a668b975
1.everesttech.net,AVAILABILITY,domains.list,domains.list,2001-08-29 01:40:21.588743,127761e9c642bb72a668b975
1.getclicky.com,AVAILABILITY,domains.list,domains.list,2001-08-29 01:40:21.737677,127761e9c642bb72a668b975
1.sic.33across.com,AVAILABILITY,domains.list,domains.list,2001-08-29 01:40:21.878979,127761e9c642bb72a668b975
1.skimresources.com,AVAILABILITY,domains.list,domains.list,2001-08-29 01:40:22.018511,127761e9c642bb72a668b975
1.t.onthe.io,AVAILABILITY,domains.list,domains.list,2001-08-29 01:40:22.163832,127761e9c642bb72a668b975
100442551.keywordblocks.com,AVAILABILITY,domains.list,domains.list,2001-08-29 01:40:22.440444,127761e9c642bb72a668b975
100776821.keywordblocks.com,AVAILABILITY,domains.list,domains.list,2001-08-29 01:40:22.575913,127761e9c642bb72a668b975
1009.bapi.adsafeprotected.com,AVAILABILITY,domains.list,domains.list,2001-08-29 01:40:22.703348,127761e9c642bb72a668b975
100d-4992-5737-64d8.reporo.net,AVAILABILITY,domains.list,domains.list,2001-08-29 01:40:22.842597,127761e9c642bb72a668b975
101-vix-260.mktoresp.com,AVAILABILITY,domains.list,domains.list,2001-08-29 01:40:22.984053,127761e9c642bb72a668b975
101-wmj-500.mktoresp.com,AVAILABILITY,domains.list,domains.list,2001-08-29 01:40:23.129441,127761e9c642bb72a668b975
1010296.adoric-om.com,AVAILABILITY,domains.list,domains.list,2001-08-29 01:40:23.269808,127761e9c642bb72a668b975
10148.engine.mobileapptracking.com,AVAILABILITY,domains.list,domains.list,2001-08-29 01:40:23.544732,127761e9c642bb72a668b975
10148.tlnk.io,AVAILABILITY,domains.list,domains.list,2001-08-29 01:40:23.684686,127761e9c642bb72a668b975
101649310.keywordblocks.com,AVAILABILITY,domains.list,domains.list,2001-08-29 01:40:23.820950,127761e9c642bb72a668b975
1016557.fls.doubleclick.net,AVAILABILITY,domains.list,domains.list,2001-08-29 01:40:23.956081,127761e9c642bb72a668b975
102.112.2o7.net,AVAILABILITY,domains.list,domains.list,2001-08-29 01:40:24.091291,127761e9c642bb72a668b975
1020067983.world,AVAILABILITY,domains.list,domains.list,2001-08-29 01:40:24.230010,127761e9c642bb72a668b975
102284.measurementapi.com,AVAILABILITY,domains.list,domains.list,2001-08-29 01:40:24.367746,127761e9c642bb72a668b975
103-ile-130.mktoresp.com,AVAILABILITY,domains.list,domains.list,2001-08-29 01:40:24.637001,127761e9c642bb72a668b975
103-qcf-311.mktoresp.com,AVAILABILITY,domains.list,domains.list,2001-08-29 01:40:24.770018,127761e9c642bb72a668b975
10372.bapi.adsafeprotected.com,AVAILABILITY,domains.list,domains.list,2001-08-29 01:40:25.171975,127761e9c642bb72a668b975
1039.everesttech.net,AVAILABILITY,domains.list,domains.list,2001-08-29 01:40:25.309073,127761e9c642bb72a668b975
1044889.fls.doubleclick.net,AVAILABILITY,domains.list,domains.list,2001-08-29 01:40:25.448201,127761e9c642bb72a668b975
105-ign-300.mktoresp.com,AVAILABILITY,domains.list,domains.list,2001-08-29 01:40:25.735314,127761e9c642bb72a668b975
105-lyu-731.mktoresp.com,AVAILABILITY,domains.list,domains.list,2001-08-29 01:40:25.877295,127761e9c642bb72a668b975
10513.112.2o7.net,AVAILABILITY,domains.list,domains.list,2001-08-29 01:40:26.020718,127761e9c642bb72a668b975
10587291.adoric-om.com,AVAILABILITY,domains.list,domains.list,2001-08-29 01:40:26.165224,127761e9c642bb72a668b975
106310.measurementapi.com,AVAILABILITY,domains.list,domains.list,2001-08-29 01:40:26.555548,127761e9c642bb72a668b975
10646.bapi.adsafeprotected.com,AVAILABILITY,domains.list,domains.list,2001-08-29 01:40:26.696461,127761e9c642bb72a668b975
107-fms-070.mktoresp.com,AVAILABILITY,domains.list,domains.list,2001-08-29 01:40:27.115848,127761e9c642bb72a668b975
107-mxt-108.mktoresp.com,AVAILABILITY,domains.list,domains.list,2001-08-29 01:40:27.265629,127761e9c642bb72a668b975
107-qti-180.mktoresp.com,AVAILABILITY,domains.list,domains.list,2001-08-29 01:40:27.411055,127761e9c642bb72a668b975
107-xel-280.mktoresp.com,AVAILABILITY,domains.list,domains.list,2001-08-29 01:40:27.553634,127761e9c642bb72a668b975
107061470.keywordblocks.com,AVAILABILITY,domains.list,domains.list,2001-08-29 01:40:27.832389,127761e9c642bb72a668b975
10728.tlnk.io,AVAILABILITY,domains.list,domains.list,2001-08-29 01:40:28.117723,127761e9c642bb72a668b975
10811.bapi.adsafeprotected.com,AVAILABILITY,domains.list,domains.list,2001-08-29 01:40:28.931085,127761e9c642bb72a668b975
109-ovd-240.mktoresp.com,AVAILABILITY,domains.list,domains.list,2001-08-29 01:40:29.074009,127761e9c642bb72a668b975
109184.112.2o7.net,AVAILABILITY,domains.list,domains.list,2001-08-29 01:40:29.222946,127761e9c642bb72a668b975
10918780.adoric-om.com,AVAILABILITY,domains.list,domains.list,2001-08-29 01:40:29.364234,127761e9c642bb72a668b975
109210552.keywordblocks.com,AVAILABILITY,domains.list,domains.list,2001-08-29 01:40:29.507561,127761e9c642bb72a668b975
10987623.adoric-om.com,AVAILABILITY,domains.list,domains.list,2001-08-29 01:40:29.917074,127761e9c642bb72a668b975
10a5cb9cb.webengage.co,AVAILABILITY,domains.list,domains.list,2001-08-29 01:40:30.060943,127761e9c642bb72a668b975
10x1375900.112.2o7.net,AVAILABILITY,domains.list,domains.list,2001-08-29 01:40:30.206946,127761e9c642bb72a668b975
10x1404832.112.2o7.net,AVAILABILITY,domains.list,domains.list,2001-08-29 01:40:30.348205,127761e9c642bb72a668b975
10x1407207.112.2o7.net,AVAILABILITY,domains.list,domains.list,2001-08-29 01:40:30.490920,127761e9c642bb72a668b975
10x1417205.112.2o7.net,AVAILABILITY,domains.list,domains.list,2001-08-29 01:40:30.632703,127761e9c642bb72a668b975
10x1425424.112.2o7.net,AVAILABILITY,domains.list,domains.list,2001-08-29 01:40:30.777129,127761e9c642bb72a668b975
10x1439114.112.2o7.net,AVAILABILITY,domains.list,domains.list,2001-08-29 01:40:30.919655,127761e9c642bb72a668b975
10x1494403.112.2o7.net,AVAILABILITY,domains.list,domains.list,2001-08-29 01:40:31.062436,127761e9c642bb72a668b975
10x1515744.112.2o7.net,AVAILABILITY,domains.list,domains.list,2001-08-29 01:40:31.207764,127761e9c642bb72a668b975
1100589248-allenco.ruelala.evergage.com,AVAILABILITY,domains.list,domains.list,2001-08-29 01:40:31.353706,127761e9c642bb72a668b975
1104996.fls.doubleclick.net,AVAILABILITY,domains.list,domains.list,2001-08-29 01:40:31.631112,127761e9c642bb72a668b975
111.onthe.io,AVAILABILITY,domains.list,domains.list,2001-08-29 01:40:31.772758,127761e9c642bb72a668b975
1119706.fls.doubleclick.net,AVAILABILITY,domains.list,domains.list,2001-08-29 01:40:32.311666,127761e9c642bb72a668b975
112-tzm-766.mktoresp.com,AVAILABILITY,domains.list,domains.list,2001-08-29 01:40:32.455207,127761e9c642bb72a668b975
112.112.2o7.net,AVAILABILITY,domains.list,domains.list,2001-08-29 01:40:32.599065,127761e9c642bb72a668b975
112.2o7.net,AVAILABILITY,domains.list,domains.list,2001-08-29 01:40:32.739998,127761e9c642bb72a668b975
112727170.keywordblocks.com,AVAILABILITY,domains.list,domains.list,2001-08-29 01:40:33.007170,127761e9c642bb72a668b975
115621321.keywordblocks.com,AVAILABILITY,domains.list,domains.list,2001-08-29 01:40:33.540466,127761e9c642bb72a668b975
1158894.fls.doubleclick.net,AVAILABILITY,domains.list,domains.list,2001-08-29 01:40:33.813670,127761e9c642bb72a668b975
116-lpx-600.mktoresp.com,AVAILABILITY,domains.list,domains.list,2001-08-29 01:40:33.954611,127761e9c642bb72a668b975
116-nem-031.mktoresp.com,AVAILABILITY,domains.list,domains.list,2001-08-29 01:40:34.091456,127761e9c642bb72a668b975
116-zup-827.mktoresp.com,AVAILABILITY,domains.list,domains.list,2001-08-29 01:40:34.237163,127761e9c642bb72a668b975
116645190.keywordblocks.com,AVAILABILITY,domains.list,domains.list,2001-08-29 01:40:34.377264,127761e9c642bb72a668b975
116701772.keywordblocks.com,AVAILABILITY,domains.list,domains.list,2001-08-29 01:40:34.513481,127761e9c642bb72a668b975
1167610.fls.doubleclick.net,AVAILABILITY,domains.list,domains.list,2001-08-29 01:40:34.648958,127761e9c642bb72a668b975
117088.measurementapi.com,AVAILABILITY,domains.list,domains.list,2001-08-29 01:40:34.910048,127761e9c642bb72a668b975
1177100.fls.doubleclick.net,AVAILABILITY,domains.list,domains.list,2001-08-29 01:40:35.429297,127761e9c642bb72a668b975
118-som-724.mktoresp.com,AVAILABILITY,domains.list,domains.list,2001-08-29 01:40:35.693722,127761e9c642bb72a668b975
11804.c.clickability.com,AVAILABILITY,domains.list,domains.list,2001-08-29 01:40:35.826010,127761e9c642bb72a668b975
1181183.fls.doubleclick.net,AVAILABILITY,domains.list,domains.list,2001-08-29 01:40:35.961193,127761e9c642bb72a668b975
11b563cb1.webengage.co,AVAILABILITY,domains.list,domains.list,2001-08-29 01:40:36.367090,127761e9c642bb72a668b975
11b564088.webengage.co,AVAILABILITY,domains.list,domains.list,2001-08-29 01:40:36.509506,127761e9c642bb72a668b975
11b564193.webengage.co,AVAILABILITY,domains.list,domains.list,2001-08-29 01:40:36.654442,127761e9c642bb72a668b975
11b5642bb.webengage.co,AVAILABILITY,domains.list,domains.list,2001-08-29 01:40:36.793846,127761e9c642bb72a668b975
11b56463d.webengage.co,AVAILABILITY,domains.list,domains.list,2001-08-29 01:40:36.932889,127761e9c642bb72a668b975
11x11.com,AVAILABILITY,domains.list,domains.list,2001-08-29 01:40:37.197361,127761e9c642bb72a668b975
120334102.keywordblocks.com,AVAILABILITY,domains.list,domains.list,2001-08-29 01:40:37.340643,127761e9c642bb72a668b975
12176874.adoric-om.com,AVAILABILITY,domains.list,domains.list,2001-08-29 01:40:37.613504,127761e9c642bb72a668b975
121779921.keywordblocks.com,AVAILABILITY,domains.list,domains.list,2001-08-29 01:40:37.755110,127761e9c642bb72a668b975
122-zxi-750.mktoresp.com,AVAILABILITY,domains.list,domains.list,2001-08-29 01:40:37.898258,127761e9c642bb72a668b975
122.2o7.net,AVAILABILITY,domains.list,domains.list,2001-08-29 01:40:38.046227,127761e9c642bb72a668b975
122636.measurementapi.com,AVAILABILITY,domains.list,domains.list,2001-08-29 01:40:38.337630,127761e9c642bb72a668b975
123-qsb-470.mktoresp.com,AVAILABILITY,domains.list,domains.list,2001-08-29 01:40:38.611469,127761e9c642bb72a668b975
1234407.fls.doubleclick.net,AVAILABILITY,domains.list,domains.list,2001-08-29 01:40:38.753988,127761e9c642bb72a668b975
12345.112.2o7.net,AVAILABILITY,domains.list,domains.list,2001-08-29 01:40:38.898594,127761e9c642bb72a668b975
123452009.mirtesen.ru,AVAILABILITY,domains.list,domains.list,2001-08-29 01:40:39.044425,127761e9c642bb72a668b975
123456.xml.auxml.com,AVAILABILITY,domains.list,domains.list,2001-08-29 01:40:39.186866,127761e9c642bb72a668b975
1234900.fls.doubleclick.net,AVAILABILITY,domains.list,domains.list,2001-08-29 01:40:39.335700,127761e9c642bb72a668b975
123metrics.com,AVAILABILITY,domains.list,domains.list,2001-08-29 01:40:39.474795,127761e9c642bb72a668b975
124597412.keywordblocks.com,AVAILABILITY,domains.list,domains.list,2001-08-29 01:40:39.612677,127761e9c642bb72a668b975
124682103.keywordblocks.com,AVAILABILITY,domains.list,domains.list,2001-08-29 01:40:39.746547,127761e9c642bb72a668b975
124736221.keywordblocks.com,AVAILABILITY,domains.list,domains.list,2001-08-29 01:40:39.876323,127761e9c642bb72a668b975
124829652.keywordblocks.com,AVAILABILITY,domains.list,domains.list,2001-08-29 01:40:40.013103,127761e9c642bb72a668b975
12489259.adoric-om.com,AVAILABILITY,domains.list,domains.list,2001-08-29 01:40:40.283334,127761e9c642bb72a668b975
125075305.keywordblocks.com,AVAILABILITY,domains.list,domains.list,2001-08-29 01:40:40.565067,127761e9c642bb72a668b975
125er-forum.de.intellitxt.com,AVAILABILITY,domains.list,domains.list,2001-08-29 01:40:40.699142,127761e9c642bb72a668b975
126-nhq-240.mktoresp.com,AVAILABILITY,domains.list,domains.list,2001-08-29 01:40:40.840441,127761e9c642bb72a668b975
126-quf-067.mktoresp.com,AVAILABILITY,domains.list,domains.list,2001-08-29 01:40:40.970391,127761e9c642bb72a668b975
1268402.fls.doubleclick.net,AVAILABILITY,domains.list,domains.list,2001-08-29 01:40:41.374224,127761e9c642bb72a668b975
127-gri-621.mktoresp.com,AVAILABILITY,domains.list,domains.list,2001-08-29 01:40:41.518532,127761e9c642bb72a668b975
127.demdex.net,AVAILABILITY,domains.list,domains.list,2001-08-29 01:40:41.662444,127761e9c642bb72a668b975
12709804.adoric-om.com,AVAILABILITY,domains.list,domains.list,2001-08-29 01:40:41.808134,127761e9c642bb72a668b975
127514.measurementapi.com,AVAILABILITY,domains.list,domains.list,2001-08-29 01:40:41.953463,127761e9c642bb72a668b975
127854422.keywordblocks.com,AVAILABILITY,domains.list,domains.list,2001-08-29 01:40:42.233367,127761e9c642bb72a668b975
127c-03e0-2cae-a74b.reporo.net,AVAILABILITY,domains.list,domains.list,2001-08-29 01:40:42.513624,127761e9c642bb72a668b975
12804.widget.criteo.com,AVAILABILITY,domains.list,domains.list,2001-08-29 01:40:42.653894,127761e9c642bb72a668b975
128041960.keywordblocks.com,AVAILABILITY,domains.list,domains.list,2001-08-29 01:40:42.801235,127761e9c642bb72a668b975
128383560.keywordblocks.com,AVAILABILITY,domains.list,domains.list,2001-08-29 01:40:42.951097,127761e9c642bb72a668b975
128642122.keywordblocks.com,AVAILABILITY,domains.list,domains.list,2001-08-29 01:40:43.236209,127761e9c642bb72a668b975
1288af19.akstat.io,AVAILABILITY,domains.list,domains.list,2001-08-29 01:40:43.378495,127761e9c642bb72a668b975
1288afl9.akstat.io,AVAILABILITY,domains.list,domains.list,2001-08-29 01:40:43.525612,127761e9c642bb72a668b975
129-dzr-475.mktoresp.com,AVAILABILITY,domains.list,domains.list,2001-08-29 01:40:43.668913,127761e9c642bb72a668b975
129-rcw-450.mktoresp.com,AVAILABILITY,domains.list,domains.list,2001-08-29 01:40:43.816723,127761e9c642bb72a668b975
129353885.keywordblocks.com,AVAILABILITY,domains.list,domains.list,2001-08-29 01:40:43.956201,127761e9c642bb72a668b975
12gebrauchtwagen.de.intellitxt.com,AVAILABILITY,domains.list,domains.list,2001-08-29 01:40:44.097623,127761e9c642bb72a668b975
12np.tlnk.io,AVAILABILITY,domains.list,domains.list,2001-08-29 01:40:44.243593,127761e9c642bb72a668b975
13.mizdok.com,AVAILABILITY,domains.list,domains.list,2001-08-29 01:40:44.383699,127761e9c642bb72a668b975
130-hpc-830.mktoresp.com,AVAILABILITY,domains.list,domains.list,2001-08-29 01:40:44.526360,127761e9c642bb72a668b975
130021722.keywordblocks.com,AVAILABILITY,domains.list,domains.list,2001-08-29 01:40:44.667304,127761e9c642bb72a668b975
130187311.keywordblocks.com,AVAILABILITY,domains.list,domains.list,2001-08-29 01:40:44.809853,127761e9c642bb72a668b975
130788161.keywordblocks.com,AVAILABILITY,domains.list,domains.list,2001-08-29 01:40:45.096430,127761e9c642bb72a668b975
131-rno-480.mktoresp.com,AVAILABILITY,domains.list,domains.list,2001-08-29 01:40:45.233507,127761e9c642bb72a668b975
131-syo-861.mktoresp.com,AVAILABILITY,domains.list,domains.list,2001-08-29 01:40:45.381645,127761e9c642bb72a668b975
131-uks-131.mktoresp.com,AVAILABILITY,domains.list,domains.list,2001-08-29 01:40:45.529389,127761e9c642bb72a668b975
131132131.keywordblocks.com,AVAILABILITY,domains.list,domains.list,2001-08-29 01:40:45.675327,127761e9c642bb72a668b975
13142738.adoric-om.com,AVAILABILITY,domains.list,domains.list,2001-08-29 01:40:45.813108,127761e9c642bb72a668b975
13146.engine.mobileapptracking.com,AVAILABILITY,domains.list,domains.list,2001-08-29 01:40:45.952036,127761e9c642bb72a668b975
1319483.fls.doubleclick.net,AVAILABILITY,domains.list,domains.list,2001-08-29 01:40:46.350084,127761e9c642bb72a668b975
1324251.fls.doubleclick.net,AVAILABILITY,domains.list,domains.list,2001-08-29 01:40:46.492621,127761e9c642bb72a668b975
13270.tlnk.io,AVAILABILITY,domains.list,domains.list,2001-08-29 01:40:46.785579,127761e9c642bb72a668b975
133-jrk-300.mktoresp.com,AVAILABILITY,domains.list,domains.list,2001-08-29 01:40:46.933836,127761e9c642bb72a668b975
133-kem-531.mktoresp.com,AVAILABILITY,domains.list,domains.list,2001-08-29 01:40:47.083309,127761e9c642bb72a668b975
133256241.keywordblocks.com,AVAILABILITY,domains.list,domains.list,2001-08-29 01:40:47.361374,127761e9c642bb72a668b975
133706282.keywordblocks.com,AVAILABILITY,domains.list,domains.list,2001-08-29 01:40:47.631121,127761e9c642bb72a668b975
1339402.collect.igodigital.com,AVAILABILITY,domains.list,domains.list,2001-08-29 01:40:47.779256,127761e9c642bb72a668b975
133a-bd2f-a68d-1b27.reporo.net,AVAILABILITY,domains.list,domains.list,2001-08-29 01:40:47.921629,127761e9c642bb72a668b975
134-dpm-370.mktoresp.com,AVAILABILITY,domains.list,domains.list,2001-08-29 01:40:48.051801,127761e9c642bb72a668b975
134237470.keywordblocks.com,AVAILABILITY,domains.list,domains.list,2001-08-29 01:40:48.183531,127761e9c642bb72a668b975
1344395.pxf.io,AVAILABILITY,domains.list,domains.list,2001-08-29 01:40:48.458456,127761e9c642bb72a668b975
1353.tm.zedo.com,AVAILABILITY,domains.list,domains.list,2001-08-29 01:40:48.728966,127761e9c642bb72a668b975
135513832.keywordblocks.com,AVAILABILITY,domains.list,domains.list,2001-08-29 01:40:48.869626,127761e9c642bb72a668b975
1359549.fls.doubleclick.net,AVAILABILITY,domains.list,domains.list,2001-08-29 01:40:49.136516,127761e9c642bb72a668b975
135972581.keywordblocks.com,AVAILABILITY,domains.list,domains.list,2001-08-29 01:40:49.277965,127761e9c642bb72a668b975
136346271.search.media.net,AVAILABILITY,domains.list,domains.list,2001-08-29 01:40:49.416766,127761e9c642bb72a668b975
1364.tm.zedo.com,AVAILABILITY,domains.list,domains.list,2001-08-29 01:40:49.553501,127761e9c642bb72a668b975
137-nge-511.mktoresp.com,AVAILABILITY,domains.list,domains.list,2001-08-29 01:40:49.696230,127761e9c642bb72a668b975
137139280.keywordblocks.com,AVAILABILITY,domains.list,domains.list,2001-08-29 01:40:49.964171,127761e9c642bb72a668b975
137179431.keywordblocks.com,AVAILABILITY,domains.list,domains.list,2001-08-29 01:40:50.102993,127761e9c642bb72a668b975
137322483.search.media.net,AVAILABILITY,domains.list,domains.list,2001-08-29 01:40:50.243971,127761e9c642bb72a668b975
137836652.keywordblocks.com,AVAILABILITY,domains.list,domains.list,2001-08-29 01:40:50.650310,127761e9c642bb72a668b975
138-cdn-550.mktoresp.com,AVAILABILITY,domains.list,domains.list,2001-08-29 01:40:50.921394,127761e9c642bb72a668b975
138089222.keywordblocks.com,AVAILABILITY,domains.list,domains.list,2001-08-29 01:40:51.060786,127761e9c642bb72a668b975
138140722.keywordblocks.com,AVAILABILITY,domains.list,domains.list,2001-08-29 01:40:51.204105,127761e9c642bb72a668b975
138224131.keywordblocks.com,AVAILABILITY,domains.list,domains.list,2001-08-29 01:40:51.356262,127761e9c642bb72a668b975
13858606.adoric-om.com,AVAILABILITY,domains.list,domains.list,2001-08-29 01:40:51.502171,127761e9c642bb72a668b975
139-kxv-241.mktoresp.com,AVAILABILITY,domains.list,domains.list,2001-08-29 01:40:51.780133,127761e9c642bb72a668b975
1393326.fls.doubleclick.net,AVAILABILITY,domains.list,domains.list,2001-08-29 01:40:51.921416,127761e9c642bb72a668b975
13d3-a9e0-7f3b-76de.reporo.net,AVAILABILITY,domains.list,domains.list,2001-08-29 01:40:52.064959,127761e9c642bb72a668b975
13f2-93d2-67a3-21cb.reporo.net,AVAILABILITY,domains.list,domains.list,2001-08-29 01:40:52.208944,127761e9c642bb72a668b975
140-kob-440.mktoresp.com,AVAILABILITY,domains.list,domains.list,2001-08-29 01:40:52.347305,127761e9c642bb72a668b975
14012.engine.mobileapptracking.com,AVAILABILITY,domains.list,domains.list,2001-08-29 01:40:52.484774,127761e9c642bb72a668b975
1403639.fls.doubleclick.net,AVAILABILITY,domains.list,domains.list,2001-08-29 01:40:52.622171,127761e9c642bb72a668b975
140cc.v.fwmrm.net,AVAILABILITY,domains.list,domains.list,2001-08-29 01:40:53.146632,127761e9c642bb72a668b975
140cd.v.fwmrm.net,AVAILABILITY,domains.list,domains.list,2001-08-29 01:40:53.288380,127761e9c642bb72a668b975
1411188.fls.doubleclick.net,AVAILABILITY,domains.list,domains.list,2001-08-29 01:40:53.431487,127761e9c642bb72a668b975
14135679.adoric-om.com,AVAILABILITY,domains.list,domains.list,2001-08-29 01:40:53.573496,127761e9c642bb72a668b975
141593501.keywordblocks.com,AVAILABILITY,domains.list,domains.list,2001-08-29 01:40:53.717948,127761e9c642bb72a668b975
14198208.adoric-om.com,AVAILABILITY,domains.list,domains.list,2001-08-29 01:40:53.857204,127761e9c642bb72a668b975
142-dfr-556.mktoresp.com,AVAILABILITY,domains.list,domains.list,2001-08-29 01:40:53.993253,127761e9c642bb72a668b975
142032552.keywordblocks.com,AVAILABILITY,domains.list,domains.list,2001-08-29 01:40:54.133878,127761e9c642bb72a668b975
14223500.adoric-om.com,AVAILABILITY,domains.list,domains.list,2001-08-29 01:40:54.410066,127761e9c642bb72a668b975
142836161.keywordblocks.com,AVAILABILITY,domains.list,domains.list,2001-08-29 01:40:54.675200,127761e9c642bb72a668b975
142876.measurementapi.com,AVAILABILITY,domains.list,domains.list,2001-08-29 01:40:54.811717,127761e9c642bb72a668b975
142895372.keywordblocks.com,AVAILABILITY,domains.list,domains.list,2001-08-29 01:40:54.949813,127761e9c642bb72a668b975
1429.tm.zedo.com,AVAILABILITY,domains.list,domains.list,2001-08-29 01:40:55.085987,127761e9c642bb72a668b975
143-aav-221.mktoresp.com,AVAILABILITY,domains.list,domains.list,2001-08-29 01:40:55.232169,127761e9c642bb72a668b975
143108.measurementapi.com,AVAILABILITY,domains.list,domains.list,2001-08-29 01:40:55.370698,127761e9c642bb72a668b975
143394.measurementapi.com,AVAILABILITY,domains.list,domains.list,2001-08-29 01:40:55.514381,127761e9c642bb72a668b975
143553877.keywordblocks.com,AVAILABILITY,domains.list,domains.list,2001-08-29 01:40:55.664754,127761e9c642bb72a668b975
143694.measurementapi.com,AVAILABILITY,domains.list,domains.list,2001-08-29 01:40:56.100479,127761e9c642bb72a668b975
1438.tm.zedo.com,AVAILABILITY,domains.list,domains.list,2001-08-29 01:40:56.247814,127761e9c642bb72a668b975
144-gql-770.mktoresp.com,AVAILABILITY,domains.list,domains.list,2001-08-29 01:40:56.388111,127761e9c642bb72a668b975
144-ncb-030.mktoresp.com,AVAILABILITY,domains.list,domains.list,2001-08-29 01:40:56.538188,127761e9c642bb72a668b975
144372871.keywordblocks.com,AVAILABILITY,domains.list,domains.list,2001-08-29 01:40:56.678960,127761e9c642bb72a668b975
145-ngp-170.mktoresp.com,AVAILABILITY,domains.list,domains.list,2001-08-29 01:40:56.961108,127761e9c642bb72a668b975
145070.measurementapi.com,AVAILABILITY,domains.list,domains.list,2001-08-29 01:40:57.113419,127761e9c642bb72a668b975
14507c1cd.webengage.co,AVAILABILITY,domains.list,domains.list,2001-08-29 01:40:57.265237,127761e9c642bb72a668b975
14507c26b.webengage.co,AVAILABILITY,domains.list,domains.list,2001-08-29 01:40:57.413698,127761e9c642bb72a668b975
14507c325.webengage.co,AVAILABILITY,domains.list,domains.list,2001-08-29 01:40:57.568245,127761e9c642bb72a668b975
14507c603.webengage.co,AVAILABILITY,domains.list,domains.list,2001-08-29 01:40:57.725442,127761e9c642bb72a668b975
14507c905.webengage.co,AVAILABILITY,domains.list,domains.list,2001-08-29 01:40:57.871184,127761e9c642bb72a668b975
14507cb23.webengage.co,AVAILABILITY,domains.list,domains.list,2001-08-29 01:40:58.018140,127761e9c642bb72a668b975
14507d356.webengage.co,AVAILABILITY,domains.list,domains.list,2001-08-29 01:40:58.166038,127761e9c642bb72a668b975
145586.measurementapi.com,AVAILABILITY,domains.list,domains.list,2001-08-29 01:40:58.316992,127761e9c642bb72a668b975
145944.measurementapi.com,AVAILABILITY,domains.list,domains.list,2001-08-29 01:40:58.470089,127761e9c642bb72a668b975
1464124271.rsc.cdn77.org,AVAILABILITY,domains.list,domains.list,2001-08-29 01:40:58.897201,127761e9c642bb72a668b975
14647138.adoric-om.com,AVAILABILITY,domains.list,domains.list,2001-08-29 01:40:59.177087,127761e9c642bb72a668b975
147-pqu-830.mktoresp.com,AVAILABILITY,domains.list,domains.list,2001-08-29 01:40:59.316092,127761e9c642bb72a668b975
147845172.keywordblocks.com,AVAILABILITY,domains.list,domains.list,2001-08-29 01:40:59.587022,127761e9c642bb72a668b975
147998760.keywordblocks.com,AVAILABILITY,domains.list,domains.list,2001-08-29 01:40:59.728603,127761e9c642bb72a668b975
148-cgs-511.mktoresp.com,AVAILABILITY,domains.list,domains.list,2001-08-29 01:40:59.869454,127761e9c642bb72a668b975
148-gii-560.mktoresp.com,AVAILABILITY,domains.list,domains.list,2001-08-29 01:41:00.015421,127761e9c642bb72a668b975
148-mho-590.mktoresp.com,AVAILABILITY,domains.list,domains.list,2001-08-29 01:41:00.163798,127761e9c642bb72a668b975
148503732.keywordblocks.com,AVAILABILITY,domains.list,domains.list,2001-08-29 01:41:00.445777,127761e9c642bb72a668b975
1494613.fls.doubleclick.net,AVAILABILITY,domains.list,domains.list,2001-08-29 01:41:00.587477,127761e9c642bb72a668b975
149636.measurementapi.com,AVAILABILITY,domains.list,domains.list,2001-08-29 01:41:00.733808,127761e9c642bb72a668b975
149652551.keywordblocks.com,AVAILABILITY,domains.list,domains.list,2001-08-29 01:41:00.883767,127761e9c642bb72a668b975
149772.measurementapi.com,AVAILABILITY,domains.list,domains.list,2001-08-29 01:41:01.034161,127761e9c642bb72a668b975
15.taboola.com,AVAILABILITY,domains.list,domains.list,2001-08-29 01:41:01.186344,127761e9c642bb72a668b975
150-lji-111.mktoresp.com,AVAILABILITY,domains.list,domains.list,2001-08-29 01:41:01.331317,127761e9c642bb72a668b975
150248.measurementapi.com,AVAILABILITY,domains.list,domains.list,2001-08-29 01:41:01.478778,127761e9c642bb72a668b975
15080043.adoric-om.com,AVAILABILITY,domains.list,domains.list,2001-08-29 01:41:01.628589,127761e9c642bb72a668b975
151-bdk-321.mktoresp.com,AVAILABILITY,domains.list,domains.list,2001-08-29 01:41:01.774846,127761e9c642bb72a668b975
151150.measurementapi.com,AVAILABILITY,domains.list,domains.list,2001-08-29 01:41:01.926341,127761e9c642bb72a668b975
1511930.fls.doubleclick.net,AVAILABILITY,domains.list,domains.list,2001-08-29 01:41:02.073815,127761e9c642bb72a668b975
151785341.keywordblocks.com,AVAILABILITY,domains.list,domains.list,2001-08-29 01:41:02.215712,127761e9c642bb72a668b975
152media.adk2x.com,AVAILABILITY,domains.list,domains.list,2001-08-29 01:41:02.778374,127761e9c642bb72a668b975
153-wwh-040.mktoresp.com,AVAILABILITY,domains.list,domains.list,2001-08-29 01:41:02.925931,127761e9c642bb72a668b975
153-xpi-710.mktoresp.com,AVAILABILITY,domains.list,domains.list,2001-08-29 01:41:03.074412,127761e9c642bb72a668b975
15316764.adoric-om.com,AVAILABILITY,domains.list,domains.list,2001-08-29 01:41:03.220246,127761e9c642bb72a668b975
153878790.keywordblocks.com,AVAILABILITY,domains.list,domains.list,2001-08-29 01:41:03.366053,127761e9c642bb72a668b975
1539833.fls.doubleclick.net,AVAILABILITY,domains.list,domains.list,2001-08-29 01:41:03.647004,127761e9c642bb72a668b975
154196.measurementapi.com,AVAILABILITY,domains.list,domains.list,2001-08-29 01:41:03.933346,127761e9c642bb72a668b975
15486.engine.mobileapptracking.com,AVAILABILITY,domains.list,domains.list,2001-08-29 01:41:04.616536,127761e9c642bb72a668b975
15486.tlnk.io,AVAILABILITY,domains.list,domains.list,2001-08-29 01:41:04.762664,127761e9c642bb72a668b975
155144410.keywordblocks.com,AVAILABILITY,domains.list,domains.list,2001-08-29 01:41:04.903937,127761e9c642bb72a668b975
155466.measurementapi.com,AVAILABILITY,domains.list,domains.list,2001-08-29 01:41:05.183627,127761e9c642bb72a668b975
155914.engine.mobileapptracking.com,AVAILABILITY,domains.list,domains.list,2001-08-29 01:41:05.330612,127761e9c642bb72a668b975
156050.measurementapi.com,AVAILABILITY,domains.list,domains.list,2001-08-29 01:41:05.472197,127761e9c642bb72a668b975
15624.engine.mobileapptracking.com,AVAILABILITY,domains.list,domains.list,2001-08-29 01:41:05.607872,127761e9c642bb72a668b975
156690.measurementapi.com,AVAILABILITY,domains.list,domains.list,2001-08-29 01:41:06.129903,127761e9c642bb72a668b975
1567000.fls.doubleclick.net,AVAILABILITY,domains.list,domains.list,2001-08-29 01:41:06.275942,127761e9c642bb72a668b975
157875551.keywordblocks.com,AVAILABILITY,domains.list,domains.list,2001-08-29 01:41:06.832142,127761e9c642bb72a668b975
157910.measurementapi.com,AVAILABILITY,domains.list,domains.list,2001-08-29 01:41:06.968980,127761e9c642bb72a668b975
157932.measurementapi.com,AVAILABILITY,domains.list,domains.list,2001-08-29 01:41:07.106764,127761e9c642bb72a668b975
157938.measurementapi.com,AVAILABILITY,domains.list,domains.list,2001-08-29 01:41:07.256396,127761e9c642bb72a668b975
158-kfx-250.mktoresp.com,AVAILABILITY,domains.list,domains.list,2001-08-29 01:41:07.397819,127761e9c642bb72a668b975
158122.measurementapi.com,AVAILABILITY,domains.list,domains.list,2001-08-29 01:41:07.538885,127761e9c642bb72a668b975
15833265.adoric-om.com,AVAILABILITY,domains.list,domains.list,2001-08-29 01:41:07.817288,127761e9c642bb72a668b975
159126.deeplink.mobileapptracking.com,AVAILABILITY,domains.list,domains.list,2001-08-29 01:41:08.361192,127761e9c642bb72a668b975
159126.engine.mobileapptracking.com,AVAILABILITY,domains.list,domains.list,2001-08-29 01:41:08.507516,127761e9c642bb72a668b975
159668.measurementapi.com,AVAILABILITY,domains.list,domains.list,2001-08-29 01:41:08.929202,127761e9c642bb72a668b975
159692.measurementapi.com,AVAILABILITY,domains.list,domains.list,2001-08-29 01:41:09.082308,127761e9c642bb72a668b975
15i0s10kub.kameleoon.eu,AVAILABILITY,domains.list,domains.list,2001-08-29 01:41:09.230376,127761e9c642bb72a668b975
160-vyg-620.mktoresp.com,AVAILABILITY,domains.list,domains.list,2001-08-29 01:41:09.375320,127761e9c642bb72a668b975
160664762.keywordblocks.com,AVAILABILITY,domains.list,domains.list,2001-08-29 01:41:09.787314,127761e9c642bb72a668b975
160916.measurementapi.com,AVAILABILITY,domains.list,domains.list,2001-08-29 01:41:10.063742,127761e9c642bb72a668b975
161-xtp-040.mktoresp.com,AVAILABILITY,domains.list,domains.list,2001-08-29 01:41:10.348958,127761e9c642bb72a668b975
161028.engine.mobileapptracking.com,AVAILABILITY,domains.list,domains.list,2001-08-29 01:41:10.499234,127761e9c642bb72a668b975
161118.engine.mobileapptracking.com,AVAILABILITY,domains.list,domains.list,2001-08-29 01:41:10.643104,127761e9c642bb72a668b975
161172.measurementapi.com,AVAILABILITY,domains.list,domains.list,2001-08-29 01:41:10.919610,127761e9c642bb72a668b975
162-int-870.mktoresp.com,AVAILABILITY,domains.list,domains.list,2001-08-29 01:41:11.759410,127761e9c642bb72a668b975
1621-34f4-4e59-3434.reporo.net,AVAILABILITY,domains.list,domains.list,2001-08-29 01:41:11.907935,127761e9c642bb72a668b975
162504.measurementapi.com,AVAILABILITY,domains.list,domains.list,2001-08-29 01:41:12.486121,127761e9c642bb72a668b975
162704.measurementapi.com,AVAILABILITY,domains.list,domains.list,2001-08-29 01:41:12.638097,127761e9c642bb72a668b975
163-ohf-280.mktoresp.com,AVAILABILITY,domains.list,domains.list,2001-08-29 01:41:13.076674,127761e9c642bb72a668b975
163330.measurementapi.com,AVAILABILITY,domains.list,domains.list,2001-08-29 01:41:13.369574,127761e9c642bb72a668b975
163506.measurementapi.com,AVAILABILITY,domains.list,domains.list,2001-08-29 01:41:13.652507,127761e9c642bb72a668b975
163748.tlnk.io,AVAILABILITY,domains.list,domains.list,2001-08-29 01:41:14.077472,127761e9c642bb72a668b975
164-hzr-790.mktoresp.com,AVAILABILITY,domains.list,domains.list,2001-08-29 01:41:14.364255,127761e9c642bb72a668b975
164188.measurementapi.com,AVAILABILITY,domains.list,domains.list,2001-08-29 01:41:14.651508,127761e9c642bb72a668b975
165176.measurementapi.com,AVAILABILITY,domains.list,domains.list,2001-08-29 01:41:15.902940,127761e9c642bb72a668b975
165247511.keywordblocks.com,AVAILABILITY,domains.list,domains.list,2001-08-29 01:41:16.202924,127761e9c642bb72a668b975
165424.measurementapi.com,AVAILABILITY,domains.list,domains.list,2001-08-29 01:41:16.499325,127761e9c642bb72a668b975
165542.measurementapi.com,AVAILABILITY,domains.list,domains.list,2001-08-29 01:41:16.652144,127761e9c642bb72a668b975
1656.tm.zedo.com,AVAILABILITY,domains.list,domains.list,2001-08-29 01:41:16.796735,127761e9c642bb72a668b975
166014822.keywordblocks.com,AVAILABILITY,domains.list,domains.list,2001-08-29 01:41:17.598321,127761e9c642bb72a668b975
166324042.keywordblocks.com,AVAILABILITY,domains.list,domains.list,2001-08-29 01:41:18.001315,127761e9c642bb72a668b975
1663290.fls.doubleclick.net,AVAILABILITY,domains.list,domains.list,2001-08-29 01:41:18.137364,127761e9c642bb72a668b975
166336.measurementapi.com,AVAILABILITY,domains.list,domains.list,2001-08-29 01:41:18.277257,127761e9c642bb72a668b975
166538.tlnk.io,AVAILABILITY,domains.list,domains.list,2001-08-29 01:41:18.549621,127761e9c642bb72a668b975
166719252.keywordblocks.com,AVAILABILITY,domains.list,domains.list,2001-08-29 01:41:18.945308,127761e9c642bb72a668b975
166838.measurementapi.com,AVAILABILITY,domains.list,domains.list,2001-08-29 01:41:19.089838,127761e9c642bb72a668b975
166876170.keywordblocks.com,AVAILABILITY,domains.list,domains.list,2001-08-29 01:41:19.230209,127761e9c642bb72a668b975
166938.measurementapi.com,AVAILABILITY,domains.list,domains.list,2001-08-29 01:41:19.376089,127761e9c642bb72a668b975
166e-1861-6877-67c0.reporo.net,AVAILABILITY,domains.list,domains.list,2001-08-29 01:41:19.520750,127761e9c642bb72a668b975
167-eit-370.mktoresp.com,AVAILABILITY,domains.list,domains.list,2001-08-29 01:41:19.660542,127761e9c642bb72a668b975
167030.measurementapi.com,AVAILABILITY,domains.list,domains.list,2001-08-29 01:41:19.805082,127761e9c642bb72a668b975
167126.engine.mobileapptracking.com,AVAILABILITY,domains.list,domains.list,2001-08-29 01:41:20.231384,127761e9c642bb72a668b975
16722399.adoric-om.com,AVAILABILITY,domains.list,domains.list,2001-08-29 01:41:20.507074,127761e9c642bb72a668b975
167452538.keywordblocks.com,AVAILABILITY,domains.list,domains.list,2001-08-29 01:41:20.645560,127761e9c642bb72a668b975
1681.engine.mobileapptracking.com,AVAILABILITY,domains.list,domains.list,2001-08-29 01:41:21.183452,127761e9c642bb72a668b975
168221131.keywordblocks.com,AVAILABILITY,domains.list,domains.list,2001-08-29 01:41:21.337457,127761e9c642bb72a668b975
168337671.keywordblocks.com,AVAILABILITY,domains.list,domains.list,2001-08-29 01:41:21.485976,127761e9c642bb72a668b975
168382.measurementapi.com,AVAILABILITY,domains.list,domains.list,2001-08-29 01:41:21.631746,127761e9c642bb72a668b975
168778861.keywordblocks.com,AVAILABILITY,domains.list,domains.list,2001-08-29 01:41:22.051385,127761e9c642bb72a668b975
168932.engine.mobileapptracking.com,AVAILABILITY,domains.list,domains.list,2001-08-29 01:41:22.196058,127761e9c642bb72a668b975
168977020.keywordblocks.com,AVAILABILITY,domains.list,domains.list,2001-08-29 01:41:22.343322,127761e9c642bb72a668b975
169006.measurementapi.com,AVAILABILITY,domains.list,domains.list,2001-08-29 01:41:22.494761,127761e9c642bb72a668b975
169349561.keywordblocks.com,AVAILABILITY,domains.list,domains.list,2001-08-29 01:41:23.156389,127761e9c642bb72a668b975
169736.measurementapi.com,AVAILABILITY,domains.list,domains.list,2001-08-29 01:41:23.573941,127761e9c642bb72a668b975
169838.measurementapi.com,AVAILABILITY,domains.list,domains.list,2001-08-29 01:41:23.717828,127761e9c642bb72a668b975
169926.measurementapi.com,AVAILABILITY,domains.list,domains.list,2001-08-29 01:41:24.121999,127761e9c642bb72a668b975
16f3-2fd2-76cc-eaf8.reporo.net,AVAILABILITY,domains.list,domains.list,2001-08-29 01:41:24.385628,127761e9c642bb72a668b975
17.mizdok.com,AVAILABILITY,domains.list,domains.list,2001-08-29 01:41:24.537218,127761e9c642bb72a668b975
170-lib-021.mktoresp.com,AVAILABILITY,domains.list,domains.list,2001-08-29 01:41:24.677999,127761e9c642bb72a668b975
170040.measurementapi.com,AVAILABILITY,domains.list,domains.list,2001-08-29 01:41:24.816147,127761e9c642bb72a668b975
170130.measurementapi.com,AVAILABILITY,domains.list,domains.list,2001-08-29 01:41:24.957215,127761e9c642bb72a668b975
1704100.fls.doubleclick.net,AVAILABILITY,domains.list,domains.list,2001-08-29 01:41:25.230800,127761e9c642bb72a668b975
170518.measurementapi.com,AVAILABILITY,domains.list,domains.list,2001-08-29 01:41:25.377365,127761e9c642bb72a668b975
170552.measurementapi.com,AVAILABILITY,domains.list,domains.list,2001-08-29 01:41:25.520379,127761e9c642bb72a668b975
170981591.keywordblocks.com,AVAILABILITY,domains.list,domains.list,2001-08-29 01:41:26.224135,127761e9c642bb72a668b975
170996.measurementapi.com,AVAILABILITY,domains.list,domains.list,2001-08-29 01:41:26.373584,127761e9c642bb72a668b975
171-ttg-631.mktoresp.com,AVAILABILITY,domains.list,domains.list,2001-08-29 01:41:26.527263,127761e9c642bb72a668b975
171058.measurementapi.com,AVAILABILITY,domains.list,domains.list,2001-08-29 01:41:26.678297,127761e9c642bb72a668b975
171092.engine.mobileapptracking.com,AVAILABILITY,domains.list,domains.list,2001-08-29 01:41:26.829716,127761e9c642bb72a668b975
171140.measurementapi.com,AVAILABILITY,domains.list,domains.list,2001-08-29 01:41:26.983287,127761e9c642bb72a668b975
1713ler4ym.kameleoon.eu,AVAILABILITY,domains.list,domains.list,2001-08-29 01:41:27.133740,127761e9c642bb72a668b975
17144355.adoric-om.com,AVAILABILITY,domains.list,domains.list,2001-08-29 01:41:27.286130,127761e9c642bb72a668b975
171564.tlnk.io,AVAILABILITY,domains.list,domains.list,2001-08-29 01:41:27.434939,127761e9c642bb72a668b975
171570.measurementapi.com,AVAILABILITY,domains.list,domains.list,2001-08-29 01:41:27.587941,127761e9c642bb72a668b975
172-eeu-190.mktoresp.com,AVAILABILITY,domains.list,domains.list,2001-08-29 01:41:28.163195,127761e9c642bb72a668b975
172131671.keywordblocks.com,AVAILABILITY,domains.list,domains.list,2001-08-29 01:41:28.459181,127761e9c642bb72a668b975
173-qmh-211.mktoresp.com,AVAILABILITY,domains.list,domains.list,2001-08-29 01:41:28.752526,127761e9c642bb72a668b975
173204.measurementapi.com,AVAILABILITY,domains.list,domains.list,2001-08-29 01:41:29.189307,127761e9c642bb72a668b975
173394.measurementapi.com,AVAILABILITY,domains.list,domains.list,2001-08-29 01:41:29.485903,127761e9c642bb72a668b975
173562761.keywordblocks.com,AVAILABILITY,domains.list,domains.list,2001-08-29 01:41:30.057765,127761e9c642bb72a668b975
173848.measurementapi.com,AVAILABILITY,domains.list,domains.list,2001-08-29 01:41:30.210050,127761e9c642bb72a668b975
173860.measurementapi.com,AVAILABILITY,domains.list,domains.list,2001-08-29 01:41:30.361469,127761e9c642bb72a668b975
17390.engine.mobileapptracking.com,AVAILABILITY,domains.list,domains.list,2001-08-29 01:41:30.512000,127761e9c642bb72a668b975
173c5b04.akstat.io,AVAILABILITY,domains.list,domains.list,2001-08-29 01:41:30.665835,127761e9c642bb72a668b975
173c5b05.akstat.io,AVAILABILITY,domains.list,domains.list,2001-08-29 01:41:30.819083,127761e9c642bb72a668b975
173c5b06.akstat.io,AVAILABILITY,domains.list,domains.list,2001-08-29 01:41:30.972395,127761e9c642bb72a668b975
173c5b07.akstat.io,AVAILABILITY,domains.list,domains.list,2001-08-29 01:41:31.125884,127761e9c642bb72a668b975
173c5b08.akstat.io,AVAILABILITY,domains.list,domains.list,2001-08-29 01:41:31.278692,127761e9c642bb72a668b975
173c5b09.akstat.io,AVAILABILITY,domains.list,domains.list,2001-08-29 01:41:31.429720,127761e9c642bb72a668b975
173c5b0a.akstat.io,AVAILABILITY,domains.list,domains.list,2001-08-29 01:41:31.585129,127761e9c642bb72a668b975
173c5b0b.akstat.io,AVAILABILITY,domains.list,domains.list,2001-08-29 01:41:31.735270,127761e9c642bb72a668b975
173c5b0c.akstat.io,AVAILABILITY,domains.list,domains.list,2001-08-29 01:41:31.881822,127761e9c642bb72a668b975
173c5b0d.akstat.io,AVAILABILITY,domains.list,domains.list,2001-08-29 01:41:32.019044,127761e9c642bb72a668b975
173c5b0e.akstat.io,AVAILABILITY,domains.list,domains.list,2001-08-29 01:41:32.157405,127761e9c642bb72a668b975
173c5b0f.akstat.io,AVAILABILITY,domains.list,domains.list,2001-08-29 01:41:32.304315,127761e9c642bb72a668b975
173e2513.akstat.io,AVAILABILITY,domains.list,domains.list,2001-08-29 01:41:32.447660,127761e9c642bb72a668b975
173e2514.akstat.io,AVAILABILITY,domains.list,domains.list,2001-08-29 01:41:32.594057,127761e9c642bb72a668b975
173e2515.akstat.io,AVAILABILITY,domains.list,domains.list,2001-08-29 01:41:32.741005,127761e9c642bb72a668b975
173e2516.akstat.io,AVAILABILITY,domains.list,domains.list,2001-08-29 01:41:32.879817,127761e9c642bb72a668b975
173e2529.akstat.io,AVAILABILITY,domains.list,domains.list,2001-08-29 01:41:33.026042,127761e9c642bb72a668b975
173e252a.akstat.io,AVAILABILITY,domains.list,domains.list,2001-08-29 01:41:33.165800,127761e9c642bb72a668b975
173e2544.akstat.io,AVAILABILITY,domains.list,domains.list,2001-08-29 01:41:33.314950,127761e9c642bb72a668b975
173e2545.akstat.io,AVAILABILITY,domains.list,domains.list,2001-08-29 01:41:33.454006,127761e9c642bb72a668b975
173e2546.akstat.io,AVAILABILITY,domains.list,domains.list,2001-08-29 01:41:33.595065,127761e9c642bb72a668b975
173e2547.akstat.io,AVAILABILITY,domains.list,domains.list,2001-08-29 01:41:33.737999,127761e9c642bb72a668b975
173e2548.akstat.io,AVAILABILITY,domains.list,domains.list,2001-08-29 01:41:33.887478,127761e9c642bb72a668b975
173e2549.akstat.io,AVAILABILITY,domains.list,domains.list,2001-08-29 01:41:34.027939,127761e9c642bb72a668b975
174126.measurementapi.com,AVAILABILITY,domains.list,domains.list,2001-08-29 01:41:34.308638,127761e9c642bb72a668b975
17428.engine.mobileapptracking.com,AVAILABILITY,domains.list,domains.list,2001-08-29 01:41:34.715019,127761e9c642bb72a668b975
175038.tlnk.io,AVAILABILITY,domains.list,domains.list,2001-08-29 01:41:35.768253,127761e9c642bb72a668b975
175272461.keywordblocks.com,AVAILABILITY,domains.list,domains.list,2001-08-29 01:41:36.042955,127761e9c642bb72a668b975
17568800.adoric-om.com,AVAILABILITY,domains.list,domains.list,2001-08-29 01:41:36.326084,127761e9c642bb72a668b975
175786.measurementapi.com,AVAILABILITY,domains.list,domains.list,2001-08-29 01:41:36.473724,127761e9c642bb72a668b975
17609482.adoric-om.com,AVAILABILITY,domains.list,domains.list,2001-08-29 01:41:36.758056,127761e9c642bb72a668b975
1762894.fls.doubleclick.net,AVAILABILITY,domains.list,domains.list,2001-08-29 01:41:37.024150,127761e9c642bb72a668b975
176344.measurementapi.com,AVAILABILITY,domains.list,domains.list,2001-08-29 01:41:37.161603,127761e9c642bb72a668b975
176658.measurementapi.com,AVAILABILITY,domains.list,domains.list,2001-08-29 01:41:37.576997,127761e9c642bb72a668b975
176758.measurementapi.com,AVAILABILITY,domains.list,domains.list,2001-08-29 01:41:37.719520,127761e9c642bb72a668b975
177-vgq-981.mktoresp.com,AVAILABILITY,domains.list,domains.list,2001-08-29 01:41:37.866835,127761e9c642bb72a668b975
177316.measurementapi.com,AVAILABILITY,domains.list,domains.list,2001-08-29 01:41:38.408744,127761e9c642bb72a668b975
178124.measurementapi.com,AVAILABILITY,domains.list,domains.list,2001-08-29 01:41:39.079944,127761e9c642bb72a668b975
1781565.fls.doubleclick.net,AVAILABILITY,domains.list,domains.list,2001-08-29 01:41:39.220553,127761e9c642bb72a668b975
178176.engine.mobileapptracking.com,AVAILABILITY,domains.list,domains.list,2001-08-29 01:41:39.366236,127761e9c642bb72a668b975
178198.measurementapi.com,AVAILABILITY,domains.list,domains.list,2001-08-29 01:41:39.508252,127761e9c642bb72a668b975
1782.engine.mobileapptracking.com,AVAILABILITY,domains.list,domains.list,2001-08-29 01:41:39.644152,127761e9c642bb72a668b975
1782317.fls.doubleclick.net,AVAILABILITY,domains.list,domains.list,2001-08-29 01:41:39.784272,127761e9c642bb72a668b975
1785618.fls.doubleclick.net,AVAILABILITY,domains.list,domains.list,2001-08-29 01:41:39.926954,127761e9c642bb72a668b975
178646.measurementapi.com,AVAILABILITY,domains.list,domains.list,2001-08-29 01:41:40.068173,127761e9c642bb72a668b975
1786739.fls.doubleclick.net,AVAILABILITY,domains.list,domains.list,2001-08-29 01:41:40.212266,127761e9c642bb72a668b975
178898.measurementapi.com,AVAILABILITY,domains.list,domains.list,2001-08-29 01:41:40.505990,127761e9c642bb72a668b975
178938.measurementapi.com,AVAILABILITY,domains.list,domains.list,2001-08-29 01:41:40.645750,127761e9c642bb72a668b975
178972.measurementapi.com,AVAILABILITY,domains.list,domains.list,2001-08-29 01:41:40.926087,127761e9c642bb72a668b975
179046.measurementapi.com,AVAILABILITY,domains.list,domains.list,2001-08-29 01:41:41.208009,127761e9c642bb72a668b975
179470.tlnk.io,AVAILABILITY,domains.list,domains.list,2001-08-29 01:41:41.632624,127761e9c642bb72a668b975
17962983.adoric-om.com,AVAILABILITY,domains.list,domains.list,2001-08-29 01:41:41.911713,127761e9c642bb72a668b975
1797-ea19-3286-cdb7.reporo.net,AVAILABILITY,domains.list,domains.list,2001-08-29 01:41:42.064456,127761e9c642bb72a668b975
179924052.keywordblocks.com,AVAILABILITY,domains.list,domains.list,2001-08-29 01:41:42.472181,127761e9c642bb72a668b975
17b4-7817-18f7-3abd.reporo.net,AVAILABILITY,domains.list,domains.list,2001-08-29 01:41:42.618266,127761e9c642bb72a668b975
17c9-3508-0bf6-463f.reporo.net,AVAILABILITY,domains.list,domains.list,2001-08-29 01:41:42.756791,127761e9c642bb72a668b975
17d09914.akstat.io,AVAILABILITY,domains.list,domains.list,2001-08-29 01:41:42.900290,127761e9c642bb72a668b975
17d98a58.akstat.io,AVAILABILITY,domains.list,domains.list,2001-08-29 01:41:43.043615,127761e9c642bb72a668b975
17d98a59.akstat.io,AVAILABILITY,domains.list,domains.list,2001-08-29 01:41:43.182806,127761e9c642bb72a668b975
17d98a5a.akstat.io,AVAILABILITY,domains.list,domains.list,2001-08-29 01:41:43.322308,127761e9c642bb72a668b975
17d98a5b.akstat.io,AVAILABILITY,domains.list,domains.list,2001-08-29 01:41:43.463785,127761e9c642bb72a668b975
17d98a5d.akstat.io,AVAILABILITY,domains.list,domains.list,2001-08-29 01:41:43.603888,127761e9c642bb72a668b975
17d98a5e.akstat.io,AVAILABILITY,domains.list,domains.list,2001-08-29 01:41:43.738389,127761e9c642bb72a668b975
17d98a5f.akstat.io,AVAILABILITY,domains.list,domains.list,2001-08-29 01:41:43.880999,127761e9c642bb72a668b975
17d98a8d.akstat.io,AVAILABILITY,domains.list,domains.list,2001-08-29 01:41:44.020715,127761e9c642bb72a668b975
18.1020067983.world,AVAILABILITY,domains.list,domains.list,2001-08-29 01:41:44.164926,127761e9c642bb72a668b975
180-sll-021.mktoresp.com,AVAILABILITY,domains.list,domains.list,2001-08-29 01:41:44.309486,127761e9c642bb72a668b975
180032.measurementapi.com,AVAILABILITY,domains.list,domains.list,2001-08-29 01:41:44.453482,127761e9c642bb72a668b975
180034.measurementapi.com,AVAILABILITY,domains.list,domains.list,2001-08-29 01:41:44.602330,127761e9c642bb72a668b975
1800contactsv15.demdex.net,AVAILABILITY,domains.list,domains.list,2001-08-29 01:41:44.750552,127761e9c642bb72a668b975
180182.measurementapi.com,AVAILABILITY,domains.list,domains.list,2001-08-29 01:41:45.025327,127761e9c642bb72a668b975
180378060.keywordblocks.com,AVAILABILITY,domains.list,domains.list,2001-08-29 01:41:45.297283,127761e9c642bb72a668b975
180418.engine.mobileapptracking.com,AVAILABILITY,domains.list,domains.list,2001-08-29 01:41:45.429758,127761e9c642bb72a668b975
180590.engine.mobileapptracking.com,AVAILABILITY,domains.list,domains.list,2001-08-29 01:41:45.579214,127761e9c642bb72a668b975
180642.engine.mobileapptracking.com,AVAILABILITY,domains.list,domains.list,2001-08-29 01:41:45.723088,127761e9c642bb72a668b975
180642.tlnk.io,AVAILABILITY,domains.list,domains.list,2001-08-29 01:41:45.868948,127761e9c642bb72a668b975
180987.measurementapi.com,AVAILABILITY,domains.list,domains.list,2001-08-29 01:41:46.141570,127761e9c642bb72a668b975
180989.measurementapi.com,AVAILABILITY,domains.list,domains.list,2001-08-29 01:41:46.281305,127761e9c642bb72a668b975
181-jtr-121.mktoresp.com,AVAILABILITY,domains.list,domains.list,2001-08-29 01:41:46.424221,127761e9c642bb72a668b975
181-wwc-893.mktoresp.com,AVAILABILITY,domains.list,domains.list,2001-08-29 01:41:46.572333,127761e9c642bb72a668b975
181167.measurementapi.com,AVAILABILITY,domains.list,domains.list,2001-08-29 01:41:46.726494,127761e9c642bb72a668b975
181489.measurementapi.com,AVAILABILITY,domains.list,domains.list,2001-08-29 01:41:46.873404,127761e9c642bb72a668b975
181569.measurementapi.com,AVAILABILITY,domains.list,domains.list,2001-08-29 01:41:47.023205,127761e9c642bb72a668b975
181fm.adswizz.com,AVAILABILITY,domains.list,domains.list,2001-08-29 01:41:47.165772,127761e9c642bb72a668b975
181fm.deliveryengine.adswizz.com,AVAILABILITY,domains.list,domains.list,2001-08-29 01:41:47.312238,127761e9c642bb72a668b975
182137351.keywordblocks.com,AVAILABILITY,domains.list,domains.list,2001-08-29 01:41:47.455651,127761e9c642bb72a668b975
182364711.keywordblocks.com,AVAILABILITY,domains.list,domains.list,2001-08-29 01:41:47.598828,127761e9c642bb72a668b975
1824-b6b1-a3c2-83f6.reporo.net,AVAILABILITY,domains.list,domains.list,2001-08-29 01:41:47.740583,127761e9c642bb72a668b975
182645612.keywordblocks.com,AVAILABILITY,domains.list,domains.list,2001-08-29 01:41:48.139646,127761e9c642bb72a668b975
182841.measurementapi.com,AVAILABILITY,domains.list,domains.list,2001-08-29 01:41:48.280105,127761e9c642bb72a668b975
182d-515b-70df-aec2.reporo.net,AVAILABILITY,domains.list,domains.list,2001-08-29 01:41:48.423404,127761e9c642bb72a668b975
183-pwy-190.mktoresp.com,AVAILABILITY,domains.list,domains.list,2001-08-29 01:41:48.562069,127761e9c642bb72a668b975
183597.measurementapi.com,AVAILABILITY,domains.list,domains.list,2001-08-29 01:41:49.344076,127761e9c642bb72a668b975
183704.deeplink.mobileapptracking.com,AVAILABILITY,domains.list,domains.list,2001-08-29 01:41:49.488305,127761e9c642bb72a668b975
183704.engine.mobileapptracking.com,AVAILABILITY,domains.list,domains.list,2001-08-29 01:41:49.631406,127761e9c642bb72a668b975
184245.measurementapi.com,AVAILABILITY,domains.list,domains.list,2001-08-29 01:41:50.165994,127761e9c642bb72a668b975
184349850.keywordblocks.com,AVAILABILITY,domains.list,domains.list,2001-08-29 01:41:50.446405,127761e9c642bb72a668b975
184612.engine.mobileapptracking.com,AVAILABILITY,domains.list,domains.list,2001-08-29 01:41:50.591320,127761e9c642bb72a668b975
1847082.fls.doubleclick.net,AVAILABILITY,domains.list,domains.list,2001-08-29 01:41:50.734136,127761e9c642bb72a668b975
184825.measurementapi.com,AVAILABILITY,domains.list,domains.list,2001-08-29 01:41:50.878629,127761e9c642bb72a668b975
184843.measurementapi.com,AVAILABILITY,domains.list,domains.list,2001-08-29 01:41:51.033503,127761e9c642bb72a668b975
184871.measurementapi.com,AVAILABILITY,domains.list,domains.list,2001-08-29 01:41:51.182408,127761e9c642bb72a668b975
18509722.adoric-om.com,AVAILABILITY,domains.list,domains.list,2001-08-29 01:41:51.464287,127761e9c642bb72a668b975
185292742.keywordblocks.com,AVAILABILITY,domains.list,domains.list,2001-08-29 01:41:51.614678,127761e9c642bb72a668b975
185492.engine.mobileapptracking.com,AVAILABILITY,domains.list,domains.list,2001-08-29 01:41:51.895028,127761e9c642bb72a668b975
185493822.keywordblocks.com,AVAILABILITY,domains.list,domains.list,2001-08-29 01:41:52.044203,127761e9c642bb72a668b975
185536.engine.mobileapptracking.com,AVAILABILITY,domains.list,domains.list,2001-08-29 01:41:52.189727,127761e9c642bb72a668b975
185999.measurementapi.com,AVAILABILITY,domains.list,domains.list,2001-08-29 01:41:52.463877,127761e9c642bb72a668b975
186232.engine.mobileapptracking.com,AVAILABILITY,domains.list,domains.list,2001-08-29 01:41:52.870840,127761e9c642bb72a668b975
186289.measurementapi.com,AVAILABILITY,domains.list,domains.list,2001-08-29 01:41:53.017207,127761e9c642bb72a668b975
186358332.keywordblocks.com,AVAILABILITY,domains.list,domains.list,2001-08-29 01:41:53.161094,127761e9c642bb72a668b975
186576.tlnk.io,AVAILABILITY,domains.list,domains.list,2001-08-29 01:41:53.707730,127761e9c642bb72a668b975
186781.measurementapi.com,AVAILABILITY,domains.list,domains.list,2001-08-29 01:41:54.113726,127761e9c642bb72a668b975
186789.measurementapi.com,AVAILABILITY,domains.list,domains.list,2001-08-29 01:41:54.256302,127761e9c642bb72a668b975
187148321.keywordblocks.com,AVAILABILITY,domains.list,domains.list,2001-08-29 01:41:54.666851,127761e9c642bb72a668b975
187548442.keywordblocks.com,AVAILABILITY,domains.list,domains.list,2001-08-29 01:41:54.937018,127761e9c642bb72a668b975
187652.engine.mobileapptracking.com,AVAILABILITY,domains.list,domains.list,2001-08-29 01:41:55.084091,127761e9c642bb72a668b975
188-vdu-360.mktoresp.com,AVAILABILITY,domains.list,domains.list,2001-08-29 01:41:55.509976,127761e9c642bb72a668b975
188060.engine.mobileapptracking.com,AVAILABILITY,domains.list,domains.list,2001-08-29 01:41:55.915771,127761e9c642bb72a668b975
188328911.keywordblocks.com,AVAILABILITY,domains.list,domains.list,2001-08-29 01:41:56.059368,127761e9c642bb72a668b975
188365741.keywordblocks.com,AVAILABILITY,domains.list,domains.list,2001-08-29 01:41:56.204186,127761e9c642bb72a668b975
188617.measurementapi.com,AVAILABILITY,domains.list,domains.list,2001-08-29 01:41:56.624755,127761e9c642bb72a668b975
188941.measurementapi.com,AVAILABILITY,domains.list,domains.list,2001-08-29 01:41:57.207874,127761e9c642bb72a668b975
189060.engine.mobileapptracking.com,AVAILABILITY,domains.list,domains.list,2001-08-29 01:41:57.502307,127761e9c642bb72a668b975
189096.engine.mobileapptracking.com,AVAILABILITY,domains.list,domains.list,2001-08-29 01:41:57.792219,127761e9c642bb72a668b975
189137.measurementapi.com,AVAILABILITY,domains.list,domains.list,2001-08-29 01:41:58.089287,127761e9c642bb72a668b975
189170.engine.mobileapptracking.com,AVAILABILITY,domains.list,domains.list,2001-08-29 01:41:58.387549,127761e9c642bb72a668b975
189184.engine.mobileapptracking.com,AVAILABILITY,domains.list,domains.list,2001-08-29 01:41:58.540480,127761e9c642bb72a668b975
189288.engine.mobileapptracking.com,AVAILABILITY,domains.list,domains.list,2001-08-29 01:41:58.816064,127761e9c642bb72a668b975
189333.measurementapi.com,AVAILABILITY,domains.list,domains.list,2001-08-29 01:41:58.971079,127761e9c642bb72a668b975
189358.engine.mobileapptracking.com,AVAILABILITY,domains.list,domains.list,2001-08-29 01:41:59.123114,127761e9c642bb72a668b975
189504.engine.mobileapptracking.com,AVAILABILITY,domains.list,domains.list,2001-08-29 01:42:00.241847,127761e9c642bb72a668b975
189634.engine.mobileapptracking.com,AVAILABILITY,domains.list,domains.list,2001-08-29 01:42:00.946636,127761e9c642bb72a668b975
189650.deeplink.mobileapptracking.com,AVAILABILITY,domains.list,domains.list,2001-08-29 01:42:01.228986,127761e9c642bb72a668b975
189706.engine.mobileapptracking.com,AVAILABILITY,domains.list,domains.list,2001-08-29 01:42:01.915816,127761e9c642bb72a668b975
189850.engine.mobileapptracking.com,AVAILABILITY,domains.list,domains.list,2001-08-29 01:42:02.864753,127761e9c642bb72a668b975
189983.engine.mobileapptracking.com,AVAILABILITY,domains.list,domains.list,2001-08-29 01:42:03.680205,127761e9c642bb72a668b975
189983.measurementapi.com,AVAILABILITY,domains.list,domains.list,2001-08-29 01:42:03.829925,127761e9c642bb72a668b975
18d1-ab35-15a3-74ca.reporo.net,AVAILABILITY,domains.list,domains.list,2001-08-29 01:42:03.969749,127761e9c642bb72a668b975
18suextmez.kameleoon.eu,AVAILABILITY,domains.list,domains.list,2001-08-29 01:42:04.109044,127761e9c642bb72a668b975
18yq3oq31y.kameleoon.eu,AVAILABILITY,domains.list,domains.list,2001-08-29 01:42:04.254311,127761e9c642bb72a668b975
190087.deeplink.mobileapptracking.com,AVAILABILITY,domains.list,domains.list,2001-08-29 01:42:04.400602,127761e9c642bb72a668b975
190107.engine.mobileapptracking.com,AVAILABILITY,domains.list,domains.list,2001-08-29 01:42:04.807600,127761e9c642bb72a668b975
190115.engine.mobileapptracking.com,AVAILABILITY,domains.list,domains.list,2001-08-29 01:42:04.942323,127761e9c642bb72a668b975
190221.engine.mobileapptracking.com,AVAILABILITY,domains.list,domains.list,2001-08-29 01:42:05.616845,127761e9c642bb72a668b975
190311.engine.mobileapptracking.com,AVAILABILITY,domains.list,domains.list,2001-08-29 01:42:06.022743,127761e9c642bb72a668b975
19034.engine.mobileapptracking.com,AVAILABILITY,domains.list,domains.list,2001-08-29 01:42:06.168406,127761e9c642bb72a668b975
190473.tlnk.io,AVAILABILITY,domains.list,domains.list,2001-08-29 01:42:06.582533,127761e9c642bb72a668b975
1908039.fls.doubleclick.net,AVAILABILITY,domains.list,domains.list,2001-08-29 01:42:07.941653,127761e9c642bb72a668b975
190828670.keywordblocks.com,AVAILABILITY,domains.list,domains.list,2001-08-29 01:42:08.219750,127761e9c642bb72a668b975
190829.engine.mobileapptracking.com,AVAILABILITY,domains.list,domains.list,2001-08-29 01:42:08.359131,127761e9c642bb72a668b975
191178212.keywordblocks.com,AVAILABILITY,domains.list,domains.list,2001-08-29 01:42:09.346059,127761e9c642bb72a668b975
191331.measurementapi.com,AVAILABILITY,domains.list,domains.list,2001-08-29 01:42:09.898790,127761e9c642bb72a668b975
191569.engine.mobileapptracking.com,AVAILABILITY,domains.list,domains.list,2001-08-29 01:42:10.183765,127761e9c642bb72a668b975
191661.tlnk.io,AVAILABILITY,domains.list,domains.list,2001-08-29 01:42:10.337447,127761e9c642bb72a668b975
1919.demdex.net,AVAILABILITY,domains.list,domains.list,2001-08-29 01:42:10.627794,127761e9c642bb72a668b975
192-mzv-331.mktoresp.com,AVAILABILITY,domains.list,domains.list,2001-08-29 01:42:10.913264,127761e9c642bb72a668b975
192-wys-831.mktoresp.com,AVAILABILITY,domains.list,domains.list,2001-08-29 01:42:11.060113,127761e9c642bb72a668b975
192103.tlnk.io,AVAILABILITY,domains.list,domains.list,2001-08-29 01:42:11.501958,127761e9c642bb72a668b975
192237150.keywordblocks.com,AVAILABILITY,domains.list,domains.list,2001-08-29 01:42:11.938102,127761e9c642bb72a668b975
192299.tlnk.io,AVAILABILITY,domains.list,domains.list,2001-08-29 01:42:12.090057,127761e9c642bb72a668b975
192489.tlnk.io,AVAILABILITY,domains.list,domains.list,2001-08-29 01:42:12.939700,127761e9c642bb72a668b975
192572.engine.mobileapptracking.com,AVAILABILITY,domains.list,domains.list,2001-08-29 01:42:13.087976,127761e9c642bb72a668b975
193091.measurementapi.com,AVAILABILITY,domains.list,domains.list,2001-08-29 01:42:14.344810,127761e9c642bb72a668b975
193093.tlnk.io,AVAILABILITY,domains.list,domains.list,2001-08-29 01:42:14.497102,127761e9c642bb72a668b975
193140.tlnk.io,AVAILABILITY,domains.list,domains.list,2001-08-29 01:42:14.646503,127761e9c642bb72a668b975
193141.measurementapi.com,AVAILABILITY,domains.list,domains.list,2001-08-29 01:42:14.793542,127761e9c642bb72a668b975
193589.measurementapi.com,AVAILABILITY,domains.list,domains.list,2001-08-29 01:42:15.352354,127761e9c642bb72a668b975
193665072.keywordblocks.com,AVAILABILITY,domains.list,domains.list,2001-08-29 01:42:15.938911,127761e9c642bb72a668b975
193711.measurementapi.com,AVAILABILITY,domains.list,domains.list,2001-08-29 01:42:16.095578,127761e9c642bb72a668b975
193822441.keywordblocks.com,AVAILABILITY,domains.list,domains.list,2001-08-29 01:42:16.256149,127761e9c642bb72a668b975
193993.measurementapi.com,AVAILABILITY,domains.list,domains.list,2001-08-29 01:42:16.559430,127761e9c642bb72a668b975
194-tgp-611.mktoresp.com,AVAILABILITY,domains.list,domains.list,2001-08-29 01:42:16.717158,127761e9c642bb72a668b975
194-vvc-221.mktoresp.com,AVAILABILITY,domains.list,domains.list,2001-08-29 01:42:16.869825,127761e9c642bb72a668b975
194192.engine.mobileapptracking.com,AVAILABILITY,domains.list,domains.list,2001-08-29 01:42:17.021551,127761e9c642bb72a668b975
194209642.keywordblocks.com,AVAILABILITY,domains.list,domains.list,2001-08-29 01:42:17.166187,127761e9c642bb72a668b975
194274986.keywordblocks.com,AVAILABILITY,domains.list,domains.list,2001-08-29 01:42:17.313113,127761e9c642bb72a668b975
194491.measurementapi.com,AVAILABILITY,domains.list,domains.list,2001-08-29 01:42:17.455489,127761e9c642bb72a668b975
194792.engine.mobileapptracking.com,AVAILABILITY,domains.list,domains.list,2001-08-29 01:42:17.599092,127761e9c642bb72a668b975
195-ulc-200.mktoresp.com,AVAILABILITY,domains.list,domains.list,2001-08-29 01:42:17.876731,127761e9c642bb72a668b975
195057.measurementapi.com,AVAILABILITY,domains.list,domains.list,2001-08-29 01:42:18.020607,127761e9c642bb72a668b975
195f-e8f9-e884-110a.reporo.net,AVAILABILITY,domains.list,domains.list,2001-08-29 01:42:18.817904,127761e9c642bb72a668b975
196137.measurementapi.com,AVAILABILITY,domains.list,domains.list,2001-08-29 01:42:18.965314,127761e9c642bb72a668b975
19618.demdex.net,AVAILABILITY,domains.list,domains.list,2001-08-29 01:42:19.112988,127761e9c642bb72a668b975
19648424.adoric-om.com,AVAILABILITY,domains.list,domains.list,2001-08-29 01:42:19.252304,127761e9c642bb72a668b975
196501.measurementapi.com,AVAILABILITY,domains.list,domains.list,2001-08-29 01:42:19.397194,127761e9c642bb72a668b975
197387840.keywordblocks.com,AVAILABILITY,domains.list,domains.list,2001-08-29 01:42:20.210505,127761e9c642bb72a668b975
198163.measurementapi.com,AVAILABILITY,domains.list,domains.list,2001-08-29 01:42:20.369058,127761e9c642bb72a668b975
198169.measurementapi.com,AVAILABILITY,domains.list,domains.list,2001-08-29 01:42:20.517957,127761e9c642bb72a668b975
19834.tlnk.io,AVAILABILITY,domains.list,domains.list,2001-08-29 01:42:20.794782,127761e9c642bb72a668b975
199-qid-730.mktoresp.com,AVAILABILITY,domains.list,domains.list,2001-08-29 01:42:20.939270,127761e9c642bb72a668b975
199071.engine.mobileapptracking.com,AVAILABILITY,domains.list,domains.list,2001-08-29 01:42:21.223300,127761e9c642bb72a668b975
19937962.adoric-om.com,AVAILABILITY,domains.list,domains.list,2001-08-29 01:42:21.373447,127761e9c642bb72a668b975
199611.measurementapi.com,AVAILABILITY,domains.list,domains.list,2001-08-29 01:42:21.524416,127761e9c642bb72a668b975
199655141.keywordblocks.com,AVAILABILITY,domains.list,domains.list,2001-08-29 01:42:21.671504,127761e9c642bb72a668b975
1996823.fls.doubleclick.net,AVAILABILITY,domains.list,domains.list,2001-08-29 01:42:21.827473,127761e9c642bb72a668b975
199829.measurementapi.com,AVAILABILITY,domains.list,domains.list,2001-08-29 01:42:22.116280,127761e9c642bb72a668b975
19985009.adoric-om.com,AVAILABILITY,domains.list,domains.list,2001-08-29 01:42:22.268169,127761e9c642bb72a668b975
19af-b855-2623-38bb.reporo.net,AVAILABILITY,domains.list,domains.list,2001-08-29 01:42:22.420751,127761e9c642bb72a668b975
1a39-b369-daf9-0d11.reporo.net,AVAILABILITY,domains.list,domains.list,2001-08-29 01:42:22.575012,127761e9c642bb72a668b975
1b656.v.fwmrm.net,AVAILABILITY,domains.list,domains.list,2001-08-29 01:42:22.843340,127761e9c642bb72a668b975
1bcde.com,AVAILABILITY,domains.list,domains.list,2001-08-29 01:42:23.001190,127761e9c642bb72a668b975
1c.adx1.com,AVAILABILITY,domains.list,domains.list,2001-08-29 01:42:23.140193,127761e9c642bb72a668b975
1c.news-subscribe.com,AVAILABILITY,domains.list,domains.list,2001-08-29 01:42:23.281784,127761e9c642bb72a668b975
1c20-eb53-8361-c317.reporo.net,AVAILABILITY,domains.list,domains.list,2001-08-29 01:42:23.427240,127761e9c642bb72a668b975
1c2b-3481-a405-a093.reporo.net,AVAILABILITY,domains.list,domains.list,2001-08-29 01:42:23.575302,127761e9c642bb72a668b975
1c4d-a822-1672-1fad.reporo.net,AVAILABILITY,domains.list,domains.list,2001-08-29 01:42:23.717731,127761e9c642bb72a668b975
1c63-61f9-021e-d1fa.reporo.net,AVAILABILITY,domains.list,domains.list,2001-08-29 01:42:23.866201,127761e9c642bb72a668b975
1c6e2.s.fwmrm.net,AVAILABILITY,domains.list,domains.list,2001-08-29 01:42:24.010495,127761e9c642bb72a668b975
1c6e9.v.fwmrm.net,AVAILABILITY,domains.list,domains.list,2001-08-29 01:42:24.160521,127761e9c642bb72a668b975
1c6e9c.v.fwmrm.net,AVAILABILITY,domains.list,domains.list,2001-08-29 01:42:24.307311,127761e9c642bb72a668b975
1c88qb0ls6.kameleoon.eu,AVAILABILITY,domains.list,domains.list,2001-08-29 01:42:24.451206,127761e9c642bb72a668b975
1cd7-9752-cabd-f881.reporo.net,AVAILABILITY,domains.list,domains.list,2001-08-29 01:42:24.596785,127761e9c642bb72a668b975
1cf9-2926-72a6-5408.reporo.net,AVAILABILITY,domains.list,domains.list,2001-08-29 01:42:24.741126,127761e9c642bb72a668b975
1clickcdn.ru,AVAILABILITY,domains.list,domains.list,2001-08-29 01:42:24.882134,127761e9c642bb72a668b975
1daf-f1f5-5181-4287.reporo.net,AVAILABILITY,domains.list,domains.list,2001-08-29 01:42:25.025655,127761e9c642bb72a668b975
1dental.d1.sc.omtrdc.net,AVAILABILITY,domains.list,domains.list,2001-08-29 01:42:25.169642,127761e9c642bb72a668b975
1e122c580cf.com,AVAILABILITY,domains.list,domains.list,2001-08-29 01:42:25.317658,127761e9c642bb72a668b975
1eeb-5d2a-489d-0491.reporo.net,AVAILABILITY,domains.list,domains.list,2001-08-29 01:42:25.462555,127761e9c642bb72a668b975
1erforum.de.intellitxt.com,AVAILABILITY,domains.list,domains.list,2001-08-29 01:42:25.603912,127761e9c642bb72a668b975
1f2e7.v.fwmrm.net,AVAILABILITY,domains.list,domains.list,2001-08-29 01:42:25.752486,127761e9c642bb72a668b975
1f42-c534-9247-a702.reporo.net,AVAILABILITY,domains.list,domains.list,2001-08-29 01:42:25.898042,127761e9c642bb72a668b975
1f62-ac07-3838-8236.reporo.net,AVAILABILITY,domains.list,domains.list,2001-08-29 01:42:26.049848,127761e9c642bb72a668b975
1f64-9327-ddd3-a591.reporo.net,AVAILABILITY,domains.list,domains.list,2001-08-29 01:42:26.199831,127761e9c642bb72a668b975
1f75-e88d-2066-72b2.reporo.net,AVAILABILITY,domains.list,domains.list,2001-08-29 01:42:26.339890,127761e9c642bb72a668b975
1gbits.com,AVAILABILITY,domains.list,domains.list,2001-08-29 01:42:26.614793,127761e9c642bb72a668b975
1k.news-subscribe.com,AVAILABILITY,domains.list,domains.list,2001-08-29 01:42:26.754386,127761e9c642bb72a668b975
1naf9.voluumtrk.com,AVAILABILITY,domains.list,domains.list,2001-08-29 01:42:26.905148,127761e9c642bb72a668b975
1ouai.voluumtrk.com,AVAILABILITY,domains.list,domains.list,2001-08-29 01:42:27.056932,127761e9c642bb72a668b975
1phads.com,AVAILABILITY,domains.list,domains.list,2001-08-29 01:42:27.206628,127761e9c642bb72a668b975
1plusads.g2afse.com,AVAILABILITY,domains.list,domains.list,2001-08-29 01:42:27.352828,127761e9c642bb72a668b975
1plusads.go2affise.com,AVAILABILITY,domains.list,domains.list,2001-08-29 01:42:27.495770,127761e9c642bb72a668b975
1rcu4.voluumtrk.com,AVAILABILITY,domains.list,domains.list,2001-08-29 01:42:27.641532,127761e9c642bb72a668b975
1spl.ir.zeotap.com,AVAILABILITY,domains.list,domains.list,2001-08-29 01:42:27.784584,127761e9c642bb72a668b975
1stchoicesavings.ca.102.112.2o7.net,AVAILABILITY,domains.list,domains.list,2001-08-29 01:42:27.933240,127761e9c642bb72a668b975
1stnationalbank.com.102.112.2o7.net,AVAILABILITY,domains.list,domains.list,2001-08-29 01:42:28.078964,127761e9c642bb72a668b975
1va3vpbjxq.kameleoon.eu,AVAILABILITY,domains.list,domains.list,2001-08-29 01:42:28.228439,127761e9c642bb72a668b975
1vp67nxi0d.kameleoon.eu,AVAILABILITY,domains.list,domains.list,2001-08-29 01:42:28.381075,127761e9c642bb72a668b975
1wljgi8eyy.kameleoon.eu,AVAILABILITY,domains.list,domains.list,2001-08-29 01:42:28.532694,127761e9c642bb72a668b975
1www.crazyegg.com,AVAILABILITY,domains.list,domains.list,2001-08-29 01:42:28.679933,127761e9c642bb72a668b975
1y6r0h8w8p.kameleoon.eu,AVAILABILITY,domains.list,domains.list,2001-08-29 01:42:28.819215,127761e9c642bb72a668b975
1yyhe.voluumtrk.com,AVAILABILITY,domains.list,domains.list,2001-08-29 01:42:28.968821,127761e9c642bb72a668b975
2.adx1.com,AVAILABILITY,domains.list,domains.list,2001-08-29 01:42:29.117521,127761e9c642bb72a668b975
2.webtrekk.net,AVAILABILITY,domains.list,domains.list,2001-08-29 01:42:29.271195,127761e9c642bb72a668b975
200449.measurementapi.com,AVAILABILITY,domains.list,domains.list,2001-08-29 01:42:29.551388,127761e9c642bb72a668b975
200585.measurementapi.com,AVAILABILITY,domains.list,domains.list,2001-08-29 01:42:29.696806,127761e9c642bb72a668b975
200744252.keywordblocks.com,AVAILABILITY,domains.list,domains.list,2001-08-29 01:42:29.835741,127761e9c642bb72a668b975
2012.tm.zedo.com,AVAILABILITY,domains.list,domains.list,2001-08-29 01:42:30.109447,127761e9c642bb72a668b975
201216481.keywordblocks.com,AVAILABILITY,domains.list,domains.list,2001-08-29 01:42:30.261104,127761e9c642bb72a668b975
2013561.fls.doubleclick.net,AVAILABILITY,domains.list,domains.list,2001-08-29 01:42:30.541910,127761e9c642bb72a668b975
201604652.keywordblocks.com,AVAILABILITY,domains.list,domains.list,2001-08-29 01:42:30.692296,127761e9c642bb72a668b975
2032864.fls.doubleclick.net,AVAILABILITY,domains.list,domains.list,2001-08-29 01:42:31.663954,127761e9c642bb72a668b975
2036857.fls.doubleclick.net,AVAILABILITY,domains.list,domains.list,2001-08-29 01:42:31.945245,127761e9c642bb72a668b975
2037300.fls.doubleclick.net,AVAILABILITY,domains.list,domains.list,2001-08-29 01:42:32.087652,127761e9c642bb72a668b975
203883493.keywordblocks.com,AVAILABILITY,domains.list,domains.list,2001-08-29 01:42:32.233635,127761e9c642bb72a668b975
204-giu-640.mktoresp.com,AVAILABILITY,domains.list,domains.list,2001-08-29 01:42:32.376882,127761e9c642bb72a668b975
204-lbt-450.mktoresp.com,AVAILABILITY,domains.list,domains.list,2001-08-29 01:42:32.527637,127761e9c642bb72a668b975
204-wkl-010.mktoresp.com,AVAILABILITY,domains.list,domains.list,2001-08-29 01:42:32.682100,127761e9c642bb72a668b975
204.smaato.net,AVAILABILITY,domains.list,domains.list,2001-08-29 01:42:32.836010,127761e9c642bb72a668b975
20401328.adoric-om.com,AVAILABILITY,domains.list,domains.list,2001-08-29 01:42:32.987446,127761e9c642bb72a668b975
204626842.keywordblocks.com,AVAILABILITY,domains.list,domains.list,2001-08-29 01:42:33.271206,127761e9c642bb72a668b975
205-rxw-011.mktoresp.com,AVAILABILITY,domains.list,domains.list,2001-08-29 01:42:33.427768,127761e9c642bb72a668b975
2053200.fls.doubleclick.net,AVAILABILITY,domains.list,domains.list,2001-08-29 01:42:33.719984,127761e9c642bb72a668b975
205384221.keywordblocks.com,AVAILABILITY,domains.list,domains.list,2001-08-29 01:42:33.872468,127761e9c642bb72a668b975
206-cll-191.mktoresp.com,AVAILABILITY,domains.list,domains.list,2001-08-29 01:42:34.020818,127761e9c642bb72a668b975
206ads.com,AVAILABILITY,domains.list,domains.list,2001-08-29 01:42:34.304389,127761e9c642bb72a668b975
20774675p.rfihub.com,AVAILABILITY,domains.list,domains.list,2001-08-29 01:42:34.853638,127761e9c642bb72a668b975
20787126.adoric-om.com,AVAILABILITY,domains.list,domains.list,2001-08-29 01:42:34.993350,127761e9c642bb72a668b975
2084210.fls.doubleclick.net,AVAILABILITY,domains.list,domains.list,2001-08-29 01:42:35.145752,127761e9c642bb72a668b975
20954.engine.mobileapptracking.com,AVAILABILITY,domains.list,domains.list,2001-08-29 01:42:35.433597,127761e9c642bb72a668b975
2096-c494-2b19-a39d.reporo.net,AVAILABILITY,domains.list,domains.list,2001-08-29 01:42:35.586890,127761e9c642bb72a668b975
20lgl.voluumtrk.com,AVAILABILITY,domains.list,domains.list,2001-08-29 01:42:35.873671,127761e9c642bb72a668b975
210949.measurementapi.com,AVAILABILITY,domains.list,domains.list,2001-08-29 01:42:36.168743,127761e9c642bb72a668b975
21104.engine.mobileapptracking.com,AVAILABILITY,domains.list,domains.list,2001-08-29 01:42:36.320155,127761e9c642bb72a668b975
211454394.keywordblocks.com,AVAILABILITY,domains.list,domains.list,2001-08-29 01:42:36.479272,127761e9c642bb72a668b975
211564832.keywordblocks.com,AVAILABILITY,domains.list,domains.list,2001-08-29 01:42:36.779118,127761e9c642bb72a668b975
211814171.keywordblocks.com,AVAILABILITY,domains.list,domains.list,2001-08-29 01:42:36.933470,127761e9c642bb72a668b975
212-rbi-730.mktoresp.com,AVAILABILITY,domains.list,domains.list,2001-08-29 01:42:37.084329,127761e9c642bb72a668b975
2120.tm.zedo.com,AVAILABILITY,domains.list,domains.list,2001-08-29 01:42:37.239349,127761e9c642bb72a668b975
212103.measurementapi.com,AVAILABILITY,domains.list,domains.list,2001-08-29 01:42:37.392124,127761e9c642bb72a668b975
212283.measurementapi.com,AVAILABILITY,domains.list,domains.list,2001-08-29 01:42:37.550911,127761e9c642bb72a668b975
212405.measurementapi.com,AVAILABILITY,domains.list,domains.list,2001-08-29 01:42:37.706282,127761e9c642bb72a668b975
21277605.adoric-om.com,AVAILABILITY,domains.list,domains.list,2001-08-29 01:42:37.863611,127761e9c642bb72a668b975
212899722.keywordblocks.com,AVAILABILITY,domains.list,domains.list,2001-08-29 01:42:38.018072,127761e9c642bb72a668b975
212941459.keywordblocks.com,AVAILABILITY,domains.list,domains.list,2001-08-29 01:42:38.170135,127761e9c642bb72a668b975
21327781.adoric-om.com,AVAILABILITY,domains.list,domains.list,2001-08-29 01:42:38.324570,127761e9c642bb72a668b975
21350.measurementapi.com,AVAILABILITY,domains.list,domains.list,2001-08-29 01:42:38.474066,127761e9c642bb72a668b975
214351801.keywordblocks.com,AVAILABILITY,domains.list,domains.list,2001-08-29 01:42:38.896241,127761e9c642bb72a668b975
214518391.keywordblocks.com,AVAILABILITY,domains.list,domains.list,2001-08-29 01:42:39.052022,127761e9c642bb72a668b975
214975712.keywordblocks.com,AVAILABILITY,domains.list,domains.list,2001-08-29 01:42:39.205217,127761e9c642bb72a668b975
215-ztw-921.mktoresp.com,AVAILABILITY,domains.list,domains.list,2001-08-29 01:42:39.361428,127761e9c642bb72a668b975
215764640.keywordblocks.com,AVAILABILITY,domains.list,domains.list,2001-08-29 01:42:39.782342,127761e9c642bb72a668b975
215771.measurementapi.com,AVAILABILITY,domains.list,domains.list,2001-08-29 01:42:39.927591,127761e9c642bb72a668b975
216821361.keywordblocks.com,AVAILABILITY,domains.list,domains.list,2001-08-29 01:42:40.215980,127761e9c642bb72a668b975
217-jzk-449.mktoresp.com,AVAILABILITY,domains.list,domains.list,2001-08-29 01:42:40.373258,127761e9c642bb72a668b975
217605.measurementapi.com,AVAILABILITY,domains.list,domains.list,2001-08-29 01:42:40.662299,127761e9c642bb72a668b975
217873.measurementapi.com,AVAILABILITY,domains.list,domains.list,2001-08-29 01:42:40.814641,127761e9c642bb72a668b975
2180-ae7c-524f-6ea7.reporo.net,AVAILABILITY,domains.list,domains.list,2001-08-29 01:42:40.962824,127761e9c642bb72a668b975
218333161.keywordblocks.com,AVAILABILITY,domains.list,domains.list,2001-08-29 01:42:41.110738,127761e9c642bb72a668b975
218621581.keywordblocks.com,AVAILABILITY,domains.list,domains.list,2001-08-29 01:42:41.264620,127761e9c642bb72a668b975
2189-5afd-43a0-6e7d.reporo.net,AVAILABILITY,domains.list,domains.list,2001-08-29 01:42:41.418682,127761e9c642bb72a668b975
219439102.keywordblocks.com,AVAILABILITY,domains.list,domains.list,2001-08-29 01:42:41.712925,127761e9c642bb72a668b975
21975121.adoric-om.com,AVAILABILITY,domains.list,domains.list,2001-08-29 01:42:41.862091,127761e9c642bb72a668b975
219877032.keywordblocks.com,AVAILABILITY,domains.list,domains.list,2001-08-29 01:42:42.010629,127761e9c642bb72a668b975
21b8-9583-8ed3-d116.reporo.net,AVAILABILITY,domains.list,domains.list,2001-08-29 01:42:42.163878,127761e9c642bb72a668b975
21ce-413b-2361-2396.reporo.net,AVAILABILITY,domains.list,domains.list,2001-08-29 01:42:42.316771,127761e9c642bb72a668b975
21ef-0961-8c8b-9d04.reporo.net,AVAILABILITY,domains.list,domains.list,2001-08-29 01:42:42.462627,127761e9c642bb72a668b975
22.news-subscribe.com,AVAILABILITY,domains.list,domains.list,2001-08-29 01:42:42.616888,127761e9c642bb72a668b975
220-edc-409.mktoresp.com,AVAILABILITY,domains.list,domains.list,2001-08-29 01:42:42.768377,127761e9c642bb72a668b975
22006.engine.mobileapptracking.com,AVAILABILITY,domains.list,domains.list,2001-08-29 01:42:42.923561,127761e9c642bb72a668b975
22012.engine.mobileapptracking.com,AVAILABILITY,domains.list,domains.list,2001-08-29 01:42:43.077633,127761e9c642bb72a668b975
2201481.fls.doubleclick.net,AVAILABILITY,domains.list,domains.list,2001-08-29 01:42:43.229004,127761e9c642bb72a668b975
221143581.keywordblocks.com,AVAILABILITY,domains.list,domains.list,2001-08-29 01:42:43.656289,127761e9c642bb72a668b975
22130.engine.mobileapptracking.com,AVAILABILITY,domains.list,domains.list,2001-08-29 01:42:43.806046,127761e9c642bb72a668b975
221737361.keywordblocks.com,AVAILABILITY,domains.list,domains.list,2001-08-29 01:42:44.090254,127761e9c642bb72a668b975
2218289.fls.doubleclick.net,AVAILABILITY,domains.list,domains.list,2001-08-29 01:42:44.244280,127761e9c642bb72a668b975
221864132.keywordblocks.com,AVAILABILITY,domains.list,domains.list,2001-08-29 01:42:44.394434,127761e9c642bb72a668b975
223-hwy-680.mktoresp.com,AVAILABILITY,domains.list,domains.list,2001-08-29 01:42:44.826578,127761e9c642bb72a668b975
223435562.keywordblocks.com,AVAILABILITY,domains.list,domains.list,2001-08-29 01:42:44.974525,127761e9c642bb72a668b975
223436430.keywordblocks.com,AVAILABILITY,domains.list,domains.list,2001-08-29 01:42:45.126271,127761e9c642bb72a668b975
223507.measurementapi.com,AVAILABILITY,domains.list,domains.list,2001-08-29 01:42:45.278415,127761e9c642bb72a668b975
224132762.keywordblocks.com,AVAILABILITY,domains.list,domains.list,2001-08-29 01:42:45.692231,127761e9c642bb72a668b975
224679561.keywordblocks.com,AVAILABILITY,domains.list,domains.list,2001-08-29 01:42:45.848770,127761e9c642bb72a668b975
225-byw-110.mktoresp.com,AVAILABILITY,domains.list,domains.list,2001-08-29 01:42:46.002489,127761e9c642bb72a668b975
225103.measurementapi.com,AVAILABILITY,domains.list,domains.list,2001-08-29 01:42:46.150505,127761e9c642bb72a668b975
225201762.keywordblocks.com,AVAILABILITY,domains.list,domains.list,2001-08-29 01:42:46.306607,127761e9c642bb72a668b975
2257.tm.zedo.com,AVAILABILITY,domains.list,domains.list,2001-08-29 01:42:46.457196,127761e9c642bb72a668b975
2266-1228-fcbc-df5a.reporo.net,AVAILABILITY,domains.list,domains.list,2001-08-29 01:42:46.758173,127761e9c642bb72a668b975
227-eiy-331.mktoresp.com,AVAILABILITY,domains.list,domains.list,2001-08-29 01:42:46.916171,127761e9c642bb72a668b975
227-yji-053.mktoresp.com,AVAILABILITY,domains.list,domains.list,2001-08-29 01:42:47.072535,127761e9c642bb72a668b975
22707760.adoric-om.com,AVAILABILITY,domains.list,domains.list,2001-08-29 01:42:47.365472,127761e9c642bb72a668b975
227320212.search.media.net,AVAILABILITY,domains.list,domains.list,2001-08-29 01:42:47.518250,127761e9c642bb72a668b975
227680590.keywordblocks.com,AVAILABILITY,domains.list,domains.list,2001-08-29 01:42:47.677271,127761e9c642bb72a668b975
228-lha-010.mktoresp.com,AVAILABILITY,domains.list,domains.list,2001-08-29 01:42:47.827386,127761e9c642bb72a668b975
228168211.keywordblocks.com,AVAILABILITY,domains.list,domains.list,2001-08-29 01:42:47.974188,127761e9c642bb72a668b975
229-ct.c3tag.com,AVAILABILITY,domains.list,domains.list,2001-08-29 01:42:48.124168,127761e9c642bb72a668b975
229-etb-130.mktoresp.com,AVAILABILITY,domains.list,domains.list,2001-08-29 01:42:48.274898,127761e9c642bb72a668b975
2292.tm.zedo.com,AVAILABILITY,domains.list,domains.list,2001-08-29 01:42:48.559255,127761e9c642bb72a668b975
229212770.keywordblocks.com,AVAILABILITY,domains.list,domains.list,2001-08-29 01:42:48.712271,127761e9c642bb72a668b975
229689.measurementapi.com,AVAILABILITY,domains.list,domains.list,2001-08-29 01:42:48.864295,127761e9c642bb72a668b975
22collector-pxss13u803.perimeterx.net,AVAILABILITY,domains.list,domains.list,2001-08-29 01:42:49.016433,127761e9c642bb72a668b975
22dd-78ad-c8f6-49d8.reporo.net,AVAILABILITY,domains.list,domains.list,2001-08-29 01:42:49.171391,127761e9c642bb72a668b975
22f6a935.akstat.io,AVAILABILITY,domains.list,domains.list,2001-08-29 01:42:49.324156,127761e9c642bb72a668b975
22f887c5.akstat.io,AVAILABILITY,domains.list,domains.list,2001-08-29 01:42:49.478453,127761e9c642bb72a668b975
22f9d241.akstat.io,AVAILABILITY,domains.list,domains.list,2001-08-29 01:42:49.763878,127761e9c642bb72a668b975
22fa047d.akstat.io,AVAILABILITY,domains.list,domains.list,2001-08-29 01:42:50.047770,127761e9c642bb72a668b975
22faeae5.akstat.io,AVAILABILITY,domains.list,domains.list,2001-08-29 01:42:50.334294,127761e9c642bb72a668b975
22fe7614.akstat.io,AVAILABILITY,domains.list,domains.list,2001-08-29 01:42:50.604530,127761e9c642bb72a668b975
22ff71a1.akstat.io,AVAILABILITY,domains.list,domains.list,2001-08-29 01:42:50.747830,127761e9c642bb72a668b975
22ffaa5b.akstat.io,AVAILABILITY,domains.list,domains.list,2001-08-29 01:42:50.891125,127761e9c642bb72a668b975
22ffabbe.akstat.io,AVAILABILITY,domains.list,domains.list,2001-08-29 01:42:51.033724,127761e9c642bb72a668b975
230-rag-970.mktoresp.com,AVAILABILITY,domains.list,domains.list,2001-08-29 01:42:51.314568,127761e9c642bb72a668b975
231-dad-511.mktoresp.com,AVAILABILITY,domains.list,domains.list,2001-08-29 01:42:51.608241,127761e9c642bb72a668b975
231-eat-840.mktoresp.com,AVAILABILITY,domains.list,domains.list,2001-08-29 01:42:51.761266,127761e9c642bb72a668b975
231-ugb-380.mktoresp.com,AVAILABILITY,domains.list,domains.list,2001-08-29 01:42:51.919730,127761e9c642bb72a668b975
2314522.fls.doubleclick.net,AVAILABILITY,domains.list,domains.list,2001-08-29 01:42:52.074843,127761e9c642bb72a668b975
231786172.keywordblocks.com,AVAILABILITY,domains.list,domains.list,2001-08-29 01:42:52.227690,127761e9c642bb72a668b975
231c-356f-e194-8857.reporo.net,AVAILABILITY,domains.list,domains.list,2001-08-29 01:42:52.519147,127761e9c642bb72a668b975
231e-774b-682f-7a9d.reporo.net,AVAILABILITY,domains.list,domains.list,2001-08-29 01:42:52.669815,127761e9c642bb72a668b975
233-baj-050.mktoresp.com,AVAILABILITY,domains.list,domains.list,2001-08-29 01:42:52.822325,127761e9c642bb72a668b975
233-kml-790.mktoresp.com,AVAILABILITY,domains.list,domains.list,2001-08-29 01:42:52.977775,127761e9c642bb72a668b975
234-xyr-560.mktoresp.com,AVAILABILITY,domains.list,domains.list,2001-08-29 01:42:53.541744,127761e9c642bb72a668b975
2342919.fls.doubleclick.net,AVAILABILITY,domains.list,domains.list,2001-08-29 01:42:53.698312,127761e9c642bb72a668b975
2343011.fls.doubleclick.net,AVAILABILITY,domains.list,domains.list,2001-08-29 01:42:53.851961,127761e9c642bb72a668b975
23464476.adoric-om.com,AVAILABILITY,domains.list,domains.list,2001-08-29 01:42:54.140728,127761e9c642bb72a668b975
234731162.keywordblocks.com,AVAILABILITY,domains.list,domains.list,2001-08-29 01:42:54.296564,127761e9c642bb72a668b975
235-cne-301.mktoresp.com,AVAILABILITY,domains.list,domains.list,2001-08-29 01:42:54.587218,127761e9c642bb72a668b975
235-vqu-231.mktoresp.com,AVAILABILITY,domains.list,domains.list,2001-08-29 01:42:54.742922,127761e9c642bb72a668b975
235427262.keywordblocks.com,AVAILABILITY,domains.list,domains.list,2001-08-29 01:42:54.900806,127761e9c642bb72a668b975
2356-cf68-5eaf-7bb0.reporo.net,AVAILABILITY,domains.list,domains.list,2001-08-29 01:42:55.053379,127761e9c642bb72a668b975
2356e.v.fwmrm.net,AVAILABILITY,domains.list,domains.list,2001-08-29 01:42:55.208177,127761e9c642bb72a668b975
23571.v.fwmrm.net,AVAILABILITY,domains.list,domains.list,2001-08-29 01:42:55.364035,127761e9c642bb72a668b975
23602.engine.mobileapptracking.com,AVAILABILITY,domains.list,domains.list,2001-08-29 01:42:55.515175,127761e9c642bb72a668b975
2365300.fls.doubleclick.net,AVAILABILITY,domains.list,domains.list,2001-08-29 01:42:55.798817,127761e9c642bb72a668b975
236707741.keywordblocks.com,AVAILABILITY,domains.list,domains.list,2001-08-29 01:42:55.950287,127761e9c642bb72a668b975
23799944.adoric-om.com,AVAILABILITY,domains.list,domains.list,2001-08-29 01:42:56.486923,127761e9c642bb72a668b975
23820173.adoric-om.com,AVAILABILITY,domains.list,domains.list,2001-08-29 01:42:56.781507,127761e9c642bb72a668b975
238303871.keywordblocks.com,AVAILABILITY,domains.list,domains.list,2001-08-29 01:42:56.938824,127761e9c642bb72a668b975
238883840.keywordblocks.com,AVAILABILITY,domains.list,domains.list,2001-08-29 01:42:57.378717,127761e9c642bb72a668b975
23904.measurementapi.com,AVAILABILITY,domains.list,domains.list,2001-08-29 01:42:57.678383,127761e9c642bb72a668b975
24006.tlnk.io,AVAILABILITY,domains.list,domains.list,2001-08-29 01:42:57.980318,127761e9c642bb72a668b975
2404210.fls.doubleclick.net,AVAILABILITY,domains.list,domains.list,2001-08-29 01:42:58.132219,127761e9c642bb72a668b975
2404a.s.fwmrm.net,AVAILABILITY,domains.list,domains.list,2001-08-29 01:42:58.282136,127761e9c642bb72a668b975
2404a.v.fwmrm.net,AVAILABILITY,domains.list,domains.list,2001-08-29 01:42:58.434453,127761e9c642bb72a668b975
240751470.keywordblocks.com,AVAILABILITY,domains.list,domains.list,2001-08-29 01:42:58.589226,127761e9c642bb72a668b975
241036622.keywordblocks.com,AVAILABILITY,domains.list,domains.list,2001-08-29 01:42:58.748808,127761e9c642bb72a668b975
241662072.keywordblocks.com,AVAILABILITY,domains.list,domains.list,2001-08-29 01:42:59.045310,127761e9c642bb72a668b975
242-wlg-247.mktoresp.com,AVAILABILITY,domains.list,domains.list,2001-08-29 01:42:59.205204,127761e9c642bb72a668b975
243-mrr-459.mktoresp.com,AVAILABILITY,domains.list,domains.list,2001-08-29 01:42:59.361786,127761e9c642bb72a668b975
243233530.keywordblocks.com,AVAILABILITY,domains.list,domains.list,2001-08-29 01:42:59.508924,127761e9c642bb72a668b975
244-kgo-250.mktoresp.com,AVAILABILITY,domains.list,domains.list,2001-08-29 01:42:59.657985,127761e9c642bb72a668b975
244612052.keywordblocks.com,AVAILABILITY,domains.list,domains.list,2001-08-29 01:42:59.813270,127761e9c642bb72a668b975
24494368.adoric-om.com,AVAILABILITY,domains.list,domains.list,2001-08-29 01:42:59.976518,127761e9c642bb72a668b975
2451-8bff-fbe7-26a5.reporo.net,AVAILABILITY,domains.list,domains.list,2001-08-29 01:43:00.141389,127761e9c642bb72a668b975
245b-014d-014e-6100.reporo.net,AVAILABILITY,domains.list,domains.list,2001-08-29 01:43:00.306254,127761e9c642bb72a668b975
246-gsv-300.mktoresp.com,AVAILABILITY,domains.list,domains.list,2001-08-29 01:43:00.470911,127761e9c642bb72a668b975
246-qks-770.mktoresp.com,AVAILABILITY,domains.list,domains.list,2001-08-29 01:43:00.619633,127761e9c642bb72a668b975
246-qxh-030.mktoresp.com,AVAILABILITY,domains.list,domains.list,2001-08-29 01:43:00.770809,127761e9c642bb72a668b975
246471322.keywordblocks.com,AVAILABILITY,domains.list,domains.list,2001-08-29 01:43:00.927622,127761e9c642bb72a668b975
24655442.adoric-om.com,AVAILABILITY,domains.list,domains.list,2001-08-29 01:43:01.079536,127761e9c642bb72a668b975
246605152.keywordblocks.com,AVAILABILITY,domains.list,domains.list,2001-08-29 01:43:01.231457,127761e9c642bb72a668b975
2467.tm.zedo.com,AVAILABILITY,domains.list,domains.list,2001-08-29 01:43:01.393226,127761e9c642bb72a668b975
247-pyd-578.mktoresp.com,AVAILABILITY,domains.list,domains.list,2001-08-29 01:43:01.548867,127761e9c642bb72a668b975
247121152.keywordblocks.com,AVAILABILITY,domains.list,domains.list,2001-08-29 01:43:01.699357,127761e9c642bb72a668b975
247149511.keywordblocks.com,AVAILABILITY,domains.list,domains.list,2001-08-29 01:43:01.850185,127761e9c642bb72a668b975
2478.tlnk.io,AVAILABILITY,domains.list,domains.list,2001-08-29 01:43:02.006047,127761e9c642bb72a668b975
247879871.keywordblocks.com,AVAILABILITY,domains.list,domains.list,2001-08-29 01:43:02.165472,127761e9c642bb72a668b975
247960552.keywordblocks.com,AVAILABILITY,domains.list,domains.list,2001-08-29 01:43:02.314586,127761e9c642bb72a668b975
248-cvm-931.mktoresp.com,AVAILABILITY,domains.list,domains.list,2001-08-29 01:43:02.469042,127761e9c642bb72a668b975
248-gzr-890.mktoresp.com,AVAILABILITY,domains.list,domains.list,2001-08-29 01:43:02.627551,127761e9c642bb72a668b975
248-qhf-280.mktoresp.com,AVAILABILITY,domains.list,domains.list,2001-08-29 01:43:02.779643,127761e9c642bb72a668b975
248841121.keywordblocks.com,AVAILABILITY,domains.list,domains.list,2001-08-29 01:43:02.932547,127761e9c642bb72a668b975
2499034.fls.doubleclick.net,AVAILABILITY,domains.list,domains.list,2001-08-29 01:43:03.226707,127761e9c642bb72a668b975
24hf.inq.com,AVAILABILITY,domains.list,domains.list,2001-08-29 01:43:03.377307,127761e9c642bb72a668b975
24hf.touchcommerce.com,AVAILABILITY,domains.list,domains.list,2001-08-29 01:43:03.523170,127761e9c642bb72a668b975
25.news-subscribe.com,AVAILABILITY,domains.list,domains.list,2001-08-29 01:43:03.667563,127761e9c642bb72a668b975
2506-ce6e-3191-738a.reporo.net,AVAILABILITY,domains.list,domains.list,2001-08-29 01:43:03.826462,127761e9c642bb72a668b975
2507573.fls.doubleclick.net,AVAILABILITY,domains.list,domains.list,2001-08-29 01:43:03.976731,127761e9c642bb72a668b975
251-bls-301.mktoresp.com,AVAILABILITY,domains.list,domains.list,2001-08-29 01:43:04.126740,127761e9c642bb72a668b975
2510700.fls.doubleclick.net,AVAILABILITY,domains.list,domains.list,2001-08-29 01:43:04.278958,127761e9c642bb72a668b975
251521332.keywordblocks.com,AVAILABILITY,domains.list,domains.list,2001-08-29 01:43:04.427625,127761e9c642bb72a668b975
2517d.s.fwmrm.net,AVAILABILITY,domains.list,domains.list,2001-08-29 01:43:04.575427,127761e9c642bb72a668b975
2517d.v.fwmrm.net,AVAILABILITY,domains.list,domains.list,2001-08-29 01:43:04.728715,127761e9c642bb72a668b975
251816177.keywordblocks.com,AVAILABILITY,domains.list,domains.list,2001-08-29 01:43:04.878654,127761e9c642bb72a668b975
2525252fpixel.everesttech.net,AVAILABILITY,domains.list,domains.list,2001-08-29 01:43:05.023251,127761e9c642bb72a668b975
25252flivecareer.7eer.net,AVAILABILITY,domains.list,domains.list,2001-08-29 01:43:05.175128,127761e9c642bb72a668b975
25288202.adoric-om.com,AVAILABILITY,domains.list,domains.list,2001-08-29 01:43:05.324631,127761e9c642bb72a668b975
252fpixel.everesttech.net,AVAILABILITY,domains.list,domains.list,2001-08-29 01:43:05.480673,127761e9c642bb72a668b975
253561.measurementapi.com,AVAILABILITY,domains.list,domains.list,2001-08-29 01:43:05.637141,127761e9c642bb72a668b975
25402960.adoric-om.com,AVAILABILITY,domains.list,domains.list,2001-08-29 01:43:05.781975,127761e9c642bb72a668b975
2542116.fls.doubleclick.net,AVAILABILITY,domains.list,domains.list,2001-08-29 01:43:05.923859,127761e9c642bb72a668b975
255-zhq-190.mktoresp.com,AVAILABILITY,domains.list,domains.list,2001-08-29 01:43:06.069409,127761e9c642bb72a668b975
25504559.adoric-om.com,AVAILABILITY,domains.list,domains.list,2001-08-29 01:43:06.220223,127761e9c642bb72a668b975
255618891.keywordblocks.com,AVAILABILITY,domains.list,domains.list,2001-08-29 01:43:06.372679,127761e9c642bb72a668b975
2557028.adoric-om.com,AVAILABILITY,domains.list,domains.list,2001-08-29 01:43:06.523919,127761e9c642bb72a668b975
2558160.fls.doubleclick.net,AVAILABILITY,domains.list,domains.list,2001-08-29 01:43:06.680483,127761e9c642bb72a668b975
256041.measurementapi.com,AVAILABILITY,domains.list,domains.list,2001-08-29 01:43:06.833146,127761e9c642bb72a668b975
256247931.keywordblocks.com,AVAILABILITY,domains.list,domains.list,2001-08-29 01:43:06.984443,127761e9c642bb72a668b975
2566600.fls.doubleclick.net,AVAILABILITY,domains.list,domains.list,2001-08-29 01:43:07.123669,127761e9c642bb72a668b975
2568-2015-5b86-6ddd.reporo.net,AVAILABILITY,domains.list,domains.list,2001-08-29 01:43:07.283329,127761e9c642bb72a668b975
257130821.keywordblocks.com,AVAILABILITY,domains.list,domains.list,2001-08-29 01:43:07.431214,127761e9c642bb72a668b975
2572656.fls.doubleclick.net,AVAILABILITY,domains.list,domains.list,2001-08-29 01:43:07.582449,127761e9c642bb72a668b975
257507462.keywordblocks.com,AVAILABILITY,domains.list,domains.list,2001-08-29 01:43:07.731016,127761e9c642bb72a668b975
2576376.fls.doubleclick.net,AVAILABILITY,domains.list,domains.list,2001-08-29 01:43:07.886391,127761e9c642bb72a668b975
258327852.keywordblocks.com,AVAILABILITY,domains.list,domains.list,2001-08-29 01:43:08.039105,127761e9c642bb72a668b975
258488310.keywordblocks.com,AVAILABILITY,domains.list,domains.list,2001-08-29 01:43:08.188737,127761e9c642bb72a668b975
258564140.keywordblocks.com,AVAILABILITY,domains.list,domains.list,2001-08-29 01:43:08.340725,127761e9c642bb72a668b975
2587181.fls.doubleclick.net,AVAILABILITY,domains.list,domains.list,2001-08-29 01:43:08.495449,127761e9c642bb72a668b975
258775290.keywordblocks.com,AVAILABILITY,domains.list,domains.list,2001-08-29 01:43:08.648309,127761e9c642bb72a668b975
259-kfo-365.mktoresp.com,AVAILABILITY,domains.list,domains.list,2001-08-29 01:43:08.805013,127761e9c642bb72a668b975
261-qyg-921.mktoresp.com,AVAILABILITY,domains.list,domains.list,2001-08-29 01:43:08.960848,127761e9c642bb72a668b975
26230025.adoric-om.com,AVAILABILITY,domains.list,domains.list,2001-08-29 01:43:09.119977,127761e9c642bb72a668b975
26248241.adoric-om.com,AVAILABILITY,domains.list,domains.list,2001-08-29 01:43:09.277275,127761e9c642bb72a668b975
2625291.fls.doubleclick.net,AVAILABILITY,domains.list,domains.list,2001-08-29 01:43:09.435030,127761e9c642bb72a668b975
262537781.keywordblocks.com,AVAILABILITY,domains.list,domains.list,2001-08-29 01:43:09.590213,127761e9c642bb72a668b975
262855726.log.optimizely.com,AVAILABILITY,domains.list,domains.list,2001-08-29 01:43:09.746641,127761e9c642bb72a668b975
262891241.keywordblocks.com,AVAILABILITY,domains.list,domains.list,2001-08-29 01:43:09.893573,127761e9c642bb72a668b975
2633.tm.zedo.com,AVAILABILITY,domains.list,domains.list,2001-08-29 01:43:10.041855,127761e9c642bb72a668b975
263517451.keywordblocks.com,AVAILABILITY,domains.list,domains.list,2001-08-29 01:43:10.196811,127761e9c642bb72a668b975
263718512.keywordblocks.com,AVAILABILITY,domains.list,domains.list,2001-08-29 01:43:10.358899,127761e9c642bb72a668b975
265-lgw-801.mktoresp.com,AVAILABILITY,domains.list,domains.list,2001-08-29 01:43:10.519086,127761e9c642bb72a668b975
266156632.keywordblocks.com,AVAILABILITY,domains.list,domains.list,2001-08-29 01:43:10.677241,127761e9c642bb72a668b975
266735102.keywordblocks.com,AVAILABILITY,domains.list,domains.list,2001-08-29 01:43:10.835675,127761e9c642bb72a668b975
267-ksl-000.mktoresp.com,AVAILABILITY,domains.list,domains.list,2001-08-29 01:43:10.995429,127761e9c642bb72a668b975
267-mbo-390.mktoresp.com,AVAILABILITY,domains.list,domains.list,2001-08-29 01:43:11.153882,127761e9c642bb72a668b975
26743531.adoric-om.com,AVAILABILITY,domains.list,domains.list,2001-08-29 01:43:11.312297,127761e9c642bb72a668b975
2677521.fls.doubleclick.net,AVAILABILITY,domains.list,domains.list,2001-08-29 01:43:11.468904,127761e9c642bb72a668b975
268-gvp-131.mktoresp.com,AVAILABILITY,domains.list,domains.list,2001-08-29 01:43:11.628406,127761e9c642bb72a668b975
268-vtq-569.mktoresp.com,AVAILABILITY,domains.list,domains.list,2001-08-29 01:43:11.786451,127761e9c642bb72a668b975
2685.xml.auxml.com,AVAILABILITY,domains.list,domains.list,2001-08-29 01:43:11.943907,127761e9c642bb72a668b975
269-xbk-140.mktoresp.com,AVAILABILITY,domains.list,domains.list,2001-08-29 01:43:12.101975,127761e9c642bb72a668b975
26973572.adoric-om.com,AVAILABILITY,domains.list,domains.list,2001-08-29 01:43:12.263563,127761e9c642bb72a668b975
26a5-063c-df2a-d3b5.reporo.net,AVAILABILITY,domains.list,domains.list,2001-08-29 01:43:12.425837,127761e9c642bb72a668b975
26c7-d46a-6a68-cc30.reporo.net,AVAILABILITY,domains.list,domains.list,2001-08-29 01:43:12.587714,127761e9c642bb72a668b975
26e4-ccc9-6ec9-b8f8.reporo.net,AVAILABILITY,domains.list,domains.list,2001-08-29 01:43:12.746115,127761e9c642bb72a668b975
270580142.keywordblocks.com,AVAILABILITY,domains.list,domains.list,2001-08-29 01:43:12.900890,127761e9c642bb72a668b975
2709.xml.auxml.com,AVAILABILITY,domains.list,domains.list,2001-08-29 01:43:13.054423,127761e9c642bb72a668b975
271657490.keywordblocks.com,AVAILABILITY,domains.list,domains.list,2001-08-29 01:43:13.213807,127761e9c642bb72a668b975
271676742.keywordblocks.com,AVAILABILITY,domains.list,domains.list,2001-08-29 01:43:13.372745,127761e9c642bb72a668b975
272732651.keywordblocks.com,AVAILABILITY,domains.list,domains.list,2001-08-29 01:43:13.525608,127761e9c642bb72a668b975
273-eql-130.mktoresp.com,AVAILABILITY,domains.list,domains.list,2001-08-29 01:43:13.678329,127761e9c642bb72a668b975
2734237.fls.doubleclick.net,AVAILABILITY,domains.list,domains.list,2001-08-29 01:43:13.835846,127761e9c642bb72a668b975
273459912.keywordblocks.com,AVAILABILITY,domains.list,domains.list,2001-08-29 01:43:13.993344,127761e9c642bb72a668b975
27376.measurementapi.com,AVAILABILITY,domains.list,domains.list,2001-08-29 01:43:14.146299,127761e9c642bb72a668b975
273895282.keywordblocks.com,AVAILABILITY,domains.list,domains.list,2001-08-29 01:43:14.302594,127761e9c642bb72a668b975
274-bwb-611.mktoresp.com,AVAILABILITY,domains.list,domains.list,2001-08-29 01:43:14.452817,127761e9c642bb72a668b975
274517160.keywordblocks.com,AVAILABILITY,domains.list,domains.list,2001-08-29 01:43:14.610976,127761e9c642bb72a668b975
275-koe-800.mktoresp.com,AVAILABILITY,domains.list,domains.list,2001-08-29 01:43:14.767090,127761e9c642bb72a668b975
2754428.adoric-om.com,AVAILABILITY,domains.list,domains.list,2001-08-29 01:43:14.926813,127761e9c642bb72a668b975
27558548.adoric-om.com,AVAILABILITY,domains.list,domains.list,2001-08-29 01:43:15.086055,127761e9c642bb72a668b975
2761768.fls.doubleclick.net,AVAILABILITY,domains.list,domains.list,2001-08-29 01:43:15.246049,127761e9c642bb72a668b975
277-bnu-400.mktoresp.com,AVAILABILITY,domains.list,domains.list,2001-08-29 01:43:15.534081,127761e9c642bb72a668b975
277743182.keywordblocks.com,AVAILABILITY,domains.list,domains.list,2001-08-29 01:43:15.696107,127761e9c642bb72a668b975
278-dul-470.mktoresp.com,AVAILABILITY,domains.list,domains.list,2001-08-29 01:43:15.862798,127761e9c642bb72a668b975
27823402.adoric-om.com,AVAILABILITY,domains.list,domains.list,2001-08-29 01:43:16.026085,127761e9c642bb72a668b975
2792900.fls.doubleclick.net,AVAILABILITY,domains.list,domains.list,2001-08-29 01:43:16.188949,127761e9c642bb72a668b975
2797500.fls.doubleclick.net,AVAILABILITY,domains.list,domains.list,2001-08-29 01:43:16.346455,127761e9c642bb72a668b975
280252631.keywordblocks.com,AVAILABILITY,domains.list,domains.list,2001-08-29 01:43:16.500399,127761e9c642bb72a668b975
2809678.fls.doubleclick.net,AVAILABILITY,domains.list,domains.list,2001-08-29 01:43:16.657490,127761e9c642bb72a668b975
281-czn-850.mktoresp.com,AVAILABILITY,domains.list,domains.list,2001-08-29 01:43:16.812893,127761e9c642bb72a668b975
281-mox-101.mktoresp.com,AVAILABILITY,domains.list,domains.list,2001-08-29 01:43:16.971333,127761e9c642bb72a668b975
2818800.fls.doubleclick.net,AVAILABILITY,domains.list,domains.list,2001-08-29 01:43:17.123889,127761e9c642bb72a668b975
2819.v.fwmrm.net,AVAILABILITY,domains.list,domains.list,2001-08-29 01:43:17.277267,127761e9c642bb72a668b975
2819c.v.fwmrm.net,AVAILABILITY,domains.list,domains.list,2001-08-29 01:43:17.424955,127761e9c642bb72a668b975
2822.v.fwmrm.net,AVAILABILITY,domains.list,domains.list,2001-08-29 01:43:17.576204,127761e9c642bb72a668b975
2838.tm.zedo.com,AVAILABILITY,domains.list,domains.list,2001-08-29 01:43:17.728051,127761e9c642bb72a668b975
2840522.fls.doubleclick.net,AVAILABILITY,domains.list,domains.list,2001-08-29 01:43:17.875471,127761e9c642bb72a668b975
2840523.fls.doubleclick.net,AVAILABILITY,domains.list,domains.list,2001-08-29 01:43:18.024273,127761e9c642bb72a668b975
284419414.log.optimizely.com,AVAILABILITY,domains.list,domains.list,2001-08-29 01:43:18.159254,127761e9c642bb72a668b975
28442954.adoric-om.com,AVAILABILITY,domains.list,domains.list,2001-08-29 01:43:18.307290,127761e9c642bb72a668b975
2844590.fls.doubleclick.net,AVAILABILITY,domains.list,domains.list,2001-08-29 01:43:18.457232,127761e9c642bb72a668b975
2845210.fls.doubleclick.net,AVAILABILITY,domains.list,domains.list,2001-08-29 01:43:18.601806,127761e9c642bb72a668b975
284543.measurementapi.com,AVAILABILITY,domains.list,domains.list,2001-08-29 01:43:18.750424,127761e9c642bb72a668b975
28472803.adoric-om.com,AVAILABILITY,domains.list,domains.list,2001-08-29 01:43:18.900655,127761e9c642bb72a668b975
285476680.keywordblocks.com,AVAILABILITY,domains.list,domains.list,2001-08-29 01:43:19.051544,127761e9c642bb72a668b975
2856100.fls.doubleclick.net,AVAILABILITY,domains.list,domains.list,2001-08-29 01:43:19.203264,127761e9c642bb72a668b975
285669.measurementapi.com,AVAILABILITY,domains.list,domains.list,2001-08-29 01:43:19.353900,127761e9c642bb72a668b975
285709.measurementapi.com,AVAILABILITY,domains.list,domains.list,2001-08-29 01:43:19.504315,127761e9c642bb72a668b975
285733.measurementapi.com,AVAILABILITY,domains.list,domains.list,2001-08-29 01:43:19.650880,127761e9c642bb72a668b975
285751.measurementapi.com,AVAILABILITY,domains.list,domains.list,2001-08-29 01:43:19.800786,127761e9c642bb72a668b975
286e-f5c4-37a4-73b5.reporo.net,AVAILABILITY,domains.list,domains.list,2001-08-29 01:43:20.093324,127761e9c642bb72a668b975
287-hcv-100.mktoresp.com,AVAILABILITY,domains.list,domains.list,2001-08-29 01:43:20.251082,127761e9c642bb72a668b975
2871.tm.zedo.com,AVAILABILITY,domains.list,domains.list,2001-08-29 01:43:20.411196,127761e9c642bb72a668b975
287315181.keywordblocks.com,AVAILABILITY,domains.list,domains.list,2001-08-29 01:43:20.570439,127761e9c642bb72a668b975
287746162.keywordblocks.com,AVAILABILITY,domains.list,domains.list,2001-08-29 01:43:20.730982,127761e9c642bb72a668b975
288-azs-731.mktoresp.com,AVAILABILITY,domains.list,domains.list,2001-08-29 01:43:20.888327,127761e9c642bb72a668b975
288-lni-640.mktoresp.com,AVAILABILITY,domains.list,domains.list,2001-08-29 01:43:21.051580,127761e9c642bb72a668b975
288445130.keywordblocks.com,AVAILABILITY,domains.list,domains.list,2001-08-29 01:43:21.211644,127761e9c642bb72a668b975
288454170.keywordblocks.com,AVAILABILITY,domains.list,domains.list,2001-08-29 01:43:21.368227,127761e9c642bb72a668b975
2886.tm.zedo.com,AVAILABILITY,domains.list,domains.list,2001-08-29 01:43:21.516215,127761e9c642bb72a668b975
2893248.fls.doubleclick.net,AVAILABILITY,domains.list,domains.list,2001-08-29 01:43:21.669511,127761e9c642bb72a668b975
2899800.fls.doubleclick.net,AVAILABILITY,domains.list,domains.list,2001-08-29 01:43:21.824894,127761e9c642bb72a668b975
29.the31news.com,AVAILABILITY,domains.list,domains.list,2001-08-29 01:43:22.117348,127761e9c642bb72a668b975
290-mkp-321.mktoresp.com,AVAILABILITY,domains.list,domains.list,2001-08-29 01:43:22.273818,127761e9c642bb72a668b975
2906542.fls.doubleclick.net,AVAILABILITY,domains.list,domains.list,2001-08-29 01:43:22.551644,127761e9c642bb72a668b975
291-hxy-630.mktoresp.com,AVAILABILITY,domains.list,domains.list,2001-08-29 01:43:22.701758,127761e9c642bb72a668b975
29203257.adoric-om.com,AVAILABILITY,domains.list,domains.list,2001-08-29 01:43:23.886768,127761e9c642bb72a668b975
2921867.fls.doubleclick.net,AVAILABILITY,domains.list,domains.list,2001-08-29 01:43:24.032058,127761e9c642bb72a668b975
293-rdj-600.mktoresp.com,AVAILABILITY,domains.list,domains.list,2001-08-29 01:43:24.183387,127761e9c642bb72a668b975
293350844.keywordblocks.com,AVAILABILITY,domains.list,domains.list,2001-08-29 01:43:24.332515,127761e9c642bb72a668b975
293731.measurementapi.com,AVAILABILITY,domains.list,domains.list,2001-08-29 01:43:24.482522,127761e9c642bb72a668b975
29388505.adoric-om.com,AVAILABILITY,domains.list,domains.list,2001-08-29 01:43:24.625940,127761e9c642bb72a668b975
294.tm.zedo.com,AVAILABILITY,domains.list,domains.list,2001-08-29 01:43:24.776982,127761e9c642bb72a668b975
2941448.fls.doubleclick.net,AVAILABILITY,domains.list,domains.list,2001-08-29 01:43:24.931528,127761e9c642bb72a668b975
2942300.fls.doubleclick.net,AVAILABILITY,domains.list,domains.list,2001-08-29 01:43:25.073012,127761e9c642bb72a668b975
2943861.fls.doubleclick.net,AVAILABILITY,domains.list,domains.list,2001-08-29 01:43:25.226244,127761e9c642bb72a668b975
2945.v.fwmrm.net,AVAILABILITY,domains.list,domains.list,2001-08-29 01:43:25.382607,127761e9c642bb72a668b975
294545.measurementapi.com,AVAILABILITY,domains.list,domains.list,2001-08-29 01:43:25.533232,127761e9c642bb72a668b975
29464173.adoric-om.com,AVAILABILITY,domains.list,domains.list,2001-08-29 01:43:25.678097,127761e9c642bb72a668b975
295521.measurementapi.com,AVAILABILITY,domains.list,domains.list,2001-08-29 01:43:25.961912,127761e9c642bb72a668b975
2958734.fls.doubleclick.net,AVAILABILITY,domains.list,domains.list,2001-08-29 01:43:26.117902,127761e9c642bb72a668b975
2962700.fls.doubleclick.net,AVAILABILITY,domains.list,domains.list,2001-08-29 01:43:26.389679,127761e9c642bb72a668b975
2964.engine.mobileapptracking.com,AVAILABILITY,domains.list,domains.list,2001-08-29 01:43:26.540207,127761e9c642bb72a668b975
2965-65a4-34c1-433b.reporo.net,AVAILABILITY,domains.list,domains.list,2001-08-29 01:43:26.697448,127761e9c642bb72a668b975
29686600.adoric-om.com,AVAILABILITY,domains.list,domains.list,2001-08-29 01:43:26.978357,127761e9c642bb72a668b975
297-giw-331.mktoresp.com,AVAILABILITY,domains.list,domains.list,2001-08-29 01:43:27.130742,127761e9c642bb72a668b975
2971210.fls.doubleclick.net,AVAILABILITY,domains.list,domains.list,2001-08-29 01:43:27.281765,127761e9c642bb72a668b975
2975.v.fwmrm.net,AVAILABILITY,domains.list,domains.list,2001-08-29 01:43:27.430240,127761e9c642bb72a668b975
2975c.v.fwmrm.net,AVAILABILITY,domains.list,domains.list,2001-08-29 01:43:27.577431,127761e9c642bb72a668b975
29773.s.fwmrm.net,AVAILABILITY,domains.list,domains.list,2001-08-29 01:43:27.725537,127761e9c642bb72a668b975
29773.v.fwmrm.net,AVAILABILITY,domains.list,domains.list,2001-08-29 01:43:27.877338,127761e9c642bb72a668b975
2988.tm.zedo.com,AVAILABILITY,domains.list,domains.list,2001-08-29 01:43:28.027849,127761e9c642bb72a668b975
29892206.adoric-om.com,AVAILABILITY,domains.list,domains.list,2001-08-29 01:43:28.177283,127761e9c642bb72a668b975
299-kii-331.mktoresp.com,AVAILABILITY,domains.list,domains.list,2001-08-29 01:43:28.323998,127761e9c642bb72a668b975
2996600.fls.doubleclick.net,AVAILABILITY,domains.list,domains.list,2001-08-29 01:43:28.472833,127761e9c642bb72a668b975
2996771.fls.doubleclick.net,AVAILABILITY,domains.list,domains.list,2001-08-29 01:43:28.621715,127761e9c642bb72a668b975
2997500.fls.doubleclick.net,AVAILABILITY,domains.list,domains.list,2001-08-29 01:43:28.768490,127761e9c642bb72a668b975
29ccc.v.fwmrm.net,AVAILABILITY,domains.list,domains.list,2001-08-29 01:43:28.920255,127761e9c642bb72a668b975
29ccd.v.fwmrm.net,AVAILABILITY,domains.list,domains.list,2001-08-29 01:43:29.072645,127761e9c642bb72a668b975
29cd8.v.fwmrm.net,AVAILABILITY,domains.list,domains.list,2001-08-29 01:43:29.223757,127761e9c642bb72a668b975
29xyt.adx1.com,AVAILABILITY,domains.list,domains.list,2001-08-29 01:43:29.378847,127761e9c642bb72a668b975
2a7e7.v.fwmrm.net,AVAILABILITY,domains.list,domains.list,2001-08-29 01:43:29.537491,127761e9c642bb72a668b975
2a7e9.v.fwmrm.net,AVAILABILITY,domains.list,domains.list,2001-08-29 01:43:29.687763,127761e9c642bb72a668b975
2a9e-438a-929b-8d4a.reporo.net,AVAILABILITY,domains.list,domains.list,2001-08-29 01:43:29.953012,127761e9c642bb72a668b975
2ab7f.v.fwmrm.net,AVAILABILITY,domains.list,domains.list,2001-08-29 01:43:30.098441,127761e9c642bb72a668b975
2ada-f309-68bb-3247.reporo.net,AVAILABILITY,domains.list,domains.list,2001-08-29 01:43:30.249508,127761e9c642bb72a668b975
2avp.adx1.com,AVAILABILITY,domains.list,domains.list,2001-08-29 01:43:30.399036,127761e9c642bb72a668b975
2b4f-0aa5-3aec-a9bf.reporo.net,AVAILABILITY,domains.list,domains.list,2001-08-29 01:43:30.545207,127761e9c642bb72a668b975
2b5c-5f77-993d-ba3f.reporo.net,AVAILABILITY,domains.list,domains.list,2001-08-29 01:43:30.686756,127761e9c642bb72a668b975
2bc5-dbbc-6f8e-2103.reporo.net,AVAILABILITY,domains.list,domains.list,2001-08-29 01:43:30.837286,127761e9c642bb72a668b975
2c60-1723-23d3-2b28.reporo.net,AVAILABILITY,domains.list,domains.list,2001-08-29 01:43:30.990418,127761e9c642bb72a668b975
2d.impactradius-event.com,AVAILABILITY,domains.list,domains.list,2001-08-29 01:43:31.395237,127761e9c642bb72a668b975
2d62-3ca5-b076-4b41.reporo.net,AVAILABILITY,domains.list,domains.list,2001-08-29 01:43:31.678959,127761e9c642bb72a668b975
2datafish.d1.sc.omtrdc.net,AVAILABILITY,domains.list,domains.list,2001-08-29 01:43:31.836265,127761e9c642bb72a668b975
2ddb3.v.fwmrm.net,AVAILABILITY,domains.list,domains.list,2001-08-29 01:43:31.987451,127761e9c642bb72a668b975
2df7e.v.fwmrm.net,AVAILABILITY,domains.list,domains.list,2001-08-29 01:43:32.256234,127761e9c642bb72a668b975
2e33b7c9.akstat.io,AVAILABILITY,domains.list,domains.list,2001-08-29 01:43:32.663497,127761e9c642bb72a668b975
2e33b7ca.akstat.io,AVAILABILITY,domains.list,domains.list,2001-08-29 01:43:32.944007,127761e9c642bb72a668b975
2e33b7cf.akstat.io,AVAILABILITY,domains.list,domains.list,2001-08-29 01:43:33.221551,127761e9c642bb72a668b975
2e33b7d3.akstat.io,AVAILABILITY,domains.list,domains.list,2001-08-29 01:43:33.503077,127761e9c642bb72a668b975
2e6f7.v.fwmrm.net,AVAILABILITY,domains.list,domains.list,2001-08-29 01:43:33.779354,127761e9c642bb72a668b975
2e6f8.v.fwmrm.net,AVAILABILITY,domains.list,domains.list,2001-08-29 01:43:33.939715,127761e9c642bb72a668b975
2ecd4.v.fwmrm.net,AVAILABILITY,domains.list,domains.list,2001-08-29 01:43:34.212733,127761e9c642bb72a668b975
2ecd5.v.fwmrm.net,AVAILABILITY,domains.list,domains.list,2001-08-29 01:43:34.365589,127761e9c642bb72a668b975
2f0211c812.akstat.io,AVAILABILITY,domains.list,domains.list,2001-08-29 01:43:34.521712,127761e9c642bb72a668b975
2f0211c813.akstat.io,AVAILABILITY,domains.list,domains.list,2001-08-29 01:43:34.674568,127761e9c642bb72a668b975
2f0211c814.akstat.io,AVAILABILITY,domains.list,domains.list,2001-08-29 01:43:34.825964,127761e9c642bb72a668b975
2f0211c816.akstat.io,AVAILABILITY,domains.list,domains.list,2001-08-29 01:43:34.970781,127761e9c642bb72a668b975
2f0211c83c.akstat.io,AVAILABILITY,domains.list,domains.list,2001-08-29 01:43:35.123893,127761e9c642bb72a668b975
2f0211c83e.akstat.io,AVAILABILITY,domains.list,domains.list,2001-08-29 01:43:35.279750,127761e9c642bb72a668b975
2f0211c83f.akstat.io,AVAILABILITY,domains.list,domains.list,2001-08-29 01:43:35.431604,127761e9c642bb72a668b975
2f0211c844.akstat.io,AVAILABILITY,domains.list,domains.list,2001-08-29 01:43:35.581008,127761e9c642bb72a668b975
2f0211c84d.akstat.io,AVAILABILITY,domains.list,domains.list,2001-08-29 01:43:35.733251,127761e9c642bb72a668b975
2f1288af19.akstat.io,AVAILABILITY,domains.list,domains.list,2001-08-29 01:43:35.888469,127761e9c642bb72a668b975
2f173c5b04.akstat.io,AVAILABILITY,domains.list,domains.list,2001-08-29 01:43:36.047265,127761e9c642bb72a668b975
2f173c5b05.akstat.io,AVAILABILITY,domains.list,domains.list,2001-08-29 01:43:36.202697,127761e9c642bb72a668b975
2f173c5b08.akstat.io,AVAILABILITY,domains.list,domains.list,2001-08-29 01:43:36.364418,127761e9c642bb72a668b975
2f173c5b09.akstat.io,AVAILABILITY,domains.list,domains.list,2001-08-29 01:43:36.525738,127761e9c642bb72a668b975
2f173c5b0a.akstat.io,AVAILABILITY,domains.list,domains.list,2001-08-29 01:43:36.682408,127761e9c642bb72a668b975
2f173c5b0b.akstat.io,AVAILABILITY,domains.list,domains.list,2001-08-29 01:43:36.840499,127761e9c642bb72a668b975
2f173c5b0d.akstat.io,AVAILABILITY,domains.list,domains.list,2001-08-29 01:43:36.993568,127761e9c642bb72a668b975
2f173c5b0e.akstat.io,AVAILABILITY,domains.list,domains.list,2001-08-29 01:43:37.141006,127761e9c642bb72a668b975
2f173e2513.akstat.io,AVAILABILITY,domains.list,domains.list,2001-08-29 01:43:37.296647,127761e9c642bb72a668b975
2f173e2514.akstat.io,AVAILABILITY,domains.list,domains.list,2001-08-29 01:43:37.455226,127761e9c642bb72a668b975
2f173e2515.akstat.io,AVAILABILITY,domains.list,domains.list,2001-08-29 01:43:37.617118,127761e9c642bb72a668b975
2f17d98a59.akstat.io,AVAILABILITY,domains.list,domains.list,2001-08-29 01:43:37.775586,127761e9c642bb72a668b975
2f17d98a5a.akstat.io,AVAILABILITY,domains.list,domains.list,2001-08-29 01:43:37.932710,127761e9c642bb72a668b975
2f17d98a5b.akstat.io,AVAILABILITY,domains.list,domains.list,2001-08-29 01:43:38.090713,127761e9c642bb72a668b975
2f17d98a5d.akstat.io,AVAILABILITY,domains.list,domains.list,2001-08-29 01:43:38.249588,127761e9c642bb72a668b975
2f17d98a5e.akstat.io,AVAILABILITY,domains.list,domains.list,2001-08-29 01:43:38.401658,127761e9c642bb72a668b975
2f17d98a5f.akstat.io,AVAILABILITY,domains.list,domains.list,2001-08-29 01:43:38.552609,127761e9c642bb72a668b975
2f22f6a935.akstat.io,AVAILABILITY,domains.list,domains.list,2001-08-29 01:43:38.704106,127761e9c642bb72a668b975
2f22fe7614.akstat.io,AVAILABILITY,domains.list,domains.list,2001-08-29 01:43:38.862673,127761e9c642bb72a668b975
2f22ff71a1.akstat.io,AVAILABILITY,domains.list,domains.list,2001-08-29 01:43:39.016893,127761e9c642bb72a668b975
2f22ffaa5b.akstat.io,AVAILABILITY,domains.list,domains.list,2001-08-29 01:43:39.164815,127761e9c642bb72a668b975
2f2e33b7c9.akstat.io,AVAILABILITY,domains.list,domains.list,2001-08-29 01:43:39.315859,127761e9c642bb72a668b975
2f3211c0e1.akstat.io,AVAILABILITY,domains.list,domains.list,2001-08-29 01:43:39.470407,127761e9c642bb72a668b975
2f364bf52c.akstat.io,AVAILABILITY,domains.list,domains.list,2001-08-29 01:43:39.613545,127761e9c642bb72a668b975
2f364bf6be.akstat.io,AVAILABILITY,domains.list,domains.list,2001-08-29 01:43:39.758212,127761e9c642bb72a668b975
2f364bf6cc.akstat.io,AVAILABILITY,domains.list,domains.list,2001-08-29 01:43:39.904730,127761e9c642bb72a668b975
2f36a3fe4a.akstat.io,AVAILABILITY,domains.list,domains.list,2001-08-29 01:43:40.046570,127761e9c642bb72a668b975
2f36a3fec2.akstat.io,AVAILABILITY,domains.list,domains.list,2001-08-29 01:43:40.195337,127761e9c642bb72a668b975
2f36c3feec.akstat.io,AVAILABILITY,domains.list,domains.list,2001-08-29 01:43:40.351822,127761e9c642bb72a668b975
2f36c3fef2.akstat.io,AVAILABILITY,domains.list,domains.list,2001-08-29 01:43:40.509819,127761e9c642bb72a668b975
2f36cc206a.akstat.io,AVAILABILITY,domains.list,domains.list,2001-08-29 01:43:40.658369,127761e9c642bb72a668b975
2f36cc246a.akstat.io,AVAILABILITY,domains.list,domains.list,2001-08-29 01:43:40.805511,127761e9c642bb72a668b975
2f36cc2473.akstat.io,AVAILABILITY,domains.list,domains.list,2001-08-29 01:43:40.958982,127761e9c642bb72a668b975
2f36cc248a.akstat.io,AVAILABILITY,domains.list,domains.list,2001-08-29 01:43:41.098482,127761e9c642bb72a668b975
2f36cc248b.akstat.io,AVAILABILITY,domains.list,domains.list,2001-08-29 01:43:41.245209,127761e9c642bb72a668b975
2f36d71176.akstat.io,AVAILABILITY,domains.list,domains.list,2001-08-29 01:43:41.400561,127761e9c642bb72a668b975
2f36e4f0de.akstat.io,AVAILABILITY,domains.list,domains.list,2001-08-29 01:43:41.562096,127761e9c642bb72a668b975
2f36e4f0e6.akstat.io,AVAILABILITY,domains.list,domains.list,2001-08-29 01:43:41.720814,127761e9c642bb72a668b975
2f36e4f0e7.akstat.io,AVAILABILITY,domains.list,domains.list,2001-08-29 01:43:41.876070,127761e9c642bb72a668b975
2f36e4f0e9.akstat.io,AVAILABILITY,domains.list,domains.list,2001-08-29 01:43:42.027718,127761e9c642bb72a668b975
2f36e4f0eb.akstat.io,AVAILABILITY,domains.list,domains.list,2001-08-29 01:43:42.179279,127761e9c642bb72a668b975
2f36eb5491.akstat.io,AVAILABILITY,domains.list,domains.list,2001-08-29 01:43:42.339121,127761e9c642bb72a668b975
2f36eb5590.akstat.io,AVAILABILITY,domains.list,domains.list,2001-08-29 01:43:42.495193,127761e9c642bb72a668b975
2f36eb5594.akstat.io,AVAILABILITY,domains.list,domains.list,2001-08-29 01:43:42.645170,127761e9c642bb72a668b975
2f36ebc1fb.akstat.io,AVAILABILITY,domains.list,domains.list,2001-08-29 01:43:42.795568,127761e9c642bb72a668b975
2f36ebc202.akstat.io,AVAILABILITY,domains.list,domains.list,2001-08-29 01:43:42.946980,127761e9c642bb72a668b975
2f36ebc233.akstat.io,AVAILABILITY,domains.list,domains.list,2001-08-29 01:43:43.096829,127761e9c642bb72a668b975
2f36ebc234.akstat.io,AVAILABILITY,domains.list,domains.list,2001-08-29 01:43:43.252757,127761e9c642bb72a668b975
2f36ebc23e.akstat.io,AVAILABILITY,domains.list,domains.list,2001-08-29 01:43:43.398069,127761e9c642bb72a668b975
2f36f1f340.akstat.io,AVAILABILITY,domains.list,domains.list,2001-08-29 01:43:43.547062,127761e9c642bb72a668b975
2f36f1f344.akstat.io,AVAILABILITY,domains.list,domains.list,2001-08-29 01:43:43.695794,127761e9c642bb72a668b975
2f36fb619d.akstat.io,AVAILABILITY,domains.list,domains.list,2001-08-29 01:43:43.844638,127761e9c642bb72a668b975
2f36fb61b0.akstat.io,AVAILABILITY,domains.list,domains.list,2001-08-29 01:43:44.000310,127761e9c642bb72a668b975
2f36fb78d7.akstat.io,AVAILABILITY,domains.list,domains.list,2001-08-29 01:43:44.151340,127761e9c642bb72a668b975
2f36fb78dc.akstat.io,AVAILABILITY,domains.list,domains.list,2001-08-29 01:43:44.306082,127761e9c642bb72a668b975
2f3ba.v.fwmrm.net,AVAILABILITY,domains.list,domains.list,2001-08-29 01:43:44.458268,127761e9c642bb72a668b975
2f5f651e63.akstat.io,AVAILABILITY,domains.list,domains.list,2001-08-29 01:43:44.617252,127761e9c642bb72a668b975
2f5f651e64.akstat.io,AVAILABILITY,domains.list,domains.list,2001-08-29 01:43:44.778880,127761e9c642bb72a668b975
2f5f651e6e.akstat.io,AVAILABILITY,domains.list,domains.list,2001-08-29 01:43:44.927713,127761e9c642bb72a668b975
2f5f651e71.akstat.io,AVAILABILITY,domains.list,domains.list,2001-08-29 01:43:45.080555,127761e9c642bb72a668b975
2f5f651e72.akstat.io,AVAILABILITY,domains.list,domains.list,2001-08-29 01:43:45.237743,127761e9c642bb72a668b975
2f60062f06.akstat.io,AVAILABILITY,domains.list,domains.list,2001-08-29 01:43:45.380272,127761e9c642bb72a668b975
2f60062f08.akstat.io,AVAILABILITY,domains.list,domains.list,2001-08-29 01:43:45.530211,127761e9c642bb72a668b975
2f60062f09.akstat.io,AVAILABILITY,domains.list,domains.list,2001-08-29 01:43:45.684270,127761e9c642bb72a668b975
2f60062f0a.akstat.io,AVAILABILITY,domains.list,domains.list,2001-08-29 01:43:45.839424,127761e9c642bb72a668b975
2f60062f0b.akstat.io,AVAILABILITY,domains.list,domains.list,2001-08-29 01:43:45.999711,127761e9c642bb72a668b975
2f60062f0c.akstat.io,AVAILABILITY,domains.list,domains.list,2001-08-29 01:43:46.156582,127761e9c642bb72a668b975
2f686eb719.akstat.io,AVAILABILITY,domains.list,domains.list,2001-08-29 01:43:46.308537,127761e9c642bb72a668b975
2f6b148a22.akstat.io,AVAILABILITY,domains.list,domains.list,2001-08-29 01:43:46.458673,127761e9c642bb72a668b975
2f6b148a64.akstat.io,AVAILABILITY,domains.list,domains.list,2001-08-29 01:43:46.613650,127761e9c642bb72a668b975
2f6b148a80.akstat.io,AVAILABILITY,domains.list,domains.list,2001-08-29 01:43:46.774842,127761e9c642bb72a668b975
2fae810539.akstat.io,AVAILABILITY,domains.list,domains.list,2001-08-29 01:43:46.933149,127761e9c642bb72a668b975
2fbitdefender.evyy.net,AVAILABILITY,domains.list,domains.list,2001-08-29 01:43:47.092426,127761e9c642bb72a668b975
2fblog.crazyegg.com,AVAILABILITY,domains.list,domains.list,2001-08-29 01:43:47.249512,127761e9c642bb72a668b975
2fefax.evyy.net,AVAILABILITY,domains.list,domains.list,2001-08-29 01:43:47.401379,127761e9c642bb72a668b975
2fglobaldelight.7eer.net,AVAILABILITY,domains.list,domains.list,2001-08-29 01:43:47.550096,127761e9c642bb72a668b975
2fhmnlta.adk2x.com,AVAILABILITY,domains.list,domains.list,2001-08-29 01:43:47.705057,127761e9c642bb72a668b975
2flivecareer.7eer.net,AVAILABILITY,domains.list,domains.list,2001-08-29 01:43:47.854035,127761e9c642bb72a668b975
2fmint-mobile.pxf.io,AVAILABILITY,domains.list,domains.list,2001-08-29 01:43:48.005449,127761e9c642bb72a668b975
2fperformicstr.offerstrack.net,AVAILABILITY,domains.list,domains.list,2001-08-29 01:43:48.150476,127761e9c642bb72a668b975
2fpixel.everesttech.net,AVAILABILITY,domains.list,domains.list,2001-08-29 01:43:48.301887,127761e9c642bb72a668b975
2fr.skimresources.com,AVAILABILITY,domains.list,domains.list,2001-08-29 01:43:48.462775,127761e9c642bb72a668b975
2fshutterstock.7eer.net,AVAILABILITY,domains.list,domains.list,2001-08-29 01:43:48.611404,127761e9c642bb72a668b975
2fspeednetwork14.adk2x.com,AVAILABILITY,domains.list,domains.list,2001-08-29 01:43:48.765099,127761e9c642bb72a668b975
2fsurveymonkey.pxf.io,AVAILABILITY,domains.list,domains.list,2001-08-29 01:43:48.922264,127761e9c642bb72a668b975
2fswagbucks.7eer.net,AVAILABILITY,domains.list,domains.list,2001-08-29 01:43:49.074855,127761e9c642bb72a668b975
2ftechsmith.pxf.io,AVAILABILITY,domains.list,domains.list,2001-08-29 01:43:49.225672,127761e9c642bb72a668b975
2fuberbv.evyy.net,AVAILABILITY,domains.list,domains.list,2001-08-29 01:43:49.513181,127761e9c642bb72a668b975
2fwww.crazyegg.com,AVAILABILITY,domains.list,domains.list,2001-08-29 01:43:49.665003,127761e9c642bb72a668b975
2in.getclicky.com,AVAILABILITY,domains.list,domains.list,2001-08-29 01:43:49.816333,127761e9c642bb72a668b975
2kbp2.voluumtrk.com,AVAILABILITY,domains.list,domains.list,2001-08-29 01:43:49.967722,127761e9c642bb72a668b975
2kygq.voluumtrk.com,AVAILABILITY,domains.list,domains.list,2001-08-29 01:43:50.123872,127761e9c642bb72a668b975
2o53s.voluumtrk.com,AVAILABILITY,domains.list,domains.list,2001-08-29 01:43:50.400406,127761e9c642bb72a668b975
2o7.net,AVAILABILITY,domains.list,domains.list,2001-08-29 01:43:50.556714,127761e9c642bb72a668b975
2p.news-subscribe.com,AVAILABILITY,domains.list,domains.list,2001-08-29 01:43:50.710471,127761e9c642bb72a668b975
2pn2.notifychheck.com,AVAILABILITY,domains.list,domains.list,2001-08-29 01:43:50.856195,127761e9c642bb72a668b975
2podcast.crazyegg.com,AVAILABILITY,domains.list,domains.list,2001-08-29 01:43:51.012536,127761e9c642bb72a668b975
2q.news-subscribe.com,AVAILABILITY,domains.list,domains.list,2001-08-29 01:43:51.169454,127761e9c642bb72a668b975
2qb5tjqwga.kameleoon.eu,AVAILABILITY,domains.list,domains.list,2001-08-29 01:43:51.331206,127761e9c642bb72a668b975
2rm82.voluumtrk.com,AVAILABILITY,domains.list,domains.list,2001-08-29 01:43:51.490120,127761e9c642bb72a668b975
2sm6o.voluumtrk.com,AVAILABILITY,domains.list,domains.list,2001-08-29 01:43:51.648004,127761e9c642bb72a668b975
2spl.ir.zeotap.com,AVAILABILITY,domains.list,domains.list,2001-08-29 01:43:51.803411,127761e9c642bb72a668b975
2static.getclicky.com,AVAILABILITY,domains.list,domains.list,2001-08-29 01:43:51.960577,127761e9c642bb72a668b975
2tloyssxnu.kameleoon.eu,AVAILABILITY,domains.list,domains.list,2001-08-29 01:43:52.243605,127761e9c642bb72a668b975
2u2pc.voluumtrk.com,AVAILABILITY,domains.list,domains.list,2001-08-29 01:43:52.398939,127761e9c642bb72a668b975
2udemy-courses.pxf.io,AVAILABILITY,domains.list,domains.list,2001-08-29 01:43:52.557768,127761e9c642bb72a668b975
2v.news-subscribe.com,AVAILABILITY,domains.list,domains.list,2001-08-29 01:43:52.710078,127761e9c642bb72a668b975
2vci0.voluumtrk.com,AVAILABILITY,domains.list,domains.list,2001-08-29 01:43:52.861130,127761e9c642bb72a668b975
2vpvitqpe9.kameleoon.eu,AVAILABILITY,domains.list,domains.list,2001-08-29 01:43:53.020102,127761e9c642bb72a668b975
2wdhi.voluumtrk2.com,AVAILABILITY,domains.list,domains.list,2001-08-29 01:43:53.174254,127761e9c642bb72a668b975
2www.crazyegg.com,AVAILABILITY,domains.list,domains.list,2001-08-29 01:43:53.460898,127761e9c642bb72a668b975
2xrlsbpkby.kameleoon.eu,AVAILABILITY,domains.list,domains.list,2001-08-29 01:43:53.624777,127761e9c642bb72a668b975
2znp09oa.com,AVAILABILITY,domains.list,domains.list,2001-08-29 01:43:54.025934,127761e9c642bb72a668b975
3-as.tribalfusion.com,AVAILABILITY,domains.list,domains.list,2001-08-29 01:43:54.181382,127761e9c642bb72a668b975
3-eu.tribalfusion.com,AVAILABILITY,domains.list,domains.list,2001-08-29 01:43:54.340547,127761e9c642bb72a668b975
3.112.2o7.net,AVAILABILITY,domains.list,domains.list,2001-08-29 01:43:54.616804,127761e9c642bb72a668b975
300355.measurementapi.com,AVAILABILITY,domains.list,domains.list,2001-08-29 01:43:54.768262,127761e9c642bb72a668b975
3003809.fls.doubleclick.net,AVAILABILITY,domains.list,domains.list,2001-08-29 01:43:54.922932,127761e9c642bb72a668b975
3015321.adoric-om.com,AVAILABILITY,domains.list,domains.list,2001-08-29 01:43:55.070595,127761e9c642bb72a668b975
301737262.keywordblocks.com,AVAILABILITY,domains.list,domains.list,2001-08-29 01:43:55.223495,127761e9c642bb72a668b975
302-ajc-320.mktoresp.com,AVAILABILITY,domains.list,domains.list,2001-08-29 01:43:55.628465,127761e9c642bb72a668b975
3023992.fls.doubleclick.net,AVAILABILITY,domains.list,domains.list,2001-08-29 01:43:55.778642,127761e9c642bb72a668b975
3025408.fls.doubleclick.net,AVAILABILITY,domains.list,domains.list,2001-08-29 01:43:55.927916,127761e9c642bb72a668b975
302783.measurementapi.com,AVAILABILITY,domains.list,domains.list,2001-08-29 01:43:56.084746,127761e9c642bb72a668b975
30281572.adoric-om.com,AVAILABILITY,domains.list,domains.list,2001-08-29 01:43:56.232883,127761e9c642bb72a668b975
303-zih-630.mktoresp.com,AVAILABILITY,domains.list,domains.list,2001-08-29 01:43:56.376513,127761e9c642bb72a668b975
30354717.adoric-om.com,AVAILABILITY,domains.list,domains.list,2001-08-29 01:43:56.522859,127761e9c642bb72a668b975
3036137.fls.doubleclick.net,AVAILABILITY,domains.list,domains.list,2001-08-29 01:43:56.681467,127761e9c642bb72a668b975
3045700.fls.doubleclick.net,AVAILABILITY,domains.list,domains.list,2001-08-29 01:43:56.832625,127761e9c642bb72a668b975
3045774.fls.doubleclick.net,AVAILABILITY,domains.list,domains.list,2001-08-29 01:43:56.993453,127761e9c642bb72a668b975
3050.engine.mobileapptracking.com,AVAILABILITY,domains.list,domains.list,2001-08-29 01:43:57.154327,127761e9c642bb72a668b975
305145.measurementapi.com,AVAILABILITY,domains.list,domains.list,2001-08-29 01:43:57.318802,127761e9c642bb72a668b975
306-cjr-109.mktoresp.com,AVAILABILITY,domains.list,domains.list,2001-08-29 01:43:57.615534,127761e9c642bb72a668b975
306-tvb-420.mktoresp.com,AVAILABILITY,domains.list,domains.list,2001-08-29 01:43:57.779358,127761e9c642bb72a668b975
3066.engine.mobileapptracking.com,AVAILABILITY,domains.list,domains.list,2001-08-29 01:43:57.939732,127761e9c642bb72a668b975
306761822.keywordblocks.com,AVAILABILITY,domains.list,domains.list,2001-08-29 01:43:58.096942,127761e9c642bb72a668b975
306865.measurementapi.com,AVAILABILITY,domains.list,domains.list,2001-08-29 01:43:58.250039,127761e9c642bb72a668b975
3071236.fls.doubleclick.net,AVAILABILITY,domains.list,domains.list,2001-08-29 01:43:58.412217,127761e9c642bb72a668b975
307163.measurementapi.com,AVAILABILITY,domains.list,domains.list,2001-08-29 01:43:58.576712,127761e9c642bb72a668b975
307209.measurementapi.com,AVAILABILITY,domains.list,domains.list,2001-08-29 01:43:58.740464,127761e9c642bb72a668b975
307499.measurementapi.com,AVAILABILITY,domains.list,domains.list,2001-08-29 01:43:59.043719,127761e9c642bb72a668b975
307678731.keywordblocks.com,AVAILABILITY,domains.list,domains.list,2001-08-29 01:43:59.205383,127761e9c642bb72a668b975
3077.tm.zedo.com,AVAILABILITY,domains.list,domains.list,2001-08-29 01:43:59.356859,127761e9c642bb72a668b975
307c-ff21-488f-60c1.reporo.net,AVAILABILITY,domains.list,domains.list,2001-08-29 01:43:59.517838,127761e9c642bb72a668b975
308248513.log.optimizely.com,AVAILABILITY,domains.list,domains.list,2001-08-29 01:43:59.680967,127761e9c642bb72a668b975
3084.tm.zedo.com,AVAILABILITY,domains.list,domains.list,2001-08-29 01:43:59.845117,127761e9c642bb72a668b975
308782880.keywordblocks.com,AVAILABILITY,domains.list,domains.list,2001-08-29 01:44:00.011900,127761e9c642bb72a668b975
3090800.fls.doubleclick.net,AVAILABILITY,domains.list,domains.list,2001-08-29 01:44:00.179729,127761e9c642bb72a668b975
309171.measurementapi.com,AVAILABILITY,domains.list,domains.list,2001-08-29 01:44:00.347754,127761e9c642bb72a668b975
3093100.fls.doubleclick.net,AVAILABILITY,domains.list,domains.list,2001-08-29 01:44:00.507246,127761e9c642bb72a668b975
3094498.fls.doubleclick.net,AVAILABILITY,domains.list,domains.list,2001-08-29 01:44:00.667466,127761e9c642bb72a668b975
310-ejg-710.mktoresp.com,AVAILABILITY,domains.list,domains.list,2001-08-29 01:44:00.825478,127761e9c642bb72a668b975
3106981.fls.doubleclick.net,AVAILABILITY,domains.list,domains.list,2001-08-29 01:44:00.983399,127761e9c642bb72a668b975
311577732.keywordblocks.com,AVAILABILITY,domains.list,domains.list,2001-08-29 01:44:01.138553,127761e9c642bb72a668b975
311c41a1.webengage.co,AVAILABILITY,domains.list,domains.list,2001-08-29 01:44:01.296057,127761e9c642bb72a668b975
311c45a3.webengage.co,AVAILABILITY,domains.list,domains.list,2001-08-29 01:44:01.453566,127761e9c642bb72a668b975
311c47d7.webengage.co,AVAILABILITY,domains.list,domains.list,2001-08-29 01:44:01.611259,127761e9c642bb72a668b975
311c535c.webengage.co,AVAILABILITY,domains.list,domains.list,2001-08-29 01:44:01.768681,127761e9c642bb72a668b975
312-fde-857.mktoresp.com,AVAILABILITY,domains.list,domains.list,2001-08-29 01:44:01.926883,127761e9c642bb72a668b975
312-sax-488.mktoresp.com,AVAILABILITY,domains.list,domains.list,2001-08-29 01:44:02.080459,127761e9c642bb72a668b975
313-gjl-850.mktoresp.com,AVAILABILITY,domains.list,domains.list,2001-08-29 01:44:02.233017,127761e9c642bb72a668b975
314428.measurementapi.com,AVAILABILITY,domains.list,domains.list,2001-08-29 01:44:02.382940,127761e9c642bb72a668b975
315-ftt-121.mktoresp.com,AVAILABILITY,domains.list,domains.list,2001-08-29 01:44:02.539962,127761e9c642bb72a668b975
315625361.keywordblocks.com,AVAILABILITY,domains.list,domains.list,2001-08-29 01:44:02.699535,127761e9c642bb72a668b975
316-mbl-120.mktoresp.com,AVAILABILITY,domains.list,domains.list,2001-08-29 01:44:02.852036,127761e9c642bb72a668b975
3163348.fls.doubleclick.net,AVAILABILITY,domains.list,domains.list,2001-08-29 01:44:03.007766,127761e9c642bb72a668b975
3164-de4e-5943-bfbb.reporo.net,AVAILABILITY,domains.list,domains.list,2001-08-29 01:44:03.164211,127761e9c642bb72a668b975
3165.tm.zedo.com,AVAILABILITY,domains.list,domains.list,2001-08-29 01:44:03.320546,127761e9c642bb72a668b975
3167907.fls.doubleclick.net,AVAILABILITY,domains.list,domains.list,2001-08-29 01:44:03.484613,127761e9c642bb72a668b975
316f7cvgot.kameleoon.eu,AVAILABILITY,domains.list,domains.list,2001-08-29 01:44:03.640510,127761e9c642bb72a668b975
3170902.fls.doubleclick.net,AVAILABILITY,domains.list,domains.list,2001-08-29 01:44:03.805010,127761e9c642bb72a668b975
317427912.keywordblocks.com,AVAILABILITY,domains.list,domains.list,2001-08-29 01:44:03.964206,127761e9c642bb72a668b975
318022972.keywordblocks.com,AVAILABILITY,domains.list,domains.list,2001-08-29 01:44:04.116270,127761e9c642bb72a668b975
318555312.keywordblocks.com,AVAILABILITY,domains.list,domains.list,2001-08-29 01:44:04.273361,127761e9c642bb72a668b975
319-vud-720.mktoresp.com,AVAILABILITY,domains.list,domains.list,2001-08-29 01:44:04.428343,127761e9c642bb72a668b975
3192-6558-18ed-4634.reporo.net,AVAILABILITY,domains.list,domains.list,2001-08-29 01:44:04.583849,127761e9c642bb72a668b975
319385112.keywordblocks.com,AVAILABILITY,domains.list,domains.list,2001-08-29 01:44:04.731608,127761e9c642bb72a668b975
3196085.fls.doubleclick.net,AVAILABILITY,domains.list,domains.list,2001-08-29 01:44:04.887547,127761e9c642bb72a668b975
3196959.fls.doubleclick.net,AVAILABILITY,domains.list,domains.list,2001-08-29 01:44:05.037260,127761e9c642bb72a668b975
31d9-3c95-60e5-a94e.reporo.net,AVAILABILITY,domains.list,domains.list,2001-08-29 01:44:05.191500,127761e9c642bb72a668b975
31e6-ded0-aab2-56a7.reporo.net,AVAILABILITY,domains.list,domains.list,2001-08-29 01:44:05.341175,127761e9c642bb72a668b975
320-kog-016.mktoresp.com,AVAILABILITY,domains.list,domains.list,2001-08-29 01:44:05.497224,127761e9c642bb72a668b975
3210002.fls.doubleclick.net,AVAILABILITY,domains.list,domains.list,2001-08-29 01:44:05.651655,127761e9c642bb72a668b975
3211c0e1.akstat.io,AVAILABILITY,domains.list,domains.list,2001-08-29 01:44:05.802577,127761e9c642bb72a668b975
3216.tm.zedo.com,AVAILABILITY,domains.list,domains.list,2001-08-29 01:44:06.214186,127761e9c642bb72a668b975
321642120.keywordblocks.com,AVAILABILITY,domains.list,domains.list,2001-08-29 01:44:06.365573,127761e9c642bb72a668b975
3221.xml.auxml.com,AVAILABILITY,domains.list,domains.list,2001-08-29 01:44:06.522061,127761e9c642bb72a668b975
3226898.fls.doubleclick.net,AVAILABILITY,domains.list,domains.list,2001-08-29 01:44:06.683504,127761e9c642bb72a668b975
322824332.keywordblocks.com,AVAILABILITY,domains.list,domains.list,2001-08-29 01:44:06.841494,127761e9c642bb72a668b975
323-ltc-321.mktoresp.com,AVAILABILITY,domains.list,domains.list,2001-08-29 01:44:06.994079,127761e9c642bb72a668b975
3236700.fls.doubleclick.net,AVAILABILITY,domains.list,domains.list,2001-08-29 01:44:07.139110,127761e9c642bb72a668b975
32398268.adoric-om.com,AVAILABILITY,domains.list,domains.list,2001-08-29 01:44:07.298006,127761e9c642bb72a668b975
324-bzd-350.mktoresp.com,AVAILABILITY,domains.list,domains.list,2001-08-29 01:44:07.452655,127761e9c642bb72a668b975
324493962.keywordblocks.com,AVAILABILITY,domains.list,domains.list,2001-08-29 01:44:07.607881,127761e9c642bb72a668b975
3250.v.fwmrm.net,AVAILABILITY,domains.list,domains.list,2001-08-29 01:44:07.762595,127761e9c642bb72a668b975
3254838.fls.doubleclick.net,AVAILABILITY,domains.list,domains.list,2001-08-29 01:44:07.922871,127761e9c642bb72a668b975
326441550.keywordblocks.com,AVAILABILITY,domains.list,domains.list,2001-08-29 01:44:08.080252,127761e9c642bb72a668b975
3268-5966-90e4-8e80.reporo.net,AVAILABILITY,domains.list,domains.list,2001-08-29 01:44:08.364462,127761e9c642bb72a668b975
326847121.keywordblocks.com,AVAILABILITY,domains.list,domains.list,2001-08-29 01:44:08.522305,127761e9c642bb72a668b975
327084452.keywordblocks.com,AVAILABILITY,domains.list,domains.list,2001-08-29 01:44:08.680250,127761e9c642bb72a668b975
327117622.keywordblocks.com,AVAILABILITY,domains.list,domains.list,2001-08-29 01:44:08.840045,127761e9c642bb72a668b975
3279880017.log.optimizely.com,AVAILABILITY,domains.list,domains.list,2001-08-29 01:44:09.006230,127761e9c642bb72a668b975
329-lna-280.mktoresp.com,AVAILABILITY,domains.list,domains.list,2001-08-29 01:44:09.168487,127761e9c642bb72a668b975
329-qrk-460.mktoresp.com,AVAILABILITY,domains.list,domains.list,2001-08-29 01:44:09.329089,127761e9c642bb72a668b975
329-zem-341.mktoresp.com,AVAILABILITY,domains.list,domains.list,2001-08-29 01:44:09.488480,127761e9c642bb72a668b975
3294027.fls.doubleclick.net,AVAILABILITY,domains.list,domains.list,2001-08-29 01:44:09.649957,127761e9c642bb72a668b975
3303.tm.zedo.com,AVAILABILITY,domains.list,domains.list,2001-08-29 01:44:09.809720,127761e9c642bb72a668b975
330d.v.fwmrm.net,AVAILABILITY,domains.list,domains.list,2001-08-29 01:44:10.099043,127761e9c642bb72a668b975
331-dyy-590.mktoresp.com,AVAILABILITY,domains.list,domains.list,2001-08-29 01:44:10.263691,127761e9c642bb72a668b975
331-lit-031.mktoresp.com,AVAILABILITY,domains.list,domains.list,2001-08-29 01:44:10.429277,127761e9c642bb72a668b975
331433535.keywordblocks.com,AVAILABILITY,domains.list,domains.list,2001-08-29 01:44:10.593982,127761e9c642bb72a668b975
3315.tm.zedo.com,AVAILABILITY,domains.list,domains.list,2001-08-29 01:44:10.755504,127761e9c642bb72a668b975
331673561.keywordblocks.com,AVAILABILITY,domains.list,domains.list,2001-08-29 01:44:10.923651,127761e9c642bb72a668b975
331nq.voluumtrk.com,AVAILABILITY,domains.list,domains.list,2001-08-29 01:44:11.081011,127761e9c642bb72a668b975
3326.tm.zedo.com,AVAILABILITY,domains.list,domains.list,2001-08-29 01:44:11.375975,127761e9c642bb72a668b975
333145.measurementapi.com,AVAILABILITY,domains.list,domains.list,2001-08-29 01:44:11.542523,127761e9c642bb72a668b975
333483072.keywordblocks.com,AVAILABILITY,domains.list,domains.list,2001-08-29 01:44:11.706097,127761e9c642bb72a668b975
333758420.keywordblocks.com,AVAILABILITY,domains.list,domains.list,2001-08-29 01:44:11.867678,127761e9c642bb72a668b975
333834.measurementapi.com,AVAILABILITY,domains.list,domains.list,2001-08-29 01:44:12.026780,127761e9c642bb72a668b975
3341808.fls.doubleclick.net,AVAILABILITY,domains.list,domains.list,2001-08-29 01:44:12.188145,127761e9c642bb72a668b975
3343.tm.zedo.com,AVAILABILITY,domains.list,domains.list,2001-08-29 01:44:12.348312,127761e9c642bb72a668b975
3344000.fls.doubleclick.net,AVAILABILITY,domains.list,domains.list,2001-08-29 01:44:12.507863,127761e9c642bb72a668b975
3344300.fls.doubleclick.net,AVAILABILITY,domains.list,domains.list,2001-08-29 01:44:12.672713,127761e9c642bb72a668b975
334526550.keywordblocks.com,AVAILABILITY,domains.list,domains.list,2001-08-29 01:44:12.839004,127761e9c642bb72a668b975
3347639.fls.doubleclick.net,AVAILABILITY,domains.list,domains.list,2001-08-29 01:44:13.004888,127761e9c642bb72a668b975
3352.tm.zedo.com,AVAILABILITY,domains.list,domains.list,2001-08-29 01:44:13.162170,127761e9c642bb72a668b975
335220922.keywordblocks.com,AVAILABILITY,domains.list,domains.list,2001-08-29 01:44:13.321794,127761e9c642bb72a668b975
3356.tm.zedo.com,AVAILABILITY,domains.list,domains.list,2001-08-29 01:44:13.482248,127761e9c642bb72a668b975
335655.measurementapi.com,AVAILABILITY,domains.list,domains.list,2001-08-29 01:44:13.644624,127761e9c642bb72a668b975
335741.measurementapi.com,AVAILABILITY,domains.list,domains.list,2001-08-29 01:44:13.809589,127761e9c642bb72a668b975
336341.measurementapi.com,AVAILABILITY,domains.list,domains.list,2001-08-29 01:44:13.974436,127761e9c642bb72a668b975
336483.measurementapi.com,AVAILABILITY,domains.list,domains.list,2001-08-29 01:44:14.136577,127761e9c642bb72a668b975
336486.measurementapi.com,AVAILABILITY,domains.list,domains.list,2001-08-29 01:44:14.296895,127761e9c642bb72a668b975
336633761.keywordblocks.com,AVAILABILITY,domains.list,domains.list,2001-08-29 01:44:14.454060,127761e9c642bb72a668b975
337112762.keywordblocks.com,AVAILABILITY,domains.list,domains.list,2001-08-29 01:44:14.615275,127761e9c642bb72a668b975
3373600.fls.doubleclick.net,AVAILABILITY,domains.list,domains.list,2001-08-29 01:44:14.774560,127761e9c642bb72a668b975
337415314.keywordblocks.com,AVAILABILITY,domains.list,domains.list,2001-08-29 01:44:14.932412,127761e9c642bb72a668b975
33799046.adoric-om.com,AVAILABILITY,domains.list,domains.list,2001-08-29 01:44:15.096227,127761e9c642bb72a668b975
338-ejp-431.mktoresp.com,AVAILABILITY,domains.list,domains.list,2001-08-29 01:44:15.260103,127761e9c642bb72a668b975
338020.measurementapi.com,AVAILABILITY,domains.list,domains.list,2001-08-29 01:44:15.416355,127761e9c642bb72a668b975
338228.measurementapi.com,AVAILABILITY,domains.list,domains.list,2001-08-29 01:44:15.578817,127761e9c642bb72a668b975
3383293.fls.doubleclick.net,AVAILABILITY,domains.list,domains.list,2001-08-29 01:44:15.741864,127761e9c642bb72a668b975
339-gxo-600.mktoresp.com,AVAILABILITY,domains.list,domains.list,2001-08-29 01:44:15.913380,127761e9c642bb72a668b975
3390.tm.zedo.com,AVAILABILITY,domains.list,domains.list,2001-08-29 01:44:16.083564,127761e9c642bb72a668b975
33915380.adoric-om.com,AVAILABILITY,domains.list,domains.list,2001-08-29 01:44:16.253559,127761e9c642bb72a668b975
3394104.fls.doubleclick.net,AVAILABILITY,domains.list,domains.list,2001-08-29 01:44:16.418699,127761e9c642bb72a668b975
339558562.keywordblocks.com,AVAILABILITY,domains.list,domains.list,2001-08-29 01:44:16.580552,127761e9c642bb72a668b975
3398449.adoric-om.com,AVAILABILITY,domains.list,domains.list,2001-08-29 01:44:16.741732,127761e9c642bb72a668b975
33across-d.openx.net,AVAILABILITY,domains.list,domains.list,2001-08-29 01:44:16.902124,127761e9c642bb72a668b975
33across.com,AVAILABILITY,domains.list,domains.list,2001-08-29 01:44:17.063690,127761e9c642bb72a668b975
3403100.fls.doubleclick.net,AVAILABILITY,domains.list,domains.list,2001-08-29 01:44:17.350135,127761e9c642bb72a668b975
340403082.keywordblocks.com,AVAILABILITY,domains.list,domains.list,2001-08-29 01:44:17.498587,127761e9c642bb72a668b975
3407.tm.zedo.com,AVAILABILITY,domains.list,domains.list,2001-08-29 01:44:17.649069,127761e9c642bb72a668b975
3408178b.akstat.io,AVAILABILITY,domains.list,domains.list,2001-08-29 01:44:17.803691,127761e9c642bb72a668b975
34089f75.akstat.io,AVAILABILITY,domains.list,domains.list,2001-08-29 01:44:18.106966,127761e9c642bb72a668b975
3409119b.akstat.io,AVAILABILITY,domains.list,domains.list,2001-08-29 01:44:18.635995,127761e9c642bb72a668b975
3409b6b0.akstat.io,AVAILABILITY,domains.list,domains.list,2001-08-29 01:44:18.929747,127761e9c642bb72a668b975
3409ba97.akstat.io,AVAILABILITY,domains.list,domains.list,2001-08-29 01:44:19.352262,127761e9c642bb72a668b975
3409bcb2.akstat.io,AVAILABILITY,domains.list,domains.list,2001-08-29 01:44:19.642460,127761e9c642bb72a668b975
341-sft-270.mktoresp.com,AVAILABILITY,domains.list,domains.list,2001-08-29 01:44:20.055482,127761e9c642bb72a668b975
3412342.fls.doubleclick.net,AVAILABILITY,domains.list,domains.list,2001-08-29 01:44:20.224109,127761e9c642bb72a668b975
341800575.log.optimizely.com,AVAILABILITY,domains.list,domains.list,2001-08-29 01:44:20.516409,127761e9c642bb72a668b975
342-gkd-711.mktoresp.com,AVAILABILITY,domains.list,domains.list,2001-08-29 01:44:20.670011,127761e9c642bb72a668b975
342-mmw-280.mktoresp.com,AVAILABILITY,domains.list,domains.list,2001-08-29 01:44:20.816838,127761e9c642bb72a668b975
342235131.keywordblocks.com,AVAILABILITY,domains.list,domains.list,2001-08-29 01:44:20.966371,127761e9c642bb72a668b975
34239362.adoric-om.com,AVAILABILITY,domains.list,domains.list,2001-08-29 01:44:21.129043,127761e9c642bb72a668b975
342534530.keywordblocks.com,AVAILABILITY,domains.list,domains.list,2001-08-29 01:44:21.287848,127761e9c642bb72a668b975
3431070370.log.optimizely.com,AVAILABILITY,domains.list,domains.list,2001-08-29 01:44:21.450402,127761e9c642bb72a668b975
343465770.keywordblocks.com,AVAILABILITY,domains.list,domains.list,2001-08-29 01:44:21.614445,127761e9c642bb72a668b975
3435.tm.zedo.com,AVAILABILITY,domains.list,domains.list,2001-08-29 01:44:21.776102,127761e9c642bb72a668b975
344-pyd-331.mktoresp.com,AVAILABILITY,domains.list,domains.list,2001-08-29 01:44:21.932473,127761e9c642bb72a668b975
3444.tlnk.io,AVAILABILITY,domains.list,domains.list,2001-08-29 01:44:22.232699,127761e9c642bb72a668b975
344825711.keywordblocks.com,AVAILABILITY,domains.list,domains.list,2001-08-29 01:44:22.387012,127761e9c642bb72a668b975
345357511.keywordblocks.com,AVAILABILITY,domains.list,domains.list,2001-08-29 01:44:22.536698,127761e9c642bb72a668b975
3456.eurtb.adtelligent.com,AVAILABILITY,domains.list,domains.list,2001-08-29 01:44:22.701352,127761e9c642bb72a668b975
345624862.keywordblocks.com,AVAILABILITY,domains.list,domains.list,2001-08-29 01:44:22.855371,127761e9c642bb72a668b975
345874382.keywordblocks.com,AVAILABILITY,domains.list,domains.list,2001-08-29 01:44:23.015244,127761e9c642bb72a668b975
346-brc-940.mktoresp.com,AVAILABILITY,domains.list,domains.list,2001-08-29 01:44:23.169964,127761e9c642bb72a668b975
346-cyc-960.mktoresp.com,AVAILABILITY,domains.list,domains.list,2001-08-29 01:44:23.333101,127761e9c642bb72a668b975
3463728.fls.doubleclick.net,AVAILABILITY,domains.list,domains.list,2001-08-29 01:44:23.492909,127761e9c642bb72a668b975
3468466.fls.doubleclick.net,AVAILABILITY,domains.list,domains.list,2001-08-29 01:44:23.651873,127761e9c642bb72a668b975
3469203.fls.doubleclick.net,AVAILABILITY,domains.list,domains.list,2001-08-29 01:44:23.814135,127761e9c642bb72a668b975
347-iat-677.mktoresp.com,AVAILABILITY,domains.list,domains.list,2001-08-29 01:44:23.978211,127761e9c642bb72a668b975
347374600.keywordblocks.com,AVAILABILITY,domains.list,domains.list,2001-08-29 01:44:24.131596,127761e9c642bb72a668b975
3473822.fls.doubleclick.net,AVAILABILITY,domains.list,domains.list,2001-08-29 01:44:24.292541,127761e9c642bb72a668b975
3477.tm.zedo.com,AVAILABILITY,domains.list,domains.list,2001-08-29 01:44:24.455706,127761e9c642bb72a668b975
348297272.keywordblocks.com,AVAILABILITY,domains.list,domains.list,2001-08-29 01:44:24.612109,127761e9c642bb72a668b975
3490900.fls.doubleclick.net,AVAILABILITY,domains.list,domains.list,2001-08-29 01:44:24.762829,127761e9c642bb72a668b975
3498600.fls.doubleclick.net,AVAILABILITY,domains.list,domains.list,2001-08-29 01:44:25.050633,127761e9c642bb72a668b975
34d33e6f.akstat.io,AVAILABILITY,domains.list,domains.list,2001-08-29 01:44:25.212604,127761e9c642bb72a668b975
34fsb.voluumtrk.com,AVAILABILITY,domains.list,domains.list,2001-08-29 01:44:25.373175,127761e9c642bb72a668b975
350-aer-820.mktoresp.com,AVAILABILITY,domains.list,domains.list,2001-08-29 01:44:25.529996,127761e9c642bb72a668b975
350-oko-721.mktoresp.com,AVAILABILITY,domains.list,domains.list,2001-08-29 01:44:25.692760,127761e9c642bb72a668b975
350274351.keywordblocks.com,AVAILABILITY,domains.list,domains.list,2001-08-29 01:44:25.980384,127761e9c642bb72a668b975
351048241.keywordblocks.com,AVAILABILITY,domains.list,domains.list,2001-08-29 01:44:26.138260,127761e9c642bb72a668b975
3512010.fls.doubleclick.net,AVAILABILITY,domains.list,domains.list,2001-08-29 01:44:26.299659,127761e9c642bb72a668b975
351231650.keywordblocks.com,AVAILABILITY,domains.list,domains.list,2001-08-29 01:44:26.441953,127761e9c642bb72a668b975
351796272.keywordblocks.com,AVAILABILITY,domains.list,domains.list,2001-08-29 01:44:26.602885,127761e9c642bb72a668b975
3518549.fls.doubleclick.net,AVAILABILITY,domains.list,domains.list,2001-08-29 01:44:26.764846,127761e9c642bb72a668b975
352-jwa-010.mktoresp.com,AVAILABILITY,domains.list,domains.list,2001-08-29 01:44:26.928326,127761e9c642bb72a668b975
3526300.fls.doubleclick.net,AVAILABILITY,domains.list,domains.list,2001-08-29 01:44:27.090622,127761e9c642bb72a668b975
353432852.keywordblocks.com,AVAILABILITY,domains.list,domains.list,2001-08-29 01:44:27.246480,127761e9c642bb72a668b975
3535200.fls.doubleclick.net,AVAILABILITY,domains.list,domains.list,2001-08-29 01:44:27.404362,127761e9c642bb72a668b975
354-exc-411.mktoresp.com,AVAILABILITY,domains.list,domains.list,2001-08-29 01:44:27.557087,127761e9c642bb72a668b975
354-lpt-160.mktoresp.com,AVAILABILITY,domains.list,domains.list,2001-08-29 01:44:27.712681,127761e9c642bb72a668b975
354184683.search.media.net,AVAILABILITY,domains.list,domains.list,2001-08-29 01:44:27.868464,127761e9c642bb72a668b975
3543800.fls.doubleclick.net,AVAILABILITY,domains.list,domains.list,2001-08-29 01:44:28.034190,127761e9c642bb72a668b975
355684560.keywordblocks.com,AVAILABILITY,domains.list,domains.list,2001-08-29 01:44:28.193735,127761e9c642bb72a668b975
355742541.keywordblocks.com,AVAILABILITY,domains.list,domains.list,2001-08-29 01:44:28.347730,127761e9c642bb72a668b975
356-axe-401.mktoresp.com,AVAILABILITY,domains.list,domains.list,2001-08-29 01:44:28.505506,127761e9c642bb72a668b975
3562.tm.zedo.com,AVAILABILITY,domains.list,domains.list,2001-08-29 01:44:28.669760,127761e9c642bb72a668b975
356416252.keywordblocks.com,AVAILABILITY,domains.list,domains.list,2001-08-29 01:44:28.824202,127761e9c642bb72a668b975
3564210.fls.doubleclick.net,AVAILABILITY,domains.list,domains.list,2001-08-29 01:44:28.980768,127761e9c642bb72a668b975
356572120.keywordblocks.com,AVAILABILITY,domains.list,domains.list,2001-08-29 01:44:29.138283,127761e9c642bb72a668b975
3569326.fls.doubleclick.net,AVAILABILITY,domains.list,domains.list,2001-08-29 01:44:29.291501,127761e9c642bb72a668b975
3571143.fls.doubleclick.net,AVAILABILITY,domains.list,domains.list,2001-08-29 01:44:29.446103,127761e9c642bb72a668b975
357184511.keywordblocks.com,AVAILABILITY,domains.list,domains.list,2001-08-29 01:44:29.600870,127761e9c642bb72a668b975
3573.tm.zedo.com,AVAILABILITY,domains.list,domains.list,2001-08-29 01:44:29.756203,127761e9c642bb72a668b975
3573281.fls.doubleclick.net,AVAILABILITY,domains.list,domains.list,2001-08-29 01:44:29.912369,127761e9c642bb72a668b975
357517711.keywordblocks.com,AVAILABILITY,domains.list,domains.list,2001-08-29 01:44:30.067247,127761e9c642bb72a668b975
358357.ortb.adtelligent.com,AVAILABILITY,domains.list,domains.list,2001-08-29 01:44:30.222760,127761e9c642bb72a668b975
358358.ortb.adtelligent.com,AVAILABILITY,domains.list,domains.list,2001-08-29 01:44:30.376185,127761e9c642bb72a668b975
3583716.fls.doubleclick.net,AVAILABILITY,domains.list,domains.list,2001-08-29 01:44:30.529891,127761e9c642bb72a668b975
3584.tm.zedo.com,AVAILABILITY,domains.list,domains.list,2001-08-29 01:44:30.679690,127761e9c642bb72a668b975
3587.tm.zedo.com,AVAILABILITY,domains.list,domains.list,2001-08-29 01:44:30.830577,127761e9c642bb72a668b975
359-hcz-260.mktoresp.com,AVAILABILITY,domains.list,domains.list,2001-08-29 01:44:30.989417,127761e9c642bb72a668b975
3590093.fls.doubleclick.net,AVAILABILITY,domains.list,domains.list,2001-08-29 01:44:31.146424,127761e9c642bb72a668b975
359117742.keywordblocks.com,AVAILABILITY,domains.list,domains.list,2001-08-29 01:44:31.305225,127761e9c642bb72a668b975
3592031.fls.doubleclick.net,AVAILABILITY,domains.list,domains.list,2001-08-29 01:44:31.462581,127761e9c642bb72a668b975
35923288.adoric-om.com,AVAILABILITY,domains.list,domains.list,2001-08-29 01:44:31.619758,127761e9c642bb72a668b975
359501851.keywordblocks.com,AVAILABILITY,domains.list,domains.list,2001-08-29 01:44:31.776242,127761e9c642bb72a668b975
3596.tm.zedo.com,AVAILABILITY,domains.list,domains.list,2001-08-29 01:44:31.935313,127761e9c642bb72a668b975
3598367.fls.doubleclick.net,AVAILABILITY,domains.list,domains.list,2001-08-29 01:44:32.089470,127761e9c642bb72a668b975
35985827.adoric-om.com,AVAILABILITY,domains.list,domains.list,2001-08-29 01:44:32.241974,127761e9c642bb72a668b975
3599.tm.zedo.com,AVAILABILITY,domains.list,domains.list,2001-08-29 01:44:32.394398,127761e9c642bb72a668b975
35ax3z5b4g.kameleoon.eu,AVAILABILITY,domains.list,domains.list,2001-08-29 01:44:32.553171,127761e9c642bb72a668b975
35kicib9nl.kameleoon.eu,AVAILABILITY,domains.list,domains.list,2001-08-29 01:44:32.713192,127761e9c642bb72a668b975
35unternehmen-heute.de.intellitxt.com,AVAILABILITY,domains.list,domains.list,2001-08-29 01:44:32.866872,127761e9c642bb72a668b975
360.hiido.com,AVAILABILITY,domains.list,domains.list,2001-08-29 01:44:33.025368,127761e9c642bb72a668b975
360.unbounce.com,AVAILABILITY,domains.list,domains.list,2001-08-29 01:44:33.177873,127761e9c642bb72a668b975
36020828.adoric-om.com,AVAILABILITY,domains.list,domains.list,2001-08-29 01:44:33.334714,127761e9c642bb72a668b975
360391522.keywordblocks.com,AVAILABILITY,domains.list,domains.list,2001-08-29 01:44:33.492520,127761e9c642bb72a668b975
3605640.fls.doubleclick.net,AVAILABILITY,domains.list,domains.list,2001-08-29 01:44:33.644619,127761e9c642bb72a668b975
3606483.adoric-om.com,AVAILABILITY,domains.list,domains.list,2001-08-29 01:44:33.802754,127761e9c642bb72a668b975
3608.tm.zedo.com,AVAILABILITY,domains.list,domains.list,2001-08-29 01:44:33.964260,127761e9c642bb72a668b975
360853.artb.adtelligent.com,AVAILABILITY,domains.list,domains.list,2001-08-29 01:44:34.122278,127761e9c642bb72a668b975
360yield.com,AVAILABILITY,domains.list,domains.list,2001-08-29 01:44:34.278201,127761e9c642bb72a668b975
3610217.fls.doubleclick.net,AVAILABILITY,domains.list,domains.list,2001-08-29 01:44:34.436723,127761e9c642bb72a668b975
361104.artb.adtelligent.com,AVAILABILITY,domains.list,domains.list,2001-08-29 01:44:34.597291,127761e9c642bb72a668b975
3612.engine.mobileapptracking.com,AVAILABILITY,domains.list,domains.list,2001-08-29 01:44:34.752663,127761e9c642bb72a668b975
3612.tm.zedo.com,AVAILABILITY,domains.list,domains.list,2001-08-29 01:44:34.905589,127761e9c642bb72a668b975
361337522.keywordblocks.com,AVAILABILITY,domains.list,domains.list,2001-08-29 01:44:35.052362,127761e9c642bb72a668b975
361ads.offerstrack.net,AVAILABILITY,domains.list,domains.list,2001-08-29 01:44:35.210989,127761e9c642bb72a668b975
3627886.fls.doubleclick.net,AVAILABILITY,domains.list,domains.list,2001-08-29 01:44:35.366780,127761e9c642bb72a668b975
3629.tm.zedo.com,AVAILABILITY,domains.list,domains.list,2001-08-29 01:44:35.518326,127761e9c642bb72a668b975
3632.tm.zedo.com,AVAILABILITY,domains.list,domains.list,2001-08-29 01:44:35.671128,127761e9c642bb72a668b975
363413.artb.adtelligent.com,AVAILABILITY,domains.list,domains.list,2001-08-29 01:44:35.822002,127761e9c642bb72a668b975
363414.artb.adtelligent.com,AVAILABILITY,domains.list,domains.list,2001-08-29 01:44:35.977552,127761e9c642bb72a668b975
3635.tm.zedo.com,AVAILABILITY,domains.list,domains.list,2001-08-29 01:44:36.139091,127761e9c642bb72a668b975
363592032.keywordblocks.com,AVAILABILITY,domains.list,domains.list,2001-08-29 01:44:36.294059,127761e9c642bb72a668b975
363742260.keywordblocks.com,AVAILABILITY,domains.list,domains.list,2001-08-29 01:44:36.449385,127761e9c642bb72a668b975
364271221.keywordblocks.com,AVAILABILITY,domains.list,domains.list,2001-08-29 01:44:36.610088,127761e9c642bb72a668b975
364bf52c.akstat.io,AVAILABILITY,domains.list,domains.list,2001-08-29 01:44:36.774667,127761e9c642bb72a668b975
364bf52d.akstat.io,AVAILABILITY,domains.list,domains.list,2001-08-29 01:44:37.182288,127761e9c642bb72a668b975
364bf52e.akstat.io,AVAILABILITY,domains.list,domains.list,2001-08-29 01:44:37.602670,127761e9c642bb72a668b975
364bf5fa.akstat.io,AVAILABILITY,domains.list,domains.list,2001-08-29 01:44:38.028696,127761e9c642bb72a668b975
364bf5fe.akstat.io,AVAILABILITY,domains.list,domains.list,2001-08-29 01:44:38.321450,127761e9c642bb72a668b975
364bf6be.akstat.io,AVAILABILITY,domains.list,domains.list,2001-08-29 01:44:38.727723,127761e9c642bb72a668b975
364bf6cc.akstat.io,AVAILABILITY,domains.list,domains.list,2001-08-29 01:44:39.016444,127761e9c642bb72a668b975
364bf73e.akstat.io,AVAILABILITY,domains.list,domains.list,2001-08-29 01:44:39.305572,127761e9c642bb72a668b975
364fb61b0.akstat.io,AVAILABILITY,domains.list,domains.list,2001-08-29 01:44:39.590053,127761e9c642bb72a668b975
3653503.fls.doubleclick.net,AVAILABILITY,domains.list,domains.list,2001-08-29 01:44:39.748224,127761e9c642bb72a668b975
3656616.fls.doubleclick.net,AVAILABILITY,domains.list,domains.list,2001-08-29 01:44:40.027498,127761e9c642bb72a668b975
3656617.fls.doubleclick.net,AVAILABILITY,domains.list,domains.list,2001-08-29 01:44:40.176908,127761e9c642bb72a668b975
366-uky-221.mktoresp.com,AVAILABILITY,domains.list,domains.list,2001-08-29 01:44:40.334267,127761e9c642bb72a668b975
3662759.fls.doubleclick.net,AVAILABILITY,domains.list,domains.list,2001-08-29 01:44:40.499236,127761e9c642bb72a668b975
3671138.akstat.io,AVAILABILITY,domains.list,domains.list,2001-08-29 01:44:40.655605,127761e9c642bb72a668b975
3672811.fls.doubleclick.net,AVAILABILITY,domains.list,domains.list,2001-08-29 01:44:40.798636,127761e9c642bb72a668b975
367370.ortb.adtelligent.com,AVAILABILITY,domains.list,domains.list,2001-08-29 01:44:40.959116,127761e9c642bb72a668b975
367403.artb.adtelligent.com,AVAILABILITY,domains.list,domains.list,2001-08-29 01:44:41.117942,127761e9c642bb72a668b975
3674310.fls.doubleclick.net,AVAILABILITY,domains.list,domains.list,2001-08-29 01:44:41.273437,127761e9c642bb72a668b975
3675542.fls.doubleclick.net,AVAILABILITY,domains.list,domains.list,2001-08-29 01:44:41.439302,127761e9c642bb72a668b975
3676601.fls.doubleclick.net,AVAILABILITY,domains.list,domains.list,2001-08-29 01:44:41.605875,127761e9c642bb72a668b975
3678305.adoric-om.com,AVAILABILITY,domains.list,domains.list,2001-08-29 01:44:41.770014,127761e9c642bb72a668b975
367971.ortb.adtelligent.com,AVAILABILITY,domains.list,domains.list,2001-08-29 01:44:41.927444,127761e9c642bb72a668b975
367972.ortb.adtelligent.com,AVAILABILITY,domains.list,domains.list,2001-08-29 01:44:42.084699,127761e9c642bb72a668b975
368-ukw-280.mktoresp.com,AVAILABILITY,domains.list,domains.list,2001-08-29 01:44:42.242612,127761e9c642bb72a668b975
368150.artb.adtelligent.com,AVAILABILITY,domains.list,domains.list,2001-08-29 01:44:42.400356,127761e9c642bb72a668b975
368205127.keywordblocks.com,AVAILABILITY,domains.list,domains.list,2001-08-29 01:44:42.564603,127761e9c642bb72a668b975
368215761.keywordblocks.com,AVAILABILITY,domains.list,domains.list,2001-08-29 01:44:42.720189,127761e9c642bb72a668b975
368394460.keywordblocks.com,AVAILABILITY,domains.list,domains.list,2001-08-29 01:44:42.876090,127761e9c642bb72a668b975
368881241.keywordblocks.com,AVAILABILITY,domains.list,domains.list,2001-08-29 01:44:43.039133,127761e9c642bb72a668b975
3689-7dbc-ddf7-a45f.reporo.net,AVAILABILITY,domains.list,domains.list,2001-08-29 01:44:43.192221,127761e9c642bb72a668b975
368964842.keywordblocks.com,AVAILABILITY,domains.list,domains.list,2001-08-29 01:44:43.346456,127761e9c642bb72a668b975
36a3fe4a.akstat.io,AVAILABILITY,domains.list,domains.list,2001-08-29 01:44:43.502453,127761e9c642bb72a668b975
36a3fec2.akstat.io,AVAILABILITY,domains.list,domains.list,2001-08-29 01:44:43.904097,127761e9c642bb72a668b975
36ab-6907-1cd2-361d.reporo.net,AVAILABILITY,domains.list,domains.list,2001-08-29 01:44:44.315099,127761e9c642bb72a668b975
36c3f470.akstat.io,AVAILABILITY,domains.list,domains.list,2001-08-29 01:44:44.476572,127761e9c642bb72a668b975
36c3f6db.akstat.io,AVAILABILITY,domains.list,domains.list,2001-08-29 01:44:44.762189,127761e9c642bb72a668b975
36c3f705.akstat.io,AVAILABILITY,domains.list,domains.list,2001-08-29 01:44:45.046533,127761e9c642bb72a668b975
36c3f725.akstat.io,AVAILABILITY,domains.list,domains.list,2001-08-29 01:44:45.332588,127761e9c642bb72a668b975
36c3feec.akstat.io,AVAILABILITY,domains.list,domains.list,2001-08-29 01:44:45.608121,127761e9c642bb72a668b975
36c3feee.akstat.io,AVAILABILITY,domains.list,domains.list,2001-08-29 01:44:45.890977,127761e9c642bb72a668b975
36c3fef2.akstat.io,AVAILABILITY,domains.list,domains.list,2001-08-29 01:44:46.175105,127761e9c642bb72a668b975
36cc206a.akstat.io,AVAILABILITY,domains.list,domains.list,2001-08-29 01:44:46.580153,127761e9c642bb72a668b975
36cc246a.akstat.io,AVAILABILITY,domains.list,domains.list,2001-08-29 01:44:46.870567,127761e9c642bb72a668b975
36cc2473.akstat.io,AVAILABILITY,domains.list,domains.list,2001-08-29 01:44:47.290398,127761e9c642bb72a668b975
36cc248a.akstat.io,AVAILABILITY,domains.list,domains.list,2001-08-29 01:44:47.694794,127761e9c642bb72a668b975
36cc248b.akstat.io,AVAILABILITY,domains.list,domains.list,2001-08-29 01:44:47.972491,127761e9c642bb72a668b975
36cc26d5.akstat.io,AVAILABILITY,domains.list,domains.list,2001-08-29 01:44:48.381772,127761e9c642bb72a668b975
36d71034.akstat.io,AVAILABILITY,domains.list,domains.list,2001-08-29 01:44:48.916399,127761e9c642bb72a668b975
36d7107f.akstat.io,AVAILABILITY,domains.list,domains.list,2001-08-29 01:44:49.201873,127761e9c642bb72a668b975
36d71138.akstat.io,AVAILABILITY,domains.list,domains.list,2001-08-29 01:44:49.490709,127761e9c642bb72a668b975
36d71176.akstat.io,AVAILABILITY,domains.list,domains.list,2001-08-29 01:44:49.767759,127761e9c642bb72a668b975
36e4f0de.akstat.io,AVAILABILITY,domains.list,domains.list,2001-08-29 01:44:50.307825,127761e9c642bb72a668b975
36e4f0e6.akstat.io,AVAILABILITY,domains.list,domains.list,2001-08-29 01:44:50.593889,127761e9c642bb72a668b975
36e4f0e7.akstat.io,AVAILABILITY,domains.list,domains.list,2001-08-29 01:44:50.871953,127761e9c642bb72a668b975
36e4f0e9.akstat.io,AVAILABILITY,domains.list,domains.list,2001-08-29 01:44:51.155742,127761e9c642bb72a668b975
36e4f0eb.akstat.io,AVAILABILITY,domains.list,domains.list,2001-08-29 01:44:51.444330,127761e9c642bb72a668b975
36eb5491.akstat.io,AVAILABILITY,domains.list,domains.list,2001-08-29 01:44:51.736882,127761e9c642bb72a668b975
36eb551e.akstat.io,AVAILABILITY,domains.list,domains.list,2001-08-29 01:44:52.151384,127761e9c642bb72a668b975
36eb555.akstat.io,AVAILABILITY,domains.list,domains.list,2001-08-29 01:44:52.441297,127761e9c642bb72a668b975
36eb5555.akstat.io,AVAILABILITY,domains.list,domains.list,2001-08-29 01:44:52.602557,127761e9c642bb72a668b975
36eb557d.akstat.io,AVAILABILITY,domains.list,domains.list,2001-08-29 01:44:52.882315,127761e9c642bb72a668b975
36eb5590.akstat.io,AVAILABILITY,domains.list,domains.list,2001-08-29 01:44:53.168955,127761e9c642bb72a668b975
36eb5594.akstat.io,AVAILABILITY,domains.list,domains.list,2001-08-29 01:44:53.457142,127761e9c642bb72a668b975
36ebc1fb.akstat.io,AVAILABILITY,domains.list,domains.list,2001-08-29 01:44:53.745372,127761e9c642bb72a668b975
36ebc202.akstat.io,AVAILABILITY,domains.list,domains.list,2001-08-29 01:44:54.029382,127761e9c642bb72a668b975
36ebc233.akstat.io,AVAILABILITY,domains.list,domains.list,2001-08-29 01:44:54.443499,127761e9c642bb72a668b975
36ebc234.akstat.io,AVAILABILITY,domains.list,domains.list,2001-08-29 01:44:54.727517,127761e9c642bb72a668b975
36ebc23e.akstat.io,AVAILABILITY,domains.list,domains.list,2001-08-29 01:44:55.141941,127761e9c642bb72a668b975
36ebctfb.akstat.io,AVAILABILITY,domains.list,domains.list,2001-08-29 01:44:55.436872,127761e9c642bb72a668b975
36f10709.akstat.io,AVAILABILITY,domains.list,domains.list,2001-08-29 01:44:55.594100,127761e9c642bb72a668b975
36f1082f.akstat.io,AVAILABILITY,domains.list,domains.list,2001-08-29 01:44:55.883863,127761e9c642bb72a668b975
36f10833.akstat.io,AVAILABILITY,domains.list,domains.list,2001-08-29 01:44:56.178078,127761e9c642bb72a668b975
36f10834.akstat.io,AVAILABILITY,domains.list,domains.list,2001-08-29 01:44:56.457539,127761e9c642bb72a668b975
36f11203.akstat.io,AVAILABILITY,domains.list,domains.list,2001-08-29 01:44:57.297542,127761e9c642bb72a668b975
36f11e2c.akstat.io,AVAILABILITY,domains.list,domains.list,2001-08-29 01:44:57.601833,127761e9c642bb72a668b975
36f11e49.akstat.io,AVAILABILITY,domains.list,domains.list,2001-08-29 01:44:58.031134,127761e9c642bb72a668b975
36f11e95.akstat.io,AVAILABILITY,domains.list,domains.list,2001-08-29 01:44:58.459370,127761e9c642bb72a668b975
36f133e.akstat.io,AVAILABILITY,domains.list,domains.list,2001-08-29 01:44:58.896617,127761e9c642bb72a668b975
36f1f08e.akstat.io,AVAILABILITY,domains.list,domains.list,2001-08-29 01:44:59.067732,127761e9c642bb72a668b975
36f1f23d.akstat.io,AVAILABILITY,domains.list,domains.list,2001-08-29 01:44:59.487255,127761e9c642bb72a668b975
36f1f33e.akstat.io,AVAILABILITY,domains.list,domains.list,2001-08-29 01:45:00.062096,127761e9c642bb72a668b975
36f1f340.akstat.io,AVAILABILITY,domains.list,domains.list,2001-08-29 01:45:00.369730,127761e9c642bb72a668b975
36f1f344.akstat.io,AVAILABILITY,domains.list,domains.list,2001-08-29 01:45:00.669075,127761e9c642bb72a668b975
36f1f369.akstat.io,AVAILABILITY,domains.list,domains.list,2001-08-29 01:45:00.957821,127761e9c642bb72a668b975
36fb607e.akstat.io,AVAILABILITY,domains.list,domains.list,2001-08-29 01:45:01.248530,127761e9c642bb72a668b975
36fb619d.akstat.io,AVAILABILITY,domains.list,domains.list,2001-08-29 01:45:01.539554,127761e9c642bb72a668b975
36fb61a9.akstat.io,AVAILABILITY,domains.list,domains.list,2001-08-29 01:45:01.834759,127761e9c642bb72a668b975
36fb61b0.akstat.io,AVAILABILITY,domains.list,domains.list,2001-08-29 01:45:02.118779,127761e9c642bb72a668b975
36fb61b5.akstat.io,AVAILABILITY,domains.list,domains.list,2001-08-29 01:45:02.406602,127761e9c642bb72a668b975
36fb6319.akstat.io,AVAILABILITY,domains.list,domains.list,2001-08-29 01:45:02.701778,127761e9c642bb72a668b975
36fb68c2.akstat.io,AVAILABILITY,domains.list,domains.list,2001-08-29 01:45:02.991384,127761e9c642bb72a668b975
36fb6d09.akstat.io,AVAILABILITY,domains.list,domains.list,2001-08-29 01:45:03.279836,127761e9c642bb72a668b975
36fb6d10.akstat.io,AVAILABILITY,domains.list,domains.list,2001-08-29 01:45:03.684621,127761e9c642bb72a668b975
36fb78d5.akstat.io,AVAILABILITY,domains.list,domains.list,2001-08-29 01:45:04.108635,127761e9c642bb72a668b975
36fb78d7.akstat.io,AVAILABILITY,domains.list,domains.list,2001-08-29 01:45:04.397222,127761e9c642bb72a668b975
36fb78dc.akstat.io,AVAILABILITY,domains.list,domains.list,2001-08-29 01:45:04.684221,127761e9c642bb72a668b975
36fbb6319.akstat.io,AVAILABILITY,domains.list,domains.list,2001-08-29 01:45:04.965975,127761e9c642bb72a668b975
36fif23d.akstat.io,AVAILABILITY,domains.list,domains.list,2001-08-29 01:45:05.624315,127761e9c642bb72a668b975
36file95.akstat.io,AVAILABILITY,domains.list,domains.list,2001-08-29 01:45:05.787167,127761e9c642bb72a668b975
36lf340.akstat.io,AVAILABILITY,domains.list,domains.list,2001-08-29 01:45:05.944727,127761e9c642bb72a668b975
370-tgx-095.mktoresp.com,AVAILABILITY,domains.list,domains.list,2001-08-29 01:45:06.101083,127761e9c642bb72a668b975
370557.ortb.adtelligent.com,AVAILABILITY,domains.list,domains.list,2001-08-29 01:45:06.255262,127761e9c642bb72a668b975
3709-aa75-7fc9-ce35.reporo.net,AVAILABILITY,domains.list,domains.list,2001-08-29 01:45:06.416412,127761e9c642bb72a668b975
371156.ortb.adtelligent.com,AVAILABILITY,domains.list,domains.list,2001-08-29 01:45:06.581394,127761e9c642bb72a668b975
371157.ortb.adtelligent.com,AVAILABILITY,domains.list,domains.list,2001-08-29 01:45:06.739877,127761e9c642bb72a668b975
371285311.keywordblocks.com,AVAILABILITY,domains.list,domains.list,2001-08-29 01:45:06.901715,127761e9c642bb72a668b975
3714826.fls.doubleclick.net,AVAILABILITY,domains.list,domains.list,2001-08-29 01:45:07.059173,127761e9c642bb72a668b975
3716.tm.zedo.com,AVAILABILITY,domains.list,domains.list,2001-08-29 01:45:07.205382,127761e9c642bb72a668b975
3717615.fls.doubleclick.net,AVAILABILITY,domains.list,domains.list,2001-08-29 01:45:07.364324,127761e9c642bb72a668b975
371832762.keywordblocks.com,AVAILABILITY,domains.list,domains.list,2001-08-29 01:45:07.521485,127761e9c642bb72a668b975
3720.tm.zedo.com,AVAILABILITY,domains.list,domains.list,2001-08-29 01:45:07.678235,127761e9c642bb72a668b975
3721446.fls.doubleclick.net,AVAILABILITY,domains.list,domains.list,2001-08-29 01:45:07.836766,127761e9c642bb72a668b975
373125100.keywordblocks.com,AVAILABILITY,domains.list,domains.list,2001-08-29 01:45:07.997177,127761e9c642bb72a668b975
373439.ortb.adtelligent.com,AVAILABILITY,domains.list,domains.list,2001-08-29 01:45:08.161939,127761e9c642bb72a668b975
3735.tm.zedo.com,AVAILABILITY,domains.list,domains.list,2001-08-29 01:45:08.328944,127761e9c642bb72a668b975
3737.xml.auxml.com,AVAILABILITY,domains.list,domains.list,2001-08-29 01:45:08.496756,127761e9c642bb72a668b975
3738.tm.zedo.com,AVAILABILITY,domains.list,domains.list,2001-08-29 01:45:08.660487,127761e9c642bb72a668b975
3738527.fls.doubleclick.net,AVAILABILITY,domains.list,domains.list,2001-08-29 01:45:08.825940,127761e9c642bb72a668b975
3738884.fls.doubleclick.net,AVAILABILITY,domains.list,domains.list,2001-08-29 01:45:08.992415,127761e9c642bb72a668b975
374-ftk-100.mktoresp.com,AVAILABILITY,domains.list,domains.list,2001-08-29 01:45:09.158382,127761e9c642bb72a668b975
374-wes-121.mktoresp.com,AVAILABILITY,domains.list,domains.list,2001-08-29 01:45:09.322526,127761e9c642bb72a668b975
374544641.keywordblocks.com,AVAILABILITY,domains.list,domains.list,2001-08-29 01:45:09.489326,127761e9c642bb72a668b975
3746375.fls.doubleclick.net,AVAILABILITY,domains.list,domains.list,2001-08-29 01:45:09.650275,127761e9c642bb72a668b975
3750-a6f5-344b-f2e9.reporo.net,AVAILABILITY,domains.list,domains.list,2001-08-29 01:45:09.809363,127761e9c642bb72a668b975
3751041.fls.doubleclick.net,AVAILABILITY,domains.list,domains.list,2001-08-29 01:45:09.971980,127761e9c642bb72a668b975
375228332.keywordblocks.com,AVAILABILITY,domains.list,domains.list,2001-08-29 01:45:10.134157,127761e9c642bb72a668b975
3753907.fls.doubleclick.net,AVAILABILITY,domains.list,domains.list,2001-08-29 01:45:10.297058,127761e9c642bb72a668b975
3756900.fls.doubleclick.net,AVAILABILITY,domains.list,domains.list,2001-08-29 01:45:10.466487,127761e9c642bb72a668b975
376-eax-990.mktoresp.com,AVAILABILITY,domains.list,domains.list,2001-08-29 01:45:10.637169,127761e9c642bb72a668b975
3760984.fls.doubleclick.net,AVAILABILITY,domains.list,domains.list,2001-08-29 01:45:10.801205,127761e9c642bb72a668b975
376359.ortb.adtelligent.com,AVAILABILITY,domains.list,domains.list,2001-08-29 01:45:10.971621,127761e9c642bb72a668b975
3764700.fls.doubleclick.net,AVAILABILITY,domains.list,domains.list,2001-08-29 01:45:11.134376,127761e9c642bb72a668b975
37670403.adoric-om.com,AVAILABILITY,domains.list,domains.list,2001-08-29 01:45:11.299542,127761e9c642bb72a668b975
3773406.fls.doubleclick.net,AVAILABILITY,domains.list,domains.list,2001-08-29 01:45:11.472249,127761e9c642bb72a668b975
377372876.search.media.net,AVAILABILITY,domains.list,domains.list,2001-08-29 01:45:11.640201,127761e9c642bb72a668b975
377888722.keywordblocks.com,AVAILABILITY,domains.list,domains.list,2001-08-29 01:45:11.809931,127761e9c642bb72a668b975
378-omf-030.mktoresp.com,AVAILABILITY,domains.list,domains.list,2001-08-29 01:45:11.978894,127761e9c642bb72a668b975
379-zne-420.mktoresp.com,AVAILABILITY,domains.list,domains.list,2001-08-29 01:45:12.142974,127761e9c642bb72a668b975
3792445.fls.doubleclick.net,AVAILABILITY,domains.list,domains.list,2001-08-29 01:45:12.309926,127761e9c642bb72a668b975
3793307.fls.doubleclick.net,AVAILABILITY,domains.list,domains.list,2001-08-29 01:45:12.473458,127761e9c642bb72a668b975
3796688.fls.doubleclick.net,AVAILABILITY,domains.list,domains.list,2001-08-29 01:45:12.642017,127761e9c642bb72a668b975
3797665.fls.doubleclick.net,AVAILABILITY,domains.list,domains.list,2001-08-29 01:45:12.806034,127761e9c642bb72a668b975
379817.artb.adtelligent.com,AVAILABILITY,domains.list,domains.list,2001-08-29 01:45:12.974519,127761e9c642bb72a668b975
37x3s.voluumtrk.com,AVAILABILITY,domains.list,domains.list,2001-08-29 01:45:13.144201,127761e9c642bb72a668b975
3803600.fls.doubleclick.net,AVAILABILITY,domains.list,domains.list,2001-08-29 01:45:13.318531,127761e9c642bb72a668b975
3805532.fls.doubleclick.net,AVAILABILITY,domains.list,domains.list,2001-08-29 01:45:13.492443,127761e9c642bb72a668b975
38059864.adoric-om.com,AVAILABILITY,domains.list,domains.list,2001-08-29 01:45:13.666324,127761e9c642bb72a668b975
3809.xml.auxml.com,AVAILABILITY,domains.list,domains.list,2001-08-29 01:45:13.840819,127761e9c642bb72a668b975
381-iso-510.mktoresp.com,AVAILABILITY,domains.list,domains.list,2001-08-29 01:45:14.007145,127761e9c642bb72a668b975
381-kzc-440.mktoresp.com,AVAILABILITY,domains.list,domains.list,2001-08-29 01:45:14.175131,127761e9c642bb72a668b975
3811564.fls.doubleclick.net,AVAILABILITY,domains.list,domains.list,2001-08-29 01:45:14.342741,127761e9c642bb72a668b975
3815588.fls.doubleclick.net,AVAILABILITY,domains.list,domains.list,2001-08-29 01:45:14.510895,127761e9c642bb72a668b975
382-mez-125.mktoresp.com,AVAILABILITY,domains.list,domains.list,2001-08-29 01:45:14.679760,127761e9c642bb72a668b975
382158683.keywordblocks.com,AVAILABILITY,domains.list,domains.list,2001-08-29 01:45:14.843590,127761e9c642bb72a668b975
3825700.fls.doubleclick.net,AVAILABILITY,domains.list,domains.list,2001-08-29 01:45:15.008163,127761e9c642bb72a668b975
383175440.keywordblocks.com,AVAILABILITY,domains.list,domains.list,2001-08-29 01:45:15.176307,127761e9c642bb72a668b975
38319541.adoric-om.com,AVAILABILITY,domains.list,domains.list,2001-08-29 01:45:15.350038,127761e9c642bb72a668b975
383276.ortb.adtelligent.com,AVAILABILITY,domains.list,domains.list,2001-08-29 01:45:15.525938,127761e9c642bb72a668b975
3838.com.102.112.2o7.net,AVAILABILITY,domains.list,domains.list,2001-08-29 01:45:15.701377,127761e9c642bb72a668b975
3838771.fls.doubleclick.net,AVAILABILITY,domains.list,domains.list,2001-08-29 01:45:15.873168,127761e9c642bb72a668b975
383c-4d12-876e-4a57.reporo.net,AVAILABILITY,domains.list,domains.list,2001-08-29 01:45:16.043850,127761e9c642bb72a668b975
384-cei-001.mktoresp.com,AVAILABILITY,domains.list,domains.list,2001-08-29 01:45:16.205995,127761e9c642bb72a668b975
3847-80c6-fc06-9fe3.reporo.net,AVAILABILITY,domains.list,domains.list,2001-08-29 01:45:16.500203,127761e9c642bb72a668b975
385385412.keywordblocks.com,AVAILABILITY,domains.list,domains.list,2001-08-29 01:45:16.795789,127761e9c642bb72a668b975
385522.artb.adtelligent.com,AVAILABILITY,domains.list,domains.list,2001-08-29 01:45:16.957353,127761e9c642bb72a668b975
385572.ecrtb.adtelligent.com,AVAILABILITY,domains.list,domains.list,2001-08-29 01:45:17.126364,127761e9c642bb72a668b975
385572.eurtb.adtelligent.com,AVAILABILITY,domains.list,domains.list,2001-08-29 01:45:17.286592,127761e9c642bb72a668b975
385572.wcrtb.adtelligent.com,AVAILABILITY,domains.list,domains.list,2001-08-29 01:45:17.439123,127761e9c642bb72a668b975
386-oov-110.mktoresp.com,AVAILABILITY,domains.list,domains.list,2001-08-29 01:45:17.588971,127761e9c642bb72a668b975
386-suo-701.mktoresp.com,AVAILABILITY,domains.list,domains.list,2001-08-29 01:45:17.752535,127761e9c642bb72a668b975
3868110.fls.doubleclick.net,AVAILABILITY,domains.list,domains.list,2001-08-29 01:45:17.908644,127761e9c642bb72a668b975
387-igp-420.mktoresp.com,AVAILABILITY,domains.list,domains.list,2001-08-29 01:45:18.065985,127761e9c642bb72a668b975
387114252.keywordblocks.com,AVAILABILITY,domains.list,domains.list,2001-08-29 01:45:18.211108,127761e9c642bb72a668b975
3877800.fls.doubleclick.net,AVAILABILITY,domains.list,domains.list,2001-08-29 01:45:18.500552,127761e9c642bb72a668b975
387884741.keywordblocks.com,AVAILABILITY,domains.list,domains.list,2001-08-29 01:45:18.662030,127761e9c642bb72a668b975
3879194.fls.doubleclick.net,AVAILABILITY,domains.list,domains.list,2001-08-29 01:45:18.824792,127761e9c642bb72a668b975
38845290.adoric-om.com,AVAILABILITY,domains.list,domains.list,2001-08-29 01:45:18.982581,127761e9c642bb72a668b975
388663.ecrtb.adtelligent.com,AVAILABILITY,domains.list,domains.list,2001-08-29 01:45:19.145890,127761e9c642bb72a668b975
388663.eurtb.adtelligent.com,AVAILABILITY,domains.list,domains.list,2001-08-29 01:45:19.307315,127761e9c642bb72a668b975
388663.wcrtb.adtelligent.com,AVAILABILITY,domains.list,domains.list,2001-08-29 01:45:19.469283,127761e9c642bb72a668b975
3887000.fls.doubleclick.net,AVAILABILITY,domains.list,domains.list,2001-08-29 01:45:19.619352,127761e9c642bb72a668b975
389-iox-111.mktoresp.com,AVAILABILITY,domains.list,domains.list,2001-08-29 01:45:19.781308,127761e9c642bb72a668b975
3893600.fls.doubleclick.net,AVAILABILITY,domains.list,domains.list,2001-08-29 01:45:19.940293,127761e9c642bb72a668b975
3898900.fls.doubleclick.net,AVAILABILITY,domains.list,domains.list,2001-08-29 01:45:20.107081,127761e9c642bb72a668b975
3899600.fls.doubleclick.net,AVAILABILITY,domains.list,domains.list,2001-08-29 01:45:20.270056,127761e9c642bb72a668b975
38e9-dc9d-c749-7cf7.reporo.net,AVAILABILITY,domains.list,domains.list,2001-08-29 01:45:20.430329,127761e9c642bb72a668b975
38fb61a9.akstat.io,AVAILABILITY,domains.list,domains.list,2001-08-29 01:45:20.591174,127761e9c642bb72a668b975
390-wdu-538.mktoresp.com,AVAILABILITY,domains.list,domains.list,2001-08-29 01:45:20.751242,127761e9c642bb72a668b975
390278246.search.media.net,AVAILABILITY,domains.list,domains.list,2001-08-29 01:45:20.911586,127761e9c642bb72a668b975
3903-daab-0933-6d71.reporo.net,AVAILABILITY,domains.list,domains.list,2001-08-29 01:45:21.074048,127761e9c642bb72a668b975
39078347.adoric-om.com,AVAILABILITY,domains.list,domains.list,2001-08-29 01:45:21.244808,127761e9c642bb72a668b975
390987.artb.adtelligent.com,AVAILABILITY,domains.list,domains.list,2001-08-29 01:45:21.414616,127761e9c642bb72a668b975
391-dcy-831.mktoresp.com,AVAILABILITY,domains.list,domains.list,2001-08-29 01:45:21.578823,127761e9c642bb72a668b975
3912800.fls.doubleclick.net,AVAILABILITY,domains.list,domains.list,2001-08-29 01:45:21.740847,127761e9c642bb72a668b975
3916309.fls.doubleclick.net,AVAILABILITY,domains.list,domains.list,2001-08-29 01:45:21.904797,127761e9c642bb72a668b975
3918882.fls.doubleclick.net,AVAILABILITY,domains.list,domains.list,2001-08-29 01:45:22.067009,127761e9c642bb72a668b975
392385.artb.adtelligent.com,AVAILABILITY,domains.list,domains.list,2001-08-29 01:45:22.232949,127761e9c642bb72a668b975
3933769.fls.doubleclick.net,AVAILABILITY,domains.list,domains.list,2001-08-29 01:45:22.394329,127761e9c642bb72a668b975
3941-9707-df57-b0f4.reporo.net,AVAILABILITY,domains.list,domains.list,2001-08-29 01:45:22.677583,127761e9c642bb72a668b975
3944.xml.auxml.com,AVAILABILITY,domains.list,domains.list,2001-08-29 01:45:22.833856,127761e9c642bb72a668b975
3944367.fls.doubleclick.net,AVAILABILITY,domains.list,domains.list,2001-08-29 01:45:23.001287,127761e9c642bb72a668b975
3944448.fls.doubleclick.net,AVAILABILITY,domains.list,domains.list,2001-08-29 01:45:23.168133,127761e9c642bb72a668b975
3945-c326-2f08-f118.reporo.net,AVAILABILITY,domains.list,domains.list,2001-08-29 01:45:23.335962,127761e9c642bb72a668b975
3948900.fls.doubleclick.net,AVAILABILITY,domains.list,domains.list,2001-08-29 01:45:23.497770,127761e9c642bb72a668b975
3951112.fls.doubleclick.net,AVAILABILITY,domains.list,domains.list,2001-08-29 01:45:23.660770,127761e9c642bb72a668b975
395347641.keywordblocks.com,AVAILABILITY,domains.list,domains.list,2001-08-29 01:45:23.821642,127761e9c642bb72a668b975
3954462.fls.doubleclick.net,AVAILABILITY,domains.list,domains.list,2001-08-29 01:45:23.983555,127761e9c642bb72a668b975
3956316.fls.doubleclick.net,AVAILABILITY,domains.list,domains.list,2001-08-29 01:45:24.142122,127761e9c642bb72a668b975
395721220.keywordblocks.com,AVAILABILITY,domains.list,domains.list,2001-08-29 01:45:24.303281,127761e9c642bb72a668b975
396500.ortb.adtelligent.com,AVAILABILITY,domains.list,domains.list,2001-08-29 01:45:24.594725,127761e9c642bb72a668b975
3965759.fls.doubleclick.net,AVAILABILITY,domains.list,domains.list,2001-08-29 01:45:24.750860,127761e9c642bb72a668b975
397-tim-001.mktoresp.com,AVAILABILITY,domains.list,domains.list,2001-08-29 01:45:24.909043,127761e9c642bb72a668b975
3972-3716-5be6-a227.reporo.net,AVAILABILITY,domains.list,domains.list,2001-08-29 01:45:25.065413,127761e9c642bb72a668b975
3973258.fls.doubleclick.net,AVAILABILITY,domains.list,domains.list,2001-08-29 01:45:25.228118,127761e9c642bb72a668b975
397704.ortb.adtelligent.com,AVAILABILITY,domains.list,domains.list,2001-08-29 01:45:25.527053,127761e9c642bb72a668b975
398-iba-570.mktoresp.com,AVAILABILITY,domains.list,domains.list,2001-08-29 01:45:25.684628,127761e9c642bb72a668b975
398-ppv-690.mktoresp.com,AVAILABILITY,domains.list,domains.list,2001-08-29 01:45:25.846748,127761e9c642bb72a668b975
398178.ortb.adtelligent.com,AVAILABILITY,domains.list,domains.list,2001-08-29 01:45:26.013001,127761e9c642bb72a668b975
3982067.fls.doubleclick.net,AVAILABILITY,domains.list,domains.list,2001-08-29 01:45:26.181432,127761e9c642bb72a668b975
3982178.fls.doubleclick.net,AVAILABILITY,domains.list,domains.list,2001-08-29 01:45:26.347675,127761e9c642bb72a668b975
398760.eurtb.adtelligent.com,AVAILABILITY,domains.list,domains.list,2001-08-29 01:45:26.496520,127761e9c642bb72a668b975
3991293.fls.doubleclick.net,AVAILABILITY,domains.list,domains.list,2001-08-29 01:45:26.663366,127761e9c642bb72a668b975
399349.ortb.adtelligent.com,AVAILABILITY,domains.list,domains.list,2001-08-29 01:45:26.819098,127761e9c642bb72a668b975
399710.artb.adtelligent.com,AVAILABILITY,domains.list,domains.list,2001-08-29 01:45:26.979857,127761e9c642bb72a668b975
399846.artb.adtelligent.com,AVAILABILITY,domains.list,domains.list,2001-08-29 01:45:27.146216,127761e9c642bb72a668b975
399846.ecrtb.adtelligent.com,AVAILABILITY,domains.list,domains.list,2001-08-29 01:45:27.316062,127761e9c642bb72a668b975
399846.eurtb.adtelligent.com,AVAILABILITY,domains.list,domains.list,2001-08-29 01:45:27.475697,127761e9c642bb72a668b975
399848.ecrtb.adtelligent.com,AVAILABILITY,domains.list,domains.list,2001-08-29 01:45:27.635838,127761e9c642bb72a668b975
399848.eurtb.adtelligent.com,AVAILABILITY,domains.list,domains.list,2001-08-29 01:45:27.796242,127761e9c642bb72a668b975
399848.wcrtb.adtelligent.com,AVAILABILITY,domains.list,domains.list,2001-08-29 01:45:27.959763,127761e9c642bb72a668b975
3999503.fls.doubleclick.net,AVAILABILITY,domains.list,domains.list,2001-08-29 01:45:28.129256,127761e9c642bb72a668b975
3a2a-e3db-50db-813e.reporo.net,AVAILABILITY,domains.list,domains.list,2001-08-29 01:45:28.288534,127761e9c642bb72a668b975
3a60-3493-2ef5-707b.reporo.net,AVAILABILITY,domains.list,domains.list,2001-08-29 01:45:28.571321,127761e9c642bb72a668b975
3a8b-2db6-45fc-27e3.reporo.net,AVAILABILITY,domains.list,domains.list,2001-08-29 01:45:28.728234,127761e9c642bb72a668b975
3aa3-3802-e36a-0af8.reporo.net,AVAILABILITY,domains.list,domains.list,2001-08-29 01:45:28.886618,127761e9c642bb72a668b975
3bc7-dba3-e6d5-54ca.reporo.net,AVAILABILITY,domains.list,domains.list,2001-08-29 01:45:29.048172,127761e9c642bb72a668b975
3bktp.voluumtrk.com,AVAILABILITY,domains.list,domains.list,2001-08-29 01:45:29.218766,127761e9c642bb72a668b975
3cb2-7eb0-d0a4-8391.reporo.net,AVAILABILITY,domains.list,domains.list,2001-08-29 01:45:29.384622,127761e9c642bb72a668b975
3cf1-eb9d-bc28-9906.reporo.net,AVAILABILITY,domains.list,domains.list,2001-08-29 01:45:29.544460,127761e9c642bb72a668b975
3d.news-subscribe.com,AVAILABILITY,domains.list,domains.list,2001-08-29 01:45:29.702532,127761e9c642bb72a668b975
3d11-2d06-9461-2244.reporo.net,AVAILABILITY,domains.list,domains.list,2001-08-29 01:45:29.865328,127761e9c642bb72a668b975
3dnews.onthe.io,AVAILABILITY,domains.list,domains.list,2001-08-29 01:45:30.159953,127761e9c642bb72a668b975
3dp-s.tlnk.io,AVAILABILITY,domains.list,domains.list,2001-08-29 01:45:30.322776,127761e9c642bb72a668b975
3e2a-43d3-1da7-94be.reporo.net,AVAILABILITY,domains.list,domains.list,2001-08-29 01:45:30.484642,127761e9c642bb72a668b975
3eb4-90ba-eca1-a7e5.reporo.net,AVAILABILITY,domains.list,domains.list,2001-08-29 01:45:30.645434,127761e9c642bb72a668b975
3ebc-a747-780c-3e10.reporo.net,AVAILABILITY,domains.list,domains.list,2001-08-29 01:45:30.806436,127761e9c642bb72a668b975
3ece-5608-732a-5bbd.reporo.net,AVAILABILITY,domains.list,domains.list,2001-08-29 01:45:30.978787,127761e9c642bb72a668b975
3ee0-7d4b-895a-9fea.reporo.net,AVAILABILITY,domains.list,domains.list,2001-08-29 01:45:31.148516,127761e9c642bb72a668b975
3f83-ce4b-78c5-0fa1.reporo.net,AVAILABILITY,domains.list,domains.list,2001-08-29 01:45:31.318889,127761e9c642bb72a668b975
3flv2.voluumtrk.com,AVAILABILITY,domains.list,domains.list,2001-08-29 01:45:31.487442,127761e9c642bb72a668b975
3gimg.qq.com,AVAILABILITY,domains.list,domains.list,2001-08-29 01:45:31.657314,127761e9c642bb72a668b975
3grs6.voluumtrk.com,AVAILABILITY,domains.list,domains.list,2001-08-29 01:45:31.818367,127761e9c642bb72a668b975
3j.news-subscribe.com,AVAILABILITY,domains.list,domains.list,2001-08-29 01:45:31.981200,127761e9c642bb72a668b975
3kn4ekvh6t.kameleoon.eu,AVAILABILITY,domains.list,domains.list,2001-08-29 01:45:32.270328,127761e9c642bb72a668b975
3mobilse220626.112.2o7.net,AVAILABILITY,domains.list,domains.list,2001-08-29 01:45:32.684036,127761e9c642bb72a668b975
3p-optout.intel.mediamath.com,AVAILABILITY,domains.list,domains.list,2001-08-29 01:45:32.850456,127761e9c642bb72a668b975
3point14.g2afse.com,AVAILABILITY,domains.list,domains.list,2001-08-29 01:45:33.148237,127761e9c642bb72a668b975
3point14.go2affise.com,AVAILABILITY,domains.list,domains.list,2001-08-29 01:45:33.308939,127761e9c642bb72a668b975
3s-smart-rtb.mobvista.com,AVAILABILITY,domains.list,domains.list,2001-08-29 01:45:33.592966,127761e9c642bb72a668b975
3s.mobvista.com,AVAILABILITY,domains.list,domains.list,2001-08-29 01:45:33.749140,127761e9c642bb72a668b975
3sec9.voluumtrk.com,AVAILABILITY,domains.list,domains.list,2001-08-29 01:45:33.919852,127761e9c642bb72a668b975
3sp7pj0q0s.kameleoon.eu,AVAILABILITY,domains.list,domains.list,2001-08-29 01:45:34.087312,127761e9c642bb72a668b975
3vqy.tlnk.io,AVAILABILITY,domains.list,domains.list,2001-08-29 01:45:34.371375,127761e9c642bb72a668b975
3vtuo.voluumtrk.com,AVAILABILITY,domains.list,domains.list,2001-08-29 01:45:34.538602,127761e9c642bb72a668b975
3yea8i1f2l.kameleoon.eu,AVAILABILITY,domains.list,domains.list,2001-08-29 01:45:34.823017,127761e9c642bb72a668b975
400-dky-698.mktoresp.com,AVAILABILITY,domains.list,domains.list,2001-08-29 01:45:35.102423,127761e9c642bb72a668b975
400-juk-127.mktoresp.com,AVAILABILITY,domains.list,domains.list,2001-08-29 01:45:35.265491,127761e9c642bb72a668b975
4001707.fls.doubleclick.net,AVAILABILITY,domains.list,domains.list,2001-08-29 01:45:35.426977,127761e9c642bb72a668b975
400218.ortb.adtelligent.com,AVAILABILITY,domains.list,domains.list,2001-08-29 01:45:35.581937,127761e9c642bb72a668b975
4010214.fls.doubleclick.net,AVAILABILITY,domains.list,domains.list,2001-08-29 01:45:35.736484,127761e9c642bb72a668b975
401067832.keywordblocks.com,AVAILABILITY,domains.list,domains.list,2001-08-29 01:45:35.893576,127761e9c642bb72a668b975
4017114.fls.doubleclick.net,AVAILABILITY,domains.list,domains.list,2001-08-29 01:45:36.048106,127761e9c642bb72a668b975
401955.ortb.adtelligent.com,AVAILABILITY,domains.list,domains.list,2001-08-29 01:45:36.218305,127761e9c642bb72a668b975
402-kup-721.mktoresp.com,AVAILABILITY,domains.list,domains.list,2001-08-29 01:45:36.385671,127761e9c642bb72a668b975
4021800.fls.doubleclick.net,AVAILABILITY,domains.list,domains.list,2001-08-29 01:45:36.549875,127761e9c642bb72a668b975
402539.ortb.adtelligent.com,AVAILABILITY,domains.list,domains.list,2001-08-29 01:45:36.716703,127761e9c642bb72a668b975
403-agf-920.mktoresp.com,AVAILABILITY,domains.list,domains.list,2001-08-29 01:45:36.881264,127761e9c642bb72a668b975
403-ypa-430.mktoresp.com,AVAILABILITY,domains.list,domains.list,2001-08-29 01:45:37.039700,127761e9c642bb72a668b975
40314807.adoric-om.com,AVAILABILITY,domains.list,domains.list,2001-08-29 01:45:37.199006,127761e9c642bb72a668b975
4033269.fls.doubleclick.net,AVAILABILITY,domains.list,domains.list,2001-08-29 01:45:37.367034,127761e9c642bb72a668b975
403334.ortb.adtelligent.com,AVAILABILITY,domains.list,domains.list,2001-08-29 01:45:37.533810,127761e9c642bb72a668b975
4034988.fls.doubleclick.net,AVAILABILITY,domains.list,domains.list,2001-08-29 01:45:37.695721,127761e9c642bb72a668b975
40354375.adoric-om.com,AVAILABILITY,domains.list,domains.list,2001-08-29 01:45:37.855715,127761e9c642bb72a668b975
404-bgd-511.mktoresp.com,AVAILABILITY,domains.list,domains.list,2001-08-29 01:45:38.017152,127761e9c642bb72a668b975
404-wji-331.mktoresp.com,AVAILABILITY,domains.list,domains.list,2001-08-29 01:45:38.176489,127761e9c642bb72a668b975
404188231.keywordblocks.com,AVAILABILITY,domains.list,domains.list,2001-08-29 01:45:38.337459,127761e9c642bb72a668b975
404361.ortb.adtelligent.com,AVAILABILITY,domains.list,domains.list,2001-08-29 01:45:38.499460,127761e9c642bb72a668b975
404715.ortb.adtelligent.com,AVAILABILITY,domains.list,domains.list,2001-08-29 01:45:38.662049,127761e9c642bb72a668b975
40481729.adoric-om.com,AVAILABILITY,domains.list,domains.list,2001-08-29 01:45:38.824506,127761e9c642bb72a668b975
405-igq-340.mktoresp.com,AVAILABILITY,domains.list,domains.list,2001-08-29 01:45:38.987943,127761e9c642bb72a668b975
405176.artb.adtelligent.com,AVAILABILITY,domains.list,domains.list,2001-08-29 01:45:39.151036,127761e9c642bb72a668b975
405176.ecrtb.adtelligent.com,AVAILABILITY,domains.list,domains.list,2001-08-29 01:45:39.312417,127761e9c642bb72a668b975
405176.eurtb.adtelligent.com,AVAILABILITY,domains.list,domains.list,2001-08-29 01:45:39.480696,127761e9c642bb72a668b975
405763861.keywordblocks.com,AVAILABILITY,domains.list,domains.list,2001-08-29 01:45:39.766594,127761e9c642bb72a668b975
406-tvz-560.mktoresp.com,AVAILABILITY,domains.list,domains.list,2001-08-29 01:45:39.931488,127761e9c642bb72a668b975
4066784.fls.doubleclick.net,AVAILABILITY,domains.list,domains.list,2001-08-29 01:45:40.098715,127761e9c642bb72a668b975
407-phq-501.mktoresp.com,AVAILABILITY,domains.list,domains.list,2001-08-29 01:45:40.259991,127761e9c642bb72a668b975
40764277.adoric-om.com,AVAILABILITY,domains.list,domains.list,2001-08-29 01:45:40.430144,127761e9c642bb72a668b975
408053.artb.adtelligent.com,AVAILABILITY,domains.list,domains.list,2001-08-29 01:45:40.600659,127761e9c642bb72a668b975
408053.ecrtb.adtelligent.com,AVAILABILITY,domains.list,domains.list,2001-08-29 01:45:40.760968,127761e9c642bb72a668b975
4080840.fls.doubleclick.net,AVAILABILITY,domains.list,domains.list,2001-08-29 01:45:40.921774,127761e9c642bb72a668b975
408292.artb.adtelligent.com,AVAILABILITY,domains.list,domains.list,2001-08-29 01:45:41.091184,127761e9c642bb72a668b975
4084400.fls.doubleclick.net,AVAILABILITY,domains.list,domains.list,2001-08-29 01:45:41.247093,127761e9c642bb72a668b975
409-bcn-480.mktoresp.com,AVAILABILITY,domains.list,domains.list,2001-08-29 01:45:41.414216,127761e9c642bb72a668b975
4090128.fls.doubleclick.net,AVAILABILITY,domains.list,domains.list,2001-08-29 01:45:41.582282,127761e9c642bb72a668b975
4090134.fls.doubleclick.net,AVAILABILITY,domains.list,domains.list,2001-08-29 01:45:41.752503,127761e9c642bb72a668b975
40937223.adoric-om.com,AVAILABILITY,domains.list,domains.list,2001-08-29 01:45:42.038786,127761e9c642bb72a668b975
40956507.adoric-om.com,AVAILABILITY,domains.list,domains.list,2001-08-29 01:45:42.198408,127761e9c642bb72a668b975
410-dob-331.mktoresp.com,AVAILABILITY,domains.list,domains.list,2001-08-29 01:45:42.356810,127761e9c642bb72a668b975
410-tua-880.mktoresp.com,AVAILABILITY,domains.list,domains.list,2001-08-29 01:45:42.516072,127761e9c642bb72a668b975
410-xav-850.mktoresp.com,AVAILABILITY,domains.list,domains.list,2001-08-29 01:45:42.687056,127761e9c642bb72a668b975
410224.ortb.adtelligent.com,AVAILABILITY,domains.list,domains.list,2001-08-29 01:45:42.857304,127761e9c642bb72a668b975
410295.ortb.adtelligent.com,AVAILABILITY,domains.list,domains.list,2001-08-29 01:45:43.029065,127761e9c642bb72a668b975
4106.xml.auxml.com,AVAILABILITY,domains.list,domains.list,2001-08-29 01:45:43.187894,127761e9c642bb72a668b975
411-mkx-040.mktoresp.com,AVAILABILITY,domains.list,domains.list,2001-08-29 01:45:43.349980,127761e9c642bb72a668b975
411-nak-970.mktoresp.com,AVAILABILITY,domains.list,domains.list,2001-08-29 01:45:43.514952,127761e9c642bb72a668b975
4111200.fls.doubleclick.net,AVAILABILITY,domains.list,domains.list,2001-08-29 01:45:43.678518,127761e9c642bb72a668b975
4112862.fls.doubleclick.net,AVAILABILITY,domains.list,domains.list,2001-08-29 01:45:43.837578,127761e9c642bb72a668b975
4114412.fls.doubleclick.net,AVAILABILITY,domains.list,domains.list,2001-08-29 01:45:44.000173,127761e9c642bb72a668b975
4114413.fls.doubleclick.net,AVAILABILITY,domains.list,domains.list,2001-08-29 01:45:44.164164,127761e9c642bb72a668b975
412536.ortb.adtelligent.com,AVAILABILITY,domains.list,domains.list,2001-08-29 01:45:44.467432,127761e9c642bb72a668b975
412539.ortb.adtelligent.com,AVAILABILITY,domains.list,domains.list,2001-08-29 01:45:44.639548,127761e9c642bb72a668b975
4129432.fls.doubleclick.net,AVAILABILITY,domains.list,domains.list,2001-08-29 01:45:44.800251,127761e9c642bb72a668b975
413-afh-460.mktoresp.com,AVAILABILITY,domains.list,domains.list,2001-08-29 01:45:45.084129,127761e9c642bb72a668b975
413-fzz-310.mktoresp.com,AVAILABILITY,domains.list,domains.list,2001-08-29 01:45:45.246365,127761e9c642bb72a668b975
413107.eurtb.adtelligent.com,AVAILABILITY,domains.list,domains.list,2001-08-29 01:45:45.399873,127761e9c642bb72a668b975
4133110.fls.doubleclick.net,AVAILABILITY,domains.list,domains.list,2001-08-29 01:45:45.558221,127761e9c642bb72a668b975
4134200.fls.doubleclick.net,AVAILABILITY,domains.list,domains.list,2001-08-29 01:45:45.721080,127761e9c642bb72a668b975
4136110.fls.doubleclick.net,AVAILABILITY,domains.list,domains.list,2001-08-29 01:45:45.883340,127761e9c642bb72a668b975
41375241.adoric-om.com,AVAILABILITY,domains.list,domains.list,2001-08-29 01:45:46.043048,127761e9c642bb72a668b975
413808761.keywordblocks.com,AVAILABILITY,domains.list,domains.list,2001-08-29 01:45:46.205568,127761e9c642bb72a668b975
4140700.fls.doubleclick.net,AVAILABILITY,domains.list,domains.list,2001-08-29 01:45:46.369556,127761e9c642bb72a668b975
414073572.keywordblocks.com,AVAILABILITY,domains.list,domains.list,2001-08-29 01:45:46.532124,127761e9c642bb72a668b975
414810.ortb.adtelligent.com,AVAILABILITY,domains.list,domains.list,2001-08-29 01:45:46.699554,127761e9c642bb72a668b975
414811.ortb.adtelligent.com,AVAILABILITY,domains.list,domains.list,2001-08-29 01:45:46.869127,127761e9c642bb72a668b975
414813.ortb.adtelligent.com,AVAILABILITY,domains.list,domains.list,2001-08-29 01:45:47.035633,127761e9c642bb72a668b975
415-tru-131.mktoresp.com,AVAILABILITY,domains.list,domains.list,2001-08-29 01:45:47.200834,127761e9c642bb72a668b975
415033.eurtb.adtelligent.com,AVAILABILITY,domains.list,domains.list,2001-08-29 01:45:47.365066,127761e9c642bb72a668b975
4150631.fls.doubleclick.net,AVAILABILITY,domains.list,domains.list,2001-08-29 01:45:47.517295,127761e9c642bb72a668b975
415120.ortb.adtelligent.com,AVAILABILITY,domains.list,domains.list,2001-08-29 01:45:47.679662,127761e9c642bb72a668b975
415592201.keywordblocks.com,AVAILABILITY,domains.list,domains.list,2001-08-29 01:45:47.839413,127761e9c642bb72a668b975
415757512.keywordblocks.com,AVAILABILITY,domains.list,domains.list,2001-08-29 01:45:48.001648,127761e9c642bb72a668b975
416-ldx-286.mktoresp.com,AVAILABILITY,domains.list,domains.list,2001-08-29 01:45:48.158938,127761e9c642bb72a668b975
416106221.keywordblocks.com,AVAILABILITY,domains.list,domains.list,2001-08-29 01:45:48.315930,127761e9c642bb72a668b975
416410.ortb.adtelligent.com,AVAILABILITY,domains.list,domains.list,2001-08-29 01:45:48.606365,127761e9c642bb72a668b975
416425.ortb.adtelligent.com,AVAILABILITY,domains.list,domains.list,2001-08-29 01:45:48.774511,127761e9c642bb72a668b975
41655245.adoric-om.com,AVAILABILITY,domains.list,domains.list,2001-08-29 01:45:48.936869,127761e9c642bb72a668b975
416593.ortb.adtelligent.com,AVAILABILITY,domains.list,domains.list,2001-08-29 01:45:49.102876,127761e9c642bb72a668b975
416787.ortb.adtelligent.com,AVAILABILITY,domains.list,domains.list,2001-08-29 01:45:49.272798,127761e9c642bb72a668b975
417-nlk-080.mktoresp.com,AVAILABILITY,domains.list,domains.list,2001-08-29 01:45:49.435645,127761e9c642bb72a668b975
417072791.keywordblocks.com,AVAILABILITY,domains.list,domains.list,2001-08-29 01:45:49.594693,127761e9c642bb72a668b975
4172200.fls.doubleclick.net,AVAILABILITY,domains.list,domains.list,2001-08-29 01:45:49.758081,127761e9c642bb72a668b975
4173271.fls.doubleclick.net,AVAILABILITY,domains.list,domains.list,2001-08-29 01:45:49.929019,127761e9c642bb72a668b975
4174592.fls.doubleclick.net,AVAILABILITY,domains.list,domains.list,2001-08-29 01:45:50.100347,127761e9c642bb72a668b975
417548.artb.adtelligent.com,AVAILABILITY,domains.list,domains.list,2001-08-29 01:45:50.270031,127761e9c642bb72a668b975
417558750.keywordblocks.com,AVAILABILITY,domains.list,domains.list,2001-08-29 01:45:50.430606,127761e9c642bb72a668b975
4176013.fls.doubleclick.net,AVAILABILITY,domains.list,domains.list,2001-08-29 01:45:50.604711,127761e9c642bb72a668b975
417757332.keywordblocks.com,AVAILABILITY,domains.list,domains.list,2001-08-29 01:45:50.766834,127761e9c642bb72a668b975
418-crp-850.mktoresp.com,AVAILABILITY,domains.list,domains.list,2001-08-29 01:45:50.922918,127761e9c642bb72a668b975
418-xee-301.mktoresp.com,AVAILABILITY,domains.list,domains.list,2001-08-29 01:45:51.088810,127761e9c642bb72a668b975
4185200.fls.doubleclick.net,AVAILABILITY,domains.list,domains.list,2001-08-29 01:45:51.261108,127761e9c642bb72a668b975
41867916.adoric-om.com,AVAILABILITY,domains.list,domains.list,2001-08-29 01:45:51.432460,127761e9c642bb72a668b975
4191263.fls.doubleclick.net,AVAILABILITY,domains.list,domains.list,2001-08-29 01:45:51.593782,127761e9c642bb72a668b975
4194100.fls.doubleclick.net,AVAILABILITY,domains.list,domains.list,2001-08-29 01:45:51.762859,127761e9c642bb72a668b975
4197153.fls.doubleclick.net,AVAILABILITY,domains.list,domains.list,2001-08-29 01:45:51.927885,127761e9c642bb72a668b975
41ac-7681-c3a8-14d9.reporo.net,AVAILABILITY,domains.list,domains.list,2001-08-29 01:45:52.088242,127761e9c642bb72a668b975
41ui8ls5xk.kameleoon.eu,AVAILABILITY,domains.list,domains.list,2001-08-29 01:45:52.249292,127761e9c642bb72a668b975
420368.ortb.adtelligent.com,AVAILABILITY,domains.list,domains.list,2001-08-29 01:45:52.546632,127761e9c642bb72a668b975
42072536.adoric-om.com,AVAILABILITY,domains.list,domains.list,2001-08-29 01:45:52.706026,127761e9c642bb72a668b975
4209400.fls.doubleclick.net,AVAILABILITY,domains.list,domains.list,2001-08-29 01:45:52.869829,127761e9c642bb72a668b975
421-lvh-831.mktoresp.com,AVAILABILITY,domains.list,domains.list,2001-08-29 01:45:53.041092,127761e9c642bb72a668b975
421126251.keywordblocks.com,AVAILABILITY,domains.list,domains.list,2001-08-29 01:45:53.204743,127761e9c642bb72a668b975
4217297.fls.doubleclick.net,AVAILABILITY,domains.list,domains.list,2001-08-29 01:45:53.368375,127761e9c642bb72a668b975
4218500.fls.doubleclick.net,AVAILABILITY,domains.list,domains.list,2001-08-29 01:45:53.538816,127761e9c642bb72a668b975
422060.ortb.adtelligent.com,AVAILABILITY,domains.list,domains.list,2001-08-29 01:45:53.703197,127761e9c642bb72a668b975
422063.ortb.adtelligent.com,AVAILABILITY,domains.list,domains.list,2001-08-29 01:45:53.865306,127761e9c642bb72a668b975
4224299.fls.doubleclick.net,AVAILABILITY,domains.list,domains.list,2001-08-29 01:45:54.025782,127761e9c642bb72a668b975
422437.artb.adtelligent.com,AVAILABILITY,domains.list,domains.list,2001-08-29 01:45:54.190290,127761e9c642bb72a668b975
422437.eurtb.adtelligent.com,AVAILABILITY,domains.list,domains.list,2001-08-29 01:45:54.354231,127761e9c642bb72a668b975
422662952.keywordblocks.com,AVAILABILITY,domains.list,domains.list,2001-08-29 01:45:54.518996,127761e9c642bb72a668b975
4228414.fls.doubleclick.net,AVAILABILITY,domains.list,domains.list,2001-08-29 01:45:54.682304,127761e9c642bb72a668b975
423-bxf-870.mktoresp.com,AVAILABILITY,domains.list,domains.list,2001-08-29 01:45:54.845476,127761e9c642bb72a668b975
423-tmu-960.mktoresp.com,AVAILABILITY,domains.list,domains.list,2001-08-29 01:45:55.007865,127761e9c642bb72a668b975
423-zbg-700.mktoresp.com,AVAILABILITY,domains.list,domains.list,2001-08-29 01:45:55.164623,127761e9c642bb72a668b975
423206983.keywordblocks.com,AVAILABILITY,domains.list,domains.list,2001-08-29 01:45:55.339684,127761e9c642bb72a668b975
423310732.keywordblocks.com,AVAILABILITY,domains.list,domains.list,2001-08-29 01:45:55.505554,127761e9c642bb72a668b975
423352.ortb.adtelligent.com,AVAILABILITY,domains.list,domains.list,2001-08-29 01:45:55.665666,127761e9c642bb72a668b975
4234560.fls.doubleclick.net,AVAILABILITY,domains.list,domains.list,2001-08-29 01:45:55.827836,127761e9c642bb72a668b975
4235520.fls.doubleclick.net,AVAILABILITY,domains.list,domains.list,2001-08-29 01:45:55.989982,127761e9c642bb72a668b975
4235921.fls.doubleclick.net,AVAILABILITY,domains.list,domains.list,2001-08-29 01:45:56.151161,127761e9c642bb72a668b975
4236808.fls.doubleclick.net,AVAILABILITY,domains.list,domains.list,2001-08-29 01:45:56.312582,127761e9c642bb72a668b975
4237110.fls.doubleclick.net,AVAILABILITY,domains.list,domains.list,2001-08-29 01:45:56.463370,127761e9c642bb72a668b975
4238400.fls.doubleclick.net,AVAILABILITY,domains.list,domains.list,2001-08-29 01:45:56.632123,127761e9c642bb72a668b975
423981.ecrtb.adtelligent.com,AVAILABILITY,domains.list,domains.list,2001-08-29 01:45:56.801756,127761e9c642bb72a668b975
423982.artb.adtelligent.com,AVAILABILITY,domains.list,domains.list,2001-08-29 01:45:56.975401,127761e9c642bb72a668b975
423982.ecrtb.adtelligent.com,AVAILABILITY,domains.list,domains.list,2001-08-29 01:45:57.152921,127761e9c642bb72a668b975
4240528.fls.doubleclick.net,AVAILABILITY,domains.list,domains.list,2001-08-29 01:45:57.327153,127761e9c642bb72a668b975
4241738.fls.doubleclick.net,AVAILABILITY,domains.list,domains.list,2001-08-29 01:45:57.499943,127761e9c642bb72a668b975
4242400.fls.doubleclick.net,AVAILABILITY,domains.list,domains.list,2001-08-29 01:45:57.673569,127761e9c642bb72a668b975
4243400.fls.doubleclick.net,AVAILABILITY,domains.list,domains.list,2001-08-29 01:45:57.840677,127761e9c642bb72a668b975
424347201.keywordblocks.com,AVAILABILITY,domains.list,domains.list,2001-08-29 01:45:58.007951,127761e9c642bb72a668b975
4244210.fls.doubleclick.net,AVAILABILITY,domains.list,domains.list,2001-08-29 01:45:58.171821,127761e9c642bb72a668b975
42444.tlnk.io,AVAILABILITY,domains.list,domains.list,2001-08-29 01:45:58.487256,127761e9c642bb72a668b975
424522332.keywordblocks.com,AVAILABILITY,domains.list,domains.list,2001-08-29 01:45:58.664150,127761e9c642bb72a668b975
4247625.fls.doubleclick.net,AVAILABILITY,domains.list,domains.list,2001-08-29 01:45:58.838170,127761e9c642bb72a668b975
4249200.fls.doubleclick.net,AVAILABILITY,domains.list,domains.list,2001-08-29 01:45:59.013480,127761e9c642bb72a668b975
42513129.adoric-om.com,AVAILABILITY,domains.list,domains.list,2001-08-29 01:45:59.178585,127761e9c642bb72a668b975
42517250.adoric-om.com,AVAILABILITY,domains.list,domains.list,2001-08-29 01:45:59.346882,127761e9c642bb72a668b975
4251883.fls.doubleclick.net,AVAILABILITY,domains.list,domains.list,2001-08-29 01:45:59.523019,127761e9c642bb72a668b975
4252637.fls.doubleclick.net,AVAILABILITY,domains.list,domains.list,2001-08-29 01:45:59.701546,127761e9c642bb72a668b975
4253210.fls.doubleclick.net,AVAILABILITY,domains.list,domains.list,2001-08-29 01:45:59.876190,127761e9c642bb72a668b975
425611.ortb.adtelligent.com,AVAILABILITY,domains.list,domains.list,2001-08-29 01:46:00.056191,127761e9c642bb72a668b975
4258548.fls.doubleclick.net,AVAILABILITY,domains.list,domains.list,2001-08-29 01:46:00.235029,127761e9c642bb72a668b975
426-qvd-114.mktoresp.com,AVAILABILITY,domains.list,domains.list,2001-08-29 01:46:00.405698,127761e9c642bb72a668b975
426-tdw-681.mktoresp.com,AVAILABILITY,domains.list,domains.list,2001-08-29 01:46:00.574647,127761e9c642bb72a668b975
4260058.fls.doubleclick.net,AVAILABILITY,domains.list,domains.list,2001-08-29 01:46:00.744006,127761e9c642bb72a668b975
426020297.keywordblocks.com,AVAILABILITY,domains.list,domains.list,2001-08-29 01:46:00.918836,127761e9c642bb72a668b975
4260700.fls.doubleclick.net,AVAILABILITY,domains.list,domains.list,2001-08-29 01:46:01.088377,127761e9c642bb72a668b975
426280721.keywordblocks.com,AVAILABILITY,domains.list,domains.list,2001-08-29 01:46:01.261831,127761e9c642bb72a668b975
4262835.fls.doubleclick.net,AVAILABILITY,domains.list,domains.list,2001-08-29 01:46:01.433005,127761e9c642bb72a668b975
4264000.fls.doubleclick.net,AVAILABILITY,domains.list,domains.list,2001-08-29 01:46:01.606258,127761e9c642bb72a668b975
426567241.keywordblocks.com,AVAILABILITY,domains.list,domains.list,2001-08-29 01:46:01.773668,127761e9c642bb72a668b975
4265900.fls.doubleclick.net,AVAILABILITY,domains.list,domains.list,2001-08-29 01:46:01.949056,127761e9c642bb72a668b975
4270200.fls.doubleclick.net,AVAILABILITY,domains.list,domains.list,2001-08-29 01:46:02.241774,127761e9c642bb72a668b975
4270713.fls.doubleclick.net,AVAILABILITY,domains.list,domains.list,2001-08-29 01:46:02.407776,127761e9c642bb72a668b975
4270844.fls.doubleclick.net,AVAILABILITY,domains.list,domains.list,2001-08-29 01:46:02.579842,127761e9c642bb72a668b975
42740729.adoric-om.com,AVAILABILITY,domains.list,domains.list,2001-08-29 01:46:02.750866,127761e9c642bb72a668b975
42777217.adoric-om.com,AVAILABILITY,domains.list,domains.list,2001-08-29 01:46:02.913951,127761e9c642bb72a668b975
4278650.fls.doubleclick.net,AVAILABILITY,domains.list,domains.list,2001-08-29 01:46:03.089911,127761e9c642bb72a668b975
4279300.fls.doubleclick.net,AVAILABILITY,domains.list,domains.list,2001-08-29 01:46:03.260646,127761e9c642bb72a668b975
42824250.adoric-om.com,AVAILABILITY,domains.list,domains.list,2001-08-29 01:46:03.427365,127761e9c642bb72a668b975
428268562.keywordblocks.com,AVAILABILITY,domains.list,domains.list,2001-08-29 01:46:03.593675,127761e9c642bb72a668b975
4284300.fls.doubleclick.net,AVAILABILITY,domains.list,domains.list,2001-08-29 01:46:03.758833,127761e9c642bb72a668b975
4286137.fls.doubleclick.net,AVAILABILITY,domains.list,domains.list,2001-08-29 01:46:03.931850,127761e9c642bb72a668b975
428975.ortb.adtelligent.com,AVAILABILITY,domains.list,domains.list,2001-08-29 01:46:04.094859,127761e9c642bb72a668b975
429055122.keywordblocks.com,AVAILABILITY,domains.list,domains.list,2001-08-29 01:46:04.260076,127761e9c642bb72a668b975
42916498.adoric-om.com,AVAILABILITY,domains.list,domains.list,2001-08-29 01:46:04.423593,127761e9c642bb72a668b975
429374912.keywordblocks.com,AVAILABILITY,domains.list,domains.list,2001-08-29 01:46:04.589528,127761e9c642bb72a668b975
4294488.fls.doubleclick.net,AVAILABILITY,domains.list,domains.list,2001-08-29 01:46:04.749270,127761e9c642bb72a668b975
429661571.keywordblocks.com,AVAILABILITY,domains.list,domains.list,2001-08-29 01:46:04.910298,127761e9c642bb72a668b975
429993012.keywordblocks.com,AVAILABILITY,domains.list,domains.list,2001-08-29 01:46:05.069048,127761e9c642bb72a668b975
42fb-95db-52f4-3275.reporo.net,AVAILABILITY,domains.list,domains.list,2001-08-29 01:46:05.244107,127761e9c642bb72a668b975
430-pbm-360.mktoresp.com,AVAILABILITY,domains.list,domains.list,2001-08-29 01:46:05.408869,127761e9c642bb72a668b975
4300794.fls.doubleclick.net,AVAILABILITY,domains.list,domains.list,2001-08-29 01:46:05.567950,127761e9c642bb72a668b975
4303900.fls.doubleclick.net,AVAILABILITY,domains.list,domains.list,2001-08-29 01:46:05.728435,127761e9c642bb72a668b975
430467571.keywordblocks.com,AVAILABILITY,domains.list,domains.list,2001-08-29 01:46:05.886332,127761e9c642bb72a668b975
4305660.fls.doubleclick.net,AVAILABILITY,domains.list,domains.list,2001-08-29 01:46:06.039614,127761e9c642bb72a668b975
430871442.keywordblocks.com,AVAILABILITY,domains.list,domains.list,2001-08-29 01:46:06.203237,127761e9c642bb72a668b975
431017.artb.adtelligent.com,AVAILABILITY,domains.list,domains.list,2001-08-29 01:46:06.360403,127761e9c642bb72a668b975
4313-131c-60b9-ddbd.reporo.net,AVAILABILITY,domains.list,domains.list,2001-08-29 01:46:06.525003,127761e9c642bb72a668b975
4314031.fls.doubleclick.net,AVAILABILITY,domains.list,domains.list,2001-08-29 01:46:06.690568,127761e9c642bb72a668b975
43174438.adoric-om.com,AVAILABILITY,domains.list,domains.list,2001-08-29 01:46:06.855696,127761e9c642bb72a668b975
4318015.fls.doubleclick.net,AVAILABILITY,domains.list,domains.list,2001-08-29 01:46:07.022472,127761e9c642bb72a668b975
432-kyj-480.mktoresp.com,AVAILABILITY,domains.list,domains.list,2001-08-29 01:46:07.182865,127761e9c642bb72a668b975
4324895.fls.doubleclick.net,AVAILABILITY,domains.list,domains.list,2001-08-29 01:46:07.349355,127761e9c642bb72a668b975
432701852.keywordblocks.com,AVAILABILITY,domains.list,domains.list,2001-08-29 01:46:07.516115,127761e9c642bb72a668b975
4328110.fls.doubleclick.net,AVAILABILITY,domains.list,domains.list,2001-08-29 01:46:07.676219,127761e9c642bb72a668b975
432825806.search.media.net,AVAILABILITY,domains.list,domains.list,2001-08-29 01:46:07.845148,127761e9c642bb72a668b975
433-oeo-111.mktoresp.com,AVAILABILITY,domains.list,domains.list,2001-08-29 01:46:08.020745,127761e9c642bb72a668b975
433-vpy-330.mktoresp.com,AVAILABILITY,domains.list,domains.list,2001-08-29 01:46:08.189761,127761e9c642bb72a668b975
4331200.fls.doubleclick.net,AVAILABILITY,domains.list,domains.list,2001-08-29 01:46:08.360839,127761e9c642bb72a668b975
4332500.fls.doubleclick.net,AVAILABILITY,domains.list,domains.list,2001-08-29 01:46:08.531331,127761e9c642bb72a668b975
4333600.fls.doubleclick.net,AVAILABILITY,domains.list,domains.list,2001-08-29 01:46:08.703664,127761e9c642bb72a668b975
4338601.fls.doubleclick.net,AVAILABILITY,domains.list,domains.list,2001-08-29 01:46:08.878315,127761e9c642bb72a668b975
4338650.fls.doubleclick.net,AVAILABILITY,domains.list,domains.list,2001-08-29 01:46:09.055600,127761e9c642bb72a668b975
4338867.fls.doubleclick.net,AVAILABILITY,domains.list,domains.list,2001-08-29 01:46:09.225815,127761e9c642bb72a668b975
4339508.fls.doubleclick.net,AVAILABILITY,domains.list,domains.list,2001-08-29 01:46:09.400914,127761e9c642bb72a668b975
43407183.adoric-om.com,AVAILABILITY,domains.list,domains.list,2001-08-29 01:46:09.576686,127761e9c642bb72a668b975
4341260.fls.doubleclick.net,AVAILABILITY,domains.list,domains.list,2001-08-29 01:46:09.747371,127761e9c642bb72a668b975
4341885.fls.doubleclick.net,AVAILABILITY,domains.list,domains.list,2001-08-29 01:46:09.913398,127761e9c642bb72a668b975
434248.ortb.adtelligent.com,AVAILABILITY,domains.list,domains.list,2001-08-29 01:46:10.079908,127761e9c642bb72a668b975
4343110.fls.doubleclick.net,AVAILABILITY,domains.list,domains.list,2001-08-29 01:46:10.253174,127761e9c642bb72a668b975
434342680.keywordblocks.com,AVAILABILITY,domains.list,domains.list,2001-08-29 01:46:10.423390,127761e9c642bb72a668b975
4343677.fls.doubleclick.net,AVAILABILITY,domains.list,domains.list,2001-08-29 01:46:10.596961,127761e9c642bb72a668b975
4344700.fls.doubleclick.net,AVAILABILITY,domains.list,domains.list,2001-08-29 01:46:10.768613,127761e9c642bb72a668b975
4344900.fls.doubleclick.net,AVAILABILITY,domains.list,domains.list,2001-08-29 01:46:10.942011,127761e9c642bb72a668b975
4345210.fls.doubleclick.net,AVAILABILITY,domains.list,domains.list,2001-08-29 01:46:11.105052,127761e9c642bb72a668b975
43464556.adoric-om.com,AVAILABILITY,domains.list,domains.list,2001-08-29 01:46:11.273173,127761e9c642bb72a668b975
434816911.keywordblocks.com,AVAILABILITY,domains.list,domains.list,2001-08-29 01:46:11.443980,127761e9c642bb72a668b975
434817352.keywordblocks.com,AVAILABILITY,domains.list,domains.list,2001-08-29 01:46:11.619592,127761e9c642bb72a668b975
4349212.fls.doubleclick.net,AVAILABILITY,domains.list,domains.list,2001-08-29 01:46:11.794816,127761e9c642bb72a668b975
4349601.fls.doubleclick.net,AVAILABILITY,domains.list,domains.list,2001-08-29 01:46:11.967092,127761e9c642bb72a668b975
4351288.fls.doubleclick.net,AVAILABILITY,domains.list,domains.list,2001-08-29 01:46:12.137271,127761e9c642bb72a668b975
4351555.fls.doubleclick.net,AVAILABILITY,domains.list,domains.list,2001-08-29 01:46:12.311300,127761e9c642bb72a668b975
4353010.fls.doubleclick.net,AVAILABILITY,domains.list,domains.list,2001-08-29 01:46:12.480713,127761e9c642bb72a668b975
4354332.fls.doubleclick.net,AVAILABILITY,domains.list,domains.list,2001-08-29 01:46:12.653994,127761e9c642bb72a668b975
4355326.fls.doubleclick.net,AVAILABILITY,domains.list,domains.list,2001-08-29 01:46:12.824536,127761e9c642bb72a668b975
4355700.fls.doubleclick.net,AVAILABILITY,domains.list,domains.list,2001-08-29 01:46:12.995316,127761e9c642bb72a668b975
4355900.fls.doubleclick.net,AVAILABILITY,domains.list,domains.list,2001-08-29 01:46:13.162808,127761e9c642bb72a668b975
4357925.fls.doubleclick.net,AVAILABILITY,domains.list,domains.list,2001-08-29 01:46:13.335684,127761e9c642bb72a668b975
4359110.fls.doubleclick.net,AVAILABILITY,domains.list,domains.list,2001-08-29 01:46:13.512172,127761e9c642bb72a668b975
4361210.fls.doubleclick.net,AVAILABILITY,domains.list,domains.list,2001-08-29 01:46:13.692582,127761e9c642bb72a668b975
4361691.fls.doubleclick.net,AVAILABILITY,domains.list,domains.list,2001-08-29 01:46:13.869012,127761e9c642bb72a668b975
4361800.fls.doubleclick.net,AVAILABILITY,domains.list,domains.list,2001-08-29 01:46:14.044977,127761e9c642bb72a668b975
436225220.keywordblocks.com,AVAILABILITY,domains.list,domains.list,2001-08-29 01:46:14.219866,127761e9c642bb72a668b975
436281632.keywordblocks.com,AVAILABILITY,domains.list,domains.list,2001-08-29 01:46:14.391245,127761e9c642bb72a668b975
4363210.fls.doubleclick.net,AVAILABILITY,domains.list,domains.list,2001-08-29 01:46:14.567384,127761e9c642bb72a668b975
4366754.fls.doubleclick.net,AVAILABILITY,domains.list,domains.list,2001-08-29 01:46:14.740275,127761e9c642bb72a668b975
4368391.fls.doubleclick.net,AVAILABILITY,domains.list,domains.list,2001-08-29 01:46:14.911874,127761e9c642bb72a668b975
4368500.fls.doubleclick.net,AVAILABILITY,domains.list,domains.list,2001-08-29 01:46:15.079145,127761e9c642bb72a668b975
437137435.keywordblocks.com,AVAILABILITY,domains.list,domains.list,2001-08-29 01:46:15.252990,127761e9c642bb72a668b975
4371893.fls.doubleclick.net,AVAILABILITY,domains.list,domains.list,2001-08-29 01:46:15.422671,127761e9c642bb72a668b975
4372546.fls.doubleclick.net,AVAILABILITY,domains.list,domains.list,2001-08-29 01:46:15.591945,127761e9c642bb72a668b975
437287270.keywordblocks.com,AVAILABILITY,domains.list,domains.list,2001-08-29 01:46:15.764859,127761e9c642bb72a668b975
4375900.fls.doubleclick.net,AVAILABILITY,domains.list,domains.list,2001-08-29 01:46:15.945093,127761e9c642bb72a668b975
437769.ortb.adtelligent.com,AVAILABILITY,domains.list,domains.list,2001-08-29 01:46:16.125152,127761e9c642bb72a668b975
4378683.fls.doubleclick.net,AVAILABILITY,domains.list,domains.list,2001-08-29 01:46:16.303994,127761e9c642bb72a668b975
438059628.keywordblocks.com,AVAILABILITY,domains.list,domains.list,2001-08-29 01:46:16.479016,127761e9c642bb72a668b975
4381600.fls.doubleclick.net,AVAILABILITY,domains.list,domains.list,2001-08-29 01:46:16.651725,127761e9c642bb72a668b975
4382365.fls.doubleclick.net,AVAILABILITY,domains.list,domains.list,2001-08-29 01:46:16.822828,127761e9c642bb72a668b975
4382651.fls.doubleclick.net,AVAILABILITY,domains.list,domains.list,2001-08-29 01:46:16.996716,127761e9c642bb72a668b975
4385400.fls.doubleclick.net,AVAILABILITY,domains.list,domains.list,2001-08-29 01:46:17.168424,127761e9c642bb72a668b975
4386585.fls.doubleclick.net,AVAILABILITY,domains.list,domains.list,2001-08-29 01:46:17.337744,127761e9c642bb72a668b975
438803552.keywordblocks.com,AVAILABILITY,domains.list,domains.list,2001-08-29 01:46:17.498024,127761e9c642bb72a668b975
438901212.keywordblocks.com,AVAILABILITY,domains.list,domains.list,2001-08-29 01:46:17.665564,127761e9c642bb72a668b975
4389371.fls.doubleclick.net,AVAILABILITY,domains.list,domains.list,2001-08-29 01:46:17.831038,127761e9c642bb72a668b975
439-esm-690.mktoresp.com,AVAILABILITY,domains.list,domains.list,2001-08-29 01:46:17.989789,127761e9c642bb72a668b975
4390419.fls.doubleclick.net,AVAILABILITY,domains.list,domains.list,2001-08-29 01:46:18.151757,127761e9c642bb72a668b975
4390425.fls.doubleclick.net,AVAILABILITY,domains.list,domains.list,2001-08-29 01:46:18.307393,127761e9c642bb72a668b975
4393010.fls.doubleclick.net,AVAILABILITY,domains.list,domains.list,2001-08-29 01:46:18.474782,127761e9c642bb72a668b975
439549.ortb.adtelligent.com,AVAILABILITY,domains.list,domains.list,2001-08-29 01:46:18.636077,127761e9c642bb72a668b975
439551611.keywordblocks.com,AVAILABILITY,domains.list,domains.list,2001-08-29 01:46:18.798034,127761e9c642bb72a668b975
4395525.fls.doubleclick.net,AVAILABILITY,domains.list,domains.list,2001-08-29 01:46:18.962751,127761e9c642bb72a668b975
439604.adoric-om.com,AVAILABILITY,domains.list,domains.list,2001-08-29 01:46:19.132757,127761e9c642bb72a668b975
4397257.fls.doubleclick.net,AVAILABILITY,domains.list,domains.list,2001-08-29 01:46:19.300231,127761e9c642bb72a668b975
4399660.fls.doubleclick.net,AVAILABILITY,domains.list,domains.list,2001-08-29 01:46:19.461343,127761e9c642bb72a668b975
4399750608.log.optimizely.com,AVAILABILITY,domains.list,domains.list,2001-08-29 01:46:19.621379,127761e9c642bb72a668b975
43evnxa1v4.kameleoon.eu,AVAILABILITY,domains.list,domains.list,2001-08-29 01:46:19.787368,127761e9c642bb72a668b975
440-mmo-190.mktoresp.com,AVAILABILITY,domains.list,domains.list,2001-08-29 01:46:19.952050,127761e9c642bb72a668b975
440-mpq-510.mktoresp.com,AVAILABILITY,domains.list,domains.list,2001-08-29 01:46:20.120553,127761e9c642bb72a668b975
440053.ortb.adtelligent.com,AVAILABILITY,domains.list,domains.list,2001-08-29 01:46:20.292969,127761e9c642bb72a668b975
4401979.fls.doubleclick.net,AVAILABILITY,domains.list,domains.list,2001-08-29 01:46:20.463760,127761e9c642bb72a668b975
440458.artb.adtelligent.com,AVAILABILITY,domains.list,domains.list,2001-08-29 01:46:20.630587,127761e9c642bb72a668b975
4405500.fls.doubleclick.net,AVAILABILITY,domains.list,domains.list,2001-08-29 01:46:20.797519,127761e9c642bb72a668b975
4406634.fls.doubleclick.net,AVAILABILITY,domains.list,domains.list,2001-08-29 01:46:20.972088,127761e9c642bb72a668b975
4407078.fls.doubleclick.net,AVAILABILITY,domains.list,domains.list,2001-08-29 01:46:21.146026,127761e9c642bb72a668b975
440870.ortb.adtelligent.com,AVAILABILITY,domains.list,domains.list,2001-08-29 01:46:21.322869,127761e9c642bb72a668b975
4410-76a0-3a9c-474a.reporo.net,AVAILABILITY,domains.list,domains.list,2001-08-29 01:46:21.503182,127761e9c642bb72a668b975
441819.ortb.adtelligent.com,AVAILABILITY,domains.list,domains.list,2001-08-29 01:46:21.680974,127761e9c642bb72a668b975
4419639.fls.doubleclick.net,AVAILABILITY,domains.list,domains.list,2001-08-29 01:46:21.859130,127761e9c642bb72a668b975
442-fqh-411.mktoresp.com,AVAILABILITY,domains.list,domains.list,2001-08-29 01:46:22.040486,127761e9c642bb72a668b975
442192460.keywordblocks.com,AVAILABILITY,domains.list,domains.list,2001-08-29 01:46:22.218464,127761e9c642bb72a668b975
442834668.keywordblocks.com,AVAILABILITY,domains.list,domains.list,2001-08-29 01:46:22.386601,127761e9c642bb72a668b975
4433210.fls.doubleclick.net,AVAILABILITY,domains.list,domains.list,2001-08-29 01:46:22.559892,127761e9c642bb72a668b975
4433810.fls.doubleclick.net,AVAILABILITY,domains.list,domains.list,2001-08-29 01:46:22.728751,127761e9c642bb72a668b975
443545.ortb.adtelligent.com,AVAILABILITY,domains.list,domains.list,2001-08-29 01:46:22.889555,127761e9c642bb72a668b975
4436010.fls.doubleclick.net,AVAILABILITY,domains.list,domains.list,2001-08-29 01:46:23.054658,127761e9c642bb72a668b975
4436230.fls.doubleclick.net,AVAILABILITY,domains.list,domains.list,2001-08-29 01:46:23.230924,127761e9c642bb72a668b975
4436460.fls.doubleclick.net,AVAILABILITY,domains.list,domains.list,2001-08-29 01:46:23.401944,127761e9c642bb72a668b975
4436961.fls.doubleclick.net,AVAILABILITY,domains.list,domains.list,2001-08-29 01:46:23.571450,127761e9c642bb72a668b975
443956.ortb.adtelligent.com,AVAILABILITY,domains.list,domains.list,2001-08-29 01:46:23.741415,127761e9c642bb72a668b975
4440623.fls.doubleclick.net,AVAILABILITY,domains.list,domains.list,2001-08-29 01:46:23.918875,127761e9c642bb72a668b975
4441322.fls.doubleclick.net,AVAILABILITY,domains.list,domains.list,2001-08-29 01:46:24.084055,127761e9c642bb72a668b975
4441747.fls.doubleclick.net,AVAILABILITY,domains.list,domains.list,2001-08-29 01:46:24.250442,127761e9c642bb72a668b975
444368862.keywordblocks.com,AVAILABILITY,domains.list,domains.list,2001-08-29 01:46:24.418792,127761e9c642bb72a668b975
4445198.fls.doubleclick.net,AVAILABILITY,domains.list,domains.list,2001-08-29 01:46:24.593008,127761e9c642bb72a668b975
4447479.fls.doubleclick.net,AVAILABILITY,domains.list,domains.list,2001-08-29 01:46:24.766120,127761e9c642bb72a668b975
4447607.fls.doubleclick.net,AVAILABILITY,domains.list,domains.list,2001-08-29 01:46:24.935572,127761e9c642bb72a668b975
4448325.fls.doubleclick.net,AVAILABILITY,domains.list,domains.list,2001-08-29 01:46:25.103031,127761e9c642bb72a668b975
4448631.fls.doubleclick.net,AVAILABILITY,domains.list,domains.list,2001-08-29 01:46:25.269965,127761e9c642bb72a668b975
444877.artb.adtelligent.com,AVAILABILITY,domains.list,domains.list,2001-08-29 01:46:25.438461,127761e9c642bb72a668b975
445-vta-460.mktoresp.com,AVAILABILITY,domains.list,domains.list,2001-08-29 01:46:25.604128,127761e9c642bb72a668b975
4450000.fls.doubleclick.net,AVAILABILITY,domains.list,domains.list,2001-08-29 01:46:25.766851,127761e9c642bb72a668b975
4454367.fls.doubleclick.net,AVAILABILITY,domains.list,domains.list,2001-08-29 01:46:25.930544,127761e9c642bb72a668b975
4457442.fls.doubleclick.net,AVAILABILITY,domains.list,domains.list,2001-08-29 01:46:26.098524,127761e9c642bb72a668b975
4458400.fls.doubleclick.net,AVAILABILITY,domains.list,domains.list,2001-08-29 01:46:26.262665,127761e9c642bb72a668b975
446-ref-821.mktoresp.com,AVAILABILITY,domains.list,domains.list,2001-08-29 01:46:26.421790,127761e9c642bb72a668b975
4461178.fls.doubleclick.net,AVAILABILITY,domains.list,domains.list,2001-08-29 01:46:26.584968,127761e9c642bb72a668b975
446662684.keywordblocks.com,AVAILABILITY,domains.list,domains.list,2001-08-29 01:46:26.757150,127761e9c642bb72a668b975
447318941.keywordblocks.com,AVAILABILITY,domains.list,domains.list,2001-08-29 01:46:26.922414,127761e9c642bb72a668b975
4476039.fls.doubleclick.net,AVAILABILITY,domains.list,domains.list,2001-08-29 01:46:27.095003,127761e9c642bb72a668b975
4476222.fls.doubleclick.net,AVAILABILITY,domains.list,domains.list,2001-08-29 01:46:27.258752,127761e9c642bb72a668b975
4476300.fls.doubleclick.net,AVAILABILITY,domains.list,domains.list,2001-08-29 01:46:27.420444,127761e9c642bb72a668b975
4476931.fls.doubleclick.net,AVAILABILITY,domains.list,domains.list,2001-08-29 01:46:27.586412,127761e9c642bb72a668b975
4479443.fls.doubleclick.net,AVAILABILITY,domains.list,domains.list,2001-08-29 01:46:27.757166,127761e9c642bb72a668b975
4479628.fls.doubleclick.net,AVAILABILITY,domains.list,domains.list,2001-08-29 01:46:27.921820,127761e9c642bb72a668b975
4479830.fls.doubleclick.net,AVAILABILITY,domains.list,domains.list,2001-08-29 01:46:28.087507,127761e9c642bb72a668b975
4480400.fls.doubleclick.net,AVAILABILITY,domains.list,domains.list,2001-08-29 01:46:28.252926,127761e9c642bb72a668b975
448049372.keywordblocks.com,AVAILABILITY,domains.list,domains.list,2001-08-29 01:46:28.421090,127761e9c642bb72a668b975
4481714.fls.doubleclick.net,AVAILABILITY,domains.list,domains.list,2001-08-29 01:46:28.587262,127761e9c642bb72a668b975
4483900.fls.doubleclick.net,AVAILABILITY,domains.list,domains.list,2001-08-29 01:46:28.751142,127761e9c642bb72a668b975
448460.ortb.adtelligent.com,AVAILABILITY,domains.list,domains.list,2001-08-29 01:46:28.914064,127761e9c642bb72a668b975
4485535.fls.doubleclick.net,AVAILABILITY,domains.list,domains.list,2001-08-29 01:46:29.084635,127761e9c642bb72a668b975
4489465.fls.doubleclick.net,AVAILABILITY,domains.list,domains.list,2001-08-29 01:46:29.251409,127761e9c642bb72a668b975
449-epe-920.mktoresp.com,AVAILABILITY,domains.list,domains.list,2001-08-29 01:46:29.414793,127761e9c642bb72a668b975
4491013.fls.doubleclick.net,AVAILABILITY,domains.list,domains.list,2001-08-29 01:46:29.576485,127761e9c642bb72a668b975
449226.artb.adtelligent.com,AVAILABILITY,domains.list,domains.list,2001-08-29 01:46:29.736198,127761e9c642bb72a668b975
4493210.fls.doubleclick.net,AVAILABILITY,domains.list,domains.list,2001-08-29 01:46:29.894620,127761e9c642bb72a668b975
4494250.fls.doubleclick.net,AVAILABILITY,domains.list,domains.list,2001-08-29 01:46:30.057168,127761e9c642bb72a668b975
4494336.fls.doubleclick.net,AVAILABILITY,domains.list,domains.list,2001-08-29 01:46:30.225517,127761e9c642bb72a668b975
4497392.fls.doubleclick.net,AVAILABILITY,domains.list,domains.list,2001-08-29 01:46:30.387093,127761e9c642bb72a668b975
4497791.fls.doubleclick.net,AVAILABILITY,domains.list,domains.list,2001-08-29 01:46:30.546637,127761e9c642bb72a668b975
4498436.fls.doubleclick.net,AVAILABILITY,domains.list,domains.list,2001-08-29 01:46:30.699200,127761e9c642bb72a668b975
4498695.fls.doubleclick.net,AVAILABILITY,domains.list,domains.list,2001-08-29 01:46:30.862539,127761e9c642bb72a668b975
44ef-663e-5077-5510.reporo.net,AVAILABILITY,domains.list,domains.list,2001-08-29 01:46:31.163110,127761e9c642bb72a668b975
44qu7xqutz.kameleoon.eu,AVAILABILITY,domains.list,domains.list,2001-08-29 01:46:31.334115,127761e9c642bb72a668b975
45.news-subscribe.com,AVAILABILITY,domains.list,domains.list,2001-08-29 01:46:31.498441,127761e9c642bb72a668b975
4503607.fls.doubleclick.net,AVAILABILITY,domains.list,domains.list,2001-08-29 01:46:31.668647,127761e9c642bb72a668b975
450400.fls.doubleclick.net,AVAILABILITY,domains.list,domains.list,2001-08-29 01:46:31.834815,127761e9c642bb72a668b975
4504662.fls.doubleclick.net,AVAILABILITY,domains.list,domains.list,2001-08-29 01:46:32.004963,127761e9c642bb72a668b975
4504967.fls.doubleclick.net,AVAILABILITY,domains.list,domains.list,2001-08-29 01:46:32.167741,127761e9c642bb72a668b975
451-obt-016.mktoresp.com,AVAILABILITY,domains.list,domains.list,2001-08-29 01:46:32.329078,127761e9c642bb72a668b975
451-vco-390.mktoresp.com,AVAILABILITY,domains.list,domains.list,2001-08-29 01:46:32.490923,127761e9c642bb72a668b975
451.smaato.net,AVAILABILITY,domains.list,domains.list,2001-08-29 01:46:32.659882,127761e9c642bb72a668b975
4510300.fls.doubleclick.net,AVAILABILITY,domains.list,domains.list,2001-08-29 01:46:32.833634,127761e9c642bb72a668b975
4514783.fls.doubleclick.net,AVAILABILITY,domains.list,domains.list,2001-08-29 01:46:33.005925,127761e9c642bb72a668b975
4515100.fls.doubleclick.net,AVAILABILITY,domains.list,domains.list,2001-08-29 01:46:33.182909,127761e9c642bb72a668b975
4515719.fls.doubleclick.net,AVAILABILITY,domains.list,domains.list,2001-08-29 01:46:33.348511,127761e9c642bb72a668b975
4515800.fls.doubleclick.net,AVAILABILITY,domains.list,domains.list,2001-08-29 01:46:33.516816,127761e9c642bb72a668b975
4516568.fls.doubleclick.net,AVAILABILITY,domains.list,domains.list,2001-08-29 01:46:33.679917,127761e9c642bb72a668b975
4517792.fls.doubleclick.net,AVAILABILITY,domains.list,domains.list,2001-08-29 01:46:33.842918,127761e9c642bb72a668b975
451f-c2fc-4c08-b78b.reporo.net,AVAILABILITY,domains.list,domains.list,2001-08-29 01:46:34.013249,127761e9c642bb72a668b975
452-apv-510.mktoresp.com,AVAILABILITY,domains.list,domains.list,2001-08-29 01:46:34.179959,127761e9c642bb72a668b975
4520784.fls.doubleclick.net,AVAILABILITY,domains.list,domains.list,2001-08-29 01:46:34.348681,127761e9c642bb72a668b975
4529201.fls.doubleclick.net,AVAILABILITY,domains.list,domains.list,2001-08-29 01:46:34.512665,127761e9c642bb72a668b975
453-ydf-521.mktoresp.com,AVAILABILITY,domains.list,domains.list,2001-08-29 01:46:34.680944,127761e9c642bb72a668b975
4532300.fls.doubleclick.net,AVAILABILITY,domains.list,domains.list,2001-08-29 01:46:34.847558,127761e9c642bb72a668b975
4532394.fls.doubleclick.net,AVAILABILITY,domains.list,domains.list,2001-08-29 01:46:35.009538,127761e9c642bb72a668b975
4532500.fls.doubleclick.net,AVAILABILITY,domains.list,domains.list,2001-08-29 01:46:35.176298,127761e9c642bb72a668b975
453425.ortb.adtelligent.com,AVAILABILITY,domains.list,domains.list,2001-08-29 01:46:35.348042,127761e9c642bb72a668b975
453534787.keywordblocks.com,AVAILABILITY,domains.list,domains.list,2001-08-29 01:46:35.512881,127761e9c642bb72a668b975
45400317.adoric-om.com,AVAILABILITY,domains.list,domains.list,2001-08-29 01:46:35.672291,127761e9c642bb72a668b975
454488764.keywordblocks.com,AVAILABILITY,domains.list,domains.list,2001-08-29 01:46:35.830826,127761e9c642bb72a668b975
454544821.keywordblocks.com,AVAILABILITY,domains.list,domains.list,2001-08-29 01:46:35.990619,127761e9c642bb72a668b975
454971481.keywordblocks.com,AVAILABILITY,domains.list,domains.list,2001-08-29 01:46:36.159860,127761e9c642bb72a668b975
455-nhf-420.mktoresp.com,AVAILABILITY,domains.list,domains.list,2001-08-29 01:46:36.326396,127761e9c642bb72a668b975
455196322.keywordblocks.com,AVAILABILITY,domains.list,domains.list,2001-08-29 01:46:36.494763,127761e9c642bb72a668b975
4554300.fls.doubleclick.net,AVAILABILITY,domains.list,domains.list,2001-08-29 01:46:36.665375,127761e9c642bb72a668b975
4555900.fls.doubleclick.net,AVAILABILITY,domains.list,domains.list,2001-08-29 01:46:36.838537,127761e9c642bb72a668b975
4557406.fls.doubleclick.net,AVAILABILITY,domains.list,domains.list,2001-08-29 01:46:37.005756,127761e9c642bb72a668b975
4558100.fls.doubleclick.net,AVAILABILITY,domains.list,domains.list,2001-08-29 01:46:37.169734,127761e9c642bb72a668b975
4558200.fls.doubleclick.net,AVAILABILITY,domains.list,domains.list,2001-08-29 01:46:37.337291,127761e9c642bb72a668b975
4558700.fls.doubleclick.net,AVAILABILITY,domains.list,domains.list,2001-08-29 01:46:37.509309,127761e9c642bb72a668b975
4559200.fls.doubleclick.net,AVAILABILITY,domains.list,domains.list,2001-08-29 01:46:37.671976,127761e9c642bb72a668b975
456-qch-520.mktoresp.com,AVAILABILITY,domains.list,domains.list,2001-08-29 01:46:37.844837,127761e9c642bb72a668b975
4560200.fls.doubleclick.net,AVAILABILITY,domains.list,domains.list,2001-08-29 01:46:38.017762,127761e9c642bb72a668b975
4561500.fls.doubleclick.net,AVAILABILITY,domains.list,domains.list,2001-08-29 01:46:38.182424,127761e9c642bb72a668b975
4562600.fls.doubleclick.net,AVAILABILITY,domains.list,domains.list,2001-08-29 01:46:38.354002,127761e9c642bb72a668b975
456357631.keywordblocks.com,AVAILABILITY,domains.list,domains.list,2001-08-29 01:46:38.520831,127761e9c642bb72a668b975
456736661.keywordblocks.com,AVAILABILITY,domains.list,domains.list,2001-08-29 01:46:38.687966,127761e9c642bb72a668b975
4569000.fls.doubleclick.net,AVAILABILITY,domains.list,domains.list,2001-08-29 01:46:38.855718,127761e9c642bb72a668b975
4569010.fls.doubleclick.net,AVAILABILITY,domains.list,domains.list,2001-08-29 01:46:39.021913,127761e9c642bb72a668b975
4569038.fls.doubleclick.net,AVAILABILITY,domains.list,domains.list,2001-08-29 01:46:39.193430,127761e9c642bb72a668b975
4573800.fls.doubleclick.net,AVAILABILITY,domains.list,domains.list,2001-08-29 01:46:39.372125,127761e9c642bb72a668b975
4575400.fls.doubleclick.net,AVAILABILITY,domains.list,domains.list,2001-08-29 01:46:39.538939,127761e9c642bb72a668b975
4575664.fls.doubleclick.net,AVAILABILITY,domains.list,domains.list,2001-08-29 01:46:39.705384,127761e9c642bb72a668b975
4578500.fls.doubleclick.net,AVAILABILITY,domains.list,domains.list,2001-08-29 01:46:39.874253,127761e9c642bb72a668b975
45786368.adoric-om.com,AVAILABILITY,domains.list,domains.list,2001-08-29 01:46:40.035793,127761e9c642bb72a668b975
458538611.keywordblocks.com,AVAILABILITY,domains.list,domains.list,2001-08-29 01:46:40.196959,127761e9c642bb72a668b975
4587320.fls.doubleclick.net,AVAILABILITY,domains.list,domains.list,2001-08-29 01:46:40.502728,127761e9c642bb72a668b975
4587700.fls.doubleclick.net,AVAILABILITY,domains.list,domains.list,2001-08-29 01:46:40.674655,127761e9c642bb72a668b975
458938.ortb.adtelligent.com,AVAILABILITY,domains.list,domains.list,2001-08-29 01:46:40.832811,127761e9c642bb72a668b975
459174481.keywordblocks.com,AVAILABILITY,domains.list,domains.list,2001-08-29 01:46:41.004543,127761e9c642bb72a668b975
4593300.fls.doubleclick.net,AVAILABILITY,domains.list,domains.list,2001-08-29 01:46:41.172857,127761e9c642bb72a668b975
4593563.fls.doubleclick.net,AVAILABILITY,domains.list,domains.list,2001-08-29 01:46:41.343277,127761e9c642bb72a668b975
459505.ortb.adtelligent.com,AVAILABILITY,domains.list,domains.list,2001-08-29 01:46:41.519492,127761e9c642bb72a668b975
45972375.adoric-om.com,AVAILABILITY,domains.list,domains.list,2001-08-29 01:46:41.691807,127761e9c642bb72a668b975
4598379.fls.doubleclick.net,AVAILABILITY,domains.list,domains.list,2001-08-29 01:46:41.864115,127761e9c642bb72a668b975
4599367.fls.doubleclick.net,AVAILABILITY,domains.list,domains.list,2001-08-29 01:46:42.028504,127761e9c642bb72a668b975
45eijvhgj2.com,AVAILABILITY,domains.list,domains.list,2001-08-29 01:46:42.198361,127761e9c642bb72a668b975
460-oun-120.mktoresp.com,AVAILABILITY,domains.list,domains.list,2001-08-29 01:46:42.368655,127761e9c642bb72a668b975
4600114.fls.doubleclick.net,AVAILABILITY,domains.list,domains.list,2001-08-29 01:46:42.535968,127761e9c642bb72a668b975
460173.ortb.adtelligent.com,AVAILABILITY,domains.list,domains.list,2001-08-29 01:46:42.702047,127761e9c642bb72a668b975
460174.ortb.adtelligent.com,AVAILABILITY,domains.list,domains.list,2001-08-29 01:46:42.873493,127761e9c642bb72a668b975
460204582.keywordblocks.com,AVAILABILITY,domains.list,domains.list,2001-08-29 01:46:43.040725,127761e9c642bb72a668b975
460365.ortb.adtelligent.com,AVAILABILITY,domains.list,domains.list,2001-08-29 01:46:43.210863,127761e9c642bb72a668b975
4605355.fls.doubleclick.net,AVAILABILITY,domains.list,domains.list,2001-08-29 01:46:43.381079,127761e9c642bb72a668b975
4606178.fls.doubleclick.net,AVAILABILITY,domains.list,domains.list,2001-08-29 01:46:43.550846,127761e9c642bb72a668b975
4606900.fls.doubleclick.net,AVAILABILITY,domains.list,domains.list,2001-08-29 01:46:43.714548,127761e9c642bb72a668b975
4610400.fls.doubleclick.net,AVAILABILITY,domains.list,domains.list,2001-08-29 01:46:43.882184,127761e9c642bb72a668b975
4610658.fls.doubleclick.net,AVAILABILITY,domains.list,domains.list,2001-08-29 01:46:44.045962,127761e9c642bb72a668b975
4611243.fls.doubleclick.net,AVAILABILITY,domains.list,domains.list,2001-08-29 01:46:44.208599,127761e9c642bb72a668b975
461421.ortb.adtelligent.com,AVAILABILITY,domains.list,domains.list,2001-08-29 01:46:44.375903,127761e9c642bb72a668b975
4618627.fls.doubleclick.net,AVAILABILITY,domains.list,domains.list,2001-08-29 01:46:44.546411,127761e9c642bb72a668b975
46188081.adoric-om.com,AVAILABILITY,domains.list,domains.list,2001-08-29 01:46:44.721873,127761e9c642bb72a668b975
461914.ortb.adtelligent.com,AVAILABILITY,domains.list,domains.list,2001-08-29 01:46:44.885834,127761e9c642bb72a668b975
4619653.fls.doubleclick.net,AVAILABILITY,domains.list,domains.list,2001-08-29 01:46:45.047928,127761e9c642bb72a668b975
462251252.keywordblocks.com,AVAILABILITY,domains.list,domains.list,2001-08-29 01:46:45.224935,127761e9c642bb72a668b975
462363.ortb.adtelligent.com,AVAILABILITY,domains.list,domains.list,2001-08-29 01:46:45.392237,127761e9c642bb72a668b975
4625502.fls.doubleclick.net,AVAILABILITY,domains.list,domains.list,2001-08-29 01:46:45.555110,127761e9c642bb72a668b975
4628700.fls.doubleclick.net,AVAILABILITY,domains.list,domains.list,2001-08-29 01:46:45.729433,127761e9c642bb72a668b975
4631000.fls.doubleclick.net,AVAILABILITY,domains.list,domains.list,2001-08-29 01:46:45.900782,127761e9c642bb72a668b975
4631200.fls.doubleclick.net,AVAILABILITY,domains.list,domains.list,2001-08-29 01:46:46.073808,127761e9c642bb72a668b975
4633863.fls.doubleclick.net,AVAILABILITY,domains.list,domains.list,2001-08-29 01:46:46.236409,127761e9c642bb72a668b975
463569.ortb.adtelligent.com,AVAILABILITY,domains.list,domains.list,2001-08-29 01:46:46.409629,127761e9c642bb72a668b975
4638770.fls.doubleclick.net,AVAILABILITY,domains.list,domains.list,2001-08-29 01:46:46.581018,127761e9c642bb72a668b975
4638804.fls.doubleclick.net,AVAILABILITY,domains.list,domains.list,2001-08-29 01:46:46.751549,127761e9c642bb72a668b975
4639000.fls.doubleclick.net,AVAILABILITY,domains.list,domains.list,2001-08-29 01:46:46.930137,127761e9c642bb72a668b975
464228.ortb.adtelligent.com,AVAILABILITY,domains.list,domains.list,2001-08-29 01:46:47.107919,127761e9c642bb72a668b975
464444960.keywordblocks.com,AVAILABILITY,domains.list,domains.list,2001-08-29 01:46:47.281193,127761e9c642bb72a668b975
4645100.fls.doubleclick.net,AVAILABILITY,domains.list,domains.list,2001-08-29 01:46:47.448477,127761e9c642bb72a668b975
4645336.fls.doubleclick.net,AVAILABILITY,domains.list,domains.list,2001-08-29 01:46:47.606052,127761e9c642bb72a668b975
4645703.fls.doubleclick.net,AVAILABILITY,domains.list,domains.list,2001-08-29 01:46:47.776500,127761e9c642bb72a668b975
4645712.fls.doubleclick.net,AVAILABILITY,domains.list,domains.list,2001-08-29 01:46:47.944999,127761e9c642bb72a668b975
4647100.fls.doubleclick.net,AVAILABILITY,domains.list,domains.list,2001-08-29 01:46:48.113944,127761e9c642bb72a668b975
464881482.keywordblocks.com,AVAILABILITY,domains.list,domains.list,2001-08-29 01:46:48.284904,127761e9c642bb72a668b975
465228.ortb.adtelligent.com,AVAILABILITY,domains.list,domains.list,2001-08-29 01:46:48.457554,127761e9c642bb72a668b975
465290.ortb.adtelligent.com,AVAILABILITY,domains.list,domains.list,2001-08-29 01:46:48.626060,127761e9c642bb72a668b975
4654321.fls.doubleclick.net,AVAILABILITY,domains.list,domains.list,2001-08-29 01:46:48.796565,127761e9c642bb72a668b975
4655700.fls.doubleclick.net,AVAILABILITY,domains.list,domains.list,2001-08-29 01:46:48.961887,127761e9c642bb72a668b975
4657500.fls.doubleclick.net,AVAILABILITY,domains.list,domains.list,2001-08-29 01:46:49.127122,127761e9c642bb72a668b975
4662445.fls.doubleclick.net,AVAILABILITY,domains.list,domains.list,2001-08-29 01:46:49.300118,127761e9c642bb72a668b975
4665520.fls.doubleclick.net,AVAILABILITY,domains.list,domains.list,2001-08-29 01:46:49.467114,127761e9c642bb72a668b975
4666300.fls.doubleclick.net,AVAILABILITY,domains.list,domains.list,2001-08-29 01:46:49.628810,127761e9c642bb72a668b975
4668110.fls.doubleclick.net,AVAILABILITY,domains.list,domains.list,2001-08-29 01:46:49.788862,127761e9c642bb72a668b975
467-ipj-431.mktoresp.com,AVAILABILITY,domains.list,domains.list,2001-08-29 01:46:49.955216,127761e9c642bb72a668b975
4672-a10e-3ace-55f9.reporo.net,AVAILABILITY,domains.list,domains.list,2001-08-29 01:46:50.130131,127761e9c642bb72a668b975
46725869.adoric-om.com,AVAILABILITY,domains.list,domains.list,2001-08-29 01:46:50.303282,127761e9c642bb72a668b975
4675210.fls.doubleclick.net,AVAILABILITY,domains.list,domains.list,2001-08-29 01:46:50.483256,127761e9c642bb72a668b975
4677200.fls.doubleclick.net,AVAILABILITY,domains.list,domains.list,2001-08-29 01:46:50.662123,127761e9c642bb72a668b975
467944181.keywordblocks.com,AVAILABILITY,domains.list,domains.list,2001-08-29 01:46:50.831765,127761e9c642bb72a668b975
4680435.fls.doubleclick.net,AVAILABILITY,domains.list,domains.list,2001-08-29 01:46:50.992381,127761e9c642bb72a668b975
46825276.adoric-om.com,AVAILABILITY,domains.list,domains.list,2001-08-29 01:46:51.164497,127761e9c642bb72a668b975
4683316.fls.doubleclick.net,AVAILABILITY,domains.list,domains.list,2001-08-29 01:46:51.332725,127761e9c642bb72a668b975
4684100.fls.doubleclick.net,AVAILABILITY,domains.list,domains.list,2001-08-29 01:46:51.504765,127761e9c642bb72a668b975
4693440.fls.doubleclick.net,AVAILABILITY,domains.list,domains.list,2001-08-29 01:46:51.672724,127761e9c642bb72a668b975
4694204.fls.doubleclick.net,AVAILABILITY,domains.list,domains.list,2001-08-29 01:46:51.846503,127761e9c642bb72a668b975
469841612.keywordblocks.com,AVAILABILITY,domains.list,domains.list,2001-08-29 01:46:52.017772,127761e9c642bb72a668b975
4701700.fls.doubleclick.net,AVAILABILITY,domains.list,domains.list,2001-08-29 01:46:52.189062,127761e9c642bb72a668b975
4703200.fls.doubleclick.net,AVAILABILITY,domains.list,domains.list,2001-08-29 01:46:52.362888,127761e9c642bb72a668b975
4704202.fls.doubleclick.net,AVAILABILITY,domains.list,domains.list,2001-08-29 01:46:52.527511,127761e9c642bb72a668b975
4704627.fls.doubleclick.net,AVAILABILITY,domains.list,domains.list,2001-08-29 01:46:52.688250,127761e9c642bb72a668b975
470475411.keywordblocks.com,AVAILABILITY,domains.list,domains.list,2001-08-29 01:46:52.861527,127761e9c642bb72a668b975
470578022.keywordblocks.com,AVAILABILITY,domains.list,domains.list,2001-08-29 01:46:53.035835,127761e9c642bb72a668b975
4707000.fls.doubleclick.net,AVAILABILITY,domains.list,domains.list,2001-08-29 01:46:53.206254,127761e9c642bb72a668b975
4707010.fls.doubleclick.net,AVAILABILITY,domains.list,domains.list,2001-08-29 01:46:53.376449,127761e9c642bb72a668b975
4707600.fls.doubleclick.net,AVAILABILITY,domains.list,domains.list,2001-08-29 01:46:53.547695,127761e9c642bb72a668b975
4709400.fls.doubleclick.net,AVAILABILITY,domains.list,domains.list,2001-08-29 01:46:53.719813,127761e9c642bb72a668b975
4711400.fls.doubleclick.net,AVAILABILITY,domains.list,domains.list,2001-08-29 01:46:53.889277,127761e9c642bb72a668b975
4711691.fls.doubleclick.net,AVAILABILITY,domains.list,domains.list,2001-08-29 01:46:54.059391,127761e9c642bb72a668b975
471282100.keywordblocks.com,AVAILABILITY,domains.list,domains.list,2001-08-29 01:46:54.226491,127761e9c642bb72a668b975
4714700.fls.doubleclick.net,AVAILABILITY,domains.list,domains.list,2001-08-29 01:46:54.392728,127761e9c642bb72a668b975
4718800.fls.doubleclick.net,AVAILABILITY,domains.list,domains.list,2001-08-29 01:46:54.559552,127761e9c642bb72a668b975
4718857.fls.doubleclick.net,AVAILABILITY,domains.list,domains.list,2001-08-29 01:46:54.721578,127761e9c642bb72a668b975
4719316.fls.doubleclick.net,AVAILABILITY,domains.list,domains.list,2001-08-29 01:46:54.885994,127761e9c642bb72a668b975
4719629.fls.doubleclick.net,AVAILABILITY,domains.list,domains.list,2001-08-29 01:46:55.055640,127761e9c642bb72a668b975
4720210.fls.doubleclick.net,AVAILABILITY,domains.list,domains.list,2001-08-29 01:46:55.227384,127761e9c642bb72a668b975
473-zzr-267.mktoresp.com,AVAILABILITY,domains.list,domains.list,2001-08-29 01:46:55.403633,127761e9c642bb72a668b975
4733010.fls.doubleclick.net,AVAILABILITY,domains.list,domains.list,2001-08-29 01:46:55.571660,127761e9c642bb72a668b975
4734000.fls.doubleclick.net,AVAILABILITY,domains.list,domains.list,2001-08-29 01:46:55.736307,127761e9c642bb72a668b975
4735610.fls.doubleclick.net,AVAILABILITY,domains.list,domains.list,2001-08-29 01:46:55.902828,127761e9c642bb72a668b975
473644832.keywordblocks.com,AVAILABILITY,domains.list,domains.list,2001-08-29 01:46:56.070526,127761e9c642bb72a668b975
474-jiy-540.mktoresp.com,AVAILABILITY,domains.list,domains.list,2001-08-29 01:46:56.237965,127761e9c642bb72a668b975
47428.measurementapi.com,AVAILABILITY,domains.list,domains.list,2001-08-29 01:46:56.406024,127761e9c642bb72a668b975
4745312.fls.doubleclick.net,AVAILABILITY,domains.list,domains.list,2001-08-29 01:46:56.578086,127761e9c642bb72a668b975
4751400.fls.doubleclick.net,AVAILABILITY,domains.list,domains.list,2001-08-29 01:46:56.755700,127761e9c642bb72a668b975
475651981.keywordblocks.com,AVAILABILITY,domains.list,domains.list,2001-08-29 01:46:56.933311,127761e9c642bb72a668b975
4757212.fls.doubleclick.net,AVAILABILITY,domains.list,domains.list,2001-08-29 01:46:57.118858,127761e9c642bb72a668b975
4757258.fls.doubleclick.net,AVAILABILITY,domains.list,domains.list,2001-08-29 01:46:57.301098,127761e9c642bb72a668b975
47583057.adoric-om.com,AVAILABILITY,domains.list,domains.list,2001-08-29 01:46:57.481446,127761e9c642bb72a668b975
476435224.keywordblocks.com,AVAILABILITY,domains.list,domains.list,2001-08-29 01:46:57.662503,127761e9c642bb72a668b975
4765600.fls.doubleclick.net,AVAILABILITY,domains.list,domains.list,2001-08-29 01:46:57.840592,127761e9c642bb72a668b975
476587481.keywordblocks.com,AVAILABILITY,domains.list,domains.list,2001-08-29 01:46:58.021046,127761e9c642bb72a668b975
476591132.keywordblocks.com,AVAILABILITY,domains.list,domains.list,2001-08-29 01:46:58.202303,127761e9c642bb72a668b975
4766416.fls.doubleclick.net,AVAILABILITY,domains.list,domains.list,2001-08-29 01:46:58.385572,127761e9c642bb72a668b975
476745349.keywordblocks.com,AVAILABILITY,domains.list,domains.list,2001-08-29 01:46:58.567048,127761e9c642bb72a668b975
4767800.fls.doubleclick.net,AVAILABILITY,domains.list,domains.list,2001-08-29 01:46:58.745631,127761e9c642bb72a668b975
477038281.keywordblocks.com,AVAILABILITY,domains.list,domains.list,2001-08-29 01:46:58.925801,127761e9c642bb72a668b975
477368431.keywordblocks.com,AVAILABILITY,domains.list,domains.list,2001-08-29 01:46:59.096333,127761e9c642bb72a668b975
4774300.fls.doubleclick.net,AVAILABILITY,domains.list,domains.list,2001-08-29 01:46:59.271615,127761e9c642bb72a668b975
47769405.adoric-om.com,AVAILABILITY,domains.list,domains.list,2001-08-29 01:46:59.451355,127761e9c642bb72a668b975
477707472.keywordblocks.com,AVAILABILITY,domains.list,domains.list,2001-08-29 01:46:59.630818,127761e9c642bb72a668b975
4779500.fls.doubleclick.net,AVAILABILITY,domains.list,domains.list,2001-08-29 01:46:59.807331,127761e9c642bb72a668b975
4779900.fls.doubleclick.net,AVAILABILITY,domains.list,domains.list,2001-08-29 01:46:59.986047,127761e9c642bb72a668b975
4780900.fls.doubleclick.net,AVAILABILITY,domains.list,domains.list,2001-08-29 01:47:00.169443,127761e9c642bb72a668b975
4781300.fls.doubleclick.net,AVAILABILITY,domains.list,domains.list,2001-08-29 01:47:00.348012,127761e9c642bb72a668b975
478188442.keywordblocks.com,AVAILABILITY,domains.list,domains.list,2001-08-29 01:47:00.527675,127761e9c642bb72a668b975
4782100.fls.doubleclick.net,AVAILABILITY,domains.list,domains.list,2001-08-29 01:47:00.701571,127761e9c642bb72a668b975
4782500.fls.doubleclick.net,AVAILABILITY,domains.list,domains.list,2001-08-29 01:47:00.869801,127761e9c642bb72a668b975
4787300.fls.doubleclick.net,AVAILABILITY,domains.list,domains.list,2001-08-29 01:47:01.041796,127761e9c642bb72a668b975
4787375.fls.doubleclick.net,AVAILABILITY,domains.list,domains.list,2001-08-29 01:47:01.210001,127761e9c642bb72a668b975
479-jpy-230.mktoresp.com,AVAILABILITY,domains.list,domains.list,2001-08-29 01:47:01.383279,127761e9c642bb72a668b975
4790135.fls.doubleclick.net,AVAILABILITY,domains.list,domains.list,2001-08-29 01:47:01.551534,127761e9c642bb72a668b975
4793913.fls.doubleclick.net,AVAILABILITY,domains.list,domains.list,2001-08-29 01:47:01.723649,127761e9c642bb72a668b975
4795947.fls.doubleclick.net,AVAILABILITY,domains.list,domains.list,2001-08-29 01:47:01.893204,127761e9c642bb72a668b975
4796113.fls.doubleclick.net,AVAILABILITY,domains.list,domains.list,2001-08-29 01:47:02.063602,127761e9c642bb72a668b975
4798151.fls.doubleclick.net,AVAILABILITY,domains.list,domains.list,2001-08-29 01:47:02.230870,127761e9c642bb72a668b975
4798542.fls.doubleclick.net,AVAILABILITY,domains.list,domains.list,2001-08-29 01:47:02.400495,127761e9c642bb72a668b975
4799331.fls.doubleclick.net,AVAILABILITY,domains.list,domains.list,2001-08-29 01:47:02.571020,127761e9c642bb72a668b975
48.mizdok.com,AVAILABILITY,domains.list,domains.list,2001-08-29 01:47:02.745162,127761e9c642bb72a668b975
480-lwa-970.mktoresp.com,AVAILABILITY,domains.list,domains.list,2001-08-29 01:47:02.920111,127761e9c642bb72a668b975
4805500.fls.doubleclick.net,AVAILABILITY,domains.list,domains.list,2001-08-29 01:47:03.093745,127761e9c642bb72a668b975
4806900.fls.doubleclick.net,AVAILABILITY,domains.list,domains.list,2001-08-29 01:47:03.262184,127761e9c642bb72a668b975
4807516.fls.doubleclick.net,AVAILABILITY,domains.list,domains.list,2001-08-29 01:47:03.434144,127761e9c642bb72a668b975
4808150.fls.doubleclick.net,AVAILABILITY,domains.list,domains.list,2001-08-29 01:47:03.610972,127761e9c642bb72a668b975
4808196.fls.doubleclick.net,AVAILABILITY,domains.list,domains.list,2001-08-29 01:47:03.780959,127761e9c642bb72a668b975
4810105.fls.doubleclick.net,AVAILABILITY,domains.list,domains.list,2001-08-29 01:47:03.958068,127761e9c642bb72a668b975
481168072.keywordblocks.com,AVAILABILITY,domains.list,domains.list,2001-08-29 01:47:04.125561,127761e9c642bb72a668b975
481488181.keywordblocks.com,AVAILABILITY,domains.list,domains.list,2001-08-29 01:47:04.294602,127761e9c642bb72a668b975
4815332.fls.doubleclick.net,AVAILABILITY,domains.list,domains.list,2001-08-29 01:47:04.465934,127761e9c642bb72a668b975
481721871.keywordblocks.com,AVAILABILITY,domains.list,domains.list,2001-08-29 01:47:04.637493,127761e9c642bb72a668b975
481934311.keywordblocks.com,AVAILABILITY,domains.list,domains.list,2001-08-29 01:47:04.804468,127761e9c642bb72a668b975
4820033.fls.doubleclick.net,AVAILABILITY,domains.list,domains.list,2001-08-29 01:47:04.975455,127761e9c642bb72a668b975
4823-59ac-7edf-bd3a.reporo.net,AVAILABILITY,domains.list,domains.list,2001-08-29 01:47:05.140231,127761e9c642bb72a668b975
482408343.search.media.net,AVAILABILITY,domains.list,domains.list,2001-08-29 01:47:05.315578,127761e9c642bb72a668b975
4827700.fls.doubleclick.net,AVAILABILITY,domains.list,domains.list,2001-08-29 01:47:05.491037,127761e9c642bb72a668b975
483-kcw-712.mktoresp.com,AVAILABILITY,domains.list,domains.list,2001-08-29 01:47:05.660019,127761e9c642bb72a668b975
483-qtc-408.mktoresp.com,AVAILABILITY,domains.list,domains.list,2001-08-29 01:47:05.828562,127761e9c642bb72a668b975
483-wrw-490.mktoresp.com,AVAILABILITY,domains.list,domains.list,2001-08-29 01:47:05.995774,127761e9c642bb72a668b975
4836260.adoric-om.com,AVAILABILITY,domains.list,domains.list,2001-08-29 01:47:06.163599,127761e9c642bb72a668b975
48381119.adoric-om.com,AVAILABILITY,domains.list,domains.list,2001-08-29 01:47:06.336288,127761e9c642bb72a668b975
483824431.keywordblocks.com,AVAILABILITY,domains.list,domains.list,2001-08-29 01:47:06.512617,127761e9c642bb72a668b975
4838403.fls.doubleclick.net,AVAILABILITY,domains.list,domains.list,2001-08-29 01:47:06.686508,127761e9c642bb72a668b975
483915452.keywordblocks.com,AVAILABILITY,domains.list,domains.list,2001-08-29 01:47:06.859873,127761e9c642bb72a668b975
4841100.fls.doubleclick.net,AVAILABILITY,domains.list,domains.list,2001-08-29 01:47:07.028905,127761e9c642bb72a668b975
4844400.fls.doubleclick.net,AVAILABILITY,domains.list,domains.list,2001-08-29 01:47:07.184590,127761e9c642bb72a668b975
4844873.fls.doubleclick.net,AVAILABILITY,domains.list,domains.list,2001-08-29 01:47:07.355868,127761e9c642bb72a668b975
484647542.keywordblocks.com,AVAILABILITY,domains.list,domains.list,2001-08-29 01:47:07.521929,127761e9c642bb72a668b975
484675220.keywordblocks.com,AVAILABILITY,domains.list,domains.list,2001-08-29 01:47:07.691543,127761e9c642bb72a668b975
485090442.keywordblocks.com,AVAILABILITY,domains.list,domains.list,2001-08-29 01:47:07.862579,127761e9c642bb72a668b975
4853015.fls.doubleclick.net,AVAILABILITY,domains.list,domains.list,2001-08-29 01:47:08.032441,127761e9c642bb72a668b975
4854600.fls.doubleclick.net,AVAILABILITY,domains.list,domains.list,2001-08-29 01:47:08.201569,127761e9c642bb72a668b975
485525482.keywordblocks.com,AVAILABILITY,domains.list,domains.list,2001-08-29 01:47:08.379063,127761e9c642bb72a668b975
4855385.fls.doubleclick.net,AVAILABILITY,domains.list,domains.list,2001-08-29 01:47:08.549292,127761e9c642bb72a668b975
485974052.keywordblocks.com,AVAILABILITY,domains.list,domains.list,2001-08-29 01:47:08.729416,127761e9c642bb72a668b975
486-chx-550.mktoresp.com,AVAILABILITY,domains.list,domains.list,2001-08-29 01:47:08.907374,127761e9c642bb72a668b975
486-gjd-260.mktoresp.com,AVAILABILITY,domains.list,domains.list,2001-08-29 01:47:09.080081,127761e9c642bb72a668b975
4863900.fls.doubleclick.net,AVAILABILITY,domains.list,domains.list,2001-08-29 01:47:09.257100,127761e9c642bb72a668b975
4867000.fls.doubleclick.net,AVAILABILITY,domains.list,domains.list,2001-08-29 01:47:09.437185,127761e9c642bb72a668b975
486758301.keywordblocks.com,AVAILABILITY,domains.list,domains.list,2001-08-29 01:47:09.616119,127761e9c642bb72a668b975
487-rbs-501.mktoresp.com,AVAILABILITY,domains.list,domains.list,2001-08-29 01:47:09.790380,127761e9c642bb72a668b975
4873200.fls.doubleclick.net,AVAILABILITY,domains.list,domains.list,2001-08-29 01:47:09.966819,127761e9c642bb72a668b975
487422421.keywordblocks.com,AVAILABILITY,domains.list,domains.list,2001-08-29 01:47:10.142502,127761e9c642bb72a668b975
487632152.keywordblocks.com,AVAILABILITY,domains.list,domains.list,2001-08-29 01:47:10.319614,127761e9c642bb72a668b975
4878000.fls.doubleclick.net,AVAILABILITY,domains.list,domains.list,2001-08-29 01:47:10.497729,127761e9c642bb72a668b975
4878630.fls.doubleclick.net,AVAILABILITY,domains.list,domains.list,2001-08-29 01:47:10.679280,127761e9c642bb72a668b975
488212721.keywordblocks.com,AVAILABILITY,domains.list,domains.list,2001-08-29 01:47:10.855837,127761e9c642bb72a668b975
4882800.fls.doubleclick.net,AVAILABILITY,domains.list,domains.list,2001-08-29 01:47:11.030852,127761e9c642bb72a668b975
4884210.fls.doubleclick.net,AVAILABILITY,domains.list,domains.list,2001-08-29 01:47:11.202897,127761e9c642bb72a668b975
4884672.fls.doubleclick.net,AVAILABILITY,domains.list,domains.list,2001-08-29 01:47:11.387407,127761e9c642bb72a668b975
4885404.fls.doubleclick.net,AVAILABILITY,domains.list,domains.list,2001-08-29 01:47:11.570889,127761e9c642bb72a668b975
4885822.fls.doubleclick.net,AVAILABILITY,domains.list,domains.list,2001-08-29 01:47:11.752906,127761e9c642bb72a668b975
488a-b825-4f99-a32c.reporo.net,AVAILABILITY,domains.list,domains.list,2001-08-29 01:47:11.931813,127761e9c642bb72a668b975
489-pqj-121.mktoresp.com,AVAILABILITY,domains.list,domains.list,2001-08-29 01:47:12.105828,127761e9c642bb72a668b975
4896800.fls.doubleclick.net,AVAILABILITY,domains.list,domains.list,2001-08-29 01:47:12.283384,127761e9c642bb72a668b975
4898100.fls.doubleclick.net,AVAILABILITY,domains.list,domains.list,2001-08-29 01:47:12.460961,127761e9c642bb72a668b975
4898110.fls.doubleclick.net,AVAILABILITY,domains.list,domains.list,2001-08-29 01:47:12.641867,127761e9c642bb72a668b975
4898337.fls.doubleclick.net,AVAILABILITY,domains.list,domains.list,2001-08-29 01:47:12.812843,127761e9c642bb72a668b975
4898398.fls.doubleclick.net,AVAILABILITY,domains.list,domains.list,2001-08-29 01:47:12.990548,127761e9c642bb72a668b975
4898700.fls.doubleclick.net,AVAILABILITY,domains.list,domains.list,2001-08-29 01:47:13.165405,127761e9c642bb72a668b975
48c3-822c-e54f-6881.reporo.net,AVAILABILITY,domains.list,domains.list,2001-08-29 01:47:13.338586,127761e9c642bb72a668b975
49.adx1.com,AVAILABILITY,domains.list,domains.list,2001-08-29 01:47:13.516104,127761e9c642bb72a668b975
4904595.fls.doubleclick.net,AVAILABILITY,domains.list,domains.list,2001-08-29 01:47:13.694188,127761e9c642bb72a668b975
4906767.fls.doubleclick.net,AVAILABILITY,domains.list,domains.list,2001-08-29 01:47:13.869142,127761e9c642bb72a668b975
491-skj-131.mktoresp.com,AVAILABILITY,domains.list,domains.list,2001-08-29 01:47:14.046235,127761e9c642bb72a668b975
4911700.fls.doubleclick.net,AVAILABILITY,domains.list,domains.list,2001-08-29 01:47:14.223422,127761e9c642bb72a668b975
4913123.fls.doubleclick.net,AVAILABILITY,domains.list,domains.list,2001-08-29 01:47:14.402022,127761e9c642bb72a668b975
4913400.fls.doubleclick.net,AVAILABILITY,domains.list,domains.list,2001-08-29 01:47:14.579206,127761e9c642bb72a668b975
4913939.fls.doubleclick.net,AVAILABILITY,domains.list,domains.list,2001-08-29 01:47:14.756875,127761e9c642bb72a668b975
4917131.fls.doubleclick.net,AVAILABILITY,domains.list,domains.list,2001-08-29 01:47:14.936980,127761e9c642bb72a668b975
4918300.fls.doubleclick.net,AVAILABILITY,domains.list,domains.list,2001-08-29 01:47:15.117188,127761e9c642bb72a668b975
4921100.fls.doubleclick.net,AVAILABILITY,domains.list,domains.list,2001-08-29 01:47:15.297184,127761e9c642bb72a668b975
4921500.fls.doubleclick.net,AVAILABILITY,domains.list,domains.list,2001-08-29 01:47:15.474703,127761e9c642bb72a668b975
492154101.keywordblocks.com,AVAILABILITY,domains.list,domains.list,2001-08-29 01:47:15.659976,127761e9c642bb72a668b975
4922396.fls.doubleclick.net,AVAILABILITY,domains.list,domains.list,2001-08-29 01:47:15.836216,127761e9c642bb72a668b975
4922500.fls.doubleclick.net,AVAILABILITY,domains.list,domains.list,2001-08-29 01:47:16.011368,127761e9c642bb72a668b975
4923-5c2c-8646-5694.reporo.net,AVAILABILITY,domains.list,domains.list,2001-08-29 01:47:16.189718,127761e9c642bb72a668b975
4923199.fls.doubleclick.net,AVAILABILITY,domains.list,domains.list,2001-08-29 01:47:16.369472,127761e9c642bb72a668b975
4924500.fls.doubleclick.net,AVAILABILITY,domains.list,domains.list,2001-08-29 01:47:16.543895,127761e9c642bb72a668b975
4924581.fls.doubleclick.net,AVAILABILITY,domains.list,domains.list,2001-08-29 01:47:16.722961,127761e9c642bb72a668b975
4924597.fls.doubleclick.net,AVAILABILITY,domains.list,domains.list,2001-08-29 01:47:16.898334,127761e9c642bb72a668b975
492475311.keywordblocks.com,AVAILABILITY,domains.list,domains.list,2001-08-29 01:47:17.078436,127761e9c642bb72a668b975
492672521.keywordblocks.com,AVAILABILITY,domains.list,domains.list,2001-08-29 01:47:17.253469,127761e9c642bb72a668b975
4929700.fls.doubleclick.net,AVAILABILITY,domains.list,domains.list,2001-08-29 01:47:17.429319,127761e9c642bb72a668b975
4930405.fls.doubleclick.net,AVAILABILITY,domains.list,domains.list,2001-08-29 01:47:17.599801,127761e9c642bb72a668b975
4930406.fls.doubleclick.net,AVAILABILITY,domains.list,domains.list,2001-08-29 01:47:17.775772,127761e9c642bb72a668b975
4933110.fls.doubleclick.net,AVAILABILITY,domains.list,domains.list,2001-08-29 01:47:17.953363,127761e9c642bb72a668b975
4933309.fls.doubleclick.net,AVAILABILITY,domains.list,domains.list,2001-08-29 01:47:18.121556,127761e9c642bb72a668b975
4934500.fls.doubleclick.net,AVAILABILITY,domains.list,domains.list,2001-08-29 01:47:18.293751,127761e9c642bb72a668b975
494-ony-660.mktoresp.com,AVAILABILITY,domains.list,domains.list,2001-08-29 01:47:18.472014,127761e9c642bb72a668b975
494313531.keywordblocks.com,AVAILABILITY,domains.list,domains.list,2001-08-29 01:47:18.645604,127761e9c642bb72a668b975
4944090.fls.doubleclick.net,AVAILABILITY,domains.list,domains.list,2001-08-29 01:47:18.823816,127761e9c642bb72a668b975
4944761.fls.doubleclick.net,AVAILABILITY,domains.list,domains.list,2001-08-29 01:47:19.002795,127761e9c642bb72a668b975
4945200.fls.doubleclick.net,AVAILABILITY,domains.list,domains.list,2001-08-29 01:47:19.181033,127761e9c642bb72a668b975
4945378.fls.doubleclick.net,AVAILABILITY,domains.list,domains.list,2001-08-29 01:47:19.359048,127761e9c642bb72a668b975
495-yyd-203.mktoresp.com,AVAILABILITY,domains.list,domains.list,2001-08-29 01:47:19.535831,127761e9c642bb72a668b975
4951600.fls.doubleclick.net,AVAILABILITY,domains.list,domains.list,2001-08-29 01:47:19.711034,127761e9c642bb72a668b975
4952861.fls.doubleclick.net,AVAILABILITY,domains.list,domains.list,2001-08-29 01:47:19.887372,127761e9c642bb72a668b975
4952900.fls.doubleclick.net,AVAILABILITY,domains.list,domains.list,2001-08-29 01:47:20.064134,127761e9c642bb72a668b975
4953484.fls.doubleclick.net,AVAILABILITY,domains.list,domains.list,2001-08-29 01:47:20.247453,127761e9c642bb72a668b975
4954000.fls.doubleclick.net,AVAILABILITY,domains.list,domains.list,2001-08-29 01:47:20.423728,127761e9c642bb72a668b975
4958700.fls.doubleclick.net,AVAILABILITY,domains.list,domains.list,2001-08-29 01:47:20.599024,127761e9c642bb72a668b975
496-dau-231.mktoresp.com,AVAILABILITY,domains.list,domains.list,2001-08-29 01:47:20.774018,127761e9c642bb72a668b975
496-ecu-350.mktoresp.com,AVAILABILITY,domains.list,domains.list,2001-08-29 01:47:20.945335,127761e9c642bb72a668b975
496347328-allenco.sample.crazyegg.com,AVAILABILITY,domains.list,domains.list,2001-08-29 01:47:21.116280,127761e9c642bb72a668b975
4964201.fls.doubleclick.net,AVAILABILITY,domains.list,domains.list,2001-08-29 01:47:21.297912,127761e9c642bb72a668b975
4966811.fls.doubleclick.net,AVAILABILITY,domains.list,domains.list,2001-08-29 01:47:21.481760,127761e9c642bb72a668b975
497-bmk-910.mktoresp.com,AVAILABILITY,domains.list,domains.list,2001-08-29 01:47:21.660802,127761e9c642bb72a668b975
497-geh-430.mktoresp.com,AVAILABILITY,domains.list,domains.list,2001-08-29 01:47:21.843917,127761e9c642bb72a668b975
497-weg-160.mktoresp.com,AVAILABILITY,domains.list,domains.list,2001-08-29 01:47:22.026048,127761e9c642bb72a668b975
497365372.keywordblocks.com,AVAILABILITY,domains.list,domains.list,2001-08-29 01:47:22.212803,127761e9c642bb72a668b975
4976300.fls.doubleclick.net,AVAILABILITY,domains.list,domains.list,2001-08-29 01:47:22.398343,127761e9c642bb72a668b975
4978334.fls.doubleclick.net,AVAILABILITY,domains.list,domains.list,2001-08-29 01:47:22.577379,127761e9c642bb72a668b975
4978547.fls.doubleclick.net,AVAILABILITY,domains.list,domains.list,2001-08-29 01:47:22.758654,127761e9c642bb72a668b975
4978775.fls.doubleclick.net,AVAILABILITY,domains.list,domains.list,2001-08-29 01:47:22.937896,127761e9c642bb72a668b975
4979130.fls.doubleclick.net,AVAILABILITY,domains.list,domains.list,2001-08-29 01:47:23.118096,127761e9c642bb72a668b975
4979196.fls.doubleclick.net,AVAILABILITY,domains.list,domains.list,2001-08-29 01:47:23.289303,127761e9c642bb72a668b975
4979777.fls.doubleclick.net,AVAILABILITY,domains.list,domains.list,2001-08-29 01:47:23.466892,127761e9c642bb72a668b975
498-jdo-611.mktoresp.com,AVAILABILITY,domains.list,domains.list,2001-08-29 01:47:23.648978,127761e9c642bb72a668b975
4980338.fls.doubleclick.net,AVAILABILITY,domains.list,domains.list,2001-08-29 01:47:23.822980,127761e9c642bb72a668b975
4984.engine.mobileapptracking.com,AVAILABILITY,domains.list,domains.list,2001-08-29 01:47:24.001477,127761e9c642bb72a668b975
4984516.fls.doubleclick.net,AVAILABILITY,domains.list,domains.list,2001-08-29 01:47:24.180318,127761e9c642bb72a668b975
4991200.fls.doubleclick.net,AVAILABILITY,domains.list,domains.list,2001-08-29 01:47:24.491075,127761e9c642bb72a668b975
4993567.fls.doubleclick.net,AVAILABILITY,domains.list,domains.list,2001-08-29 01:47:24.666833,127761e9c642bb72a668b975
499553201.keywordblocks.com,AVAILABILITY,domains.list,domains.list,2001-08-29 01:47:24.842519,127761e9c642bb72a668b975
4995917.fls.doubleclick.net,AVAILABILITY,domains.list,domains.list,2001-08-29 01:47:25.019910,127761e9c642bb72a668b975
4999110.fls.doubleclick.net,AVAILABILITY,domains.list,domains.list,2001-08-29 01:47:25.340204,127761e9c642bb72a668b975
49e2-f5ca-b8ca-284b.reporo.net,AVAILABILITY,domains.list,domains.list,2001-08-29 01:47:25.655262,127761e9c642bb72a668b975
49oa3o49b6.com,AVAILABILITY,domains.list,domains.list,2001-08-29 01:47:25.834692,127761e9c642bb72a668b975
4b00-91d5-da85-58ce.reporo.net,AVAILABILITY,domains.list,domains.list,2001-08-29 01:47:26.143798,127761e9c642bb72a668b975
4ba5-b798-1668-fd90.reporo.net,AVAILABILITY,domains.list,domains.list,2001-08-29 01:47:26.316785,127761e9c642bb72a668b975
4ba6-e36d-9906-6c03.reporo.net,AVAILABILITY,domains.list,domains.list,2001-08-29 01:47:26.490590,127761e9c642bb72a668b975
4bca-d658-a4da-12c8.reporo.net,AVAILABILITY,domains.list,domains.list,2001-08-29 01:47:26.672302,127761e9c642bb72a668b975
4bd9-6a9a-8cfe-ec69.reporo.net,AVAILABILITY,domains.list,domains.list,2001-08-29 01:47:26.851513,127761e9c642bb72a668b975
4c25-408d-c7ca-68f1.reporo.net,AVAILABILITY,domains.list,domains.list,2001-08-29 01:47:27.038809,127761e9c642bb72a668b975
4club.mirtesen.ru,AVAILABILITY,domains.list,domains.list,2001-08-29 01:47:27.226007,127761e9c642bb72a668b975
4cu3b.voluumtrk.com,AVAILABILITY,domains.list,domains.list,2001-08-29 01:47:27.411675,127761e9c642bb72a668b975
4d.condenastdigital.com,AVAILABILITY,domains.list,domains.list,2001-08-29 01:47:27.602892,127761e9c642bb72a668b975
4d1e-d99a-ee7d-0db7.reporo.net,AVAILABILITY,domains.list,domains.list,2001-08-29 01:47:27.779601,127761e9c642bb72a668b975
4d80-dd41-9ed3-33b1.reporo.net,AVAILABILITY,domains.list,domains.list,2001-08-29 01:47:27.959506,127761e9c642bb72a668b975
4e93-6203-2401-d118.reporo.net,AVAILABILITY,domains.list,domains.list,2001-08-29 01:47:28.134672,127761e9c642bb72a668b975
4ef0-47aa-23e2-69ab.reporo.net,AVAILABILITY,domains.list,domains.list,2001-08-29 01:47:28.311405,127761e9c642bb72a668b975
4eokxha0ov.kameleoon.eu,AVAILABILITY,domains.list,domains.list,2001-08-29 01:47:28.493234,127761e9c642bb72a668b975
4f8f-baf5-1641-348a.reporo.net,AVAILABILITY,domains.list,domains.list,2001-08-29 01:47:28.799666,127761e9c642bb72a668b975
4gig.tlnk.io,AVAILABILITY,domains.list,domains.list,2001-08-29 01:47:28.975506,127761e9c642bb72a668b975
4gvl7x5cit.kameleoon.eu,AVAILABILITY,domains.list,domains.list,2001-08-29 01:47:29.156744,127761e9c642bb72a668b975
4hcq.tlnk.io,AVAILABILITY,domains.list,domains.list,2001-08-29 01:47:29.333825,127761e9c642bb72a668b975
4hezbq5rbo.kameleoon.eu,AVAILABILITY,domains.list,domains.list,2001-08-29 01:47:29.508853,127761e9c642bb72a668b975
4i.news-subscribe.com,AVAILABILITY,domains.list,domains.list,2001-08-29 01:47:29.686992,127761e9c642bb72a668b975
4imprint.com.102.112.2o7.net,AVAILABILITY,domains.list,domains.list,2001-08-29 01:47:29.854938,127761e9c642bb72a668b975
4jnzhl0d0.com,AVAILABILITY,domains.list,domains.list,2001-08-29 01:47:30.027939,127761e9c642bb72a668b975
4kolesa.mirtesen.ru,AVAILABILITY,domains.list,domains.list,2001-08-29 01:47:30.328488,127761e9c642bb72a668b975
4mva19unaf.kameleoon.eu,AVAILABILITY,domains.list,domains.list,2001-08-29 01:47:30.507672,127761e9c642bb72a668b975
4serp.voluumtrk.com,AVAILABILITY,domains.list,domains.list,2001-08-29 01:47:30.938612,127761e9c642bb72a668b975
4t.news-subscribe.com,AVAILABILITY,domains.list,domains.list,2001-08-29 01:47:31.117384,127761e9c642bb72a668b975
4thsource.actonsoftware.com,AVAILABILITY,domains.list,domains.list,2001-08-29 01:47:31.297232,127761e9c642bb72a668b975
4travel.d1.sc.omtrdc.net,AVAILABILITY,domains.list,domains.list,2001-08-29 01:47:31.474961,127761e9c642bb72a668b975
4v.news-subscribe.com,AVAILABILITY,domains.list,domains.list,2001-08-29 01:47:31.656572,127761e9c642bb72a668b975
4vhb2.voluumtrk.com,AVAILABILITY,domains.list,domains.list,2001-08-29 01:47:31.832151,127761e9c642bb72a668b975
4vkusa.mirtesen.ru,AVAILABILITY,domains.list,domains.list,2001-08-29 01:47:32.011544,127761e9c642bb72a668b975
4woi.tlnk.io,AVAILABILITY,domains.list,domains.list,2001-08-29 01:47:32.190101,127761e9c642bb72a668b975
4wxs6oxv5s.kameleoon.eu,AVAILABILITY,domains.list,domains.list,2001-08-29 01:47:32.366767,127761e9c642bb72a668b975
4ycp.tlnk.io,AVAILABILITY,domains.list,domains.list,2001-08-29 01:47:32.538273,127761e9c642bb72a668b975
5-6-6-ios.appload.ingest.crittercism.com,AVAILABILITY,domains.list,domains.list,2001-08-29 01:47:32.715588,127761e9c642bb72a668b975
5-6-6-ios.error.ingest.crittercism.com,AVAILABILITY,domains.list,domains.list,2001-08-29 01:47:32.893752,127761e9c642bb72a668b975
5-6-6-ios.userflows.ingest.crittercism.com,AVAILABILITY,domains.list,domains.list,2001-08-29 01:47:33.077365,127761e9c642bb72a668b975
5-6-7-ios.appload.ingest.crittercism.com,AVAILABILITY,domains.list,domains.list,2001-08-29 01:47:33.255906,127761e9c642bb72a668b975
5-6-7-ios.error.ingest.crittercism.com,AVAILABILITY,domains.list,domains.list,2001-08-29 01:47:33.433729,127761e9c642bb72a668b975
5-6-8-ios.appload.ingest.crittercism.com,AVAILABILITY,domains.list,domains.list,2001-08-29 01:47:33.609532,127761e9c642bb72a668b975
5-6-8-ios.network.ingest.crittercism.com,AVAILABILITY,domains.list,domains.list,2001-08-29 01:47:33.778473,127761e9c642bb72a668b975
5-6-8-ios.userflows.ingest.crittercism.com,AVAILABILITY,domains.list,domains.list,2001-08-29 01:47:33.954689,127761e9c642bb72a668b975
5-7-0-rc-1-ios.appload.ingest.crittercism.com,AVAILABILITY,domains.list,domains.list,2001-08-29 01:47:34.123242,127761e9c642bb72a668b975
5-7-0-rc-1-ios.error.ingest.crittercism.com,AVAILABILITY,domains.list,domains.list,2001-08-29 01:47:34.294434,127761e9c642bb72a668b975
5-7-1-ios.appload.ingest.crittercism.com,AVAILABILITY,domains.list,domains.list,2001-08-29 01:47:34.471968,127761e9c642bb72a668b975
5-7-1-ios.network.ingest.crittercism.com,AVAILABILITY,domains.list,domains.list,2001-08-29 01:47:34.639385,127761e9c642bb72a668b975
5-7-2-ios.appload.ingest.crittercism.com,AVAILABILITY,domains.list,domains.list,2001-08-29 01:47:34.809752,127761e9c642bb72a668b975
5-7-2-ios.network.ingest.crittercism.com,AVAILABILITY,domains.list,domains.list,2001-08-29 01:47:34.977725,127761e9c642bb72a668b975
5-7-2-ios.userflows.ingest.crittercism.com,AVAILABILITY,domains.list,domains.list,2001-08-29 01:47:35.137780,127761e9c642bb72a668b975
5-7-3-ios.appload.ingest.crittercism.com,AVAILABILITY,domains.list,domains.list,2001-08-29 01:47:35.310038,127761e9c642bb72a668b975
5-7-3-ios.userflows.ingest.crittercism.com,AVAILABILITY,domains.list,domains.list,2001-08-29 01:47:35.484760,127761e9c642bb72a668b975
5-9-1-android.appload.ingest.crittercism.com,AVAILABILITY,domains.list,domains.list,2001-08-29 01:47:35.660460,127761e9c642bb72a668b975
5-9-1-android.error.ingest.crittercism.com,AVAILABILITY,domains.list,domains.list,2001-08-29 01:47:35.836161,127761e9c642bb72a668b975
5-9-1-android.network.ingest.crittercism.com,AVAILABILITY,domains.list,domains.list,2001-08-29 01:47:36.005400,127761e9c642bb72a668b975
5-9-1-android.userflows.ingest.crittercism.com,AVAILABILITY,domains.list,domains.list,2001-08-29 01:47:36.178980,127761e9c642bb72a668b975
5-9-2-android.appload.ingest.crittercism.com,AVAILABILITY,domains.list,domains.list,2001-08-29 01:47:36.348132,127761e9c642bb72a668b975
500-bia-880.mktoresp.com,AVAILABILITY,domains.list,domains.list,2001-08-29 01:47:36.521414,127761e9c642bb72a668b975
500-wpw-632.mktoresp.com,AVAILABILITY,domains.list,domains.list,2001-08-29 01:47:36.695588,127761e9c642bb72a668b975
5005700.fls.doubleclick.net,AVAILABILITY,domains.list,domains.list,2001-08-29 01:47:36.872414,127761e9c642bb72a668b975
5005706.fls.doubleclick.net,AVAILABILITY,domains.list,domains.list,2001-08-29 01:47:37.046014,127761e9c642bb72a668b975
5011700.fls.doubleclick.net,AVAILABILITY,domains.list,domains.list,2001-08-29 01:47:37.214103,127761e9c642bb72a668b975
5012300.fls.doubleclick.net,AVAILABILITY,domains.list,domains.list,2001-08-29 01:47:37.387973,127761e9c642bb72a668b975
50136351.log.optimizely.com,AVAILABILITY,domains.list,domains.list,2001-08-29 01:47:37.564397,127761e9c642bb72a668b975
5021864.fls.doubleclick.net,AVAILABILITY,domains.list,domains.list,2001-08-29 01:47:37.870589,127761e9c642bb72a668b975
5025602.fls.doubleclick.net,AVAILABILITY,domains.list,domains.list,2001-08-29 01:47:38.045734,127761e9c642bb72a668b975
5029539.fls.doubleclick.net,AVAILABILITY,domains.list,domains.list,2001-08-29 01:47:38.218356,127761e9c642bb72a668b975
503-bar-730.mktoresp.com,AVAILABILITY,domains.list,domains.list,2001-08-29 01:47:38.388162,127761e9c642bb72a668b975
5032010.fls.doubleclick.net,AVAILABILITY,domains.list,domains.list,2001-08-29 01:47:38.558826,127761e9c642bb72a668b975
503377650.keywordblocks.com,AVAILABILITY,domains.list,domains.list,2001-08-29 01:47:38.727693,127761e9c642bb72a668b975
5034900.fls.doubleclick.net,AVAILABILITY,domains.list,domains.list,2001-08-29 01:47:38.901809,127761e9c642bb72a668b975
5035110.fls.doubleclick.net,AVAILABILITY,domains.list,domains.list,2001-08-29 01:47:39.070078,127761e9c642bb72a668b975
50417493.adoric-om.com,AVAILABILITY,domains.list,domains.list,2001-08-29 01:47:39.241461,127761e9c642bb72a668b975
5043700.fls.doubleclick.net,AVAILABILITY,domains.list,domains.list,2001-08-29 01:47:39.411620,127761e9c642bb72a668b975
5048300.fls.doubleclick.net,AVAILABILITY,domains.list,domains.list,2001-08-29 01:47:39.592638,127761e9c642bb72a668b975
5048908.fls.doubleclick.net,AVAILABILITY,domains.list,domains.list,2001-08-29 01:47:39.766727,127761e9c642bb72a668b975
5049504.fls.doubleclick.net,AVAILABILITY,domains.list,domains.list,2001-08-29 01:47:39.933414,127761e9c642bb72a668b975
5050100.fls.doubleclick.net,AVAILABILITY,domains.list,domains.list,2001-08-29 01:47:40.098045,127761e9c642bb72a668b975
505133441.keywordblocks.com,AVAILABILITY,domains.list,domains.list,2001-08-29 01:47:40.262069,127761e9c642bb72a668b975
50530473.adoric-om.com,AVAILABILITY,domains.list,domains.list,2001-08-29 01:47:40.438426,127761e9c642bb72a668b975
5055500.fls.doubleclick.net,AVAILABILITY,domains.list,domains.list,2001-08-29 01:47:40.617250,127761e9c642bb72a668b975
506-hfi-300.mktoresp.com,AVAILABILITY,domains.list,domains.list,2001-08-29 01:47:40.786536,127761e9c642bb72a668b975
5060110.fls.doubleclick.net,AVAILABILITY,domains.list,domains.list,2001-08-29 01:47:40.960330,127761e9c642bb72a668b975
506161506.keywordblocks.com,AVAILABILITY,domains.list,domains.list,2001-08-29 01:47:41.124907,127761e9c642bb72a668b975
5063952.fls.doubleclick.net,AVAILABILITY,domains.list,domains.list,2001-08-29 01:47:41.292885,127761e9c642bb72a668b975
5064110.fls.doubleclick.net,AVAILABILITY,domains.list,domains.list,2001-08-29 01:47:41.466705,127761e9c642bb72a668b975
5070500.fls.doubleclick.net,AVAILABILITY,domains.list,domains.list,2001-08-29 01:47:41.646812,127761e9c642bb72a668b975
5072-2fb4-1c46-8ace.reporo.net,AVAILABILITY,domains.list,domains.list,2001-08-29 01:47:41.825474,127761e9c642bb72a668b975
5076600.fls.doubleclick.net,AVAILABILITY,domains.list,domains.list,2001-08-29 01:47:42.001647,127761e9c642bb72a668b975
5077200.fls.doubleclick.net,AVAILABILITY,domains.list,domains.list,2001-08-29 01:47:42.175671,127761e9c642bb72a668b975
5080600.fls.doubleclick.net,AVAILABILITY,domains.list,domains.list,2001-08-29 01:47:42.347326,127761e9c642bb72a668b975
5081500.fls.doubleclick.net,AVAILABILITY,domains.list,domains.list,2001-08-29 01:47:42.513611,127761e9c642bb72a668b975
5081513.fls.doubleclick.net,AVAILABILITY,domains.list,domains.list,2001-08-29 01:47:42.686057,127761e9c642bb72a668b975
5081700.fls.doubleclick.net,AVAILABILITY,domains.list,domains.list,2001-08-29 01:47:42.853235,127761e9c642bb72a668b975
5083110.fls.doubleclick.net,AVAILABILITY,domains.list,domains.list,2001-08-29 01:47:43.037575,127761e9c642bb72a668b975
509-aps-230.mktoresp.com,AVAILABILITY,domains.list,domains.list,2001-08-29 01:47:43.216470,127761e9c642bb72a668b975
5093126.fls.doubleclick.net,AVAILABILITY,domains.list,domains.list,2001-08-29 01:47:43.379992,127761e9c642bb72a668b975
5094900.fls.doubleclick.net,AVAILABILITY,domains.list,domains.list,2001-08-29 01:47:43.684910,127761e9c642bb72a668b975
5097500.fls.doubleclick.net,AVAILABILITY,domains.list,domains.list,2001-08-29 01:47:43.848265,127761e9c642bb72a668b975
50c5-4027-b0cd-52a2.reporo.net,AVAILABILITY,domains.list,domains.list,2001-08-29 01:47:44.022620,127761e9c642bb72a668b975
50onred.com,AVAILABILITY,domains.list,domains.list,2001-08-29 01:47:44.197316,127761e9c642bb72a668b975
50onred.xml.auxml.com,AVAILABILITY,domains.list,domains.list,2001-08-29 01:47:44.369548,127761e9c642bb72a668b975
5103200.fls.doubleclick.net,AVAILABILITY,domains.list,domains.list,2001-08-29 01:47:44.541824,127761e9c642bb72a668b975
510430.fls.doubleclick.net,AVAILABILITY,domains.list,domains.list,2001-08-29 01:47:44.720126,127761e9c642bb72a668b975
5105500.fls.doubleclick.net,AVAILABILITY,domains.list,domains.list,2001-08-29 01:47:44.888893,127761e9c642bb72a668b975
510762841.keywordblocks.com,AVAILABILITY,domains.list,domains.list,2001-08-29 01:47:45.057255,127761e9c642bb72a668b975
5108954.fls.doubleclick.net,AVAILABILITY,domains.list,domains.list,2001-08-29 01:47:45.227811,127761e9c642bb72a668b975
5109132.fls.doubleclick.net,AVAILABILITY,domains.list,domains.list,2001-08-29 01:47:45.399089,127761e9c642bb72a668b975
5110331.fls.doubleclick.net,AVAILABILITY,domains.list,domains.list,2001-08-29 01:47:45.561869,127761e9c642bb72a668b975
5111-db45-a570-777d.reporo.net,AVAILABILITY,domains.list,domains.list,2001-08-29 01:47:45.741652,127761e9c642bb72a668b975
5116422.fls.doubleclick.net,AVAILABILITY,domains.list,domains.list,2001-08-29 01:47:45.912148,127761e9c642bb72a668b975
5116500.fls.doubleclick.net,AVAILABILITY,domains.list,domains.list,2001-08-29 01:47:46.086206,127761e9c642bb72a668b975
5116800.fls.doubleclick.net,AVAILABILITY,domains.list,domains.list,2001-08-29 01:47:46.258397,127761e9c642bb72a668b975
511785941.keywordblocks.com,AVAILABILITY,domains.list,domains.list,2001-08-29 01:47:46.430883,127761e9c642bb72a668b975
5118051.fls.doubleclick.net,AVAILABILITY,domains.list,domains.list,2001-08-29 01:47:46.602318,127761e9c642bb72a668b975
5118100.fls.doubleclick.net,AVAILABILITY,domains.list,domains.list,2001-08-29 01:47:46.778795,127761e9c642bb72a668b975
5118230.fls.doubleclick.net,AVAILABILITY,domains.list,domains.list,2001-08-29 01:47:46.952916,127761e9c642bb72a668b975
5118500.fls.doubleclick.net,AVAILABILITY,domains.list,domains.list,2001-08-29 01:47:47.132350,127761e9c642bb72a668b975
5123210.fls.doubleclick.net,AVAILABILITY,domains.list,domains.list,2001-08-29 01:47:47.312365,127761e9c642bb72a668b975
5124900.fls.doubleclick.net,AVAILABILITY,domains.list,domains.list,2001-08-29 01:47:47.488430,127761e9c642bb72a668b975
5127400.fls.doubleclick.net,AVAILABILITY,domains.list,domains.list,2001-08-29 01:47:47.651622,127761e9c642bb72a668b975
5129010.fls.doubleclick.net,AVAILABILITY,domains.list,domains.list,2001-08-29 01:47:47.828180,127761e9c642bb72a668b975
5132858.fls.doubleclick.net,AVAILABILITY,domains.list,domains.list,2001-08-29 01:47:48.002355,127761e9c642bb72a668b975
5137000.fls.doubleclick.net,AVAILABILITY,domains.list,domains.list,2001-08-29 01:47:48.310325,127761e9c642bb72a668b975
513794862.keywordblocks.com,AVAILABILITY,domains.list,domains.list,2001-08-29 01:47:48.487241,127761e9c642bb72a668b975
514-iqg-800.mktoresp.com,AVAILABILITY,domains.list,domains.list,2001-08-29 01:47:48.655924,127761e9c642bb72a668b975
5141545.fls.doubleclick.net,AVAILABILITY,domains.list,domains.list,2001-08-29 01:47:48.826289,127761e9c642bb72a668b975
515454062.keywordblocks.com,AVAILABILITY,domains.list,domains.list,2001-08-29 01:47:48.996083,127761e9c642bb72a668b975
5157110.fls.doubleclick.net,AVAILABILITY,domains.list,domains.list,2001-08-29 01:47:49.162722,127761e9c642bb72a668b975
516-ghi-083.mktoresp.com,AVAILABILITY,domains.list,domains.list,2001-08-29 01:47:49.335282,127761e9c642bb72a668b975
516-nsa-890.mktoresp.com,AVAILABILITY,domains.list,domains.list,2001-08-29 01:47:49.499352,127761e9c642bb72a668b975
51615283.adoric-om.com,AVAILABILITY,domains.list,domains.list,2001-08-29 01:47:49.669839,127761e9c642bb72a668b975
5164101.fls.doubleclick.net,AVAILABILITY,domains.list,domains.list,2001-08-29 01:47:49.840944,127761e9c642bb72a668b975
5164300.fls.doubleclick.net,AVAILABILITY,domains.list,domains.list,2001-08-29 01:47:50.017018,127761e9c642bb72a668b975
5164900.fls.doubleclick.net,AVAILABILITY,domains.list,domains.list,2001-08-29 01:47:50.191777,127761e9c642bb72a668b975
5165113.fls.doubleclick.net,AVAILABILITY,domains.list,domains.list,2001-08-29 01:47:50.360793,127761e9c642bb72a668b975
516534342.keywordblocks.com,AVAILABILITY,domains.list,domains.list,2001-08-29 01:47:50.538839,127761e9c642bb72a668b975
5174000.fls.doubleclick.net,AVAILABILITY,domains.list,domains.list,2001-08-29 01:47:50.712302,127761e9c642bb72a668b975
51777990.adoric-om.com,AVAILABILITY,domains.list,domains.list,2001-08-29 01:47:50.878079,127761e9c642bb72a668b975
5179700.fls.doubleclick.net,AVAILABILITY,domains.list,domains.list,2001-08-29 01:47:51.046670,127761e9c642bb72a668b975
517c-3e70-2c5b-6385.reporo.net,AVAILABILITY,domains.list,domains.list,2001-08-29 01:47:51.221193,127761e9c642bb72a668b975
518-tow-870.mktoresp.com,AVAILABILITY,domains.list,domains.list,2001-08-29 01:47:51.397576,127761e9c642bb72a668b975
5180227.fls.doubleclick.net,AVAILABILITY,domains.list,domains.list,2001-08-29 01:47:51.573256,127761e9c642bb72a668b975
5181002.fls.doubleclick.net,AVAILABILITY,domains.list,domains.list,2001-08-29 01:47:51.748223,127761e9c642bb72a668b975
5181768.fls.doubleclick.net,AVAILABILITY,domains.list,domains.list,2001-08-29 01:47:51.925546,127761e9c642bb72a668b975
5183245.fls.doubleclick.net,AVAILABILITY,domains.list,domains.list,2001-08-29 01:47:52.103696,127761e9c642bb72a668b975
51860632.adoric-om.com,AVAILABILITY,domains.list,domains.list,2001-08-29 01:47:52.281389,127761e9c642bb72a668b975
519-cwv-131.mktoresp.com,AVAILABILITY,domains.list,domains.list,2001-08-29 01:47:52.459009,127761e9c642bb72a668b975
519-jvy-663.mktoresp.com,AVAILABILITY,domains.list,domains.list,2001-08-29 01:47:52.634877,127761e9c642bb72a668b975
5193100.fls.doubleclick.net,AVAILABILITY,domains.list,domains.list,2001-08-29 01:47:52.804536,127761e9c642bb72a668b975
519679091.keywordblocks.com,AVAILABILITY,domains.list,domains.list,2001-08-29 01:47:52.975160,127761e9c642bb72a668b975
5199822.fls.doubleclick.net,AVAILABILITY,domains.list,domains.list,2001-08-29 01:47:53.153659,127761e9c642bb72a668b975
52.mizdok.com,AVAILABILITY,domains.list,domains.list,2001-08-29 01:47:53.327268,127761e9c642bb72a668b975
5207300.fls.doubleclick.net,AVAILABILITY,domains.list,domains.list,2001-08-29 01:47:53.498392,127761e9c642bb72a668b975
521-ghl-511.mktoresp.com,AVAILABILITY,domains.list,domains.list,2001-08-29 01:47:53.679239,127761e9c642bb72a668b975
5211700.fls.doubleclick.net,AVAILABILITY,domains.list,domains.list,2001-08-29 01:47:53.846686,127761e9c642bb72a668b975
521332372.keywordblocks.com,AVAILABILITY,domains.list,domains.list,2001-08-29 01:47:54.019122,127761e9c642bb72a668b975
5213700.fls.doubleclick.net,AVAILABILITY,domains.list,domains.list,2001-08-29 01:47:54.191111,127761e9c642bb72a668b975
5214106.fls.doubleclick.net,AVAILABILITY,domains.list,domains.list,2001-08-29 01:47:54.366527,127761e9c642bb72a668b975
5219113.fls.doubleclick.net,AVAILABILITY,domains.list,domains.list,2001-08-29 01:47:54.539876,127761e9c642bb72a668b975
5219300.fls.doubleclick.net,AVAILABILITY,domains.list,domains.list,2001-08-29 01:47:54.713489,127761e9c642bb72a668b975
5219500.fls.doubleclick.net,AVAILABILITY,domains.list,domains.list,2001-08-29 01:47:54.893809,127761e9c642bb72a668b975
521987751.keywordblocks.com,AVAILABILITY,domains.list,domains.list,2001-08-29 01:47:55.075874,127761e9c642bb72a668b975
522-orv-130.mktoresp.com,AVAILABILITY,domains.list,domains.list,2001-08-29 01:47:55.255244,127761e9c642bb72a668b975
5220110.fls.doubleclick.net,AVAILABILITY,domains.list,domains.list,2001-08-29 01:47:55.432732,127761e9c642bb72a668b975
5225500.fls.doubleclick.net,AVAILABILITY,domains.list,domains.list,2001-08-29 01:47:55.611061,127761e9c642bb72a668b975
5228239.fls.doubleclick.net,AVAILABILITY,domains.list,domains.list,2001-08-29 01:47:55.786916,127761e9c642bb72a668b975
5229620.fls.doubleclick.net,AVAILABILITY,domains.list,domains.list,2001-08-29 01:47:55.964291,127761e9c642bb72a668b975
5231.xg4ken.com,AVAILABILITY,domains.list,domains.list,2001-08-29 01:47:56.141518,127761e9c642bb72a668b975
5232015.fls.doubleclick.net,AVAILABILITY,domains.list,domains.list,2001-08-29 01:47:56.317356,127761e9c642bb72a668b975
523239022.keywordblocks.com,AVAILABILITY,domains.list,domains.list,2001-08-29 01:47:56.492198,127761e9c642bb72a668b975
5232400.fls.doubleclick.net,AVAILABILITY,domains.list,domains.list,2001-08-29 01:47:56.677151,127761e9c642bb72a668b975
523243511.keywordblocks.com,AVAILABILITY,domains.list,domains.list,2001-08-29 01:47:56.859857,127761e9c642bb72a668b975
5234-259b-588d-41c6.reporo.net,AVAILABILITY,domains.list,domains.list,2001-08-29 01:47:57.046959,127761e9c642bb72a668b975
5234300.fls.doubleclick.net,AVAILABILITY,domains.list,domains.list,2001-08-29 01:47:57.234005,127761e9c642bb72a668b975
5237551.fls.doubleclick.net,AVAILABILITY,domains.list,domains.list,2001-08-29 01:47:57.420687,127761e9c642bb72a668b975
5239703.fls.doubleclick.net,AVAILABILITY,domains.list,domains.list,2001-08-29 01:47:57.605042,127761e9c642bb72a668b975
524-euc-041.mktoresp.com,AVAILABILITY,domains.list,domains.list,2001-08-29 01:47:57.789090,127761e9c642bb72a668b975
52448028.adoric-om.com,AVAILABILITY,domains.list,domains.list,2001-08-29 01:47:57.966226,127761e9c642bb72a668b975
5249400.fls.doubleclick.net,AVAILABILITY,domains.list,domains.list,2001-08-29 01:47:58.144068,127761e9c642bb72a668b975
5252200.fls.doubleclick.net,AVAILABILITY,domains.list,domains.list,2001-08-29 01:47:58.322627,127761e9c642bb72a668b975
5252400.fls.doubleclick.net,AVAILABILITY,domains.list,domains.list,2001-08-29 01:47:58.507407,127761e9c642bb72a668b975
525563552.keywordblocks.com,AVAILABILITY,domains.list,domains.list,2001-08-29 01:47:58.694705,127761e9c642bb72a668b975
5257221.fls.doubleclick.net,AVAILABILITY,domains.list,domains.list,2001-08-29 01:47:58.879134,127761e9c642bb72a668b975
5258400.fls.doubleclick.net,AVAILABILITY,domains.list,domains.list,2001-08-29 01:47:59.062706,127761e9c642bb72a668b975
5259426.fls.doubleclick.net,AVAILABILITY,domains.list,domains.list,2001-08-29 01:47:59.234567,127761e9c642bb72a668b975
5259800.fls.doubleclick.net,AVAILABILITY,domains.list,domains.list,2001-08-29 01:47:59.414217,127761e9c642bb72a668b975
526-ktj-000.mktoresp.com,AVAILABILITY,domains.list,domains.list,2001-08-29 01:47:59.600122,127761e9c642bb72a668b975
5261010.fls.doubleclick.net,AVAILABILITY,domains.list,domains.list,2001-08-29 01:47:59.785019,127761e9c642bb72a668b975
5271010.fls.doubleclick.net,AVAILABILITY,domains.list,domains.list,2001-08-29 01:47:59.968708,127761e9c642bb72a668b975
5272747.fls.doubleclick.net,AVAILABILITY,domains.list,domains.list,2001-08-29 01:48:00.158321,127761e9c642bb72a668b975
5273065.fls.doubleclick.net,AVAILABILITY,domains.list,domains.list,2001-08-29 01:48:00.340882,127761e9c642bb72a668b975
5273400.fls.doubleclick.net,AVAILABILITY,domains.list,domains.list,2001-08-29 01:48:00.524193,127761e9c642bb72a668b975
5274800.fls.doubleclick.net,AVAILABILITY,domains.list,domains.list,2001-08-29 01:48:00.696626,127761e9c642bb72a668b975
5275100.fls.doubleclick.net,AVAILABILITY,domains.list,domains.list,2001-08-29 01:48:00.865095,127761e9c642bb72a668b975
5275110.fls.doubleclick.net,AVAILABILITY,domains.list,domains.list,2001-08-29 01:48:01.042674,127761e9c642bb72a668b975
527555022.keywordblocks.com,AVAILABILITY,domains.list,domains.list,2001-08-29 01:48:01.220416,127761e9c642bb72a668b975
527713630.keywordblocks.com,AVAILABILITY,domains.list,domains.list,2001-08-29 01:48:01.405169,127761e9c642bb72a668b975
52775428.adoric-om.com,AVAILABILITY,domains.list,domains.list,2001-08-29 01:48:01.585520,127761e9c642bb72a668b975
5278200.fls.doubleclick.net,AVAILABILITY,domains.list,domains.list,2001-08-29 01:48:01.762420,127761e9c642bb72a668b975
528-lmf-721.mktoresp.com,AVAILABILITY,domains.list,domains.list,2001-08-29 01:48:01.937194,127761e9c642bb72a668b975
5280600.fls.doubleclick.net,AVAILABILITY,domains.list,domains.list,2001-08-29 01:48:02.106270,127761e9c642bb72a668b975
5280874.fls.doubleclick.net,AVAILABILITY,domains.list,domains.list,2001-08-29 01:48:02.280275,127761e9c642bb72a668b975
5281010.fls.doubleclick.net,AVAILABILITY,domains.list,domains.list,2001-08-29 01:48:02.460974,127761e9c642bb72a668b975
52824644.adoric-om.com,AVAILABILITY,domains.list,domains.list,2001-08-29 01:48:02.637579,127761e9c642bb72a668b975
5283813.fls.doubleclick.net,AVAILABILITY,domains.list,domains.list,2001-08-29 01:48:02.815726,127761e9c642bb72a668b975
5285378.fls.doubleclick.net,AVAILABILITY,domains.list,domains.list,2001-08-29 01:48:02.986394,127761e9c642bb72a668b975
5286600.fls.doubleclick.net,AVAILABILITY,domains.list,domains.list,2001-08-29 01:48:03.166327,127761e9c642bb72a668b975
5286711.fls.doubleclick.net,AVAILABILITY,domains.list,domains.list,2001-08-29 01:48:03.341853,127761e9c642bb72a668b975
5286800.fls.doubleclick.net,AVAILABILITY,domains.list,domains.list,2001-08-29 01:48:03.515972,127761e9c642bb72a668b975
5286812.fls.doubleclick.net,AVAILABILITY,domains.list,domains.list,2001-08-29 01:48:03.691244,127761e9c642bb72a668b975
5287500.fls.doubleclick.net,AVAILABILITY,domains.list,domains.list,2001-08-29 01:48:03.867019,127761e9c642bb72a668b975
5288009.fls.doubleclick.net,AVAILABILITY,domains.list,domains.list,2001-08-29 01:48:04.046087,127761e9c642bb72a668b975
5288800.fls.doubleclick.net,AVAILABILITY,domains.list,domains.list,2001-08-29 01:48:04.214260,127761e9c642bb72a668b975
5290727.fls.doubleclick.net,AVAILABILITY,domains.list,domains.list,2001-08-29 01:48:04.385902,127761e9c642bb72a668b975
529270-com.b.appier.net,AVAILABILITY,domains.list,domains.list,2001-08-29 01:48:04.555541,127761e9c642bb72a668b975
5293303.fls.doubleclick.net,AVAILABILITY,domains.list,domains.list,2001-08-29 01:48:04.727865,127761e9c642bb72a668b975
5295300.fls.doubleclick.net,AVAILABILITY,domains.list,domains.list,2001-08-29 01:48:04.904714,127761e9c642bb72a668b975
5295700.fls.doubleclick.net,AVAILABILITY,domains.list,domains.list,2001-08-29 01:48:05.078892,127761e9c642bb72a668b975
5296500.fls.doubleclick.net,AVAILABILITY,domains.list,domains.list,2001-08-29 01:48:05.253177,127761e9c642bb72a668b975
5297900.fls.doubleclick.net,AVAILABILITY,domains.list,domains.list,2001-08-29 01:48:05.431329,127761e9c642bb72a668b975
53.localytics.com,AVAILABILITY,domains.list,domains.list,2001-08-29 01:48:05.606087,127761e9c642bb72a668b975
530-rlq-870.mktoresp.com,AVAILABILITY,domains.list,domains.list,2001-08-29 01:48:05.781377,127761e9c642bb72a668b975
5302100.fls.doubleclick.net,AVAILABILITY,domains.list,domains.list,2001-08-29 01:48:05.952309,127761e9c642bb72a668b975
530224200.keywordblocks.com,AVAILABILITY,domains.list,domains.list,2001-08-29 01:48:06.121547,127761e9c642bb72a668b975
5302501.fls.doubleclick.net,AVAILABILITY,domains.list,domains.list,2001-08-29 01:48:06.287336,127761e9c642bb72a668b975
5306200.fls.doubleclick.net,AVAILABILITY,domains.list,domains.list,2001-08-29 01:48:06.457542,127761e9c642bb72a668b975
5306363.adoric-om.com,AVAILABILITY,domains.list,domains.list,2001-08-29 01:48:06.635228,127761e9c642bb72a668b975
5307032.fls.doubleclick.net,AVAILABILITY,domains.list,domains.list,2001-08-29 01:48:06.806910,127761e9c642bb72a668b975
53070630.adoric-om.com,AVAILABILITY,domains.list,domains.list,2001-08-29 01:48:06.985838,127761e9c642bb72a668b975
530831151.keywordblocks.com,AVAILABILITY,domains.list,domains.list,2001-08-29 01:48:07.153278,127761e9c642bb72a668b975
5310700.fls.doubleclick.net,AVAILABILITY,domains.list,domains.list,2001-08-29 01:48:07.324484,127761e9c642bb72a668b975
531463122.keywordblocks.com,AVAILABILITY,domains.list,domains.list,2001-08-29 01:48:07.495788,127761e9c642bb72a668b975
53156.measurementapi.com,AVAILABILITY,domains.list,domains.list,2001-08-29 01:48:07.668427,127761e9c642bb72a668b975
531721311.keywordblocks.com,AVAILABILITY,domains.list,domains.list,2001-08-29 01:48:07.842442,127761e9c642bb72a668b975
532-fci-500.mktoresp.com,AVAILABILITY,domains.list,domains.list,2001-08-29 01:48:08.020851,127761e9c642bb72a668b975
5321200.fls.doubleclick.net,AVAILABILITY,domains.list,domains.list,2001-08-29 01:48:08.192741,127761e9c642bb72a668b975
5321212.fls.doubleclick.net,AVAILABILITY,domains.list,domains.list,2001-08-29 01:48:08.371334,127761e9c642bb72a668b975
532121710.keywordblocks.com,AVAILABILITY,domains.list,domains.list,2001-08-29 01:48:08.547905,127761e9c642bb72a668b975
53216121.adoric-om.com,AVAILABILITY,domains.list,domains.list,2001-08-29 01:48:08.725998,127761e9c642bb72a668b975
5322910.fls.doubleclick.net,AVAILABILITY,domains.list,domains.list,2001-08-29 01:48:08.906222,127761e9c642bb72a668b975
5323110.fls.doubleclick.net,AVAILABILITY,domains.list,domains.list,2001-08-29 01:48:09.088775,127761e9c642bb72a668b975
5323963.fls.doubleclick.net,AVAILABILITY,domains.list,domains.list,2001-08-29 01:48:09.264389,127761e9c642bb72a668b975
532417412.keywordblocks.com,AVAILABILITY,domains.list,domains.list,2001-08-29 01:48:09.443955,127761e9c642bb72a668b975
5324900.fls.doubleclick.net,AVAILABILITY,domains.list,domains.list,2001-08-29 01:48:09.623108,127761e9c642bb72a668b975
5326100.fls.doubleclick.net,AVAILABILITY,domains.list,domains.list,2001-08-29 01:48:09.807656,127761e9c642bb72a668b975
53262639.adoric-om.com,AVAILABILITY,domains.list,domains.list,2001-08-29 01:48:09.984726,127761e9c642bb72a668b975
5328000.fls.doubleclick.net,AVAILABILITY,domains.list,domains.list,2001-08-29 01:48:10.160916,127761e9c642bb72a668b975
5328744.fls.doubleclick.net,AVAILABILITY,domains.list,domains.list,2001-08-29 01:48:10.341016,127761e9c642bb72a668b975
5329206.fls.doubleclick.net,AVAILABILITY,domains.list,domains.list,2001-08-29 01:48:10.529851,127761e9c642bb72a668b975
533343681.keywordblocks.com,AVAILABILITY,domains.list,domains.list,2001-08-29 01:48:10.713743,127761e9c642bb72a668b975
53380147.adoric-om.com,AVAILABILITY,domains.list,domains.list,2001-08-29 01:48:10.886902,127761e9c642bb72a668b975
5339900.fls.doubleclick.net,AVAILABILITY,domains.list,domains.list,2001-08-29 01:48:11.068237,127761e9c642bb72a668b975
5341700.fls.doubleclick.net,AVAILABILITY,domains.list,domains.list,2001-08-29 01:48:11.242264,127761e9c642bb72a668b975
5344210.fls.doubleclick.net,AVAILABILITY,domains.list,domains.list,2001-08-29 01:48:11.423805,127761e9c642bb72a668b975
534490552.keywordblocks.com,AVAILABILITY,domains.list,domains.list,2001-08-29 01:48:11.611929,127761e9c642bb72a668b975
5348102.fls.doubleclick.net,AVAILABILITY,domains.list,domains.list,2001-08-29 01:48:11.795625,127761e9c642bb72a668b975
534927730.keywordblocks.com,AVAILABILITY,domains.list,domains.list,2001-08-29 01:48:11.981362,127761e9c642bb72a668b975
5352000.fls.doubleclick.net,AVAILABILITY,domains.list,domains.list,2001-08-29 01:48:12.160959,127761e9c642bb72a668b975
5352434.fls.doubleclick.net,AVAILABILITY,domains.list,domains.list,2001-08-29 01:48:12.343751,127761e9c642bb72a668b975
5353223.fls.doubleclick.net,AVAILABILITY,domains.list,domains.list,2001-08-29 01:48:12.520559,127761e9c642bb72a668b975
53550162.adoric-om.com,AVAILABILITY,domains.list,domains.list,2001-08-29 01:48:12.704080,127761e9c642bb72a668b975
535811621.keywordblocks.com,AVAILABILITY,domains.list,domains.list,2001-08-29 01:48:12.883410,127761e9c642bb72a668b975
5358400.fls.doubleclick.net,AVAILABILITY,domains.list,domains.list,2001-08-29 01:48:13.069145,127761e9c642bb72a668b975
536138130.keywordblocks.com,AVAILABILITY,domains.list,domains.list,2001-08-29 01:48:13.256412,127761e9c642bb72a668b975
5371908.fls.doubleclick.net,AVAILABILITY,domains.list,domains.list,2001-08-29 01:48:13.441551,127761e9c642bb72a668b975
537229852.keywordblocks.com,AVAILABILITY,domains.list,domains.list,2001-08-29 01:48:13.628984,127761e9c642bb72a668b975
5373334.fls.doubleclick.net,AVAILABILITY,domains.list,domains.list,2001-08-29 01:48:13.947503,127761e9c642bb72a668b975
537341171.keywordblocks.com,AVAILABILITY,domains.list,domains.list,2001-08-29 01:48:14.130210,127761e9c642bb72a668b975
537410722.keywordblocks.com,AVAILABILITY,domains.list,domains.list,2001-08-29 01:48:14.316106,127761e9c642bb72a668b975
537466869.keywordblocks.com,AVAILABILITY,domains.list,domains.list,2001-08-29 01:48:14.495540,127761e9c642bb72a668b975
53752234.adoric-om.com,AVAILABILITY,domains.list,domains.list,2001-08-29 01:48:14.677783,127761e9c642bb72a668b975
537849800.keywordblocks.com,AVAILABILITY,domains.list,domains.list,2001-08-29 01:48:14.857306,127761e9c642bb72a668b975
538-dcx-400.mktoresp.com,AVAILABILITY,domains.list,domains.list,2001-08-29 01:48:15.034907,127761e9c642bb72a668b975
538-rzf-930.mktoresp.com,AVAILABILITY,domains.list,domains.list,2001-08-29 01:48:15.218366,127761e9c642bb72a668b975
538639632.keywordblocks.com,AVAILABILITY,domains.list,domains.list,2001-08-29 01:48:15.406531,127761e9c642bb72a668b975
5388700.fls.doubleclick.net,AVAILABILITY,domains.list,domains.list,2001-08-29 01:48:15.595798,127761e9c642bb72a668b975
5388778.fls.doubleclick.net,AVAILABILITY,domains.list,domains.list,2001-08-29 01:48:15.789661,127761e9c642bb72a668b975
53903407.adoric-om.com,AVAILABILITY,domains.list,domains.list,2001-08-29 01:48:15.980149,127761e9c642bb72a668b975
5392600.fls.doubleclick.net,AVAILABILITY,domains.list,domains.list,2001-08-29 01:48:16.165275,127761e9c642bb72a668b975
539710031.keywordblocks.com,AVAILABILITY,domains.list,domains.list,2001-08-29 01:48:16.350342,127761e9c642bb72a668b975
5397400.fls.doubleclick.net,AVAILABILITY,domains.list,domains.list,2001-08-29 01:48:16.525453,127761e9c642bb72a668b975
539e-25f0-5282-56d4.reporo.net,AVAILABILITY,domains.list,domains.list,2001-08-29 01:48:16.695945,127761e9c642bb72a668b975
53ba35bdfd7dc70def9fe8cd6644caff.s.adsco.re,AVAILABILITY,domains.list,domains.list,2001-08-29 01:48:16.869481,127761e9c642bb72a668b975
540-cgn-957.mktoresp.com,AVAILABILITY,domains.list,domains.list,2001-08-29 01:48:17.052450,127761e9c642bb72a668b975
540-cqs-570.mktoresp.com,AVAILABILITY,domains.list,domains.list,2001-08-29 01:48:17.229097,127761e9c642bb72a668b975
5402800.fls.doubleclick.net,AVAILABILITY,domains.list,domains.list,2001-08-29 01:48:17.405002,127761e9c642bb72a668b975
5404448.fls.doubleclick.net,AVAILABILITY,domains.list,domains.list,2001-08-29 01:48:17.573785,127761e9c642bb72a668b975
5405300.fls.doubleclick.net,AVAILABILITY,domains.list,domains.list,2001-08-29 01:48:17.744813,127761e9c642bb72a668b975
5406-09eb-8338-dd7e.reporo.net,AVAILABILITY,domains.list,domains.list,2001-08-29 01:48:17.919390,127761e9c642bb72a668b975
5406010.fls.doubleclick.net,AVAILABILITY,domains.list,domains.list,2001-08-29 01:48:18.213078,127761e9c642bb72a668b975
5406261.fls.doubleclick.net,AVAILABILITY,domains.list,domains.list,2001-08-29 01:48:18.383431,127761e9c642bb72a668b975
541-nan-660.mktoresp.com,AVAILABILITY,domains.list,domains.list,2001-08-29 01:48:18.560517,127761e9c642bb72a668b975
541-sjo-620.mktoresp.com,AVAILABILITY,domains.list,domains.list,2001-08-29 01:48:18.732319,127761e9c642bb72a668b975
541-ysi-750.mktoresp.com,AVAILABILITY,domains.list,domains.list,2001-08-29 01:48:18.905965,127761e9c642bb72a668b975
5412200.fls.doubleclick.net,AVAILABILITY,domains.list,domains.list,2001-08-29 01:48:19.082833,127761e9c642bb72a668b975
5412800.fls.doubleclick.net,AVAILABILITY,domains.list,domains.list,2001-08-29 01:48:19.259053,127761e9c642bb72a668b975
541495791.keywordblocks.com,AVAILABILITY,domains.list,domains.list,2001-08-29 01:48:19.436245,127761e9c642bb72a668b975
541545290.keywordblocks.com,AVAILABILITY,domains.list,domains.list,2001-08-29 01:48:19.608621,127761e9c642bb72a668b975
5420100.fls.doubleclick.net,AVAILABILITY,domains.list,domains.list,2001-08-29 01:48:19.782921,127761e9c642bb72a668b975
5420916.fls.doubleclick.net,AVAILABILITY,domains.list,domains.list,2001-08-29 01:48:19.964036,127761e9c642bb72a668b975
5422300.fls.doubleclick.net,AVAILABILITY,domains.list,domains.list,2001-08-29 01:48:20.149825,127761e9c642bb72a668b975
5424500.fls.doubleclick.net,AVAILABILITY,domains.list,domains.list,2001-08-29 01:48:20.325002,127761e9c642bb72a668b975
5425100.fls.doubleclick.net,AVAILABILITY,domains.list,domains.list,2001-08-29 01:48:20.505018,127761e9c642bb72a668b975
5427711.fls.doubleclick.net,AVAILABILITY,domains.list,domains.list,2001-08-29 01:48:20.684787,127761e9c642bb72a668b975
5429100.fls.doubleclick.net,AVAILABILITY,domains.list,domains.list,2001-08-29 01:48:20.856352,127761e9c642bb72a668b975
5431200.fls.doubleclick.net,AVAILABILITY,domains.list,domains.list,2001-08-29 01:48:21.020503,127761e9c642bb72a668b975
5431293.fls.doubleclick.net,AVAILABILITY,domains.list,domains.list,2001-08-29 01:48:21.193644,127761e9c642bb72a668b975
5431821.fls.doubleclick.net,AVAILABILITY,domains.list,domains.list,2001-08-29 01:48:21.377598,127761e9c642bb72a668b975
5433616.fls.doubleclick.net,AVAILABILITY,domains.list,domains.list,2001-08-29 01:48:21.560624,127761e9c642bb72a668b975
543391844.keywordblocks.com,AVAILABILITY,domains.list,domains.list,2001-08-29 01:48:21.741047,127761e9c642bb72a668b975
5435000.fls.doubleclick.net,AVAILABILITY,domains.list,domains.list,2001-08-29 01:48:21.924439,127761e9c642bb72a668b975
543502721.keywordblocks.com,AVAILABILITY,domains.list,domains.list,2001-08-29 01:48:22.100320,127761e9c642bb72a668b975
5439600.fls.doubleclick.net,AVAILABILITY,domains.list,domains.list,2001-08-29 01:48:22.276303,127761e9c642bb72a668b975
544-dwt-501.mktoresp.com,AVAILABILITY,domains.list,domains.list,2001-08-29 01:48:23.099216,127761e9c642bb72a668b975
5440945.fls.doubleclick.net,AVAILABILITY,domains.list,domains.list,2001-08-29 01:48:23.277777,127761e9c642bb72a668b975
5441738.fls.doubleclick.net,AVAILABILITY,domains.list,domains.list,2001-08-29 01:48:23.451903,127761e9c642bb72a668b975
544447321.keywordblocks.com,AVAILABILITY,domains.list,domains.list,2001-08-29 01:48:23.632724,127761e9c642bb72a668b975
54463139.adoric-om.com,AVAILABILITY,domains.list,domains.list,2001-08-29 01:48:23.805078,127761e9c642bb72a668b975
5451438.fls.doubleclick.net,AVAILABILITY,domains.list,domains.list,2001-08-29 01:48:23.973747,127761e9c642bb72a668b975
545171711.keywordblocks.com,AVAILABILITY,domains.list,domains.list,2001-08-29 01:48:24.150115,127761e9c642bb72a668b975
5452800.fls.doubleclick.net,AVAILABILITY,domains.list,domains.list,2001-08-29 01:48:24.321909,127761e9c642bb72a668b975
5453400.fls.doubleclick.net,AVAILABILITY,domains.list,domains.list,2001-08-29 01:48:24.493531,127761e9c642bb72a668b975
5454021.fls.doubleclick.net,AVAILABILITY,domains.list,domains.list,2001-08-29 01:48:24.666166,127761e9c642bb72a668b975
546329112.keywordblocks.com,AVAILABILITY,domains.list,domains.list,2001-08-29 01:48:24.844389,127761e9c642bb72a668b975
5463416.fls.doubleclick.net,AVAILABILITY,domains.list,domains.list,2001-08-29 01:48:25.019495,127761e9c642bb72a668b975
5467-c741-ee72-abf1.reporo.net,AVAILABILITY,domains.list,domains.list,2001-08-29 01:48:25.200442,127761e9c642bb72a668b975
547-fba-390.mktoresp.com,AVAILABILITY,domains.list,domains.list,2001-08-29 01:48:25.380408,127761e9c642bb72a668b975
5470943.fls.doubleclick.net,AVAILABILITY,domains.list,domains.list,2001-08-29 01:48:25.684646,127761e9c642bb72a668b975
5471700.fls.doubleclick.net,AVAILABILITY,domains.list,domains.list,2001-08-29 01:48:25.864207,127761e9c642bb72a668b975
5471757.fls.doubleclick.net,AVAILABILITY,domains.list,domains.list,2001-08-29 01:48:26.044005,127761e9c642bb72a668b975
5471782.fls.doubleclick.net,AVAILABILITY,domains.list,domains.list,2001-08-29 01:48:26.220347,127761e9c642bb72a668b975
5472331.fls.doubleclick.net,AVAILABILITY,domains.list,domains.list,2001-08-29 01:48:26.397836,127761e9c642bb72a668b975
547755930.keywordblocks.com,AVAILABILITY,domains.list,domains.list,2001-08-29 01:48:26.569986,127761e9c642bb72a668b975
547873512.keywordblocks.com,AVAILABILITY,domains.list,domains.list,2001-08-29 01:48:26.753212,127761e9c642bb72a668b975
548-bfm-800.mktoresp.com,AVAILABILITY,domains.list,domains.list,2001-08-29 01:48:26.923973,127761e9c642bb72a668b975
5482100.fls.doubleclick.net,AVAILABILITY,domains.list,domains.list,2001-08-29 01:48:27.107683,127761e9c642bb72a668b975
5485100.fls.doubleclick.net,AVAILABILITY,domains.list,domains.list,2001-08-29 01:48:27.286004,127761e9c642bb72a668b975
548546200.keywordblocks.com,AVAILABILITY,domains.list,domains.list,2001-08-29 01:48:27.458028,127761e9c642bb72a668b975
5486300.fls.doubleclick.net,AVAILABILITY,domains.list,domains.list,2001-08-29 01:48:27.622331,127761e9c642bb72a668b975
549-acq-710.mktoresp.com,AVAILABILITY,domains.list,domains.list,2001-08-29 01:48:27.796647,127761e9c642bb72a668b975
549-umx-800.mktoresp.com,AVAILABILITY,domains.list,domains.list,2001-08-29 01:48:27.971608,127761e9c642bb72a668b975
5491400.fls.doubleclick.net,AVAILABILITY,domains.list,domains.list,2001-08-29 01:48:28.269326,127761e9c642bb72a668b975
54931583.adoric-om.com,AVAILABILITY,domains.list,domains.list,2001-08-29 01:48:28.442222,127761e9c642bb72a668b975
54bc-9e0e-8af9-73d3.reporo.net,AVAILABILITY,domains.list,domains.list,2001-08-29 01:48:28.612668,127761e9c642bb72a668b975
54d1-643f-38be-7674.reporo.net,AVAILABILITY,domains.list,domains.list,2001-08-29 01:48:28.783677,127761e9c642bb72a668b975
550-kmq-160.mktoresp.com,AVAILABILITY,domains.list,domains.list,2001-08-29 01:48:28.958213,127761e9c642bb72a668b975
5501900.fls.doubleclick.net,AVAILABILITY,domains.list,domains.list,2001-08-29 01:48:29.137598,127761e9c642bb72a668b975
5502540.fls.doubleclick.net,AVAILABILITY,domains.list,domains.list,2001-08-29 01:48:29.313917,127761e9c642bb72a668b975
55029029.adoric-om.com,AVAILABILITY,domains.list,domains.list,2001-08-29 01:48:29.481298,127761e9c642bb72a668b975
551-ylz-810.mktoresp.com,AVAILABILITY,domains.list,domains.list,2001-08-29 01:48:29.660375,127761e9c642bb72a668b975
5520000.fls.doubleclick.net,AVAILABILITY,domains.list,domains.list,2001-08-29 01:48:29.832352,127761e9c642bb72a668b975
5520200.fls.doubleclick.net,AVAILABILITY,domains.list,domains.list,2001-08-29 01:48:30.006677,127761e9c642bb72a668b975
5530107.fls.doubleclick.net,AVAILABILITY,domains.list,domains.list,2001-08-29 01:48:30.181077,127761e9c642bb72a668b975
5537500.fls.doubleclick.net,AVAILABILITY,domains.list,domains.list,2001-08-29 01:48:30.359686,127761e9c642bb72a668b975
5544100.fls.doubleclick.net,AVAILABILITY,domains.list,domains.list,2001-08-29 01:48:30.651342,127761e9c642bb72a668b975
554411720.keywordblocks.com,AVAILABILITY,domains.list,domains.list,2001-08-29 01:48:30.823136,127761e9c642bb72a668b975
5549700.fls.doubleclick.net,AVAILABILITY,domains.list,domains.list,2001-08-29 01:48:31.003605,127761e9c642bb72a668b975
555-kxh-516.mktoresp.com,AVAILABILITY,domains.list,domains.list,2001-08-29 01:48:31.182110,127761e9c642bb72a668b975
5553111.fls.doubleclick.net,AVAILABILITY,domains.list,domains.list,2001-08-29 01:48:31.361761,127761e9c642bb72a668b975
555776741.keywordblocks.com,AVAILABILITY,domains.list,domains.list,2001-08-29 01:48:31.537952,127761e9c642bb72a668b975
5561100.fls.doubleclick.net,AVAILABILITY,domains.list,domains.list,2001-08-29 01:48:31.715568,127761e9c642bb72a668b975
5562410.fls.doubleclick.net,AVAILABILITY,domains.list,domains.list,2001-08-29 01:48:31.900318,127761e9c642bb72a668b975
556449612.keywordblocks.com,AVAILABILITY,domains.list,domains.list,2001-08-29 01:48:32.080081,127761e9c642bb72a668b975
5564900.fls.doubleclick.net,AVAILABILITY,domains.list,domains.list,2001-08-29 01:48:32.253070,127761e9c642bb72a668b975
5567672.fls.doubleclick.net,AVAILABILITY,domains.list,domains.list,2001-08-29 01:48:32.422496,127761e9c642bb72a668b975
5568125.adoric-om.com,AVAILABILITY,domains.list,domains.list,2001-08-29 01:48:32.602102,127761e9c642bb72a668b975
5569600.fls.doubleclick.net,AVAILABILITY,domains.list,domains.list,2001-08-29 01:48:32.783267,127761e9c642bb72a668b975
557419457.keywordblocks.com,AVAILABILITY,domains.list,domains.list,2001-08-29 01:48:32.961517,127761e9c642bb72a668b975
558-ebh-425.mktoresp.com,AVAILABILITY,domains.list,domains.list,2001-08-29 01:48:33.137743,127761e9c642bb72a668b975
558-has-110.mktoresp.com,AVAILABILITY,domains.list,domains.list,2001-08-29 01:48:33.319260,127761e9c642bb72a668b975
558-rij-511.mktoresp.com,AVAILABILITY,domains.list,domains.list,2001-08-29 01:48:33.497383,127761e9c642bb72a668b975
5581045.fls.doubleclick.net,AVAILABILITY,domains.list,domains.list,2001-08-29 01:48:33.671759,127761e9c642bb72a668b975
5581089.fls.doubleclick.net,AVAILABILITY,domains.list,domains.list,2001-08-29 01:48:33.847470,127761e9c642bb72a668b975
558167241.keywordblocks.com,AVAILABILITY,domains.list,domains.list,2001-08-29 01:48:34.032224,127761e9c642bb72a668b975
5582200.fls.doubleclick.net,AVAILABILITY,domains.list,domains.list,2001-08-29 01:48:34.340087,127761e9c642bb72a668b975
5582481.fls.doubleclick.net,AVAILABILITY,domains.list,domains.list,2001-08-29 01:48:34.511466,127761e9c642bb72a668b975
5583406.fls.doubleclick.net,AVAILABILITY,domains.list,domains.list,2001-08-29 01:48:34.684612,127761e9c642bb72a668b975
5584800.fls.doubleclick.net,AVAILABILITY,domains.list,domains.list,2001-08-29 01:48:34.855938,127761e9c642bb72a668b975
5585042.fls.doubleclick.net,AVAILABILITY,domains.list,domains.list,2001-08-29 01:48:35.036203,127761e9c642bb72a668b975
558662612.keywordblocks.com,AVAILABILITY,domains.list,domains.list,2001-08-29 01:48:35.207050,127761e9c642bb72a668b975
55869214.adoric-om.com,AVAILABILITY,domains.list,domains.list,2001-08-29 01:48:35.386522,127761e9c642bb72a668b975
558866862.keywordblocks.com,AVAILABILITY,domains.list,domains.list,2001-08-29 01:48:35.563243,127761e9c642bb72a668b975
558971aa3f8b511c0031354a.tracker.adotmob.com,AVAILABILITY,domains.list,domains.list,2001-08-29 01:48:35.740245,127761e9c642bb72a668b975
5593200.fls.doubleclick.net,AVAILABILITY,domains.list,domains.list,2001-08-29 01:48:35.913057,127761e9c642bb72a668b975
55hft.adx1.com,AVAILABILITY,domains.list,domains.list,2001-08-29 01:48:36.092850,127761e9c642bb72a668b975
56.mizdok.com,AVAILABILITY,domains.list,domains.list,2001-08-29 01:48:36.272688,127761e9c642bb72a668b975
5603454.fls.doubleclick.net,AVAILABILITY,domains.list,domains.list,2001-08-29 01:48:36.448017,127761e9c642bb72a668b975
5604400.fls.doubleclick.net,AVAILABILITY,domains.list,domains.list,2001-08-29 01:48:36.629393,127761e9c642bb72a668b975
5604800.fls.doubleclick.net,AVAILABILITY,domains.list,domains.list,2001-08-29 01:48:36.810735,127761e9c642bb72a668b975
5605633.fls.doubleclick.net,AVAILABILITY,domains.list,domains.list,2001-08-29 01:48:36.993075,127761e9c642bb72a668b975
5608206.fls.doubleclick.net,AVAILABILITY,domains.list,domains.list,2001-08-29 01:48:37.163006,127761e9c642bb72a668b975
561-hyg-937.mktoresp.com,AVAILABILITY,domains.list,domains.list,2001-08-29 01:48:37.338338,127761e9c642bb72a668b975
561-ljy-710.mktoresp.com,AVAILABILITY,domains.list,domains.list,2001-08-29 01:48:37.518348,127761e9c642bb72a668b975
5614000.fls.doubleclick.net,AVAILABILITY,domains.list,domains.list,2001-08-29 01:48:37.695937,127761e9c642bb72a668b975
5617400.fls.doubleclick.net,AVAILABILITY,domains.list,domains.list,2001-08-29 01:48:37.875734,127761e9c642bb72a668b975
5620200.fls.doubleclick.net,AVAILABILITY,domains.list,domains.list,2001-08-29 01:48:38.057866,127761e9c642bb72a668b975
5620400.fls.doubleclick.net,AVAILABILITY,domains.list,domains.list,2001-08-29 01:48:38.238216,127761e9c642bb72a668b975
56228697.adoric-om.com,AVAILABILITY,domains.list,domains.list,2001-08-29 01:48:38.551104,127761e9c642bb72a668b975
5623210.fls.doubleclick.net,AVAILABILITY,domains.list,domains.list,2001-08-29 01:48:38.725810,127761e9c642bb72a668b975
5624600.fls.doubleclick.net,AVAILABILITY,domains.list,domains.list,2001-08-29 01:48:38.899634,127761e9c642bb72a668b975
562475650.keywordblocks.com,AVAILABILITY,domains.list,domains.list,2001-08-29 01:48:39.075992,127761e9c642bb72a668b975
5625200.fls.doubleclick.net,AVAILABILITY,domains.list,domains.list,2001-08-29 01:48:39.248998,127761e9c642bb72a668b975
5627000.fls.doubleclick.net,AVAILABILITY,domains.list,domains.list,2001-08-29 01:48:39.426707,127761e9c642bb72a668b975
562876740.keywordblocks.com,AVAILABILITY,domains.list,domains.list,2001-08-29 01:48:39.605931,127761e9c642bb72a668b975
563254928e48201500bfde13.tracker.adotmob.com,AVAILABILITY,domains.list,domains.list,2001-08-29 01:48:39.782797,127761e9c642bb72a668b975
5635900.fls.doubleclick.net,AVAILABILITY,domains.list,domains.list,2001-08-29 01:48:39.955620,127761e9c642bb72a668b975
564-dhn-940.mktoresp.com,AVAILABILITY,domains.list,domains.list,2001-08-29 01:48:40.121423,127761e9c642bb72a668b975
564-whv-323.mktoresp.com,AVAILABILITY,domains.list,domains.list,2001-08-29 01:48:40.293361,127761e9c642bb72a668b975
5640763.fls.doubleclick.net,AVAILABILITY,domains.list,domains.list,2001-08-29 01:48:40.472166,127761e9c642bb72a668b975
565-bdo-100.mktoresp.com,AVAILABILITY,domains.list,domains.list,2001-08-29 01:48:40.786686,127761e9c642bb72a668b975
565272272.keywordblocks.com,AVAILABILITY,domains.list,domains.list,2001-08-29 01:48:41.095355,127761e9c642bb72a668b975
565844362.keywordblocks.com,AVAILABILITY,domains.list,domains.list,2001-08-29 01:48:41.268389,127761e9c642bb72a668b975
566-han-801.mktoresp.com,AVAILABILITY,domains.list,domains.list,2001-08-29 01:48:41.443340,127761e9c642bb72a668b975
566-jgi-821.mktoresp.com,AVAILABILITY,domains.list,domains.list,2001-08-29 01:48:41.632472,127761e9c642bb72a668b975
5662121.fls.doubleclick.net,AVAILABILITY,domains.list,domains.list,2001-08-29 01:48:41.819783,127761e9c642bb72a668b975
5663311.fls.doubleclick.net,AVAILABILITY,domains.list,domains.list,2001-08-29 01:48:42.005424,127761e9c642bb72a668b975
566388452.keywordblocks.com,AVAILABILITY,domains.list,domains.list,2001-08-29 01:48:42.182287,127761e9c642bb72a668b975
566416081.keywordblocks.com,AVAILABILITY,domains.list,domains.list,2001-08-29 01:48:42.359639,127761e9c642bb72a668b975
5669311.fls.doubleclick.net,AVAILABILITY,domains.list,domains.list,2001-08-29 01:48:42.533785,127761e9c642bb72a668b975
5670225.fls.doubleclick.net,AVAILABILITY,domains.list,domains.list,2001-08-29 01:48:42.714332,127761e9c642bb72a668b975
567046aa4f99761400fff5a3.tracker.adotmob.com,AVAILABILITY,domains.list,domains.list,2001-08-29 01:48:42.896227,127761e9c642bb72a668b975
568-ntw-286.mktoresp.com,AVAILABILITY,domains.list,domains.list,2001-08-29 01:48:43.082877,127761e9c642bb72a668b975
568-ydm-501.mktoresp.com,AVAILABILITY,domains.list,domains.list,2001-08-29 01:48:43.262296,127761e9c642bb72a668b975
5683606.fls.doubleclick.net,AVAILABILITY,domains.list,domains.list,2001-08-29 01:48:43.447279,127761e9c642bb72a668b975
569144171.keywordblocks.com,AVAILABILITY,domains.list,domains.list,2001-08-29 01:48:43.625570,127761e9c642bb72a668b975
56916565.adoric-om.com,AVAILABILITY,domains.list,domains.list,2001-08-29 01:48:43.803043,127761e9c642bb72a668b975
5693930.fls.doubleclick.net,AVAILABILITY,domains.list,domains.list,2001-08-29 01:48:43.989496,127761e9c642bb72a668b975
5698300.fls.doubleclick.net,AVAILABILITY,domains.list,domains.list,2001-08-29 01:48:44.173124,127761e9c642bb72a668b975
56a661fd00ce7e1100f6565b.tracker.adotmob.com,AVAILABILITY,domains.list,domains.list,2001-08-29 01:48:44.352473,127761e9c642bb72a668b975
56a7a4e086e9f61100f8289f.tracker.adotmob.com,AVAILABILITY,domains.list,domains.list,2001-08-29 01:48:44.532193,127761e9c642bb72a668b975
56b0d8ef313ccc11002a9d29.tracker.adotmob.com,AVAILABILITY,domains.list,domains.list,2001-08-29 01:48:44.708351,127761e9c642bb72a668b975
56c2f62a60b4c7130047fdde.tracker.adotmob.com,AVAILABILITY,domains.list,domains.list,2001-08-29 01:48:44.880633,127761e9c642bb72a668b975
56d5b48473ed611100129d6f.tracker.adotmob.com,AVAILABILITY,domains.list,domains.list,2001-08-29 01:48:45.062880,127761e9c642bb72a668b975
56d72d133ae0421200fd03d6.tracker.adotmob.com,AVAILABILITY,domains.list,domains.list,2001-08-29 01:48:45.249048,127761e9c642bb72a668b975
56d9b96c85ad65110011b937.tracker.adotmob.com,AVAILABILITY,domains.list,domains.list,2001-08-29 01:48:45.429617,127761e9c642bb72a668b975
56f42e5de78ec51200f8662a.tracker.adotmob.com,AVAILABILITY,domains.list,domains.list,2001-08-29 01:48:45.599300,127761e9c642bb72a668b975
56f5638002cd271100615ec7.tracker.adotmob.com,AVAILABILITY,domains.list,domains.list,2001-08-29 01:48:45.786613,127761e9c642bb72a668b975
56fbdc10bed17e1100b6e325.tracker.adotmob.com,AVAILABILITY,domains.list,domains.list,2001-08-29 01:48:45.969060,127761e9c642bb72a668b975
56fbfe9d8a62d11100e5f52b.tracker.adotmob.com,AVAILABILITY,domains.list,domains.list,2001-08-29 01:48:46.148352,127761e9c642bb72a668b975
57022a78343de81300bcde92.tracker.adotmob.com,AVAILABILITY,domains.list,domains.list,2001-08-29 01:48:46.328566,127761e9c642bb72a668b975
571558672.keywordblocks.com,AVAILABILITY,domains.list,domains.list,2001-08-29 01:48:46.508220,127761e9c642bb72a668b975
571654655d71931400741fa9.tracker.adotmob.com,AVAILABILITY,domains.list,domains.list,2001-08-29 01:48:46.684368,127761e9c642bb72a668b975
5718e76251e1b21000813f31.tracker.adotmob.com,AVAILABILITY,domains.list,domains.list,2001-08-29 01:48:46.871054,127761e9c642bb72a668b975
572-zrg-001.mktoresp.com,AVAILABILITY,domains.list,domains.list,2001-08-29 01:48:47.053331,127761e9c642bb72a668b975
572186670.keywordblocks.com,AVAILABILITY,domains.list,domains.list,2001-08-29 01:48:47.236737,127761e9c642bb72a668b975
5722236.fls.doubleclick.net,AVAILABILITY,domains.list,domains.list,2001-08-29 01:48:47.416306,127761e9c642bb72a668b975
5724437.fls.doubleclick.net,AVAILABILITY,domains.list,domains.list,2001-08-29 01:48:47.592372,127761e9c642bb72a668b975
5726.bapi.adsafeprotected.com,AVAILABILITY,domains.list,domains.list,2001-08-29 01:48:47.768294,127761e9c642bb72a668b975
572678342.keywordblocks.com,AVAILABILITY,domains.list,domains.list,2001-08-29 01:48:47.946187,127761e9c642bb72a668b975
572746b761d157150000f072.tracker.adotmob.com,AVAILABILITY,domains.list,domains.list,2001-08-29 01:48:48.120970,127761e9c642bb72a668b975
573-pxi-984.mktoresp.com,AVAILABILITY,domains.list,domains.list,2001-08-29 01:48:48.290874,127761e9c642bb72a668b975
5731da926bff811000a2e641.tracker.adotmob.com,AVAILABILITY,domains.list,domains.list,2001-08-29 01:48:48.470855,127761e9c642bb72a668b975
5732e1b21aa6410f00df6082.tracker.adotmob.com,AVAILABILITY,domains.list,domains.list,2001-08-29 01:48:48.652932,127761e9c642bb72a668b975
5736037.fls.doubleclick.net,AVAILABILITY,domains.list,domains.list,2001-08-29 01:48:48.826337,127761e9c642bb72a668b975
5737208.fls.doubleclick.net,AVAILABILITY,domains.list,domains.list,2001-08-29 01:48:48.997234,127761e9c642bb72a668b975
5738600.fls.doubleclick.net,AVAILABILITY,domains.list,domains.list,2001-08-29 01:48:49.173390,127761e9c642bb72a668b975
573ad0bbfe3ee0130057a4e9.tracker.adotmob.com,AVAILABILITY,domains.list,domains.list,2001-08-29 01:48:49.349791,127761e9c642bb72a668b975
573b420ca77fba0f0014d174.tracker.adotmob.com,AVAILABILITY,domains.list,domains.list,2001-08-29 01:48:49.530973,127761e9c642bb72a668b975
573b4278a77fba0f0014d178.tracker.adotmob.com,AVAILABILITY,domains.list,domains.list,2001-08-29 01:48:49.693881,127761e9c642bb72a668b975
574-lhh-431.mktoresp.com,AVAILABILITY,domains.list,domains.list,2001-08-29 01:48:49.870005,127761e9c642bb72a668b975
574178412.keywordblocks.com,AVAILABILITY,domains.list,domains.list,2001-08-29 01:48:50.175732,127761e9c642bb72a668b975
574661677.search.media.net,AVAILABILITY,domains.list,domains.list,2001-08-29 01:48:50.351351,127761e9c642bb72a668b975
5754930.fls.doubleclick.net,AVAILABILITY,domains.list,domains.list,2001-08-29 01:48:50.530801,127761e9c642bb72a668b975
575763210.keywordblocks.com,AVAILABILITY,domains.list,domains.list,2001-08-29 01:48:50.711606,127761e9c642bb72a668b975
576216260.keywordblocks.com,AVAILABILITY,domains.list,domains.list,2001-08-29 01:48:51.011674,127761e9c642bb72a668b975
576285472.keywordblocks.com,AVAILABILITY,domains.list,domains.list,2001-08-29 01:48:51.189903,127761e9c642bb72a668b975
576303602.keywordblocks.com,AVAILABILITY,domains.list,domains.list,2001-08-29 01:48:51.375472,127761e9c642bb72a668b975
5766-53ed-db67-04f3.reporo.net,AVAILABILITY,domains.list,domains.list,2001-08-29 01:48:51.565110,127761e9c642bb72a668b975
576843562.keywordblocks.com,AVAILABILITY,domains.list,domains.list,2001-08-29 01:48:51.752004,127761e9c642bb72a668b975
576954146.keywordblocks.com,AVAILABILITY,domains.list,domains.list,2001-08-29 01:48:51.930369,127761e9c642bb72a668b975
576975381.keywordblocks.com,AVAILABILITY,domains.list,domains.list,2001-08-29 01:48:52.108954,127761e9c642bb72a668b975
577-pct-880.mktoresp.com,AVAILABILITY,domains.list,domains.list,2001-08-29 01:48:52.293863,127761e9c642bb72a668b975
577543db5c47e31200f530c0.tracker.adotmob.com,AVAILABILITY,domains.list,domains.list,2001-08-29 01:48:52.471943,127761e9c642bb72a668b975
577665361.keywordblocks.com,AVAILABILITY,domains.list,domains.list,2001-08-29 01:48:52.654322,127761e9c642bb72a668b975
5777100.fls.doubleclick.net,AVAILABILITY,domains.list,domains.list,2001-08-29 01:48:52.822860,127761e9c642bb72a668b975
5779200.fls.doubleclick.net,AVAILABILITY,domains.list,domains.list,2001-08-29 01:48:52.999002,127761e9c642bb72a668b975
5779400.fls.doubleclick.net,AVAILABILITY,domains.list,domains.list,2001-08-29 01:48:53.172897,127761e9c642bb72a668b975
5779616.fls.doubleclick.net,AVAILABILITY,domains.list,domains.list,2001-08-29 01:48:53.354106,127761e9c642bb72a668b975
578031181.keywordblocks.com,AVAILABILITY,domains.list,domains.list,2001-08-29 01:48:53.533811,127761e9c642bb72a668b975
5781000.fls.doubleclick.net,AVAILABILITY,domains.list,domains.list,2001-08-29 01:48:53.718314,127761e9c642bb72a668b975
5782800.fls.doubleclick.net,AVAILABILITY,domains.list,domains.list,2001-08-29 01:48:53.890032,127761e9c642bb72a668b975
579-yps-960.mktoresp.com,AVAILABILITY,domains.list,domains.list,2001-08-29 01:48:54.075087,127761e9c642bb72a668b975
579221851.keywordblocks.com,AVAILABILITY,domains.list,domains.list,2001-08-29 01:48:54.258242,127761e9c642bb72a668b975
57d9149556b95e00110c981b.tracker.adotmob.com,AVAILABILITY,domains.list,domains.list,2001-08-29 01:48:54.440921,127761e9c642bb72a668b975
57ebe236bc6623001283a26b.tracker.adotmob.com,AVAILABILITY,domains.list,domains.list,2001-08-29 01:48:54.621290,127761e9c642bb72a668b975
57fb96d5ea40e000127fc2bb.tracker.adotmob.com,AVAILABILITY,domains.list,domains.list,2001-08-29 01:48:54.796333,127761e9c642bb72a668b975
58039902.adoric-om.com,AVAILABILITY,domains.list,domains.list,2001-08-29 01:48:54.977084,127761e9c642bb72a668b975
5805365.fls.doubleclick.net,AVAILABILITY,domains.list,domains.list,2001-08-29 01:48:55.153763,127761e9c642bb72a668b975
58063561.adoric-om.com,AVAILABILITY,domains.list,domains.list,2001-08-29 01:48:55.332014,127761e9c642bb72a668b975
5808312.fls.doubleclick.net,AVAILABILITY,domains.list,domains.list,2001-08-29 01:48:55.507882,127761e9c642bb72a668b975
5808703.fls.doubleclick.net,AVAILABILITY,domains.list,domains.list,2001-08-29 01:48:55.687030,127761e9c642bb72a668b975
582-ill-550.mktoresp.com,AVAILABILITY,domains.list,domains.list,2001-08-29 01:48:55.862903,127761e9c642bb72a668b975
5820213.fls.doubleclick.net,AVAILABILITY,domains.list,domains.list,2001-08-29 01:48:56.039269,127761e9c642bb72a668b975
5820813.fls.doubleclick.net,AVAILABILITY,domains.list,domains.list,2001-08-29 01:48:56.215064,127761e9c642bb72a668b975
583-itv-340.mktoresp.com,AVAILABILITY,domains.list,domains.list,2001-08-29 01:48:56.519099,127761e9c642bb72a668b975
583-iug-201.mktoresp.com,AVAILABILITY,domains.list,domains.list,2001-08-29 01:48:56.706774,127761e9c642bb72a668b975
583-yha-201.mktoresp.com,AVAILABILITY,domains.list,domains.list,2001-08-29 01:48:56.886578,127761e9c642bb72a668b975
5835105.fls.doubleclick.net,AVAILABILITY,domains.list,domains.list,2001-08-29 01:48:57.080658,127761e9c642bb72a668b975
583590c3f188500011fc0eff.tracker.adotmob.com,AVAILABILITY,domains.list,domains.list,2001-08-29 01:48:57.272943,127761e9c642bb72a668b975
584-mfv-920.mktoresp.com,AVAILABILITY,domains.list,domains.list,2001-08-29 01:48:57.460699,127761e9c642bb72a668b975
584-wph-840.mktoresp.com,AVAILABILITY,domains.list,domains.list,2001-08-29 01:48:57.651129,127761e9c642bb72a668b975
585-bub-480.mktoresp.com,AVAILABILITY,domains.list,domains.list,2001-08-29 01:48:57.834726,127761e9c642bb72a668b975
585.tm.zedo.com,AVAILABILITY,domains.list,domains.list,2001-08-29 01:48:58.016768,127761e9c642bb72a668b975
585515171.keywordblocks.com,AVAILABILITY,domains.list,domains.list,2001-08-29 01:48:58.199610,127761e9c642bb72a668b975
5855681.adoric-om.com,AVAILABILITY,domains.list,domains.list,2001-08-29 01:48:58.388353,127761e9c642bb72a668b975
58591360.adoric-om.com,AVAILABILITY,domains.list,domains.list,2001-08-29 01:48:58.577234,127761e9c642bb72a668b975
586-ikb-000.mktoresp.com,AVAILABILITY,domains.list,domains.list,2001-08-29 01:48:58.764841,127761e9c642bb72a668b975
5860126.fls.doubleclick.net,AVAILABILITY,domains.list,domains.list,2001-08-29 01:48:58.953520,127761e9c642bb72a668b975
586568662.keywordblocks.com,AVAILABILITY,domains.list,domains.list,2001-08-29 01:48:59.138556,127761e9c642bb72a668b975
5865816.fls.doubleclick.net,AVAILABILITY,domains.list,domains.list,2001-08-29 01:48:59.318624,127761e9c642bb72a668b975
586782382.keywordblocks.com,AVAILABILITY,domains.list,domains.list,2001-08-29 01:48:59.498951,127761e9c642bb72a668b975
58687285.adoric-om.com,AVAILABILITY,domains.list,domains.list,2001-08-29 01:48:59.690048,127761e9c642bb72a668b975
587.dopa.com,AVAILABILITY,domains.list,domains.list,2001-08-29 01:48:59.877101,127761e9c642bb72a668b975
58712214.adoric-om.com,AVAILABILITY,domains.list,domains.list,2001-08-29 01:49:00.068760,127761e9c642bb72a668b975
587262636.keywordblocks.com,AVAILABILITY,domains.list,domains.list,2001-08-29 01:49:00.258050,127761e9c642bb72a668b975
5872700.fls.doubleclick.net,AVAILABILITY,domains.list,domains.list,2001-08-29 01:49:00.448515,127761e9c642bb72a668b975
5879493.fls.doubleclick.net,AVAILABILITY,domains.list,domains.list,2001-08-29 01:49:00.630440,127761e9c642bb72a668b975
588-hlz-480.mktoresp.com,AVAILABILITY,domains.list,domains.list,2001-08-29 01:49:00.812571,127761e9c642bb72a668b975
588c-7c7e-29f8-03c9.reporo.net,AVAILABILITY,domains.list,domains.list,2001-08-29 01:49:00.993323,127761e9c642bb72a668b975
588ef9ab4a513c0010230b9c.tracker.adotmob.com,AVAILABILITY,domains.list,domains.list,2001-08-29 01:49:01.176644,127761e9c642bb72a668b975
588f76d24a513c0010230b9e.tracker.adotmob.com,AVAILABILITY,domains.list,domains.list,2001-08-29 01:49:01.359285,127761e9c642bb72a668b975
589863731.keywordblocks.com,AVAILABILITY,domains.list,domains.list,2001-08-29 01:49:01.547971,127761e9c642bb72a668b975
58a4-f588-25cc-1202.reporo.net,AVAILABILITY,domains.list,domains.list,2001-08-29 01:49:01.728102,127761e9c642bb72a668b975
58adc5c7.webengage.co,AVAILABILITY,domains.list,domains.list,2001-08-29 01:49:01.909808,127761e9c642bb72a668b975
58adc773.webengage.co,AVAILABILITY,domains.list,domains.list,2001-08-29 01:49:02.087032,127761e9c642bb72a668b975
58adc90c.webengage.co,AVAILABILITY,domains.list,domains.list,2001-08-29 01:49:02.258844,127761e9c642bb72a668b975
58adc923.webengage.co,AVAILABILITY,domains.list,domains.list,2001-08-29 01:49:02.430805,127761e9c642bb72a668b975
58adc989.webengage.co,AVAILABILITY,domains.list,domains.list,2001-08-29 01:49:02.608121,127761e9c642bb72a668b975
58adca85.webengage.co,AVAILABILITY,domains.list,domains.list,2001-08-29 01:49:02.788726,127761e9c642bb72a668b975
58adcc89.webengage.co,AVAILABILITY,domains.list,domains.list,2001-08-29 01:49:02.968213,127761e9c642bb72a668b975
58adcd63.webengage.co,AVAILABILITY,domains.list,domains.list,2001-08-29 01:49:03.149055,127761e9c642bb72a668b975
58add954.webengage.co,AVAILABILITY,domains.list,domains.list,2001-08-29 01:49:03.335186,127761e9c642bb72a668b975
58add99b.webengage.co,AVAILABILITY,domains.list,domains.list,2001-08-29 01:49:03.522654,127761e9c642bb72a668b975
58b063f8cee518000e196039.tracker.adotmob.com,AVAILABILITY,domains.list,domains.list,2001-08-29 01:49:03.697156,127761e9c642bb72a668b975
58b82742dd99f7000e05cda7.tracker.adotmob.com,AVAILABILITY,domains.list,domains.list,2001-08-29 01:49:03.876995,127761e9c642bb72a668b975
58c9447cf6929b00118c9bb2.tracker.adotmob.com,AVAILABILITY,domains.list,domains.list,2001-08-29 01:49:04.065582,127761e9c642bb72a668b975
58dd356d10e6ac000fbd8e0f.tracker.adotmob.com,AVAILABILITY,domains.list,domains.list,2001-08-29 01:49:04.244565,127761e9c642bb72a668b975
58e79bfa31ab47001096d0a1.tracker.adotmob.com,AVAILABILITY,domains.list,domains.list,2001-08-29 01:49:04.422539,127761e9c642bb72a668b975
58f07e49aba0170011444a64.tracker.adotmob.com,AVAILABILITY,domains.list,domains.list,2001-08-29 01:49:04.599616,127761e9c642bb72a668b975
58fve.voluumtrk.com,AVAILABILITY,domains.list,domains.list,2001-08-29 01:49:04.778464,127761e9c642bb72a668b975
590-pcb-241.mktoresp.com,AVAILABILITY,domains.list,domains.list,2001-08-29 01:49:04.951289,127761e9c642bb72a668b975
5903019.fls.doubleclick.net,AVAILABILITY,domains.list,domains.list,2001-08-29 01:49:05.117495,127761e9c642bb72a668b975
5905300.fls.doubleclick.net,AVAILABILITY,domains.list,domains.list,2001-08-29 01:49:05.292172,127761e9c642bb72a668b975
5907436.fls.doubleclick.net,AVAILABILITY,domains.list,domains.list,2001-08-29 01:49:05.478083,127761e9c642bb72a668b975
59078930.adoric-om.com,AVAILABILITY,domains.list,domains.list,2001-08-29 01:49:05.658502,127761e9c642bb72a668b975
591-qhz-135.mktoresp.com,AVAILABILITY,domains.list,domains.list,2001-08-29 01:49:05.841917,127761e9c642bb72a668b975
5910210.fls.doubleclick.net,AVAILABILITY,domains.list,domains.list,2001-08-29 01:49:06.017505,127761e9c642bb72a668b975
5918700.fls.doubleclick.net,AVAILABILITY,domains.list,domains.list,2001-08-29 01:49:06.197286,127761e9c642bb72a668b975
592-kpw-150.mktoresp.com,AVAILABILITY,domains.list,domains.list,2001-08-29 01:49:06.381595,127761e9c642bb72a668b975
5920375.fls.doubleclick.net,AVAILABILITY,domains.list,domains.list,2001-08-29 01:49:06.571807,127761e9c642bb72a668b975
5921516.fls.doubleclick.net,AVAILABILITY,domains.list,domains.list,2001-08-29 01:49:06.755724,127761e9c642bb72a668b975
592294641.keywordblocks.com,AVAILABILITY,domains.list,domains.list,2001-08-29 01:49:06.943182,127761e9c642bb72a668b975
5923705.fls.doubleclick.net,AVAILABILITY,domains.list,domains.list,2001-08-29 01:49:07.128827,127761e9c642bb72a668b975
5923724.fls.doubleclick.net,AVAILABILITY,domains.list,domains.list,2001-08-29 01:49:07.297817,127761e9c642bb72a668b975
5924700.fls.doubleclick.net,AVAILABILITY,domains.list,domains.list,2001-08-29 01:49:07.478107,127761e9c642bb72a668b975
592f-bb3b-02ac-111c.reporo.net,AVAILABILITY,domains.list,domains.list,2001-08-29 01:49:07.656877,127761e9c642bb72a668b975
593-tht-520.mktoresp.com,AVAILABILITY,domains.list,domains.list,2001-08-29 01:49:07.837631,127761e9c642bb72a668b975
593725851.keywordblocks.com,AVAILABILITY,domains.list,domains.list,2001-08-29 01:49:08.017863,127761e9c642bb72a668b975
593736942.keywordblocks.com,AVAILABILITY,domains.list,domains.list,2001-08-29 01:49:08.195745,127761e9c642bb72a668b975
594-kmb-711.mktoresp.com,AVAILABILITY,domains.list,domains.list,2001-08-29 01:49:08.373346,127761e9c642bb72a668b975
5948-5fcb-784e-959c.reporo.net,AVAILABILITY,domains.list,domains.list,2001-08-29 01:49:08.552812,127761e9c642bb72a668b975
5949807.fls.doubleclick.net,AVAILABILITY,domains.list,domains.list,2001-08-29 01:49:08.736744,127761e9c642bb72a668b975
59499700.adoric-om.com,AVAILABILITY,domains.list,domains.list,2001-08-29 01:49:08.921645,127761e9c642bb72a668b975
5963600.fls.doubleclick.net,AVAILABILITY,domains.list,domains.list,2001-08-29 01:49:09.107120,127761e9c642bb72a668b975
5969600.fls.doubleclick.net,AVAILABILITY,domains.list,domains.list,2001-08-29 01:49:09.293589,127761e9c642bb72a668b975
596d-925a-95c7-6dae.reporo.net,AVAILABILITY,domains.list,domains.list,2001-08-29 01:49:09.478728,127761e9c642bb72a668b975
597355531.keywordblocks.com,AVAILABILITY,domains.list,domains.list,2001-08-29 01:49:09.663884,127761e9c642bb72a668b975
5977010.fls.doubleclick.net,AVAILABILITY,domains.list,domains.list,2001-08-29 01:49:09.848073,127761e9c642bb72a668b975
598-pzx-320.mktoresp.com,AVAILABILITY,domains.list,domains.list,2001-08-29 01:49:10.032941,127761e9c642bb72a668b975
598-zra-380.mktoresp.com,AVAILABILITY,domains.list,domains.list,2001-08-29 01:49:10.215869,127761e9c642bb72a668b975
59813833.adoric-om.com,AVAILABILITY,domains.list,domains.list,2001-08-29 01:49:10.399599,127761e9c642bb72a668b975
5988409.fls.doubleclick.net,AVAILABILITY,domains.list,domains.list,2001-08-29 01:49:10.588476,127761e9c642bb72a668b975
5988425.fls.doubleclick.net,AVAILABILITY,domains.list,domains.list,2001-08-29 01:49:10.771992,127761e9c642bb72a668b975
5994071.fls.doubleclick.net,AVAILABILITY,domains.list,domains.list,2001-08-29 01:49:11.082693,127761e9c642bb72a668b975
5994599.fls.doubleclick.net,AVAILABILITY,domains.list,domains.list,2001-08-29 01:49:11.255041,127761e9c642bb72a668b975
599563331.keywordblocks.com,AVAILABILITY,domains.list,domains.list,2001-08-29 01:49:11.435856,127761e9c642bb72a668b975
5997057.fls.doubleclick.net,AVAILABILITY,domains.list,domains.list,2001-08-29 01:49:11.624337,127761e9c642bb72a668b975
5999614.fls.doubleclick.net,AVAILABILITY,domains.list,domains.list,2001-08-29 01:49:11.814989,127761e9c642bb72a668b975
59ccc5034e6cf30015ca6075.tracker.adotmob.com,AVAILABILITY,domains.list,domains.list,2001-08-29 01:49:12.003794,127761e9c642bb72a668b975
5a01-7179-aff0-e538.reporo.net,AVAILABILITY,domains.list,domains.list,2001-08-29 01:49:12.189728,127761e9c642bb72a668b975
5a1b-3376-4663-4d8d.reporo.net,AVAILABILITY,domains.list,domains.list,2001-08-29 01:49:12.376141,127761e9c642bb72a668b975
5a62-a149-584b-e6a9.reporo.net,AVAILABILITY,domains.list,domains.list,2001-08-29 01:49:12.559022,127761e9c642bb72a668b975
5a6b-909e-a9d0-a04b.reporo.net,AVAILABILITY,domains.list,domains.list,2001-08-29 01:49:12.748311,127761e9c642bb72a668b975
5aef0.v.fwmrm.net,AVAILABILITY,domains.list,domains.list,2001-08-29 01:49:12.937131,127761e9c642bb72a668b975
5af10.v.fwmrm.net,AVAILABILITY,domains.list,domains.list,2001-08-29 01:49:13.119769,127761e9c642bb72a668b975
5b09-2a2c-b220-3e71.reporo.net,AVAILABILITY,domains.list,domains.list,2001-08-29 01:49:13.304580,127761e9c642bb72a668b975
5b1d-0448-119b-79c6.reporo.net,AVAILABILITY,domains.list,domains.list,2001-08-29 01:49:13.487820,127761e9c642bb72a668b975
5b5b-4abb-e3d5-e178.reporo.net,AVAILABILITY,domains.list,domains.list,2001-08-29 01:49:13.675355,127761e9c642bb72a668b975
5bb3d.v.fwmrm.net,AVAILABILITY,domains.list,domains.list,2001-08-29 01:49:13.856037,127761e9c642bb72a668b975
5bb41.v.fwmrm.net,AVAILABILITY,domains.list,domains.list,2001-08-29 01:49:14.042586,127761e9c642bb72a668b975
5bb44.v.fwmrm.net,AVAILABILITY,domains.list,domains.list,2001-08-29 01:49:14.227409,127761e9c642bb72a668b975
5bde1.v.fwmrm.net,AVAILABILITY,domains.list,domains.list,2001-08-29 01:49:14.410428,127761e9c642bb72a668b975
5bec9.v.fwmrm.net,AVAILABILITY,domains.list,domains.list,2001-08-29 01:49:14.726281,127761e9c642bb72a668b975
5c7d9.v.fwmrm.net,AVAILABILITY,domains.list,domains.list,2001-08-29 01:49:15.169555,127761e9c642bb72a668b975
5c910.v.fwmrm.net,AVAILABILITY,domains.list,domains.list,2001-08-29 01:49:15.357307,127761e9c642bb72a668b975
5cfe7.s.fwmrm.net,AVAILABILITY,domains.list,domains.list,2001-08-29 01:49:16.045931,127761e9c642bb72a668b975
5ctkqcpb29.kameleoon.eu,AVAILABILITY,domains.list,domains.list,2001-08-29 01:49:16.230901,127761e9c642bb72a668b975
5d0b6.v.fwmrm.net,AVAILABILITY,domains.list,domains.list,2001-08-29 01:49:16.539983,127761e9c642bb72a668b975
5d0dd.s.fwmrm.net,AVAILABILITY,domains.list,domains.list,2001-08-29 01:49:16.721531,127761e9c642bb72a668b975
5d25-e8de-1704-a309.reporo.net,AVAILABILITY,domains.list,domains.list,2001-08-29 01:49:17.033288,127761e9c642bb72a668b975
5d3e9.v.fwmrm.net,AVAILABILITY,domains.list,domains.list,2001-08-29 01:49:17.223328,127761e9c642bb72a668b975
5d401.v.fwmrm.net,AVAILABILITY,domains.list,domains.list,2001-08-29 01:49:17.413187,127761e9c642bb72a668b975
5d402.v.fwmrm.net,AVAILABILITY,domains.list,domains.list,2001-08-29 01:49:17.596884,127761e9c642bb72a668b975
5d404.v.fwmrm.net,AVAILABILITY,domains.list,domains.list,2001-08-29 01:49:17.781982,127761e9c642bb72a668b975
5d406.v.fwmrm.net,AVAILABILITY,domains.list,domains.list,2001-08-29 01:49:17.971161,127761e9c642bb72a668b975
5d40a.v.fwmrm.net,AVAILABILITY,domains.list,domains.list,2001-08-29 01:49:18.161580,127761e9c642bb72a668b975
5d40b.s.fwmrm.net,AVAILABILITY,domains.list,domains.list,2001-08-29 01:49:18.361414,127761e9c642bb72a668b975
5d40b.v.fwmrm.net,AVAILABILITY,domains.list,domains.list,2001-08-29 01:49:18.558727,127761e9c642bb72a668b975
5d423.v.fwmrm.net,AVAILABILITY,domains.list,domains.list,2001-08-29 01:49:18.749060,127761e9c642bb72a668b975
5d425.v.fwmrm.net,AVAILABILITY,domains.list,domains.list,2001-08-29 01:49:18.939082,127761e9c642bb72a668b975
5d457.v.fwmrm.net,AVAILABILITY,domains.list,domains.list,2001-08-29 01:49:19.245320,127761e9c642bb72a668b975
5d4a1.v.fwmrm.net,AVAILABILITY,domains.list,domains.list,2001-08-29 01:49:19.422916,127761e9c642bb72a668b975
5d54b.v.fwmrm.net,AVAILABILITY,domains.list,domains.list,2001-08-29 01:49:19.845586,127761e9c642bb72a668b975
5d56a.v.fwmrm.net,AVAILABILITY,domains.list,domains.list,2001-08-29 01:49:20.030425,127761e9c642bb72a668b975
5d56b.v.fwmrm.net,AVAILABILITY,domains.list,domains.list,2001-08-29 01:49:20.225493,127761e9c642bb72a668b975
5e0d2.v.fwmrm.net,AVAILABILITY,domains.list,domains.list,2001-08-29 01:49:21.044747,127761e9c642bb72a668b975
5e124.v.fwmrm.net,AVAILABILITY,domains.list,domains.list,2001-08-29 01:49:21.228900,127761e9c642bb72a668b975
5e528.v.fwmrm.net,AVAILABILITY,domains.list,domains.list,2001-08-29 01:49:21.417252,127761e9c642bb72a668b975
5e529.v.fwmrm.net,AVAILABILITY,domains.list,domains.list,2001-08-29 01:49:21.604552,127761e9c642bb72a668b975
5f651e62.akstat.io,AVAILABILITY,domains.list,domains.list,2001-08-29 01:49:21.918816,127761e9c642bb72a668b975
5f651e63.akstat.io,AVAILABILITY,domains.list,domains.list,2001-08-29 01:49:22.106192,127761e9c642bb72a668b975
5f651e64.akstat.io,AVAILABILITY,domains.list,domains.list,2001-08-29 01:49:22.301240,127761e9c642bb72a668b975
5f651e6e.akstat.io,AVAILABILITY,domains.list,domains.list,2001-08-29 01:49:22.495844,127761e9c642bb72a668b975
5f651e6f.akstat.io,AVAILABILITY,domains.list,domains.list,2001-08-29 01:49:22.694478,127761e9c642bb72a668b975
5f651e70.akstat.io,AVAILABILITY,domains.list,domains.list,2001-08-29 01:49:22.885615,127761e9c642bb72a668b975
5f651e71.akstat.io,AVAILABILITY,domains.list,domains.list,2001-08-29 01:49:23.079452,127761e9c642bb72a668b975
5f651e72.akstat.io,AVAILABILITY,domains.list,domains.list,2001-08-29 01:49:23.262544,127761e9c642bb72a668b975
5f9c-51e9-4ba2-8184.reporo.net,AVAILABILITY,domains.list,domains.list,2001-08-29 01:49:23.569553,127761e9c642bb72a668b975
5fa8f.v.fwmrm.net,AVAILABILITY,domains.list,domains.list,2001-08-29 01:49:23.755665,127761e9c642bb72a668b975
5fb59.v.fwmrm.net,AVAILABILITY,domains.list,domains.list,2001-08-29 01:49:23.932653,127761e9c642bb72a668b975
5fc-b.tlnk.io,AVAILABILITY,domains.list,domains.list,2001-08-29 01:49:24.119748,127761e9c642bb72a668b975
5fcbb.v.fwmrm.net,AVAILABILITY,domains.list,domains.list,2001-08-29 01:49:24.551323,127761e9c642bb72a668b975
5fd74.v.fwmrm.net,AVAILABILITY,domains.list,domains.list,2001-08-29 01:49:24.732122,127761e9c642bb72a668b975
5fd75.v.fwmrm.net,AVAILABILITY,domains.list,domains.list,2001-08-29 01:49:24.912038,127761e9c642bb72a668b975
5g.adx1.com,AVAILABILITY,domains.list,domains.list,2001-08-29 01:49:25.214264,127761e9c642bb72a668b975
5g.news-subscribe.com,AVAILABILITY,domains.list,domains.list,2001-08-29 01:49:25.398931,127761e9c642bb72a668b975
5kc64lkuuc.kameleoon.eu,AVAILABILITY,domains.list,domains.list,2001-08-29 01:49:25.708907,127761e9c642bb72a668b975
5mw.adx1.com,AVAILABILITY,domains.list,domains.list,2001-08-29 01:49:26.147292,127761e9c642bb72a668b975
5nlvgyf91g.kameleoon.eu,AVAILABILITY,domains.list,domains.list,2001-08-29 01:49:26.328441,127761e9c642bb72a668b975
5or4.tlnk.io,AVAILABILITY,domains.list,domains.list,2001-08-29 01:49:26.503087,127761e9c642bb72a668b975
5r9kzxg265.kameleoon.eu,AVAILABILITY,domains.list,domains.list,2001-08-29 01:49:26.817646,127761e9c642bb72a668b975
5rnl.adx1.com,AVAILABILITY,domains.list,domains.list,2001-08-29 01:49:26.994647,127761e9c642bb72a668b975
5tujb.voluumtrk.com,AVAILABILITY,domains.list,domains.list,2001-08-29 01:49:27.183375,127761e9c642bb72a668b975
5vorflug.inq.com,AVAILABILITY,domains.list,domains.list,2001-08-29 01:49:27.493082,127761e9c642bb72a668b975
5vorflug.touchcommerce.com,AVAILABILITY,domains.list,domains.list,2001-08-29 01:49:27.670560,127761e9c642bb72a668b975
5ya.adx1.com,AVAILABILITY,domains.list,domains.list,2001-08-29 01:49:27.851885,127761e9c642bb72a668b975
6.adsco.re,AVAILABILITY,domains.list,domains.list,2001-08-29 01:49:28.031104,127761e9c642bb72a668b975
600131652.keywordblocks.com,AVAILABILITY,domains.list,domains.list,2001-08-29 01:49:28.343573,127761e9c642bb72a668b975
60062f04.akstat.io,AVAILABILITY,domains.list,domains.list,2001-08-29 01:49:28.531652,127761e9c642bb72a668b975
60062f05.akstat.io,AVAILABILITY,domains.list,domains.list,2001-08-29 01:49:28.716029,127761e9c642bb72a668b975
60062f06.akstat.io,AVAILABILITY,domains.list,domains.list,2001-08-29 01:49:28.892813,127761e9c642bb72a668b975
60062f07.akstat.io,AVAILABILITY,domains.list,domains.list,2001-08-29 01:49:29.076580,127761e9c642bb72a668b975
60062f08.akstat.io,AVAILABILITY,domains.list,domains.list,2001-08-29 01:49:29.256239,127761e9c642bb72a668b975
60062f09.akstat.io,AVAILABILITY,domains.list,domains.list,2001-08-29 01:49:29.436919,127761e9c642bb72a668b975
60062f0a.akstat.io,AVAILABILITY,domains.list,domains.list,2001-08-29 01:49:29.613749,127761e9c642bb72a668b975
60062f0b.akstat.io,AVAILABILITY,domains.list,domains.list,2001-08-29 01:49:29.790633,127761e9c642bb72a668b975
60062f0c.akstat.io,AVAILABILITY,domains.list,domains.list,2001-08-29 01:49:29.967433,127761e9c642bb72a668b975
60062f0d.akstat.io,AVAILABILITY,domains.list,domains.list,2001-08-29 01:49:30.141635,127761e9c642bb72a668b975
60062f0e.akstat.io,AVAILABILITY,domains.list,domains.list,2001-08-29 01:49:30.319681,127761e9c642bb72a668b975
60062f0f.akstat.io,AVAILABILITY,domains.list,domains.list,2001-08-29 01:49:30.498132,127761e9c642bb72a668b975
6008-b21b-bf56-b74a.reporo.net,AVAILABILITY,domains.list,domains.list,2001-08-29 01:49:30.675368,127761e9c642bb72a668b975
600862211.keywordblocks.com,AVAILABILITY,domains.list,domains.list,2001-08-29 01:49:30.852601,127761e9c642bb72a668b975
60095256.adoric-om.com,AVAILABILITY,domains.list,domains.list,2001-08-29 01:49:31.036479,127761e9c642bb72a668b975
601-ubx-090.mktoresp.com,AVAILABILITY,domains.list,domains.list,2001-08-29 01:49:31.219156,127761e9c642bb72a668b975
6016711.fls.doubleclick.net,AVAILABILITY,domains.list,domains.list,2001-08-29 01:49:31.531174,127761e9c642bb72a668b975
6017306.fls.doubleclick.net,AVAILABILITY,domains.list,domains.list,2001-08-29 01:49:31.716899,127761e9c642bb72a668b975
601a6.v.fwmrm.net,AVAILABILITY,domains.list,domains.list,2001-08-29 01:49:31.899319,127761e9c642bb72a668b975
602-hzm-110.mktoresp.com,AVAILABILITY,domains.list,domains.list,2001-08-29 01:49:32.081785,127761e9c642bb72a668b975
6020701.fls.doubleclick.net,AVAILABILITY,domains.list,domains.list,2001-08-29 01:49:32.259672,127761e9c642bb72a668b975
6021e.v.fwmrm.net,AVAILABILITY,domains.list,domains.list,2001-08-29 01:49:32.445087,127761e9c642bb72a668b975
6021f.v.fwmrm.net,AVAILABILITY,domains.list,domains.list,2001-08-29 01:49:32.633349,127761e9c642bb72a668b975
6026.engine.mobileapptracking.com,AVAILABILITY,domains.list,domains.list,2001-08-29 01:49:32.820967,127761e9c642bb72a668b975
602ff.v.fwmrm.net,AVAILABILITY,domains.list,domains.list,2001-08-29 01:49:33.128699,127761e9c642bb72a668b975
6033652.fls.doubleclick.net,AVAILABILITY,domains.list,domains.list,2001-08-29 01:49:33.313510,127761e9c642bb72a668b975
6035555.fls.doubleclick.net,AVAILABILITY,domains.list,domains.list,2001-08-29 01:49:33.499237,127761e9c642bb72a668b975
6035916.fls.doubleclick.net,AVAILABILITY,domains.list,domains.list,2001-08-29 01:49:33.680215,127761e9c642bb72a668b975
6036206.fls.doubleclick.net,AVAILABILITY,domains.list,domains.list,2001-08-29 01:49:33.853322,127761e9c642bb72a668b975
6036773.fls.doubleclick.net,AVAILABILITY,domains.list,domains.list,2001-08-29 01:49:34.041349,127761e9c642bb72a668b975
6037958.fls.doubleclick.net,AVAILABILITY,domains.list,domains.list,2001-08-29 01:49:34.220205,127761e9c642bb72a668b975
603a6.v.fwmrm.net,AVAILABILITY,domains.list,domains.list,2001-08-29 01:49:34.402602,127761e9c642bb72a668b975
604573721.keywordblocks.com,AVAILABILITY,domains.list,domains.list,2001-08-29 01:49:34.584723,127761e9c642bb72a668b975
6048110.fls.doubleclick.net,AVAILABILITY,domains.list,domains.list,2001-08-29 01:49:34.768384,127761e9c642bb72a668b975
604fc.v.fwmrm.net,AVAILABILITY,domains.list,domains.list,2001-08-29 01:49:34.948848,127761e9c642bb72a668b975
6050209.fls.doubleclick.net,AVAILABILITY,domains.list,domains.list,2001-08-29 01:49:35.127483,127761e9c642bb72a668b975
6053-4c08-e99b-8d7a.reporo.net,AVAILABILITY,domains.list,domains.list,2001-08-29 01:49:35.303889,127761e9c642bb72a668b975
6054100.fls.doubleclick.net,AVAILABILITY,domains.list,domains.list,2001-08-29 01:49:35.490385,127761e9c642bb72a668b975
6054650.fls.doubleclick.net,AVAILABILITY,domains.list,domains.list,2001-08-29 01:49:35.671202,127761e9c642bb72a668b975
6056700.fls.doubleclick.net,AVAILABILITY,domains.list,domains.list,2001-08-29 01:49:35.853654,127761e9c642bb72a668b975
6058.bapi.adsafeprotected.com,AVAILABILITY,domains.list,domains.list,2001-08-29 01:49:36.030506,127761e9c642bb72a668b975
6058110.fls.doubleclick.net,AVAILABILITY,domains.list,domains.list,2001-08-29 01:49:36.219740,127761e9c642bb72a668b975
606154760.keywordblocks.com,AVAILABILITY,domains.list,domains.list,2001-08-29 01:49:36.397852,127761e9c642bb72a668b975
6063.bapi.adsafeprotected.com,AVAILABILITY,domains.list,domains.list,2001-08-29 01:49:36.585362,127761e9c642bb72a668b975
60642.v.fwmrm.net,AVAILABILITY,domains.list,domains.list,2001-08-29 01:49:36.771866,127761e9c642bb72a668b975
606443360.keywordblocks.com,AVAILABILITY,domains.list,domains.list,2001-08-29 01:49:36.958216,127761e9c642bb72a668b975
6067.bapi.adsafeprotected.com,AVAILABILITY,domains.list,domains.list,2001-08-29 01:49:37.143268,127761e9c642bb72a668b975
607-luu-230.mktoresp.com,AVAILABILITY,domains.list,domains.list,2001-08-29 01:49:37.448953,127761e9c642bb72a668b975
6071400.fls.doubleclick.net,AVAILABILITY,domains.list,domains.list,2001-08-29 01:49:37.637232,127761e9c642bb72a668b975
6081599.adoric-om.com,AVAILABILITY,domains.list,domains.list,2001-08-29 01:49:37.822954,127761e9c642bb72a668b975
6082817.fls.doubleclick.net,AVAILABILITY,domains.list,domains.list,2001-08-29 01:49:38.007050,127761e9c642bb72a668b975
6087418.adoric-om.com,AVAILABILITY,domains.list,domains.list,2001-08-29 01:49:38.187616,127761e9c642bb72a668b975
60882818.adoric-om.com,AVAILABILITY,domains.list,domains.list,2001-08-29 01:49:38.368553,127761e9c642bb72a668b975
6098546.fls.doubleclick.net,AVAILABILITY,domains.list,domains.list,2001-08-29 01:49:38.548137,127761e9c642bb72a668b975
61.news-subscribe.com,AVAILABILITY,domains.list,domains.list,2001-08-29 01:49:38.734212,127761e9c642bb72a668b975
610-bcb-031.mktoresp.com,AVAILABILITY,domains.list,domains.list,2001-08-29 01:49:38.913716,127761e9c642bb72a668b975
6100125.fls.doubleclick.net,AVAILABILITY,domains.list,domains.list,2001-08-29 01:49:39.095928,127761e9c642bb72a668b975
6100534.fls.doubleclick.net,AVAILABILITY,domains.list,domains.list,2001-08-29 01:49:39.274310,127761e9c642bb72a668b975
6100754.fls.doubleclick.net,AVAILABILITY,domains.list,domains.list,2001-08-29 01:49:39.453556,127761e9c642bb72a668b975
6101763.fls.doubleclick.net,AVAILABILITY,domains.list,domains.list,2001-08-29 01:49:39.637028,127761e9c642bb72a668b975
6102318.fls.doubleclick.net,AVAILABILITY,domains.list,domains.list,2001-08-29 01:49:39.811232,127761e9c642bb72a668b975
6102726.fls.doubleclick.net,AVAILABILITY,domains.list,domains.list,2001-08-29 01:49:39.986215,127761e9c642bb72a668b975
6102747.fls.doubleclick.net,AVAILABILITY,domains.list,domains.list,2001-08-29 01:49:40.156437,127761e9c642bb72a668b975
6106634.fls.doubleclick.net,AVAILABILITY,domains.list,domains.list,2001-08-29 01:49:40.345196,127761e9c642bb72a668b975
610766241.keywordblocks.com,AVAILABILITY,domains.list,domains.list,2001-08-29 01:49:40.537220,127761e9c642bb72a668b975
61110003.adoric-om.com,AVAILABILITY,domains.list,domains.list,2001-08-29 01:49:40.724989,127761e9c642bb72a668b975
611931264.keywordblocks.com,AVAILABILITY,domains.list,domains.list,2001-08-29 01:49:40.902542,127761e9c642bb72a668b975
612-ple-960.mktoresp.com,AVAILABILITY,domains.list,domains.list,2001-08-29 01:49:41.086255,127761e9c642bb72a668b975
6124109.fls.doubleclick.net,AVAILABILITY,domains.list,domains.list,2001-08-29 01:49:41.263334,127761e9c642bb72a668b975
612507030.keywordblocks.com,AVAILABILITY,domains.list,domains.list,2001-08-29 01:49:41.455510,127761e9c642bb72a668b975
6125300.fls.doubleclick.net,AVAILABILITY,domains.list,domains.list,2001-08-29 01:49:41.648059,127761e9c642bb72a668b975
6125332.fls.doubleclick.net,AVAILABILITY,domains.list,domains.list,2001-08-29 01:49:41.838281,127761e9c642bb72a668b975
6125353.fls.doubleclick.net,AVAILABILITY,domains.list,domains.list,2001-08-29 01:49:42.025131,127761e9c642bb72a668b975
6125725.fls.doubleclick.net,AVAILABILITY,domains.list,domains.list,2001-08-29 01:49:42.205233,127761e9c642bb72a668b975
6126100.fls.doubleclick.net,AVAILABILITY,domains.list,domains.list,2001-08-29 01:49:42.388682,127761e9c642bb72a668b975
612741332.keywordblocks.com,AVAILABILITY,domains.list,domains.list,2001-08-29 01:49:42.572768,127761e9c642bb72a668b975
6127650.fls.doubleclick.net,AVAILABILITY,domains.list,domains.list,2001-08-29 01:49:42.755155,127761e9c642bb72a668b975
61306229.adoric-om.com,AVAILABILITY,domains.list,domains.list,2001-08-29 01:49:42.936942,127761e9c642bb72a668b975
613246902.keywordblocks.com,AVAILABILITY,domains.list,domains.list,2001-08-29 01:49:43.119196,127761e9c642bb72a668b975
614-cgt-700.mktoresp.com,AVAILABILITY,domains.list,domains.list,2001-08-29 01:49:43.307017,127761e9c642bb72a668b975
614-unr-911.mktoresp.com,AVAILABILITY,domains.list,domains.list,2001-08-29 01:49:43.484268,127761e9c642bb72a668b975
6142759.fls.doubleclick.net,AVAILABILITY,domains.list,domains.list,2001-08-29 01:49:43.670925,127761e9c642bb72a668b975
6144643.fls.doubleclick.net,AVAILABILITY,domains.list,domains.list,2001-08-29 01:49:43.839128,127761e9c642bb72a668b975
6153-8fbc-408b-b36b.reporo.net,AVAILABILITY,domains.list,domains.list,2001-08-29 01:49:44.159125,127761e9c642bb72a668b975
6162499.fls.doubleclick.net,AVAILABILITY,domains.list,domains.list,2001-08-29 01:49:44.341211,127761e9c642bb72a668b975
61676801.adoric-om.com,AVAILABILITY,domains.list,domains.list,2001-08-29 01:49:44.520913,127761e9c642bb72a668b975
6183.eu-api.swrve.com,AVAILABILITY,domains.list,domains.list,2001-08-29 01:49:44.708483,127761e9c642bb72a668b975
6183.eu-content.swrve.com,AVAILABILITY,domains.list,domains.list,2001-08-29 01:49:44.887833,127761e9c642bb72a668b975
6193004.fls.doubleclick.net,AVAILABILITY,domains.list,domains.list,2001-08-29 01:49:45.065146,127761e9c642bb72a668b975
6194055.fls.doubleclick.net,AVAILABILITY,domains.list,domains.list,2001-08-29 01:49:45.243249,127761e9c642bb72a668b975
62.mizdok.com,AVAILABILITY,domains.list,domains.list,2001-08-29 01:49:45.428392,127761e9c642bb72a668b975
62.the31news.com,AVAILABILITY,domains.list,domains.list,2001-08-29 01:49:45.610031,127761e9c642bb72a668b975
6201922.fls.doubleclick.net,AVAILABILITY,domains.list,domains.list,2001-08-29 01:49:45.793964,127761e9c642bb72a668b975
6203590383.log.optimizely.com,AVAILABILITY,domains.list,domains.list,2001-08-29 01:49:45.974868,127761e9c642bb72a668b975
6203862.fls.doubleclick.net,AVAILABILITY,domains.list,domains.list,2001-08-29 01:49:46.161841,127761e9c642bb72a668b975
62084356.adoric-om.com,AVAILABILITY,domains.list,domains.list,2001-08-29 01:49:46.345245,127761e9c642bb72a668b975
621119.fls.doubleclick.net,AVAILABILITY,domains.list,domains.list,2001-08-29 01:49:46.531249,127761e9c642bb72a668b975
6214100.fls.doubleclick.net,AVAILABILITY,domains.list,domains.list,2001-08-29 01:49:46.713384,127761e9c642bb72a668b975
6219045.adoric-om.com,AVAILABILITY,domains.list,domains.list,2001-08-29 01:49:46.897765,127761e9c642bb72a668b975
6220336.fls.doubleclick.net,AVAILABILITY,domains.list,domains.list,2001-08-29 01:49:47.085393,127761e9c642bb72a668b975
6220546.fls.doubleclick.net,AVAILABILITY,domains.list,domains.list,2001-08-29 01:49:47.274360,127761e9c642bb72a668b975
6221609.fls.doubleclick.net,AVAILABILITY,domains.list,domains.list,2001-08-29 01:49:47.456814,127761e9c642bb72a668b975
6223697.fls.doubleclick.net,AVAILABILITY,domains.list,domains.list,2001-08-29 01:49:47.632856,127761e9c642bb72a668b975
6229299.fls.doubleclick.net,AVAILABILITY,domains.list,domains.list,2001-08-29 01:49:47.816901,127761e9c642bb72a668b975
623.bapi.adsafeprotected.com,AVAILABILITY,domains.list,domains.list,2001-08-29 01:49:48.001736,127761e9c642bb72a668b975
6230210.fls.doubleclick.net,AVAILABILITY,domains.list,domains.list,2001-08-29 01:49:48.183296,127761e9c642bb72a668b975
623177260.keywordblocks.com,AVAILABILITY,domains.list,domains.list,2001-08-29 01:49:48.351535,127761e9c642bb72a668b975
6231948.fls.doubleclick.net,AVAILABILITY,domains.list,domains.list,2001-08-29 01:49:48.531903,127761e9c642bb72a668b975
62358302.adoric-om.com,AVAILABILITY,domains.list,domains.list,2001-08-29 01:49:48.711041,127761e9c642bb72a668b975
6236090.fls.doubleclick.net,AVAILABILITY,domains.list,domains.list,2001-08-29 01:49:48.881330,127761e9c642bb72a668b975
625-grj-400.mktoresp.com,AVAILABILITY,domains.list,domains.list,2001-08-29 01:49:49.067338,127761e9c642bb72a668b975
625330226.keywordblocks.com,AVAILABILITY,domains.list,domains.list,2001-08-29 01:49:49.251156,127761e9c642bb72a668b975
625530741.keywordblocks.com,AVAILABILITY,domains.list,domains.list,2001-08-29 01:49:49.432522,127761e9c642bb72a668b975
62565975.adoric-om.com,AVAILABILITY,domains.list,domains.list,2001-08-29 01:49:49.614072,127761e9c642bb72a668b975
6257573.fls.doubleclick.net,AVAILABILITY,domains.list,domains.list,2001-08-29 01:49:49.787076,127761e9c642bb72a668b975
625827376.keywordblocks.com,AVAILABILITY,domains.list,domains.list,2001-08-29 01:49:49.975043,127761e9c642bb72a668b975
625f-e1b4-38be-f11d.reporo.net,AVAILABILITY,domains.list,domains.list,2001-08-29 01:49:50.155252,127761e9c642bb72a668b975
6260248.fls.doubleclick.net,AVAILABILITY,domains.list,domains.list,2001-08-29 01:49:50.342293,127761e9c642bb72a668b975
6261791.fls.doubleclick.net,AVAILABILITY,domains.list,domains.list,2001-08-29 01:49:50.521447,127761e9c642bb72a668b975
626363831.keywordblocks.com,AVAILABILITY,domains.list,domains.list,2001-08-29 01:49:50.699801,127761e9c642bb72a668b975
626438482.keywordblocks.com,AVAILABILITY,domains.list,domains.list,2001-08-29 01:49:50.879050,127761e9c642bb72a668b975
626498921.keywordblocks.com,AVAILABILITY,domains.list,domains.list,2001-08-29 01:49:51.053535,127761e9c642bb72a668b975
627-kbn-160.mktoresp.com,AVAILABILITY,domains.list,domains.list,2001-08-29 01:49:51.236678,127761e9c642bb72a668b975
627-mho-711.mktoresp.com,AVAILABILITY,domains.list,domains.list,2001-08-29 01:49:51.418511,127761e9c642bb72a668b975
627133162.keywordblocks.com,AVAILABILITY,domains.list,domains.list,2001-08-29 01:49:51.607228,127761e9c642bb72a668b975
6275-c75f-9914-8bf9.reporo.net,AVAILABILITY,domains.list,domains.list,2001-08-29 01:49:51.791621,127761e9c642bb72a668b975
6279534.fls.doubleclick.net,AVAILABILITY,domains.list,domains.list,2001-08-29 01:49:51.975988,127761e9c642bb72a668b975
628-ird-395.mktoresp.com,AVAILABILITY,domains.list,domains.list,2001-08-29 01:49:52.159991,127761e9c642bb72a668b975
628-zpe-510.mktoresp.com,AVAILABILITY,domains.list,domains.list,2001-08-29 01:49:52.343575,127761e9c642bb72a668b975
6281089.fls.doubleclick.net,AVAILABILITY,domains.list,domains.list,2001-08-29 01:49:52.527692,127761e9c642bb72a668b975
6284171.fls.doubleclick.net,AVAILABILITY,domains.list,domains.list,2001-08-29 01:49:52.834910,127761e9c642bb72a668b975
628797772.keywordblocks.com,AVAILABILITY,domains.list,domains.list,2001-08-29 01:49:53.016741,127761e9c642bb72a668b975
628943632.keywordblocks.com,AVAILABILITY,domains.list,domains.list,2001-08-29 01:49:53.203330,127761e9c642bb72a668b975
629-ola-310.mktoresp.com,AVAILABILITY,domains.list,domains.list,2001-08-29 01:49:53.391558,127761e9c642bb72a668b975
6293.bapi.adsafeprotected.com,AVAILABILITY,domains.list,domains.list,2001-08-29 01:49:53.582780,127761e9c642bb72a668b975
62a8-9101-f8a3-9c67.reporo.net,AVAILABILITY,domains.list,domains.list,2001-08-29 01:49:53.771740,127761e9c642bb72a668b975
62bc-77f3-5867-0a9f.reporo.net,AVAILABILITY,domains.list,domains.list,2001-08-29 01:49:53.944029,127761e9c642bb72a668b975
630-bhe-650.mktoresp.com,AVAILABILITY,domains.list,domains.list,2001-08-29 01:49:54.131818,127761e9c642bb72a668b975
6318500.fls.doubleclick.net,AVAILABILITY,domains.list,domains.list,2001-08-29 01:49:54.313925,127761e9c642bb72a668b975
632-nza-960.mktoresp.com,AVAILABILITY,domains.list,domains.list,2001-08-29 01:49:54.502942,127761e9c642bb72a668b975
632468771.keywordblocks.com,AVAILABILITY,domains.list,domains.list,2001-08-29 01:49:54.691572,127761e9c642bb72a668b975
6331908.fls.doubleclick.net,AVAILABILITY,domains.list,domains.list,2001-08-29 01:49:55.007361,127761e9c642bb72a668b975
6335388.fls.doubleclick.net,AVAILABILITY,domains.list,domains.list,2001-08-29 01:49:55.187576,127761e9c642bb72a668b975
63390287.adoric-om.com,AVAILABILITY,domains.list,domains.list,2001-08-29 01:49:55.371918,127761e9c642bb72a668b975
6343900.fls.doubleclick.net,AVAILABILITY,domains.list,domains.list,2001-08-29 01:49:55.551803,127761e9c642bb72a668b975
6348.bapi.adsafeprotected.com,AVAILABILITY,domains.list,domains.list,2001-08-29 01:49:55.734802,127761e9c642bb72a668b975
635307981.keywordblocks.com,AVAILABILITY,domains.list,domains.list,2001-08-29 01:49:55.911801,127761e9c642bb72a668b975
6355556.fls.doubleclick.net,AVAILABILITY,domains.list,domains.list,2001-08-29 01:49:56.096605,127761e9c642bb72a668b975
6356875.fls.doubleclick.net,AVAILABILITY,domains.list,domains.list,2001-08-29 01:49:56.277895,127761e9c642bb72a668b975
635849662.keywordblocks.com,AVAILABILITY,domains.list,domains.list,2001-08-29 01:49:56.453878,127761e9c642bb72a668b975
63592768.adoric-om.com,AVAILABILITY,domains.list,domains.list,2001-08-29 01:49:56.637469,127761e9c642bb72a668b975
6360300.fls.doubleclick.net,AVAILABILITY,domains.list,domains.list,2001-08-29 01:49:56.831329,127761e9c642bb72a668b975
637127032.keywordblocks.com,AVAILABILITY,domains.list,domains.list,2001-08-29 01:49:57.020018,127761e9c642bb72a668b975
637632472.keywordblocks.com,AVAILABILITY,domains.list,domains.list,2001-08-29 01:49:57.220144,127761e9c642bb72a668b975
638084052.keywordblocks.com,AVAILABILITY,domains.list,domains.list,2001-08-29 01:49:57.417307,127761e9c642bb72a668b975
638188042.keywordblocks.com,AVAILABILITY,domains.list,domains.list,2001-08-29 01:49:57.608310,127761e9c642bb72a668b975
6387296.adoric-om.com,AVAILABILITY,domains.list,domains.list,2001-08-29 01:49:57.800188,127761e9c642bb72a668b975
638b-76a1-0d63-6858.reporo.net,AVAILABILITY,domains.list,domains.list,2001-08-29 01:49:57.992411,127761e9c642bb72a668b975
639372375.keywordblocks.com,AVAILABILITY,domains.list,domains.list,2001-08-29 01:49:58.173724,127761e9c642bb72a668b975
640-hbr-776.mktoresp.com,AVAILABILITY,domains.list,domains.list,2001-08-29 01:49:58.365217,127761e9c642bb72a668b975
640397711.keywordblocks.com,AVAILABILITY,domains.list,domains.list,2001-08-29 01:49:58.560717,127761e9c642bb72a668b975
64076113.adoric-om.com,AVAILABILITY,domains.list,domains.list,2001-08-29 01:49:58.758405,127761e9c642bb72a668b975
641-pme-000.mktoresp.com,AVAILABILITY,domains.list,domains.list,2001-08-29 01:49:58.953966,127761e9c642bb72a668b975
641-xgl-600.mktoresp.com,AVAILABILITY,domains.list,domains.list,2001-08-29 01:49:59.140265,127761e9c642bb72a668b975
641281861.keywordblocks.com,AVAILABILITY,domains.list,domains.list,2001-08-29 01:49:59.327435,127761e9c642bb72a668b975
6416752.fls.doubleclick.net,AVAILABILITY,domains.list,domains.list,2001-08-29 01:49:59.515317,127761e9c642bb72a668b975
64168.measurementapi.com,AVAILABILITY,domains.list,domains.list,2001-08-29 01:49:59.710991,127761e9c642bb72a668b975
641712402.keywordblocks.com,AVAILABILITY,domains.list,domains.list,2001-08-29 01:49:59.903721,127761e9c642bb72a668b975
6417561.fls.doubleclick.net,AVAILABILITY,domains.list,domains.list,2001-08-29 01:50:00.099436,127761e9c642bb72a668b975
6417571.fls.doubleclick.net,AVAILABILITY,domains.list,domains.list,2001-08-29 01:50:00.295160,127761e9c642bb72a668b975
6420541.keywordblocks.com,AVAILABILITY,domains.list,domains.list,2001-08-29 01:50:00.487575,127761e9c642bb72a668b975
643-eyo-300.mktoresp.com,AVAILABILITY,domains.list,domains.list,2001-08-29 01:50:00.681225,127761e9c642bb72a668b975
643240850.keywordblocks.com,AVAILABILITY,domains.list,domains.list,2001-08-29 01:50:00.862409,127761e9c642bb72a668b975
6432b927-2fa7-4f52-bde0-cc1273d4eab0.a.actnx.com,AVAILABILITY,domains.list,domains.list,2001-08-29 01:50:01.052233,127761e9c642bb72a668b975
6434440.fls.doubleclick.net,AVAILABILITY,domains.list,domains.list,2001-08-29 01:50:01.233117,127761e9c642bb72a668b975
6440537.fls.doubleclick.net,AVAILABILITY,domains.list,domains.list,2001-08-29 01:50:01.417914,127761e9c642bb72a668b975
6446777.fls.doubleclick.net,AVAILABILITY,domains.list,domains.list,2001-08-29 01:50:01.605348,127761e9c642bb72a668b975
645-coj-341.mktoresp.com,AVAILABILITY,domains.list,domains.list,2001-08-29 01:50:01.795153,127761e9c642bb72a668b975
647-qnj-130.mktoresp.com,AVAILABILITY,domains.list,domains.list,2001-08-29 01:50:01.982207,127761e9c642bb72a668b975
647733841.keywordblocks.com,AVAILABILITY,domains.list,domains.list,2001-08-29 01:50:02.162193,127761e9c642bb72a668b975
6477600.fls.doubleclick.net,AVAILABILITY,domains.list,domains.list,2001-08-29 01:50:02.340973,127761e9c642bb72a668b975
648-isv-200.mktoresp.com,AVAILABILITY,domains.list,domains.list,2001-08-29 01:50:02.517977,127761e9c642bb72a668b975
6482510.fls.doubleclick.net,AVAILABILITY,domains.list,domains.list,2001-08-29 01:50:02.705825,127761e9c642bb72a668b975
64826084.adoric-om.com,AVAILABILITY,domains.list,domains.list,2001-08-29 01:50:02.893787,127761e9c642bb72a668b975
6482844.fls.doubleclick.net,AVAILABILITY,domains.list,domains.list,2001-08-29 01:50:03.081983,127761e9c642bb72a668b975
64846775.adoric-om.com,AVAILABILITY,domains.list,domains.list,2001-08-29 01:50:03.264935,127761e9c642bb72a668b975
6487010.fls.doubleclick.net,AVAILABILITY,domains.list,domains.list,2001-08-29 01:50:03.446743,127761e9c642bb72a668b975
64bf6cc.akstat.io,AVAILABILITY,domains.list,domains.list,2001-08-29 01:50:03.629297,127761e9c642bb72a668b975
64d9-9acb-0c7f-ec64.reporo.net,AVAILABILITY,domains.list,domains.list,2001-08-29 01:50:03.815093,127761e9c642bb72a668b975
65.mizdok.com,AVAILABILITY,domains.list,domains.list,2001-08-29 01:50:04.004572,127761e9c642bb72a668b975
650-vhw-370.mktoresp.com,AVAILABILITY,domains.list,domains.list,2001-08-29 01:50:04.197043,127761e9c642bb72a668b975
653684761.keywordblocks.com,AVAILABILITY,domains.list,domains.list,2001-08-29 01:50:04.384287,127761e9c642bb72a668b975
6539.bapi.adsafeprotected.com,AVAILABILITY,domains.list,domains.list,2001-08-29 01:50:04.565968,127761e9c642bb72a668b975
654165840.keywordblocks.com,AVAILABILITY,domains.list,domains.list,2001-08-29 01:50:04.745966,127761e9c642bb72a668b975
655020531.keywordblocks.com,AVAILABILITY,domains.list,domains.list,2001-08-29 01:50:04.926480,127761e9c642bb72a668b975
655161452.keywordblocks.com,AVAILABILITY,domains.list,domains.list,2001-08-29 01:50:05.100412,127761e9c642bb72a668b975
6553-fe9a-fd29-78e9.reporo.net,AVAILABILITY,domains.list,domains.list,2001-08-29 01:50:05.281044,127761e9c642bb72a668b975
6565203.fls.doubleclick.net,AVAILABILITY,domains.list,domains.list,2001-08-29 01:50:05.461812,127761e9c642bb72a668b975
657-iin-411.mktoresp.com,AVAILABILITY,domains.list,domains.list,2001-08-29 01:50:05.772993,127761e9c642bb72a668b975
6570400.fls.doubleclick.net,AVAILABILITY,domains.list,domains.list,2001-08-29 01:50:05.963516,127761e9c642bb72a668b975
65712870.adoric-om.com,AVAILABILITY,domains.list,domains.list,2001-08-29 01:50:06.146184,127761e9c642bb72a668b975
658-cbj-731.mktoresp.com,AVAILABILITY,domains.list,domains.list,2001-08-29 01:50:06.322401,127761e9c642bb72a668b975
65875294.adoric-om.com,AVAILABILITY,domains.list,domains.list,2001-08-29 01:50:06.639562,127761e9c642bb72a668b975
6588459.fls.doubleclick.net,AVAILABILITY,domains.list,domains.list,2001-08-29 01:50:06.822792,127761e9c642bb72a668b975
6588650.fls.doubleclick.net,AVAILABILITY,domains.list,domains.list,2001-08-29 01:50:07.013080,127761e9c642bb72a668b975
6589441.fls.doubleclick.net,AVAILABILITY,domains.list,domains.list,2001-08-29 01:50:07.191240,127761e9c642bb72a668b975
659527490.keywordblocks.com,AVAILABILITY,domains.list,domains.list,2001-08-29 01:50:07.370575,127761e9c642bb72a668b975
65f2-5e7c-9bdf-1576.reporo.net,AVAILABILITY,domains.list,domains.list,2001-08-29 01:50:07.558018,127761e9c642bb72a668b975
65x3.tlnk.io,AVAILABILITY,domains.list,domains.list,2001-08-29 01:50:07.736915,127761e9c642bb72a668b975
6611429.fls.doubleclick.net,AVAILABILITY,domains.list,domains.list,2001-08-29 01:50:07.923931,127761e9c642bb72a668b975
6612811.fls.doubleclick.net,AVAILABILITY,domains.list,domains.list,2001-08-29 01:50:08.240892,127761e9c642bb72a668b975
6615089.fls.doubleclick.net,AVAILABILITY,domains.list,domains.list,2001-08-29 01:50:08.434255,127761e9c642bb72a668b975
6615255.fls.doubleclick.net,AVAILABILITY,domains.list,domains.list,2001-08-29 01:50:08.625036,127761e9c642bb72a668b975
662.tm.zedo.com,AVAILABILITY,domains.list,domains.list,2001-08-29 01:50:08.812509,127761e9c642bb72a668b975
66252.measurementapi.com,AVAILABILITY,domains.list,domains.list,2001-08-29 01:50:09.006886,127761e9c642bb72a668b975
6629010.fls.doubleclick.net,AVAILABILITY,domains.list,domains.list,2001-08-29 01:50:09.194009,127761e9c642bb72a668b975
6629377.adoric-om.com,AVAILABILITY,domains.list,domains.list,2001-08-29 01:50:09.385218,127761e9c642bb72a668b975
663-xiu-870.mktoresp.com,AVAILABILITY,domains.list,domains.list,2001-08-29 01:50:09.576477,127761e9c642bb72a668b975
6634230.fls.doubleclick.net,AVAILABILITY,domains.list,domains.list,2001-08-29 01:50:09.762889,127761e9c642bb72a668b975
6635216.fls.doubleclick.net,AVAILABILITY,domains.list,domains.list,2001-08-29 01:50:09.946887,127761e9c642bb72a668b975
663964321.keywordblocks.com,AVAILABILITY,domains.list,domains.list,2001-08-29 01:50:10.137409,127761e9c642bb72a668b975
665-ihf-390.mktoresp.com,AVAILABILITY,domains.list,domains.list,2001-08-29 01:50:10.330232,127761e9c642bb72a668b975
665-kxy-697.mktoresp.com,AVAILABILITY,domains.list,domains.list,2001-08-29 01:50:10.526107,127761e9c642bb72a668b975
666.eurtb.adtelligent.com,AVAILABILITY,domains.list,domains.list,2001-08-29 01:50:10.851532,127761e9c642bb72a668b975
666318751.keywordblocks.com,AVAILABILITY,domains.list,domains.list,2001-08-29 01:50:11.044291,127761e9c642bb72a668b975
667-rue-320.mktoresp.com,AVAILABILITY,domains.list,domains.list,2001-08-29 01:50:11.227630,127761e9c642bb72a668b975
6673880.adoric-om.com,AVAILABILITY,domains.list,domains.list,2001-08-29 01:50:11.551502,127761e9c642bb72a668b975
6679330.fls.doubleclick.net,AVAILABILITY,domains.list,domains.list,2001-08-29 01:50:11.747647,127761e9c642bb72a668b975
669-cfv-020.mktoresp.com,AVAILABILITY,domains.list,domains.list,2001-08-29 01:50:11.944143,127761e9c642bb72a668b975
669-qil-921.mktoresp.com,AVAILABILITY,domains.list,domains.list,2001-08-29 01:50:12.138352,127761e9c642bb72a668b975
66ca-2eeb-20cc-8419.reporo.net,AVAILABILITY,domains.list,domains.list,2001-08-29 01:50:12.328760,127761e9c642bb72a668b975
66cco.voluumtrk.com,AVAILABILITY,domains.list,domains.list,2001-08-29 01:50:12.522108,127761e9c642bb72a668b975
66e7-7c94-e2b2-157a.reporo.net,AVAILABILITY,domains.list,domains.list,2001-08-29 01:50:12.710881,127761e9c642bb72a668b975
670268902.keywordblocks.com,AVAILABILITY,domains.list,domains.list,2001-08-29 01:50:12.899316,127761e9c642bb72a668b975
671-mgj-570.mktoresp.com,AVAILABILITY,domains.list,domains.list,2001-08-29 01:50:13.092755,127761e9c642bb72a668b975
6719212.fls.doubleclick.net,AVAILABILITY,domains.list,domains.list,2001-08-29 01:50:13.282039,127761e9c642bb72a668b975
673-cvk-590.mktoresp.com,AVAILABILITY,domains.list,domains.list,2001-08-29 01:50:13.469928,127761e9c642bb72a668b975
6737400.fls.doubleclick.net,AVAILABILITY,domains.list,domains.list,2001-08-29 01:50:13.659107,127761e9c642bb72a668b975
6738-068a-b779-8f52.reporo.net,AVAILABILITY,domains.list,domains.list,2001-08-29 01:50:13.852172,127761e9c642bb72a668b975
673d-271f-16b6-6ef1.reporo.net,AVAILABILITY,domains.list,domains.list,2001-08-29 01:50:14.043906,127761e9c642bb72a668b975
673e-00db-9362-13c8.reporo.net,AVAILABILITY,domains.list,domains.list,2001-08-29 01:50:14.235591,127761e9c642bb72a668b975
674-bgo-901.mktoresp.com,AVAILABILITY,domains.list,domains.list,2001-08-29 01:50:14.427321,127761e9c642bb72a668b975
674-wfs-621.mktoresp.com,AVAILABILITY,domains.list,domains.list,2001-08-29 01:50:14.617402,127761e9c642bb72a668b975
67443.eurtb.adtelligent.com,AVAILABILITY,domains.list,domains.list,2001-08-29 01:50:14.808808,127761e9c642bb72a668b975
675477621.keywordblocks.com,AVAILABILITY,domains.list,domains.list,2001-08-29 01:50:14.999759,127761e9c642bb72a668b975
675954600.keywordblocks.com,AVAILABILITY,domains.list,domains.list,2001-08-29 01:50:15.189785,127761e9c642bb72a668b975
676-rgi-700.mktoresp.com,AVAILABILITY,domains.list,domains.list,2001-08-29 01:50:15.381314,127761e9c642bb72a668b975
676013730.keywordblocks.com,AVAILABILITY,domains.list,domains.list,2001-08-29 01:50:15.577150,127761e9c642bb72a668b975
676c-fe8b-ef75-c4f4.reporo.net,AVAILABILITY,domains.list,domains.list,2001-08-29 01:50:15.781766,127761e9c642bb72a668b975
677-jyk-041.mktoresp.com,AVAILABILITY,domains.list,domains.list,2001-08-29 01:50:15.982992,127761e9c642bb72a668b975
67734549.adoric-om.com,AVAILABILITY,domains.list,domains.list,2001-08-29 01:50:16.182007,127761e9c642bb72a668b975
6773703.fls.doubleclick.net,AVAILABILITY,domains.list,domains.list,2001-08-29 01:50:16.375704,127761e9c642bb72a668b975
6773942.fls.doubleclick.net,AVAILABILITY,domains.list,domains.list,2001-08-29 01:50:16.570952,127761e9c642bb72a668b975
6775103.fls.doubleclick.net,AVAILABILITY,domains.list,domains.list,2001-08-29 01:50:16.755296,127761e9c642bb72a668b975
6777-462b-4c09-77b3.reporo.net,AVAILABILITY,domains.list,domains.list,2001-08-29 01:50:16.943320,127761e9c642bb72a668b975
67774983.adoric-om.com,AVAILABILITY,domains.list,domains.list,2001-08-29 01:50:17.138164,127761e9c642bb72a668b975
678742302.keywordblocks.com,AVAILABILITY,domains.list,domains.list,2001-08-29 01:50:17.329964,127761e9c642bb72a668b975
6789831.fls.doubleclick.net,AVAILABILITY,domains.list,domains.list,2001-08-29 01:50:17.516697,127761e9c642bb72a668b975
68.news-subscribe.com,AVAILABILITY,domains.list,domains.list,2001-08-29 01:50:17.830604,127761e9c642bb72a668b975
680-onc-130.mktoresp.com,AVAILABILITY,domains.list,domains.list,2001-08-29 01:50:18.015322,127761e9c642bb72a668b975
6809600.fls.doubleclick.net,AVAILABILITY,domains.list,domains.list,2001-08-29 01:50:18.194690,127761e9c642bb72a668b975
681840531.keywordblocks.com,AVAILABILITY,domains.list,domains.list,2001-08-29 01:50:18.377832,127761e9c642bb72a668b975
682-upb-550.mktoresp.com,AVAILABILITY,domains.list,domains.list,2001-08-29 01:50:18.572395,127761e9c642bb72a668b975
68207072.adoric-om.com,AVAILABILITY,domains.list,domains.list,2001-08-29 01:50:18.753253,127761e9c642bb72a668b975
68215123.adoric-om.com,AVAILABILITY,domains.list,domains.list,2001-08-29 01:50:18.938859,127761e9c642bb72a668b975
68236059.adoric-om.com,AVAILABILITY,domains.list,domains.list,2001-08-29 01:50:19.119686,127761e9c642bb72a668b975
683775672.keywordblocks.com,AVAILABILITY,domains.list,domains.list,2001-08-29 01:50:19.302593,127761e9c642bb72a668b975
684d0d36.akstat.io,AVAILABILITY,domains.list,domains.list,2001-08-29 01:50:19.487750,127761e9c642bb72a668b975
684d0d37.akstat.io,AVAILABILITY,domains.list,domains.list,2001-08-29 01:50:19.679632,127761e9c642bb72a668b975
684d0d38.akstat.io,AVAILABILITY,domains.list,domains.list,2001-08-29 01:50:19.860556,127761e9c642bb72a668b975
684d0d3a.akstat.io,AVAILABILITY,domains.list,domains.list,2001-08-29 01:50:20.048738,127761e9c642bb72a668b975
684dd304.akstat.io,AVAILABILITY,domains.list,domains.list,2001-08-29 01:50:20.246244,127761e9c642bb72a668b975
684dd305.akstat.io,AVAILABILITY,domains.list,domains.list,2001-08-29 01:50:20.435063,127761e9c642bb72a668b975
684dd306.akstat.io,AVAILABILITY,domains.list,domains.list,2001-08-29 01:50:20.619940,127761e9c642bb72a668b975
684dd307.akstat.io,AVAILABILITY,domains.list,domains.list,2001-08-29 01:50:20.801400,127761e9c642bb72a668b975
684dd308.akstat.io,AVAILABILITY,domains.list,domains.list,2001-08-29 01:50:20.984145,127761e9c642bb72a668b975
684fc536.akstat.io,AVAILABILITY,domains.list,domains.list,2001-08-29 01:50:21.165865,127761e9c642bb72a668b975
684fc537.akstat.io,AVAILABILITY,domains.list,domains.list,2001-08-29 01:50:21.350812,127761e9c642bb72a668b975
684fc538.akstat.io,AVAILABILITY,domains.list,domains.list,2001-08-29 01:50:21.544033,127761e9c642bb72a668b975
684fc539.akstat.io,AVAILABILITY,domains.list,domains.list,2001-08-29 01:50:21.737014,127761e9c642bb72a668b975
685-vle-790.mktoresp.com,AVAILABILITY,domains.list,domains.list,2001-08-29 01:50:21.923022,127761e9c642bb72a668b975
6857-d041-8100-fd21.reporo.net,AVAILABILITY,domains.list,domains.list,2001-08-29 01:50:22.113257,127761e9c642bb72a668b975
686-ggq-310.mktoresp.com,AVAILABILITY,domains.list,domains.list,2001-08-29 01:50:22.308228,127761e9c642bb72a668b975
686-yqf-621.mktoresp.com,AVAILABILITY,domains.list,domains.list,2001-08-29 01:50:22.500766,127761e9c642bb72a668b975
6865100.fls.doubleclick.net,AVAILABILITY,domains.list,domains.list,2001-08-29 01:50:22.693170,127761e9c642bb72a668b975
6866-6361-6562-6261.reporo.net,AVAILABILITY,domains.list,domains.list,2001-08-29 01:50:22.875439,127761e9c642bb72a668b975
686eb504.akstat.io,AVAILABILITY,domains.list,domains.list,2001-08-29 01:50:23.070562,127761e9c642bb72a668b975
686eb519.akstat.io,AVAILABILITY,domains.list,domains.list,2001-08-29 01:50:23.258277,127761e9c642bb72a668b975
686eb51a.akstat.io,AVAILABILITY,domains.list,domains.list,2001-08-29 01:50:23.440445,127761e9c642bb72a668b975
686eb51b.akstat.io,AVAILABILITY,domains.list,domains.list,2001-08-29 01:50:23.631524,127761e9c642bb72a668b975
686eb704.akstat.io,AVAILABILITY,domains.list,domains.list,2001-08-29 01:50:23.817400,127761e9c642bb72a668b975
686eb719.akstat.io,AVAILABILITY,domains.list,domains.list,2001-08-29 01:50:24.006918,127761e9c642bb72a668b975
686eb71a.akstat.io,AVAILABILITY,domains.list,domains.list,2001-08-29 01:50:24.200706,127761e9c642bb72a668b975
6870903.fls.doubleclick.net,AVAILABILITY,domains.list,domains.list,2001-08-29 01:50:24.386042,127761e9c642bb72a668b975
687192102.keywordblocks.com,AVAILABILITY,domains.list,domains.list,2001-08-29 01:50:24.574279,127761e9c642bb72a668b975
6875961.adoric-om.com,AVAILABILITY,domains.list,domains.list,2001-08-29 01:50:24.759407,127761e9c642bb72a668b975
688645132.keywordblocks.com,AVAILABILITY,domains.list,domains.list,2001-08-29 01:50:24.946079,127761e9c642bb72a668b975
68a6d200.contentabc.com,AVAILABILITY,domains.list,domains.list,2001-08-29 01:50:25.258379,127761e9c642bb72a668b975
68ff-38a2-80e0-585b.reporo.net,AVAILABILITY,domains.list,domains.list,2001-08-29 01:50:25.445703,127761e9c642bb72a668b975
690-tij-721.mktoresp.com,AVAILABILITY,domains.list,domains.list,2001-08-29 01:50:25.632982,127761e9c642bb72a668b975
6903-d5e4-5c0f-f6d8.reporo.net,AVAILABILITY,domains.list,domains.list,2001-08-29 01:50:25.815246,127761e9c642bb72a668b975
690327.fls.doubleclick.net,AVAILABILITY,domains.list,domains.list,2001-08-29 01:50:25.999835,127761e9c642bb72a668b975
690341.fls.doubleclick.net,AVAILABILITY,domains.list,domains.list,2001-08-29 01:50:26.188776,127761e9c642bb72a668b975
6907820.fls.doubleclick.net,AVAILABILITY,domains.list,domains.list,2001-08-29 01:50:26.370157,127761e9c642bb72a668b975
69127211.adoric-om.com,AVAILABILITY,domains.list,domains.list,2001-08-29 01:50:26.552972,127761e9c642bb72a668b975
69128743.adoric-om.com,AVAILABILITY,domains.list,domains.list,2001-08-29 01:50:26.742723,127761e9c642bb72a668b975
692415261.keywordblocks.com,AVAILABILITY,domains.list,domains.list,2001-08-29 01:50:27.075515,127761e9c642bb72a668b975
692415262.keywordblocks.com,AVAILABILITY,domains.list,domains.list,2001-08-29 01:50:27.276648,127761e9c642bb72a668b975
692e-83bb-f129-c538.reporo.net,AVAILABILITY,domains.list,domains.list,2001-08-29 01:50:27.466588,127761e9c642bb72a668b975
693184462.keywordblocks.com,AVAILABILITY,domains.list,domains.list,2001-08-29 01:50:27.644940,127761e9c642bb72a668b975
69380535.adoric-om.com,AVAILABILITY,domains.list,domains.list,2001-08-29 01:50:27.833071,127761e9c642bb72a668b975
695-qhe-720.mktoresp.com,AVAILABILITY,domains.list,domains.list,2001-08-29 01:50:28.020031,127761e9c642bb72a668b975
696-pfr-108.mktoresp.com,AVAILABILITY,domains.list,domains.list,2001-08-29 01:50:28.207606,127761e9c642bb72a668b975
6961.bapi.adsafeprotected.com,AVAILABILITY,domains.list,domains.list,2001-08-29 01:50:28.390705,127761e9c642bb72a668b975
699-uig-290.mktoresp.com,AVAILABILITY,domains.list,domains.list,2001-08-29 01:50:28.574889,127761e9c642bb72a668b975
69ba-95af-a923-8c02.reporo.net,AVAILABILITY,domains.list,domains.list,2001-08-29 01:50:28.758436,127761e9c642bb72a668b975
6a34-a2e6-4331-6832.reporo.net,AVAILABILITY,domains.list,domains.list,2001-08-29 01:50:28.938882,127761e9c642bb72a668b975
6a67-7976-7476-6775.reporo.net,AVAILABILITY,domains.list,domains.list,2001-08-29 01:50:29.132082,127761e9c642bb72a668b975
6a6a-2e6a-727a-7671.reporo.net,AVAILABILITY,domains.list,domains.list,2001-08-29 01:50:29.321192,127761e9c642bb72a668b975
6a6a-e94c-3222-4f1d.reporo.net,AVAILABILITY,domains.list,domains.list,2001-08-29 01:50:29.506054,127761e9c642bb72a668b975
6ae6-f579-2f31-2cce.reporo.net,AVAILABILITY,domains.list,domains.list,2001-08-29 01:50:29.692212,127761e9c642bb72a668b975
6aee-cb78-3379-8e1a.reporo.net,AVAILABILITY,domains.list,domains.list,2001-08-29 01:50:29.876321,127761e9c642bb72a668b975
6b148a22.akstat.io,AVAILABILITY,domains.list,domains.list,2001-08-29 01:50:30.058578,127761e9c642bb72a668b975
6b148a64.akstat.io,AVAILABILITY,domains.list,domains.list,2001-08-29 01:50:30.361406,127761e9c642bb72a668b975
6b148a70.akstat.io,AVAILABILITY,domains.list,domains.list,2001-08-29 01:50:30.661743,127761e9c642bb72a668b975
6b148a80.akstat.io,AVAILABILITY,domains.list,domains.list,2001-08-29 01:50:30.965814,127761e9c642bb72a668b975
6ba2-0f74-4423-04e0.reporo.net,AVAILABILITY,domains.list,domains.list,2001-08-29 01:50:31.411527,127761e9c642bb72a668b975
6bvya.voluumtrk.com,AVAILABILITY,domains.list,domains.list,2001-08-29 01:50:31.605242,127761e9c642bb72a668b975
6c58-24ca-19b3-bc02.reporo.net,AVAILABILITY,domains.list,domains.list,2001-08-29 01:50:31.790868,127761e9c642bb72a668b975
6cd1-cad1-3848-09d8.reporo.net,AVAILABILITY,domains.list,domains.list,2001-08-29 01:50:32.104447,127761e9c642bb72a668b975
6cg.adx1.com,AVAILABILITY,domains.list,domains.list,2001-08-29 01:50:32.293505,127761e9c642bb72a668b975
6d.news-subscribe.com,AVAILABILITY,domains.list,domains.list,2001-08-29 01:50:32.472031,127761e9c642bb72a668b975
6dd6-fb86-b550-2cdd.reporo.net,AVAILABILITY,domains.list,domains.list,2001-08-29 01:50:32.661832,127761e9c642bb72a668b975
6e29-e71a-94be-2cfd.reporo.net,AVAILABILITY,domains.list,domains.list,2001-08-29 01:50:32.977014,127761e9c642bb72a668b975
6e6f-a4f7-216a-1348.reporo.net,AVAILABILITY,domains.list,domains.list,2001-08-29 01:50:33.160514,127761e9c642bb72a668b975
6f.news-subscribe.com,AVAILABILITY,domains.list,domains.list,2001-08-29 01:50:33.352019,127761e9c642bb72a668b975
6f50-aafd-15ab-d93d.reporo.net,AVAILABILITY,domains.list,domains.list,2001-08-29 01:50:33.543997,127761e9c642bb72a668b975
6f80-9f9d-e2a7-67cb.reporo.net,AVAILABILITY,domains.list,domains.list,2001-08-29 01:50:33.725389,127761e9c642bb72a668b975
6fb6d09.akstat.io,AVAILABILITY,domains.list,domains.list,2001-08-29 01:50:33.909147,127761e9c642bb72a668b975
6fc9-8bae-ef7e-5630.reporo.net,AVAILABILITY,domains.list,domains.list,2001-08-29 01:50:34.102221,127761e9c642bb72a668b975
6ffd-204e-c277-b777.reporo.net,AVAILABILITY,domains.list,domains.list,2001-08-29 01:50:34.292126,127761e9c642bb72a668b975
6jlwy.voluumtrk.com,AVAILABILITY,domains.list,domains.list,2001-08-29 01:50:34.611440,127761e9c642bb72a668b975
6ldu6qa.com,AVAILABILITY,domains.list,domains.list,2001-08-29 01:50:34.797267,127761e9c642bb72a668b975
6lk4y.voluumtrk.com,AVAILABILITY,domains.list,domains.list,2001-08-29 01:50:34.986822,127761e9c642bb72a668b975
6no4.tlnk.io,AVAILABILITY,domains.list,domains.list,2001-08-29 01:50:35.291277,127761e9c642bb72a668b975
6ojzmr0ou5.kameleoon.eu,AVAILABILITY,domains.list,domains.list,2001-08-29 01:50:35.476563,127761e9c642bb72a668b975
6r.news-subscribe.com,AVAILABILITY,domains.list,domains.list,2001-08-29 01:50:35.784784,127761e9c642bb72a668b975
6s.news-subscribe.com,AVAILABILITY,domains.list,domains.list,2001-08-29 01:50:35.969335,127761e9c642bb72a668b975
6tbk9.voluumtrk.com,AVAILABILITY,domains.list,domains.list,2001-08-29 01:50:36.159220,127761e9c642bb72a668b975
6vusc.voluumtrk.com,AVAILABILITY,domains.list,domains.list,2001-08-29 01:50:36.346217,127761e9c642bb72a668b975
6xr2.tlnk.io,AVAILABILITY,domains.list,domains.list,2001-08-29 01:50:36.539267,127761e9c642bb72a668b975
7-forum.de.intellitxt.com,AVAILABILITY,domains.list,domains.list,2001-08-29 01:50:36.856944,127761e9c642bb72a668b975
700-xdp-430.mktoresp.com,AVAILABILITY,domains.list,domains.list,2001-08-29 01:50:37.047803,127761e9c642bb72a668b975
7001.bapi.adsafeprotected.com,AVAILABILITY,domains.list,domains.list,2001-08-29 01:50:37.232676,127761e9c642bb72a668b975
702-qpq-370.mktoresp.com,AVAILABILITY,domains.list,domains.list,2001-08-29 01:50:37.551256,127761e9c642bb72a668b975
70272.measurementapi.com,AVAILABILITY,domains.list,domains.list,2001-08-29 01:50:37.740633,127761e9c642bb72a668b975
704-qrx-411.mktoresp.com,AVAILABILITY,domains.list,domains.list,2001-08-29 01:50:37.930469,127761e9c642bb72a668b975
704144432.keywordblocks.com,AVAILABILITY,domains.list,domains.list,2001-08-29 01:50:38.119691,127761e9c642bb72a668b975
70443018.adoric-om.com,AVAILABILITY,domains.list,domains.list,2001-08-29 01:50:38.305016,127761e9c642bb72a668b975
707-dzs-330.mktoresp.com,AVAILABILITY,domains.list,domains.list,2001-08-29 01:50:38.492668,127761e9c642bb72a668b975
707-oqq-238.mktoresp.com,AVAILABILITY,domains.list,domains.list,2001-08-29 01:50:38.679737,127761e9c642bb72a668b975
707.bapi.adsafeprotected.com,AVAILABILITY,domains.list,domains.list,2001-08-29 01:50:38.864801,127761e9c642bb72a668b975
7077.bapi.adsafeprotected.com,AVAILABILITY,domains.list,domains.list,2001-08-29 01:50:39.188306,127761e9c642bb72a668b975
708636372.keywordblocks.com,AVAILABILITY,domains.list,domains.list,2001-08-29 01:50:39.375292,127761e9c642bb72a668b975
709-nxn-706.mktoresp.com,AVAILABILITY,domains.list,domains.list,2001-08-29 01:50:39.571795,127761e9c642bb72a668b975
7093.bapi.adsafeprotected.com,AVAILABILITY,domains.list,domains.list,2001-08-29 01:50:39.761518,127761e9c642bb72a668b975
709d-469e-a98a-0a51.reporo.net,AVAILABILITY,domains.list,domains.list,2001-08-29 01:50:39.949468,127761e9c642bb72a668b975
7107.bapi.adsafeprotected.com,AVAILABILITY,domains.list,domains.list,2001-08-29 01:50:40.134376,127761e9c642bb72a668b975
7114.bapi.adsafeprotected.com,AVAILABILITY,domains.list,domains.list,2001-08-29 01:50:40.320767,127761e9c642bb72a668b975
711609032.keywordblocks.com,AVAILABILITY,domains.list,domains.list,2001-08-29 01:50:40.515777,127761e9c642bb72a668b975
713-xsc-918.mktoresp.com,AVAILABILITY,domains.list,domains.list,2001-08-29 01:50:40.713968,127761e9c642bb72a668b975
7130-c5e3-76e0-b5fe.reporo.net,AVAILABILITY,domains.list,domains.list,2001-08-29 01:50:40.908224,127761e9c642bb72a668b975
714-klg-701.mktoresp.com,AVAILABILITY,domains.list,domains.list,2001-08-29 01:50:41.371858,127761e9c642bb72a668b975
7142.bapi.adsafeprotected.com,AVAILABILITY,domains.list,domains.list,2001-08-29 01:50:41.571167,127761e9c642bb72a668b975
7147-8b71-032e-8f1c.reporo.net,AVAILABILITY,domains.list,domains.list,2001-08-29 01:50:41.769945,127761e9c642bb72a668b975
715-isd-701.mktoresp.com,AVAILABILITY,domains.list,domains.list,2001-08-29 01:50:41.966350,127761e9c642bb72a668b975
7150.engine.mobileapptracking.com,AVAILABILITY,domains.list,domains.list,2001-08-29 01:50:42.163357,127761e9c642bb72a668b975
715446720.keywordblocks.com,AVAILABILITY,domains.list,domains.list,2001-08-29 01:50:42.492356,127761e9c642bb72a668b975
715848471.keywordblocks.com,AVAILABILITY,domains.list,domains.list,2001-08-29 01:50:42.683565,127761e9c642bb72a668b975
715k.tlnk.io,AVAILABILITY,domains.list,domains.list,2001-08-29 01:50:42.874742,127761e9c642bb72a668b975
716a-eaa4-8720-cd5c.reporo.net,AVAILABILITY,domains.list,domains.list,2001-08-29 01:50:43.071889,127761e9c642bb72a668b975
7173-11de-02f7-bd53.reporo.net,AVAILABILITY,domains.list,domains.list,2001-08-29 01:50:43.262435,127761e9c642bb72a668b975
718068530.keywordblocks.com,AVAILABILITY,domains.list,domains.list,2001-08-29 01:50:43.455758,127761e9c642bb72a668b975
7194.bapi.adsafeprotected.com,AVAILABILITY,domains.list,domains.list,2001-08-29 01:50:43.651088,127761e9c642bb72a668b975
7198.bapi.adsafeprotected.com,AVAILABILITY,domains.list,domains.list,2001-08-29 01:50:43.842418,127761e9c642bb72a668b975
7202.bapi.adsafeprotected.com,AVAILABILITY,domains.list,domains.list,2001-08-29 01:50:44.039312,127761e9c642bb72a668b975
721-dgt-611.mktoresp.com,AVAILABILITY,domains.list,domains.list,2001-08-29 01:50:44.235896,127761e9c642bb72a668b975
7211-183f-add7-ea22.reporo.net,AVAILABILITY,domains.list,domains.list,2001-08-29 01:50:44.430330,127761e9c642bb72a668b975
72174903.adoric-om.com,AVAILABILITY,domains.list,domains.list,2001-08-29 01:50:44.631585,127761e9c642bb72a668b975
722-dfc-631.mktoresp.com,AVAILABILITY,domains.list,domains.list,2001-08-29 01:50:44.828281,127761e9c642bb72a668b975
722556754.keywordblocks.com,AVAILABILITY,domains.list,domains.list,2001-08-29 01:50:45.020628,127761e9c642bb72a668b975
723822302.keywordblocks.com,AVAILABILITY,domains.list,domains.list,2001-08-29 01:50:45.212629,127761e9c642bb72a668b975
7246.bapi.adsafeprotected.com,AVAILABILITY,domains.list,domains.list,2001-08-29 01:50:45.406321,127761e9c642bb72a668b975
7247.bapi.adsafeprotected.com,AVAILABILITY,domains.list,domains.list,2001-08-29 01:50:45.595033,127761e9c642bb72a668b975
724b-d004-e288-4e93.reporo.net,AVAILABILITY,domains.list,domains.list,2001-08-29 01:50:45.790984,127761e9c642bb72a668b975
725-vxo-010.mktoresp.com,AVAILABILITY,domains.list,domains.list,2001-08-29 01:50:45.982910,127761e9c642bb72a668b975
7250.bapi.adsafeprotected.com,AVAILABILITY,domains.list,domains.list,2001-08-29 01:50:46.174191,127761e9c642bb72a668b975
7251.bapi.adsafeprotected.com,AVAILABILITY,domains.list,domains.list,2001-08-29 01:50:46.364458,127761e9c642bb72a668b975
7263-7263-6265-7661.reporo.net,AVAILABILITY,domains.list,domains.list,2001-08-29 01:50:46.562837,127761e9c642bb72a668b975
7263-7365-7072-7467.reporo.net,AVAILABILITY,domains.list,domains.list,2001-08-29 01:50:46.754350,127761e9c642bb72a668b975
727-bia-911.mktoresp.com,AVAILABILITY,domains.list,domains.list,2001-08-29 01:50:46.951590,127761e9c642bb72a668b975
727-zqe-044.mktoresp.com,AVAILABILITY,domains.list,domains.list,2001-08-29 01:50:47.152673,127761e9c642bb72a668b975
728-vue-420.mktoresp.com,AVAILABILITY,domains.list,domains.list,2001-08-29 01:50:47.348065,127761e9c642bb72a668b975
729-dhm-431.mktoresp.com,AVAILABILITY,domains.list,domains.list,2001-08-29 01:50:47.542092,127761e9c642bb72a668b975
729-qxg-911.mktoresp.com,AVAILABILITY,domains.list,domains.list,2001-08-29 01:50:47.739293,127761e9c642bb72a668b975
729f-a453-ce32-21c1.reporo.net,AVAILABILITY,domains.list,domains.list,2001-08-29 01:50:47.939721,127761e9c642bb72a668b975
72d4-1f52-fc7a-ca02.reporo.net,AVAILABILITY,domains.list,domains.list,2001-08-29 01:50:48.141029,127761e9c642bb72a668b975
73.news-subscribe.com,AVAILABILITY,domains.list,domains.list,2001-08-29 01:50:48.328108,127761e9c642bb72a668b975
731829171.keywordblocks.com,AVAILABILITY,domains.list,domains.list,2001-08-29 01:50:48.656993,127761e9c642bb72a668b975
732-rqc-880.mktoresp.com,AVAILABILITY,domains.list,domains.list,2001-08-29 01:50:48.840063,127761e9c642bb72a668b975
732063851.keywordblocks.com,AVAILABILITY,domains.list,domains.list,2001-08-29 01:50:49.030991,127761e9c642bb72a668b975
73281571.adoric-om.com,AVAILABILITY,domains.list,domains.list,2001-08-29 01:50:49.223481,127761e9c642bb72a668b975
7336.deeplink.mobileapptracking.com,AVAILABILITY,domains.list,domains.list,2001-08-29 01:50:49.544710,127761e9c642bb72a668b975
7336.engine.mobileapptracking.com,AVAILABILITY,domains.list,domains.list,2001-08-29 01:50:49.740667,127761e9c642bb72a668b975
73364962.adoric-om.com,AVAILABILITY,domains.list,domains.list,2001-08-29 01:50:49.936600,127761e9c642bb72a668b975
734-tgd-820.mktoresp.com,AVAILABILITY,domains.list,domains.list,2001-08-29 01:50:50.131676,127761e9c642bb72a668b975
7347.bapi.adsafeprotected.com,AVAILABILITY,domains.list,domains.list,2001-08-29 01:50:50.329012,127761e9c642bb72a668b975
734776845.keywordblocks.com,AVAILABILITY,domains.list,domains.list,2001-08-29 01:50:50.523675,127761e9c642bb72a668b975
737-mqp-370.mktoresp.com,AVAILABILITY,domains.list,domains.list,2001-08-29 01:50:50.830957,127761e9c642bb72a668b975
737194.fls.doubleclick.net,AVAILABILITY,domains.list,domains.list,2001-08-29 01:50:51.020746,127761e9c642bb72a668b975
737331646.keywordblocks.com,AVAILABILITY,domains.list,domains.list,2001-08-29 01:50:51.213346,127761e9c642bb72a668b975
737724071.keywordblocks.com,AVAILABILITY,domains.list,domains.list,2001-08-29 01:50:51.397469,127761e9c642bb72a668b975
738113220.keywordblocks.com,AVAILABILITY,domains.list,domains.list,2001-08-29 01:50:51.595414,127761e9c642bb72a668b975
739-wij-300.mktoresp.com,AVAILABILITY,domains.list,domains.list,2001-08-29 01:50:51.787623,127761e9c642bb72a668b975
739-zbx-060.mktoresp.com,AVAILABILITY,domains.list,domains.list,2001-08-29 01:50:51.983327,127761e9c642bb72a668b975
73au81v1yu.kameleoon.eu,AVAILABILITY,domains.list,domains.list,2001-08-29 01:50:52.323949,127761e9c642bb72a668b975
73ec0.voluumtrk.com,AVAILABILITY,domains.list,domains.list,2001-08-29 01:50:52.659704,127761e9c642bb72a668b975
73twu.voluumtrk.com,AVAILABILITY,domains.list,domains.list,2001-08-29 01:50:52.854016,127761e9c642bb72a668b975
741-txl-332.mktoresp.com,AVAILABILITY,domains.list,domains.list,2001-08-29 01:50:53.049853,127761e9c642bb72a668b975
741635512.keywordblocks.com,AVAILABILITY,domains.list,domains.list,2001-08-29 01:50:53.247406,127761e9c642bb72a668b975
742645932.keywordblocks.com,AVAILABILITY,domains.list,domains.list,2001-08-29 01:50:53.436977,127761e9c642bb72a668b975
74346286.adoric-om.com,AVAILABILITY,domains.list,domains.list,2001-08-29 01:50:53.633112,127761e9c642bb72a668b975
7453.bapi.adsafeprotected.com,AVAILABILITY,domains.list,domains.list,2001-08-29 01:50:53.823984,127761e9c642bb72a668b975
745452130.keywordblocks.com,AVAILABILITY,domains.list,domains.list,2001-08-29 01:50:54.006994,127761e9c642bb72a668b975
74583605.adoric-om.com,AVAILABILITY,domains.list,domains.list,2001-08-29 01:50:54.196088,127761e9c642bb72a668b975
74595668.adoric-om.com,AVAILABILITY,domains.list,domains.list,2001-08-29 01:50:54.392215,127761e9c642bb72a668b975
746-ptv-801.mktoresp.com,AVAILABILITY,domains.list,domains.list,2001-08-29 01:50:54.583456,127761e9c642bb72a668b975
7465.bapi.adsafeprotected.com,AVAILABILITY,domains.list,domains.list,2001-08-29 01:50:54.778613,127761e9c642bb72a668b975
746546826.keywordblocks.com,AVAILABILITY,domains.list,domains.list,2001-08-29 01:50:54.972130,127761e9c642bb72a668b975
7468.v.fwmrm.net,AVAILABILITY,domains.list,domains.list,2001-08-29 01:50:55.166790,127761e9c642bb72a668b975
746a-12e2-b984-05b7.reporo.net,AVAILABILITY,domains.list,domains.list,2001-08-29 01:50:55.358627,127761e9c642bb72a668b975
747-wtc-401.mktoresp.com,AVAILABILITY,domains.list,domains.list,2001-08-29 01:50:55.555656,127761e9c642bb72a668b975
747085511.keywordblocks.com,AVAILABILITY,domains.list,domains.list,2001-08-29 01:50:55.753556,127761e9c642bb72a668b975
747171301.keywordblocks.com,AVAILABILITY,domains.list,domains.list,2001-08-29 01:50:55.950709,127761e9c642bb72a668b975
747956032.keywordblocks.com,AVAILABILITY,domains.list,domains.list,2001-08-29 01:50:56.147299,127761e9c642bb72a668b975
749376381.keywordblocks.com,AVAILABILITY,domains.list,domains.list,2001-08-29 01:50:56.342670,127761e9c642bb72a668b975
75.news-subscribe.com,AVAILABILITY,domains.list,domains.list,2001-08-29 01:50:56.532904,127761e9c642bb72a668b975
750-jfa-337.mktoresp.com,AVAILABILITY,domains.list,domains.list,2001-08-29 01:50:56.734234,127761e9c642bb72a668b975
75072507.adoric-om.com,AVAILABILITY,domains.list,domains.list,2001-08-29 01:50:56.936150,127761e9c642bb72a668b975
751-kxz-731.mktoresp.com,AVAILABILITY,domains.list,domains.list,2001-08-29 01:50:57.141298,127761e9c642bb72a668b975
751-qqy-459.mktoresp.com,AVAILABILITY,domains.list,domains.list,2001-08-29 01:50:57.345371,127761e9c642bb72a668b975
751171360.keywordblocks.com,AVAILABILITY,domains.list,domains.list,2001-08-29 01:50:57.549368,127761e9c642bb72a668b975
75178777.adoric-om.com,AVAILABILITY,domains.list,domains.list,2001-08-29 01:50:57.748075,127761e9c642bb72a668b975
752-fyh-921.mktoresp.com,AVAILABILITY,domains.list,domains.list,2001-08-29 01:50:57.946932,127761e9c642bb72a668b975
752-wrb-240.mktoresp.com,AVAILABILITY,domains.list,domains.list,2001-08-29 01:50:58.143726,127761e9c642bb72a668b975
752878661.keywordblocks.com,AVAILABILITY,domains.list,domains.list,2001-08-29 01:50:58.334115,127761e9c642bb72a668b975
753-bpf-090.mktoresp.com,AVAILABILITY,domains.list,domains.list,2001-08-29 01:50:58.537921,127761e9c642bb72a668b975
753244750.keywordblocks.com,AVAILABILITY,domains.list,domains.list,2001-08-29 01:50:58.876318,127761e9c642bb72a668b975
753331601.keywordblocks.com,AVAILABILITY,domains.list,domains.list,2001-08-29 01:50:59.074435,127761e9c642bb72a668b975
75356330.adoric-om.com,AVAILABILITY,domains.list,domains.list,2001-08-29 01:50:59.268514,127761e9c642bb72a668b975
754-kxa-811.mktoresp.com,AVAILABILITY,domains.list,domains.list,2001-08-29 01:50:59.466790,127761e9c642bb72a668b975
754.hostedprebid.com,AVAILABILITY,domains.list,domains.list,2001-08-29 01:50:59.666600,127761e9c642bb72a668b975
7592415.adoric-om.com,AVAILABILITY,domains.list,domains.list,2001-08-29 01:50:59.869011,127761e9c642bb72a668b975
75937983.adoric-om.com,AVAILABILITY,domains.list,domains.list,2001-08-29 01:51:00.074563,127761e9c642bb72a668b975
759727972.keywordblocks.com,AVAILABILITY,domains.list,domains.list,2001-08-29 01:51:00.278776,127761e9c642bb72a668b975
76.news-subscribe.com,AVAILABILITY,domains.list,domains.list,2001-08-29 01:51:00.482273,127761e9c642bb72a668b975
76041856.adoric-om.com,AVAILABILITY,domains.list,domains.list,2001-08-29 01:51:00.677155,127761e9c642bb72a668b975
761-ibl-328.mktoresp.com,AVAILABILITY,domains.list,domains.list,2001-08-29 01:51:00.853725,127761e9c642bb72a668b975
76277407.adoric-om.com,AVAILABILITY,domains.list,domains.list,2001-08-29 01:51:01.043314,127761e9c642bb72a668b975
762840442.keywordblocks.com,AVAILABILITY,domains.list,domains.list,2001-08-29 01:51:01.232674,127761e9c642bb72a668b975
763-rjk-531.mktoresp.com,AVAILABILITY,domains.list,domains.list,2001-08-29 01:51:01.425540,127761e9c642bb72a668b975
76405301.adoric-om.com,AVAILABILITY,domains.list,domains.list,2001-08-29 01:51:01.621552,127761e9c642bb72a668b975
76493886.adoric-om.com,AVAILABILITY,domains.list,domains.list,2001-08-29 01:51:01.817925,127761e9c642bb72a668b975
765-hun-697.mktoresp.com,AVAILABILITY,domains.list,domains.list,2001-08-29 01:51:02.013152,127761e9c642bb72a668b975
766f-7279-6263-6165.reporo.net,AVAILABILITY,domains.list,domains.list,2001-08-29 01:51:02.201748,127761e9c642bb72a668b975
76718.measurementapi.com,AVAILABILITY,domains.list,domains.list,2001-08-29 01:51:02.395710,127761e9c642bb72a668b975
7679310.adoric-om.com,AVAILABILITY,domains.list,domains.list,2001-08-29 01:51:02.581070,127761e9c642bb72a668b975
767a-6e78-7161-2e76.reporo.net,AVAILABILITY,domains.list,domains.list,2001-08-29 01:51:02.774393,127761e9c642bb72a668b975
768171922.keywordblocks.com,AVAILABILITY,domains.list,domains.list,2001-08-29 01:51:02.964571,127761e9c642bb72a668b975
7686-39b0-357f-37a3.reporo.net,AVAILABILITY,domains.list,domains.list,2001-08-29 01:51:03.155874,127761e9c642bb72a668b975
768624540.keywordblocks.com,AVAILABILITY,domains.list,domains.list,2001-08-29 01:51:03.346850,127761e9c642bb72a668b975
769-ckk-790.mktoresp.com,AVAILABILITY,domains.list,domains.list,2001-08-29 01:51:03.546200,127761e9c642bb72a668b975
769d-c753-0324-3d79.reporo.net,AVAILABILITY,domains.list,domains.list,2001-08-29 01:51:03.731949,127761e9c642bb72a668b975
76a9a71.webengage.co,AVAILABILITY,domains.list,domains.list,2001-08-29 01:51:03.917112,127761e9c642bb72a668b975
76a9c30.webengage.co,AVAILABILITY,domains.list,domains.list,2001-08-29 01:51:04.112030,127761e9c642bb72a668b975
76a9c86.webengage.co,AVAILABILITY,domains.list,domains.list,2001-08-29 01:51:04.300103,127761e9c642bb72a668b975
76a9d71.webengage.co,AVAILABILITY,domains.list,domains.list,2001-08-29 01:51:04.487687,127761e9c642bb72a668b975
76a9d74.webengage.co,AVAILABILITY,domains.list,domains.list,2001-08-29 01:51:04.678767,127761e9c642bb72a668b975
76aa0c3.webengage.co,AVAILABILITY,domains.list,domains.list,2001-08-29 01:51:04.870897,127761e9c642bb72a668b975
76aa281.webengage.co,AVAILABILITY,domains.list,domains.list,2001-08-29 01:51:05.061808,127761e9c642bb72a668b975
76aa289.webengage.co,AVAILABILITY,domains.list,domains.list,2001-08-29 01:51:05.250087,127761e9c642bb72a668b975
76aac68.webengage.co,AVAILABILITY,domains.list,domains.list,2001-08-29 01:51:05.439229,127761e9c642bb72a668b975
76ab325.webengage.co,AVAILABILITY,domains.list,domains.list,2001-08-29 01:51:05.629783,127761e9c642bb72a668b975
76eb-9bb9-c63f-f747.reporo.net,AVAILABILITY,domains.list,domains.list,2001-08-29 01:51:05.811105,127761e9c642bb72a668b975
76f0-a13b-e8ea-56d4.reporo.net,AVAILABILITY,domains.list,domains.list,2001-08-29 01:51:05.996988,127761e9c642bb72a668b975
771-usx-221.mktoresp.com,AVAILABILITY,domains.list,domains.list,2001-08-29 01:51:06.182040,127761e9c642bb72a668b975
7718-58fd-2844-4d60.reporo.net,AVAILABILITY,domains.list,domains.list,2001-08-29 01:51:06.508338,127761e9c642bb72a668b975
772-ake-210.mktoresp.com,AVAILABILITY,domains.list,domains.list,2001-08-29 01:51:06.699806,127761e9c642bb72a668b975
772-goh-920.mktoresp.com,AVAILABILITY,domains.list,domains.list,2001-08-29 01:51:06.889812,127761e9c642bb72a668b975
772-kgg-249.mktoresp.com,AVAILABILITY,domains.list,domains.list,2001-08-29 01:51:07.088730,127761e9c642bb72a668b975
7731-1e8f-2cbc-ae5e.reporo.net,AVAILABILITY,domains.list,domains.list,2001-08-29 01:51:07.404507,127761e9c642bb72a668b975
77348831.adoric-om.com,AVAILABILITY,domains.list,domains.list,2001-08-29 01:51:07.600409,127761e9c642bb72a668b975
774-nbz-040.mktoresp.com,AVAILABILITY,domains.list,domains.list,2001-08-29 01:51:07.794454,127761e9c642bb72a668b975
774c-9b22-aef6-2d99.reporo.net,AVAILABILITY,domains.list,domains.list,2001-08-29 01:51:07.985513,127761e9c642bb72a668b975
775251260.keywordblocks.com,AVAILABILITY,domains.list,domains.list,2001-08-29 01:51:08.179500,127761e9c642bb72a668b975
776-baw-230.mktoresp.com,AVAILABILITY,domains.list,domains.list,2001-08-29 01:51:08.367958,127761e9c642bb72a668b975
776-rlz-330.mktoresp.com,AVAILABILITY,domains.list,domains.list,2001-08-29 01:51:08.559277,127761e9c642bb72a668b975
776182382.keywordblocks.com,AVAILABILITY,domains.list,domains.list,2001-08-29 01:51:08.752371,127761e9c642bb72a668b975
777629941.keywordblocks.com,AVAILABILITY,domains.list,domains.list,2001-08-29 01:51:08.949728,127761e9c642bb72a668b975
7777.bapi.adsafeprotected.com,AVAILABILITY,domains.list,domains.list,2001-08-29 01:51:09.145063,127761e9c642bb72a668b975
777novosti.mirtesen.ru,AVAILABILITY,domains.list,domains.list,2001-08-29 01:51:09.340787,127761e9c642bb72a668b975
778-dun-401.mktoresp.com,AVAILABILITY,domains.list,domains.list,2001-08-29 01:51:09.540427,127761e9c642bb72a668b975
778-qql-680.mktoresp.com,AVAILABILITY,domains.list,domains.list,2001-08-29 01:51:09.735555,127761e9c642bb72a668b975
778802.r.bat.bing.com,AVAILABILITY,domains.list,domains.list,2001-08-29 01:51:09.928565,127761e9c642bb72a668b975
779-zhh-801.mktoresp.com,AVAILABILITY,domains.list,domains.list,2001-08-29 01:51:10.122762,127761e9c642bb72a668b975
7797-c9f2-ed4c-7140.reporo.net,AVAILABILITY,domains.list,domains.list,2001-08-29 01:51:10.316475,127761e9c642bb72a668b975
77986530.adoric-om.com,AVAILABILITY,domains.list,domains.list,2001-08-29 01:51:10.513570,127761e9c642bb72a668b975
77gqj0fih3.kameleoon.eu,AVAILABILITY,domains.list,domains.list,2001-08-29 01:51:10.715625,127761e9c642bb72a668b975
7832260049.log.optimizely.com,AVAILABILITY,domains.list,domains.list,2001-08-29 01:51:11.037367,127761e9c642bb72a668b975
78429662.adoric-om.com,AVAILABILITY,domains.list,domains.list,2001-08-29 01:51:11.229167,127761e9c642bb72a668b975
785362482.keywordblocks.com,AVAILABILITY,domains.list,domains.list,2001-08-29 01:51:11.423135,127761e9c642bb72a668b975
785778982.search.media.net,AVAILABILITY,domains.list,domains.list,2001-08-29 01:51:11.620711,127761e9c642bb72a668b975
786736532.keywordblocks.com,AVAILABILITY,domains.list,domains.list,2001-08-29 01:51:11.824713,127761e9c642bb72a668b975
787254981.keywordblocks.com,AVAILABILITY,domains.list,domains.list,2001-08-29 01:51:12.027111,127761e9c642bb72a668b975
788-vna-120.mktoresp.com,AVAILABILITY,domains.list,domains.list,2001-08-29 01:51:12.225343,127761e9c642bb72a668b975
7882.bapi.adsafeprotected.com,AVAILABILITY,domains.list,domains.list,2001-08-29 01:51:12.423738,127761e9c642bb72a668b975
7899-5a70-d490-46a1.reporo.net,AVAILABILITY,domains.list,domains.list,2001-08-29 01:51:12.620159,127761e9c642bb72a668b975
7899-7fc3-3379-0ddd.reporo.net,AVAILABILITY,domains.list,domains.list,2001-08-29 01:51:12.814197,127761e9c642bb72a668b975
78e3-711c-d833-db7f.reporo.net,AVAILABILITY,domains.list,domains.list,2001-08-29 01:51:13.014865,127761e9c642bb72a668b975
79.adx1.com,AVAILABILITY,domains.list,domains.list,2001-08-29 01:51:13.208617,127761e9c642bb72a668b975
79.news-subscribe.com,AVAILABILITY,domains.list,domains.list,2001-08-29 01:51:13.400918,127761e9c642bb72a668b975
790-zbq-110.mktoresp.com,AVAILABILITY,domains.list,domains.list,2001-08-29 01:51:13.597364,127761e9c642bb72a668b975
7900.bapi.adsafeprotected.com,AVAILABILITY,domains.list,domains.list,2001-08-29 01:51:13.795472,127761e9c642bb72a668b975
791-qbf-350.mktoresp.com,AVAILABILITY,domains.list,domains.list,2001-08-29 01:51:14.126854,127761e9c642bb72a668b975
793-kwp-630.mktoresp.com,AVAILABILITY,domains.list,domains.list,2001-08-29 01:51:14.324491,127761e9c642bb72a668b975
793-nkb-950.mktoresp.com,AVAILABILITY,domains.list,domains.list,2001-08-29 01:51:14.528630,127761e9c642bb72a668b975
793-vhg-420.mktoresp.com,AVAILABILITY,domains.list,domains.list,2001-08-29 01:51:14.732462,127761e9c642bb72a668b975
793918062.keywordblocks.com,AVAILABILITY,domains.list,domains.list,2001-08-29 01:51:14.931954,127761e9c642bb72a668b975
79399989.adoric-om.com,AVAILABILITY,domains.list,domains.list,2001-08-29 01:51:15.116334,127761e9c642bb72a668b975
79423.analytics.edgekey.net,AVAILABILITY,domains.list,domains.list,2001-08-29 01:51:15.437971,127761e9c642bb72a668b975
79423.analytics.edgesuite.net,AVAILABILITY,domains.list,domains.list,2001-08-29 01:51:15.620510,127761e9c642bb72a668b975
795-hyo-010.mktoresp.com,AVAILABILITY,domains.list,domains.list,2001-08-29 01:51:15.816641,127761e9c642bb72a668b975
7969.bapi.adsafeprotected.com,AVAILABILITY,domains.list,domains.list,2001-08-29 01:51:16.003448,127761e9c642bb72a668b975
796e-7a79-6f62-7976.reporo.net,AVAILABILITY,domains.list,domains.list,2001-08-29 01:51:16.194140,127761e9c642bb72a668b975
79f97.v.fwmrm.net,AVAILABILITY,domains.list,domains.list,2001-08-29 01:51:16.381720,127761e9c642bb72a668b975
7b5c-51cf-a29a-c8ed.reporo.net,AVAILABILITY,domains.list,domains.list,2001-08-29 01:51:16.577315,127761e9c642bb72a668b975
7b77a.v.fwmrm.net,AVAILABILITY,domains.list,domains.list,2001-08-29 01:51:16.764462,127761e9c642bb72a668b975
7b77b.v.fwmrm.net,AVAILABILITY,domains.list,domains.list,2001-08-29 01:51:16.967386,127761e9c642bb72a668b975
7b935.v.fwmrm.net,AVAILABILITY,domains.list,domains.list,2001-08-29 01:51:17.169631,127761e9c642bb72a668b975
7b9de.v.fwmrm.net,AVAILABILITY,domains.list,domains.list,2001-08-29 01:51:17.366495,127761e9c642bb72a668b975
7b9df.v.fwmrm.net,AVAILABILITY,domains.list,domains.list,2001-08-29 01:51:17.555682,127761e9c642bb72a668b975
7bd92.v.fwmrm.net,AVAILABILITY,domains.list,domains.list,2001-08-29 01:51:17.746019,127761e9c642bb72a668b975
7c3c-49f1-77ad-75f7.reporo.net,AVAILABILITY,domains.list,domains.list,2001-08-29 01:51:18.061784,127761e9c642bb72a668b975
7c85-9d8d-40f1-87dd.reporo.net,AVAILABILITY,domains.list,domains.list,2001-08-29 01:51:18.241952,127761e9c642bb72a668b975
7caa2.v.fwmrm.net,AVAILABILITY,domains.list,domains.list,2001-08-29 01:51:18.557291,127761e9c642bb72a668b975
7cbf2.v.fwmrm.net,AVAILABILITY,domains.list,domains.list,2001-08-29 01:51:18.742771,127761e9c642bb72a668b975
7cd77.v.fwmrm.net,AVAILABILITY,domains.list,domains.list,2001-08-29 01:51:18.930305,127761e9c642bb72a668b975
7cmgs.voluumtrk.com,AVAILABILITY,domains.list,domains.list,2001-08-29 01:51:19.113036,127761e9c642bb72a668b975
7d98a5f.akstat.io,AVAILABILITY,domains.list,domains.list,2001-08-29 01:51:19.430263,127761e9c642bb72a668b975
7e8d-ce12-0603-8904.reporo.net,AVAILABILITY,domains.list,domains.list,2001-08-29 01:51:19.622041,127761e9c642bb72a668b975
7ec4-d4b0-f6eb-5588.reporo.net,AVAILABILITY,domains.list,domains.list,2001-08-29 01:51:19.807936,127761e9c642bb72a668b975
7eer.net,AVAILABILITY,domains.list,domains.list,2001-08-29 01:51:20.006923,127761e9c642bb72a668b975
7f0ti.voluumtrk.com,AVAILABILITY,domains.list,domains.list,2001-08-29 01:51:20.209800,127761e9c642bb72a668b975
7f2a-c614-ba97-9170.reporo.net,AVAILABILITY,domains.list,domains.list,2001-08-29 01:51:20.403795,127761e9c642bb72a668b975
7f50-19c3-9645-1e13.reporo.net,AVAILABILITY,domains.list,domains.list,2001-08-29 01:51:20.598941,127761e9c642bb72a668b975
7fa4-8003-a73b-8246.reporo.net,AVAILABILITY,domains.list,domains.list,2001-08-29 01:51:20.787634,127761e9c642bb72a668b975
7faa-e93a-19c5-c96d.reporo.net,AVAILABILITY,domains.list,domains.list,2001-08-29 01:51:20.982352,127761e9c642bb72a668b975
7fcaw.voluumtrk.com,AVAILABILITY,domains.list,domains.list,2001-08-29 01:51:21.172757,127761e9c642bb72a668b975
7fdf-f670-24dd-3bd8.reporo.net,AVAILABILITY,domains.list,domains.list,2001-08-29 01:51:21.370464,127761e9c642bb72a668b975
7fed-2832-993b-cb28.reporo.net,AVAILABILITY,domains.list,domains.list,2001-08-29 01:51:21.576902,127761e9c642bb72a668b975
7h7ve.voluumtrk.com,AVAILABILITY,domains.list,domains.list,2001-08-29 01:51:21.777666,127761e9c642bb72a668b975
7ih35.voluumtrk.com,AVAILABILITY,domains.list,domains.list,2001-08-29 01:51:21.981642,127761e9c642bb72a668b975
7kjft.voluumtrk.com,AVAILABILITY,domains.list,domains.list,2001-08-29 01:51:22.310413,127761e9c642bb72a668b975
7m160.voluumtrk.com,AVAILABILITY,domains.list,domains.list,2001-08-29 01:51:22.647327,127761e9c642bb72a668b975
7ma0.tlnk.io,AVAILABILITY,domains.list,domains.list,2001-08-29 01:51:22.843515,127761e9c642bb72a668b975
7net.d1.sc.omtrdc.net,AVAILABILITY,domains.list,domains.list,2001-08-29 01:51:23.038273,127761e9c642bb72a668b975
7netshopping.d1.sc.omtrdc.net,AVAILABILITY,domains.list,domains.list,2001-08-29 01:51:23.238048,127761e9c642bb72a668b975
7p.news-subscribe.com,AVAILABILITY,domains.list,domains.list,2001-08-29 01:51:23.432595,127761e9c642bb72a668b975
7qkuf.voluumtrk.com,AVAILABILITY,domains.list,domains.list,2001-08-29 01:51:23.762943,127761e9c642bb72a668b975
7r5u.tlnk.io,AVAILABILITY,domains.list,domains.list,2001-08-29 01:51:23.957486,127761e9c642bb72a668b975
7uk.adx1.com,AVAILABILITY,domains.list,domains.list,2001-08-29 01:51:24.280796,127761e9c642bb72a668b975
7wlry.voluumtrk.com,AVAILABILITY,domains.list,domains.list,2001-08-29 01:51:24.463674,127761e9c642bb72a668b975
7zj6o.voluumtrk.com,AVAILABILITY,domains.list,domains.list,2001-08-29 01:51:24.779724,127761e9c642bb72a668b975
80024492.adoric-om.com,AVAILABILITY,domains.list,domains.list,2001-08-29 01:51:24.979417,127761e9c642bb72a668b975
8010651.adoric-om.com,AVAILABILITY,domains.list,domains.list,2001-08-29 01:51:25.174253,127761e9c642bb72a668b975
801134101.keywordblocks.com,AVAILABILITY,domains.list,domains.list,2001-08-29 01:51:25.365700,127761e9c642bb72a668b975
8011628.fls.doubleclick.net,AVAILABILITY,domains.list,domains.list,2001-08-29 01:51:25.569367,127761e9c642bb72a668b975
80151395.adoric-om.com,AVAILABILITY,domains.list,domains.list,2001-08-29 01:51:25.756873,127761e9c642bb72a668b975
801629346.keywordblocks.com,AVAILABILITY,domains.list,domains.list,2001-08-29 01:51:25.950006,127761e9c642bb72a668b975
8017305.fls.doubleclick.net,AVAILABILITY,domains.list,domains.list,2001-08-29 01:51:26.151466,127761e9c642bb72a668b975
80179540.adoric-om.com,AVAILABILITY,domains.list,domains.list,2001-08-29 01:51:26.351421,127761e9c642bb72a668b975
802-ijn-240.mktoresp.com,AVAILABILITY,domains.list,domains.list,2001-08-29 01:51:26.544952,127761e9c642bb72a668b975
8021264.fls.doubleclick.net,AVAILABILITY,domains.list,domains.list,2001-08-29 01:51:26.744359,127761e9c642bb72a668b975
8021600.fls.doubleclick.net,AVAILABILITY,domains.list,domains.list,2001-08-29 01:51:26.952669,127761e9c642bb72a668b975
803-gpj-700.mktoresp.com,AVAILABILITY,domains.list,domains.list,2001-08-29 01:51:27.161557,127761e9c642bb72a668b975
8037800347.log.optimizely.com,AVAILABILITY,domains.list,domains.list,2001-08-29 01:51:27.368431,127761e9c642bb72a668b975
803d.v.fwmrm.net,AVAILABILITY,domains.list,domains.list,2001-08-29 01:51:27.571451,127761e9c642bb72a668b975
804-tey-921.mktoresp.com,AVAILABILITY,domains.list,domains.list,2001-08-29 01:51:27.765912,127761e9c642bb72a668b975
805-usg-300.mktoresp.com,AVAILABILITY,domains.list,domains.list,2001-08-29 01:51:27.957209,127761e9c642bb72a668b975
8051-34d5-004d-8c2b.reporo.net,AVAILABILITY,domains.list,domains.list,2001-08-29 01:51:28.147991,127761e9c642bb72a668b975
80538931.adoric-om.com,AVAILABILITY,domains.list,domains.list,2001-08-29 01:51:28.342313,127761e9c642bb72a668b975
805418062.keywordblocks.com,AVAILABILITY,domains.list,domains.list,2001-08-29 01:51:28.540462,127761e9c642bb72a668b975
8057110.fls.doubleclick.net,AVAILABILITY,domains.list,domains.list,2001-08-29 01:51:28.731729,127761e9c642bb72a668b975
8058317.fls.doubleclick.net,AVAILABILITY,domains.list,domains.list,2001-08-29 01:51:28.916220,127761e9c642bb72a668b975
806-cre-590.mktoresp.com,AVAILABILITY,domains.list,domains.list,2001-08-29 01:51:29.107010,127761e9c642bb72a668b975
8068700.fls.doubleclick.net,AVAILABILITY,domains.list,domains.list,2001-08-29 01:51:29.291571,127761e9c642bb72a668b975
8073760.adoric-om.com,AVAILABILITY,domains.list,domains.list,2001-08-29 01:51:29.481333,127761e9c642bb72a668b975
807617471.keywordblocks.com,AVAILABILITY,domains.list,domains.list,2001-08-29 01:51:29.667075,127761e9c642bb72a668b975
807661558.keywordblocks.com,AVAILABILITY,domains.list,domains.list,2001-08-29 01:51:29.856706,127761e9c642bb72a668b975
80843000.adoric-om.com,AVAILABILITY,domains.list,domains.list,2001-08-29 01:51:30.045232,127761e9c642bb72a668b975
809071.adoric-om.com,AVAILABILITY,domains.list,domains.list,2001-08-29 01:51:30.230276,127761e9c642bb72a668b975
8097-c493-8fbf-0dc2.reporo.net,AVAILABILITY,domains.list,domains.list,2001-08-29 01:51:30.419313,127761e9c642bb72a668b975
80cd-f452-2db0-8671.reporo.net,AVAILABILITY,domains.list,domains.list,2001-08-29 01:51:30.605045,127761e9c642bb72a668b975
81.mizdok.com,AVAILABILITY,domains.list,domains.list,2001-08-29 01:51:30.795185,127761e9c642bb72a668b975
810-dqg-996.mktoresp.com,AVAILABILITY,domains.list,domains.list,2001-08-29 01:51:30.983700,127761e9c642bb72a668b975
8111900.fls.doubleclick.net,AVAILABILITY,domains.list,domains.list,2001-08-29 01:51:31.305579,127761e9c642bb72a668b975
8113200.fls.doubleclick.net,AVAILABILITY,domains.list,domains.list,2001-08-29 01:51:31.509526,127761e9c642bb72a668b975
81169279.adoric-om.com,AVAILABILITY,domains.list,domains.list,2001-08-29 01:51:31.704212,127761e9c642bb72a668b975
811b-7d4e-7abb-a29e.reporo.net,AVAILABILITY,domains.list,domains.list,2001-08-29 01:51:31.891848,127761e9c642bb72a668b975
812191142.keywordblocks.com,AVAILABILITY,domains.list,domains.list,2001-08-29 01:51:32.083072,127761e9c642bb72a668b975
8127020.fls.doubleclick.net,AVAILABILITY,domains.list,domains.list,2001-08-29 01:51:32.270212,127761e9c642bb72a668b975
813-mam-392.mktoresp.com,AVAILABILITY,domains.list,domains.list,2001-08-29 01:51:32.454878,127761e9c642bb72a668b975
813-pgo-800.mktoresp.com,AVAILABILITY,domains.list,domains.list,2001-08-29 01:51:32.650162,127761e9c642bb72a668b975
81414897.adoric-om.com,AVAILABILITY,domains.list,domains.list,2001-08-29 01:51:32.841377,127761e9c642bb72a668b975
816-wib-540.mktoresp.com,AVAILABILITY,domains.list,domains.list,2001-08-29 01:51:33.031110,127761e9c642bb72a668b975
8162.engine.mobileapptracking.com,AVAILABILITY,domains.list,domains.list,2001-08-29 01:51:33.230750,127761e9c642bb72a668b975
8174730.fls.doubleclick.net,AVAILABILITY,domains.list,domains.list,2001-08-29 01:51:33.424276,127761e9c642bb72a668b975
817f-0f85-76ed-152d.reporo.net,AVAILABILITY,domains.list,domains.list,2001-08-29 01:51:33.620817,127761e9c642bb72a668b975
818-avn-240.mktoresp.com,AVAILABILITY,domains.list,domains.list,2001-08-29 01:51:33.823281,127761e9c642bb72a668b975
818-cgg-111.mktoresp.com,AVAILABILITY,domains.list,domains.list,2001-08-29 01:51:34.021551,127761e9c642bb72a668b975
818-ssh-011.mktoresp.com,AVAILABILITY,domains.list,domains.list,2001-08-29 01:51:34.211822,127761e9c642bb72a668b975
8181038.fls.doubleclick.net,AVAILABILITY,domains.list,domains.list,2001-08-29 01:51:34.403516,127761e9c642bb72a668b975
81d9-e62d-0d23-6259.reporo.net,AVAILABILITY,domains.list,domains.list,2001-08-29 01:51:34.594424,127761e9c642bb72a668b975
81yvz.adx1.com,AVAILABILITY,domains.list,domains.list,2001-08-29 01:51:34.787195,127761e9c642bb72a668b975
82077102.adoric-om.com,AVAILABILITY,domains.list,domains.list,2001-08-29 01:51:35.113854,127761e9c642bb72a668b975
8208101.fls.doubleclick.net,AVAILABILITY,domains.list,domains.list,2001-08-29 01:51:35.315239,127761e9c642bb72a668b975
8209809.fls.doubleclick.net,AVAILABILITY,domains.list,domains.list,2001-08-29 01:51:35.512932,127761e9c642bb72a668b975
821-put-517.mktoresp.com,AVAILABILITY,domains.list,domains.list,2001-08-29 01:51:35.704464,127761e9c642bb72a668b975
821.tm.zedo.com,AVAILABILITY,domains.list,domains.list,2001-08-29 01:51:35.893867,127761e9c642bb72a668b975
823.tm.zedo.com,AVAILABILITY,domains.list,domains.list,2001-08-29 01:51:36.217248,127761e9c642bb72a668b975
823270477.keywordblocks.com,AVAILABILITY,domains.list,domains.list,2001-08-29 01:51:36.409200,127761e9c642bb72a668b975
82373710.adoric-om.com,AVAILABILITY,domains.list,domains.list,2001-08-29 01:51:36.607837,127761e9c642bb72a668b975
8241015.fls.doubleclick.net,AVAILABILITY,domains.list,domains.list,2001-08-29 01:51:36.798125,127761e9c642bb72a668b975
825-wpk-761.mktoresp.com,AVAILABILITY,domains.list,domains.list,2001-08-29 01:51:36.993309,127761e9c642bb72a668b975
82504257.adoric-om.com,AVAILABILITY,domains.list,domains.list,2001-08-29 01:51:37.180775,127761e9c642bb72a668b975
8259400.fls.doubleclick.net,AVAILABILITY,domains.list,domains.list,2001-08-29 01:51:37.365804,127761e9c642bb72a668b975
8260757.fls.doubleclick.net,AVAILABILITY,domains.list,domains.list,2001-08-29 01:51:37.566910,127761e9c642bb72a668b975
82617131.webengage.co,AVAILABILITY,domains.list,domains.list,2001-08-29 01:51:37.757522,127761e9c642bb72a668b975
82617207.webengage.co,AVAILABILITY,domains.list,domains.list,2001-08-29 01:51:37.950471,127761e9c642bb72a668b975
82617c25.webengage.co,AVAILABILITY,domains.list,domains.list,2001-08-29 01:51:38.147442,127761e9c642bb72a668b975
82617ddd.webengage.co,AVAILABILITY,domains.list,domains.list,2001-08-29 01:51:38.343766,127761e9c642bb72a668b975
8262566.fls.doubleclick.net,AVAILABILITY,domains.list,domains.list,2001-08-29 01:51:38.540682,127761e9c642bb72a668b975
827-fcb-840.mktoresp.com,AVAILABILITY,domains.list,domains.list,2001-08-29 01:51:38.733467,127761e9c642bb72a668b975
8270369.fls.doubleclick.net,AVAILABILITY,domains.list,domains.list,2001-08-29 01:51:38.930405,127761e9c642bb72a668b975
828-alh-889.mktoresp.com,AVAILABILITY,domains.list,domains.list,2001-08-29 01:51:39.127178,127761e9c642bb72a668b975
828728240.keywordblocks.com,AVAILABILITY,domains.list,domains.list,2001-08-29 01:51:39.321760,127761e9c642bb72a668b975
829-lmv-001.mktoresp.com,AVAILABILITY,domains.list,domains.list,2001-08-29 01:51:39.514605,127761e9c642bb72a668b975
82900354.adoric-om.com,AVAILABILITY,domains.list,domains.list,2001-08-29 01:51:39.711124,127761e9c642bb72a668b975
82o9v830.com,AVAILABILITY,domains.list,domains.list,2001-08-29 01:51:40.018650,127761e9c642bb72a668b975
830-drc-750.mktoresp.com,AVAILABILITY,domains.list,domains.list,2001-08-29 01:51:40.199643,127761e9c642bb72a668b975
830145431.keywordblocks.com,AVAILABILITY,domains.list,domains.list,2001-08-29 01:51:40.384118,127761e9c642bb72a668b975
8304.bapi.adsafeprotected.com,AVAILABILITY,domains.list,domains.list,2001-08-29 01:51:40.579476,127761e9c642bb72a668b975
8308294.fls.doubleclick.net,AVAILABILITY,domains.list,domains.list,2001-08-29 01:51:40.774697,127761e9c642bb72a668b975
8316694.fls.doubleclick.net,AVAILABILITY,domains.list,domains.list,2001-08-29 01:51:40.961819,127761e9c642bb72a668b975
831974702.keywordblocks.com,AVAILABILITY,domains.list,domains.list,2001-08-29 01:51:41.155842,127761e9c642bb72a668b975
8328.bapi.adsafeprotected.com,AVAILABILITY,domains.list,domains.list,2001-08-29 01:51:41.337425,127761e9c642bb72a668b975
834917445.keywordblocks.com,AVAILABILITY,domains.list,domains.list,2001-08-29 01:51:41.660963,127761e9c642bb72a668b975
835-dbi-350.mktoresp.com,AVAILABILITY,domains.list,domains.list,2001-08-29 01:51:41.860856,127761e9c642bb72a668b975
83802432.adoric-om.com,AVAILABILITY,domains.list,domains.list,2001-08-29 01:51:42.063401,127761e9c642bb72a668b975
838116322.keywordblocks.com,AVAILABILITY,domains.list,domains.list,2001-08-29 01:51:42.258851,127761e9c642bb72a668b975
839-lce-721.mktoresp.com,AVAILABILITY,domains.list,domains.list,2001-08-29 01:51:42.450660,127761e9c642bb72a668b975
839-plz-231.mktoresp.com,AVAILABILITY,domains.list,domains.list,2001-08-29 01:51:42.637774,127761e9c642bb72a668b975
841-brm-380.mktoresp.com,AVAILABILITY,domains.list,domains.list,2001-08-29 01:51:42.958628,127761e9c642bb72a668b975
8430.engine.mobileapptracking.com,AVAILABILITY,domains.list,domains.list,2001-08-29 01:51:43.155569,127761e9c642bb72a668b975
8431-ff27-6ffb-9b77.reporo.net,AVAILABILITY,domains.list,domains.list,2001-08-29 01:51:43.337233,127761e9c642bb72a668b975
844-nfo-191.mktoresp.com,AVAILABILITY,domains.list,domains.list,2001-08-29 01:51:43.528926,127761e9c642bb72a668b975
844-vfa-940.mktoresp.com,AVAILABILITY,domains.list,domains.list,2001-08-29 01:51:43.723470,127761e9c642bb72a668b975
844854822.keywordblocks.com,AVAILABILITY,domains.list,domains.list,2001-08-29 01:51:43.913560,127761e9c642bb72a668b975
845-wgc-140.mktoresp.com,AVAILABILITY,domains.list,domains.list,2001-08-29 01:51:44.102917,127761e9c642bb72a668b975
845626530.keywordblocks.com,AVAILABILITY,domains.list,domains.list,2001-08-29 01:51:44.291109,127761e9c642bb72a668b975
846-wed-421.mktoresp.com,AVAILABILITY,domains.list,domains.list,2001-08-29 01:51:44.486203,127761e9c642bb72a668b975
84608.measurementapi.com,AVAILABILITY,domains.list,domains.list,2001-08-29 01:51:44.681186,127761e9c642bb72a668b975
846271201.keywordblocks.com,AVAILABILITY,domains.list,domains.list,2001-08-29 01:51:44.871638,127761e9c642bb72a668b975
8468614.fls.doubleclick.net,AVAILABILITY,domains.list,domains.list,2001-08-29 01:51:45.179602,127761e9c642bb72a668b975
847-ltk-200.mktoresp.com,AVAILABILITY,domains.list,domains.list,2001-08-29 01:51:45.377182,127761e9c642bb72a668b975
84828218.adoric-om.com,AVAILABILITY,domains.list,domains.list,2001-08-29 01:51:45.565069,127761e9c642bb72a668b975
848623317.keywordblocks.com,AVAILABILITY,domains.list,domains.list,2001-08-29 01:51:45.764819,127761e9c642bb72a668b975
849-muo-720.mktoresp.com,AVAILABILITY,domains.list,domains.list,2001-08-29 01:51:45.954848,127761e9c642bb72a668b975
849-rzr-010.mktoresp.com,AVAILABILITY,domains.list,domains.list,2001-08-29 01:51:46.153777,127761e9c642bb72a668b975
84c8-df18-19be-0f23.reporo.net,AVAILABILITY,domains.list,domains.list,2001-08-29 01:51:46.356703,127761e9c642bb72a668b975
850f-6072-c5a3-cce2.reporo.net,AVAILABILITY,domains.list,domains.list,2001-08-29 01:51:46.672398,127761e9c642bb72a668b975
8519.bapi.adsafeprotected.com,AVAILABILITY,domains.list,domains.list,2001-08-29 01:51:46.870111,127761e9c642bb72a668b975
85292325.adoric-om.com,AVAILABILITY,domains.list,domains.list,2001-08-29 01:51:47.198715,127761e9c642bb72a668b975
853504849.search.media.net,AVAILABILITY,domains.list,domains.list,2001-08-29 01:51:47.413393,127761e9c642bb72a668b975
856111441.keywordblocks.com,AVAILABILITY,domains.list,domains.list,2001-08-29 01:51:47.605993,127761e9c642bb72a668b975
856c-2e15-17cc-a98e.reporo.net,AVAILABILITY,domains.list,domains.list,2001-08-29 01:51:47.930279,127761e9c642bb72a668b975
857-zrk-306.mktoresp.com,AVAILABILITY,domains.list,domains.list,2001-08-29 01:51:48.122130,127761e9c642bb72a668b975
857195660.keywordblocks.com,AVAILABILITY,domains.list,domains.list,2001-08-29 01:51:48.308707,127761e9c642bb72a668b975
857818541.keywordblocks.com,AVAILABILITY,domains.list,domains.list,2001-08-29 01:51:48.493303,127761e9c642bb72a668b975
858-byc-130.mktoresp.com,AVAILABILITY,domains.list,domains.list,2001-08-29 01:51:48.690762,127761e9c642bb72a668b975
858-hld-980.mktoresp.com,AVAILABILITY,domains.list,domains.list,2001-08-29 01:51:48.886164,127761e9c642bb72a668b975
85838907.adoric-om.com,AVAILABILITY,domains.list,domains.list,2001-08-29 01:51:49.084496,127761e9c642bb72a668b975
858658.adoric-om.com,AVAILABILITY,domains.list,domains.list,2001-08-29 01:51:49.280932,127761e9c642bb72a668b975
8587215.fls.doubleclick.net,AVAILABILITY,domains.list,domains.list,2001-08-29 01:51:49.480486,127761e9c642bb72a668b975
859-cxh-121.mktoresp.com,AVAILABILITY,domains.list,domains.list,2001-08-29 01:51:49.677396,127761e9c642bb72a668b975
859-ljn-010.mktoresp.com,AVAILABILITY,domains.list,domains.list,2001-08-29 01:51:49.860499,127761e9c642bb72a668b975
859-sbq-780.mktoresp.com,AVAILABILITY,domains.list,domains.list,2001-08-29 01:51:50.059079,127761e9c642bb72a668b975
85otw.voluumtrk.com,AVAILABILITY,domains.list,domains.list,2001-08-29 01:51:50.255968,127761e9c642bb72a668b975
86103443.adoric-om.com,AVAILABILITY,domains.list,domains.list,2001-08-29 01:51:50.588367,127761e9c642bb72a668b975
86190516.adoric-om.com,AVAILABILITY,domains.list,domains.list,2001-08-29 01:51:50.778842,127761e9c642bb72a668b975
86369476.adoric-om.com,AVAILABILITY,domains.list,domains.list,2001-08-29 01:51:51.236321,127761e9c642bb72a668b975
865-rbc-800.mktoresp.com,AVAILABILITY,domains.list,domains.list,2001-08-29 01:51:51.426520,127761e9c642bb72a668b975
86519160.adoric-om.com,AVAILABILITY,domains.list,domains.list,2001-08-29 01:51:51.624906,127761e9c642bb72a668b975
86622974.adoric-om.com,AVAILABILITY,domains.list,domains.list,2001-08-29 01:51:51.818689,127761e9c642bb72a668b975
867-slg-901.mktoresp.com,AVAILABILITY,domains.list,domains.list,2001-08-29 01:51:52.017815,127761e9c642bb72a668b975
868-xcn-629.mktoresp.com,AVAILABILITY,domains.list,domains.list,2001-08-29 01:51:52.209822,127761e9c642bb72a668b975
869-pha-420.mktoresp.com,AVAILABILITY,domains.list,domains.list,2001-08-29 01:51:52.532942,127761e9c642bb72a668b975
86pnlln256.kameleoon.eu,AVAILABILITY,domains.list,domains.list,2001-08-29 01:51:52.727223,127761e9c642bb72a668b975
87.mizdok.com,AVAILABILITY,domains.list,domains.list,2001-08-29 01:51:52.914238,127761e9c642bb72a668b975
874-her-539.mktoresp.com,AVAILABILITY,domains.list,domains.list,2001-08-29 01:51:53.241266,127761e9c642bb72a668b975
874-qav-410.mktoresp.com,AVAILABILITY,domains.list,domains.list,2001-08-29 01:51:53.431447,127761e9c642bb72a668b975
874882481.keywordblocks.com,AVAILABILITY,domains.list,domains.list,2001-08-29 01:51:53.759579,127761e9c642bb72a668b975
875-kcq-600.mktoresp.com,AVAILABILITY,domains.list,domains.list,2001-08-29 01:51:53.948136,127761e9c642bb72a668b975
875-snb-430.mktoresp.com,AVAILABILITY,domains.list,domains.list,2001-08-29 01:51:54.145537,127761e9c642bb72a668b975
876-baa-821.mktoresp.com,AVAILABILITY,domains.list,domains.list,2001-08-29 01:51:54.334356,127761e9c642bb72a668b975
8760-1a35-f296-eaa5.reporo.net,AVAILABILITY,domains.list,domains.list,2001-08-29 01:51:54.525917,127761e9c642bb72a668b975
87608138.adoric-om.com,AVAILABILITY,domains.list,domains.list,2001-08-29 01:51:54.721522,127761e9c642bb72a668b975
877924793.keywordblocks.com,AVAILABILITY,domains.list,domains.list,2001-08-29 01:51:54.905435,127761e9c642bb72a668b975
878-phb-880.mktoresp.com,AVAILABILITY,domains.list,domains.list,2001-08-29 01:51:55.096539,127761e9c642bb72a668b975
878147642.keywordblocks.com,AVAILABILITY,domains.list,domains.list,2001-08-29 01:51:55.286466,127761e9c642bb72a668b975
879-ryh-696.mktoresp.com,AVAILABILITY,domains.list,domains.list,2001-08-29 01:51:55.479424,127761e9c642bb72a668b975
879f-8aa4-a597-de9a.reporo.net,AVAILABILITY,domains.list,domains.list,2001-08-29 01:51:55.669011,127761e9c642bb72a668b975
87lcn.voluumtrk.com,AVAILABILITY,domains.list,domains.list,2001-08-29 01:51:55.860016,127761e9c642bb72a668b975
880517195.keywordblocks.com,AVAILABILITY,domains.list,domains.list,2001-08-29 01:51:56.051512,127761e9c642bb72a668b975
8816.engine.mobileapptracking.com,AVAILABILITY,domains.list,domains.list,2001-08-29 01:51:56.377458,127761e9c642bb72a668b975
882-nzg-493.mktoresp.com,AVAILABILITY,domains.list,domains.list,2001-08-29 01:51:56.565317,127761e9c642bb72a668b975
882-qcl-075.mktoresp.com,AVAILABILITY,domains.list,domains.list,2001-08-29 01:51:56.767631,127761e9c642bb72a668b975
882815542.keywordblocks.com,AVAILABILITY,domains.list,domains.list,2001-08-29 01:51:56.971732,127761e9c642bb72a668b975
883.deeplink.mobileapptracking.com,AVAILABILITY,domains.list,domains.list,2001-08-29 01:51:57.177404,127761e9c642bb72a668b975
883205.fls.doubleclick.net,AVAILABILITY,domains.list,domains.list,2001-08-29 01:51:57.522071,127761e9c642bb72a668b975
883272352.keywordblocks.com,AVAILABILITY,domains.list,domains.list,2001-08-29 01:51:57.719908,127761e9c642bb72a668b975
884-siy-630.mktoresp.com,AVAILABILITY,domains.list,domains.list,2001-08-29 01:51:57.918093,127761e9c642bb72a668b975
885.tlnk.io,AVAILABILITY,domains.list,domains.list,2001-08-29 01:51:58.238813,127761e9c642bb72a668b975
8860-fdd1-c6cf-f708.reporo.net,AVAILABILITY,domains.list,domains.list,2001-08-29 01:51:58.444219,127761e9c642bb72a668b975
887-tyd-310.mktoresp.com,AVAILABILITY,domains.list,domains.list,2001-08-29 01:51:58.650792,127761e9c642bb72a668b975
887908253.keywordblocks.com,AVAILABILITY,domains.list,domains.list,2001-08-29 01:51:58.861049,127761e9c642bb72a668b975
888.eurtb.adtelligent.com,AVAILABILITY,domains.list,domains.list,2001-08-29 01:51:59.059163,127761e9c642bb72a668b975
88859000.adoric-om.com,AVAILABILITY,domains.list,domains.list,2001-08-29 01:51:59.255471,127761e9c642bb72a668b975
888825637.keywordblocks.com,AVAILABILITY,domains.list,domains.list,2001-08-29 01:51:59.460002,127761e9c642bb72a668b975
8889-38b3-9b87-03a8.reporo.net,AVAILABILITY,domains.list,domains.list,2001-08-29 01:51:59.663748,127761e9c642bb72a668b975
889-lym-560.mktoresp.com,AVAILABILITY,domains.list,domains.list,2001-08-29 01:51:59.868540,127761e9c642bb72a668b975
88c4-9d39-bf4e-9306.reporo.net,AVAILABILITY,domains.list,domains.list,2001-08-29 01:52:00.077744,127761e9c642bb72a668b975
891-any-511.mktoresp.com,AVAILABILITY,domains.list,domains.list,2001-08-29 01:52:00.421803,127761e9c642bb72a668b975
892-kid-931.mktoresp.com,AVAILABILITY,domains.list,domains.list,2001-08-29 01:52:00.624638,127761e9c642bb72a668b975
8921-e281-2109-85a5.reporo.net,AVAILABILITY,domains.list,domains.list,2001-08-29 01:52:00.814892,127761e9c642bb72a668b975
893-drq-470.mktoresp.com,AVAILABILITY,domains.list,domains.list,2001-08-29 01:52:01.006687,127761e9c642bb72a668b975
893-kje-970.mktoresp.com,AVAILABILITY,domains.list,domains.list,2001-08-29 01:52:01.202753,127761e9c642bb72a668b975
895-aqn-021.mktoresp.com,AVAILABILITY,domains.list,domains.list,2001-08-29 01:52:01.395476,127761e9c642bb72a668b975
895-cgw-711.mktoresp.com,AVAILABILITY,domains.list,domains.list,2001-08-29 01:52:01.593856,127761e9c642bb72a668b975
897-cmd-695.mktoresp.com,AVAILABILITY,domains.list,domains.list,2001-08-29 01:52:01.787124,127761e9c642bb72a668b975
897-ijr-850.mktoresp.com,AVAILABILITY,domains.list,domains.list,2001-08-29 01:52:01.979106,127761e9c642bb72a668b975
897-tds-380.mktoresp.com,AVAILABILITY,domains.list,domains.list,2001-08-29 01:52:02.170923,127761e9c642bb72a668b975
897c-0e71-90a9-967c.reporo.net,AVAILABILITY,domains.list,domains.list,2001-08-29 01:52:02.358949,127761e9c642bb72a668b975
898-kgx-150.mktoresp.com,AVAILABILITY,domains.list,domains.list,2001-08-29 01:52:02.540673,127761e9c642bb72a668b975
8989-c9ea-79f3-67aa.reporo.net,AVAILABILITY,domains.list,domains.list,2001-08-29 01:52:02.738469,127761e9c642bb72a668b975
8993311.fls.doubleclick.net,AVAILABILITY,domains.list,domains.list,2001-08-29 01:52:02.934027,127761e9c642bb72a668b975
8a7f-433c-bf6d-1489.reporo.net,AVAILABILITY,domains.list,domains.list,2001-08-29 01:52:03.133506,127761e9c642bb72a668b975
8ak01.voluumtrk.com,AVAILABILITY,domains.list,domains.list,2001-08-29 01:52:03.324878,127761e9c642bb72a668b975
8b7b-2c36-4ccd-bc5e.reporo.net,AVAILABILITY,domains.list,domains.list,2001-08-29 01:52:03.519000,127761e9c642bb72a668b975
8bf8-c1d2-6aa3-cdac.reporo.net,AVAILABILITY,domains.list,domains.list,2001-08-29 01:52:03.712246,127761e9c642bb72a668b975
8bun7.voluumtrk.com,AVAILABILITY,domains.list,domains.list,2001-08-29 01:52:03.900394,127761e9c642bb72a668b975
8bv.evyy.net,AVAILABILITY,domains.list,domains.list,2001-08-29 01:52:04.104333,127761e9c642bb72a668b975
8cef-a435-5b2e-1d0c.reporo.net,AVAILABILITY,domains.list,domains.list,2001-08-29 01:52:04.296218,127761e9c642bb72a668b975
8d6d-e78c-027d-5e4f.reporo.net,AVAILABILITY,domains.list,domains.list,2001-08-29 01:52:04.485044,127761e9c642bb72a668b975
8e11-5c7c-6f23-1daa.reporo.net,AVAILABILITY,domains.list,domains.list,2001-08-29 01:52:04.804440,127761e9c642bb72a668b975
8e89-ede2-c1be-9cdf.reporo.net,AVAILABILITY,domains.list,domains.list,2001-08-29 01:52:04.995504,127761e9c642bb72a668b975
8e96-8f81-acaf-8ce6.reporo.net,AVAILABILITY,domains.list,domains.list,2001-08-29 01:52:05.183200,127761e9c642bb72a668b975
8ebe-b77d-a15f-31cb.reporo.net,AVAILABILITY,domains.list,domains.list,2001-08-29 01:52:05.379061,127761e9c642bb72a668b975
8f05-e77d-16aa-1336.reporo.net,AVAILABILITY,domains.list,domains.list,2001-08-29 01:52:05.692582,127761e9c642bb72a668b975
8f17-c5eb-4679-8b80.reporo.net,AVAILABILITY,domains.list,domains.list,2001-08-29 01:52:05.876681,127761e9c642bb72a668b975
8f74lgf5fl.kameleoon.eu,AVAILABILITY,domains.list,domains.list,2001-08-29 01:52:06.066724,127761e9c642bb72a668b975
8fb8-c9ae-8bdf-6bd5.reporo.net,AVAILABILITY,domains.list,domains.list,2001-08-29 01:52:06.253571,127761e9c642bb72a668b975
8fd7-ab61-912d-9e6b.reporo.net,AVAILABILITY,domains.list,domains.list,2001-08-29 01:52:06.440516,127761e9c642bb72a668b975
8fga7.adx1.com,AVAILABILITY,domains.list,domains.list,2001-08-29 01:52:06.637385,127761e9c642bb72a668b975
8g.news-subscribe.com,AVAILABILITY,domains.list,domains.list,2001-08-29 01:52:06.957480,127761e9c642bb72a668b975
8ja1ws8yii.kameleoon.eu,AVAILABILITY,domains.list,domains.list,2001-08-29 01:52:07.391899,127761e9c642bb72a668b975
8jkad.voluumtrk.com,AVAILABILITY,domains.list,domains.list,2001-08-29 01:52:07.588586,127761e9c642bb72a668b975
8nc8shot.txxx.com,AVAILABILITY,domains.list,domains.list,2001-08-29 01:52:07.788352,127761e9c642bb72a668b975
8pok857d0.keywordblocks.com,AVAILABILITY,domains.list,domains.list,2001-08-29 01:52:07.982625,127761e9c642bb72a668b975
8rs3ve22wy.kameleoon.eu,AVAILABILITY,domains.list,domains.list,2001-08-29 01:52:08.176784,127761e9c642bb72a668b975
8rwiz.voluumtrk.com,AVAILABILITY,domains.list,domains.list,2001-08-29 01:52:08.363085,127761e9c642bb72a668b975
8sthl.voluumtrk.com,AVAILABILITY,domains.list,domains.list,2001-08-29 01:52:08.556563,127761e9c642bb72a668b975
8tcse.voluumtrk.com,AVAILABILITY,domains.list,domains.list,2001-08-29 01:52:08.750266,127761e9c642bb72a668b975
8wgh.notifychheck.com,AVAILABILITY,domains.list,domains.list,2001-08-29 01:52:09.076961,127761e9c642bb72a668b975
900-szd-631.mktoresp.com,AVAILABILITY,domains.list,domains.list,2001-08-29 01:52:09.400522,127761e9c642bb72a668b975
9010-640193.link.iwanttodeliver.com,AVAILABILITY,domains.list,domains.list,2001-08-29 01:52:09.733308,127761e9c642bb72a668b975
90208225.adoric-om.com,AVAILABILITY,domains.list,domains.list,2001-08-29 01:52:09.931147,127761e9c642bb72a668b975
903-xzk-560.mktoresp.com,AVAILABILITY,domains.list,domains.list,2001-08-29 01:52:10.121802,127761e9c642bb72a668b975
90396851.adoric-om.com,AVAILABILITY,domains.list,domains.list,2001-08-29 01:52:10.311687,127761e9c642bb72a668b975
905-ooj-921.mktoresp.com,AVAILABILITY,domains.list,domains.list,2001-08-29 01:52:10.514009,127761e9c642bb72a668b975
9060434.adoric-om.com,AVAILABILITY,domains.list,domains.list,2001-08-29 01:52:10.973037,127761e9c642bb72a668b975
907-jkt-251.mktoresp.com,AVAILABILITY,domains.list,domains.list,2001-08-29 01:52:11.173573,127761e9c642bb72a668b975
907-lsm-670.mktoresp.com,AVAILABILITY,domains.list,domains.list,2001-08-29 01:52:11.374590,127761e9c642bb72a668b975
908-umc-610.mktoresp.com,AVAILABILITY,domains.list,domains.list,2001-08-29 01:52:11.580204,127761e9c642bb72a668b975
90872686.adoric-om.com,AVAILABILITY,domains.list,domains.list,2001-08-29 01:52:11.785719,127761e9c642bb72a668b975
909-lns-486.mktoresp.com,AVAILABILITY,domains.list,domains.list,2001-08-29 01:52:11.988425,127761e9c642bb72a668b975
909-mro-770.mktoresp.com,AVAILABILITY,domains.list,domains.list,2001-08-29 01:52:12.187906,127761e9c642bb72a668b975
90ave.voluumtrk.com,AVAILABILITY,domains.list,domains.list,2001-08-29 01:52:12.387822,127761e9c642bb72a668b975
90be-6e54-d992-4a79.reporo.net,AVAILABILITY,domains.list,domains.list,2001-08-29 01:52:12.587646,127761e9c642bb72a668b975
911487381.keywordblocks.com,AVAILABILITY,domains.list,domains.list,2001-08-29 01:52:12.789064,127761e9c642bb72a668b975
913-gyk-410.mktoresp.com,AVAILABILITY,domains.list,domains.list,2001-08-29 01:52:12.986428,127761e9c642bb72a668b975
913525452.keywordblocks.com,AVAILABILITY,domains.list,domains.list,2001-08-29 01:52:13.182435,127761e9c642bb72a668b975
914f-bccd-c57f-4505.reporo.net,AVAILABILITY,domains.list,domains.list,2001-08-29 01:52:13.375373,127761e9c642bb72a668b975
915-kik-177.mktoresp.com,AVAILABILITY,domains.list,domains.list,2001-08-29 01:52:13.573579,127761e9c642bb72a668b975
917-kgb-221.mktoresp.com,AVAILABILITY,domains.list,domains.list,2001-08-29 01:52:13.769604,127761e9c642bb72a668b975
917-lzw-711.mktoresp.com,AVAILABILITY,domains.list,domains.list,2001-08-29 01:52:13.967546,127761e9c642bb72a668b975
918-fod-433.mktoresp.com,AVAILABILITY,domains.list,domains.list,2001-08-29 01:52:14.304246,127761e9c642bb72a668b975
918-qyk-801.mktoresp.com,AVAILABILITY,domains.list,domains.list,2001-08-29 01:52:14.506935,127761e9c642bb72a668b975
918222001.keywordblocks.com,AVAILABILITY,domains.list,domains.list,2001-08-29 01:52:14.714622,127761e9c642bb72a668b975
9223-4522-a23a-9a3a.reporo.net,AVAILABILITY,domains.list,domains.list,2001-08-29 01:52:15.176794,127761e9c642bb72a668b975
922441.bapi.adsafeprotected.com,AVAILABILITY,domains.list,domains.list,2001-08-29 01:52:15.376578,127761e9c642bb72a668b975
922526.bapi.adsafeprotected.com,AVAILABILITY,domains.list,domains.list,2001-08-29 01:52:15.567721,127761e9c642bb72a668b975
922527.bapi.adsafeprotected.com,AVAILABILITY,domains.list,domains.list,2001-08-29 01:52:15.765494,127761e9c642bb72a668b975
922781.bapi.adsafeprotected.com,AVAILABILITY,domains.list,domains.list,2001-08-29 01:52:15.959931,127761e9c642bb72a668b975
923-iew-430.mktoresp.com,AVAILABILITY,domains.list,domains.list,2001-08-29 01:52:16.154246,127761e9c642bb72a668b975
923-igj-214.mktoresp.com,AVAILABILITY,domains.list,domains.list,2001-08-29 01:52:16.342012,127761e9c642bb72a668b975
923737641.keywordblocks.com,AVAILABILITY,domains.list,domains.list,2001-08-29 01:52:16.666327,127761e9c642bb72a668b975
924-mgm-340.mktoresp.com,AVAILABILITY,domains.list,domains.list,2001-08-29 01:52:16.860111,127761e9c642bb72a668b975
924-rey-380.mktoresp.com,AVAILABILITY,domains.list,domains.list,2001-08-29 01:52:17.063595,127761e9c642bb72a668b975
9252.engine.mobileapptracking.com,AVAILABILITY,domains.list,domains.list,2001-08-29 01:52:17.266853,127761e9c642bb72a668b975
925243369.keywordblocks.com,AVAILABILITY,domains.list,domains.list,2001-08-29 01:52:17.471852,127761e9c642bb72a668b975
92570919.adoric-om.com,AVAILABILITY,domains.list,domains.list,2001-08-29 01:52:17.675769,127761e9c642bb72a668b975
926-wsi-360.mktoresp.com,AVAILABILITY,domains.list,domains.list,2001-08-29 01:52:17.876707,127761e9c642bb72a668b975
926110.fls.doubleclick.net,AVAILABILITY,domains.list,domains.list,2001-08-29 01:52:18.080340,127761e9c642bb72a668b975
92621125.adoric-om.com,AVAILABILITY,domains.list,domains.list,2001-08-29 01:52:18.280865,127761e9c642bb72a668b975
926729802.keywordblocks.com,AVAILABILITY,domains.list,domains.list,2001-08-29 01:52:18.481802,127761e9c642bb72a668b975
92746406.adoric-om.com,AVAILABILITY,domains.list,domains.list,2001-08-29 01:52:18.685208,127761e9c642bb72a668b975
9281235.fls.doubleclick.net,AVAILABILITY,domains.list,domains.list,2001-08-29 01:52:18.883571,127761e9c642bb72a668b975
929-hno-080.mktoresp.com,AVAILABILITY,domains.list,domains.list,2001-08-29 01:52:19.089374,127761e9c642bb72a668b975
929-slo-130.mktoresp.com,AVAILABILITY,domains.list,domains.list,2001-08-29 01:52:19.291069,127761e9c642bb72a668b975
92fc-2eab-eeda-ca96.reporo.net,AVAILABILITY,domains.list,domains.list,2001-08-29 01:52:19.623938,127761e9c642bb72a668b975
931-avb-853.mktoresp.com,AVAILABILITY,domains.list,domains.list,2001-08-29 01:52:19.822184,127761e9c642bb72a668b975
9332-e090-d81a-f3e4.reporo.net,AVAILABILITY,domains.list,domains.list,2001-08-29 01:52:20.164897,127761e9c642bb72a668b975
934743222.keywordblocks.com,AVAILABILITY,domains.list,domains.list,2001-08-29 01:52:20.370601,127761e9c642bb72a668b975
935-kke-240.mktoresp.com,AVAILABILITY,domains.list,domains.list,2001-08-29 01:52:20.575126,127761e9c642bb72a668b975
935-vih-800.mktoresp.com,AVAILABILITY,domains.list,domains.list,2001-08-29 01:52:20.773384,127761e9c642bb72a668b975
936-ypn-830.mktoresp.com,AVAILABILITY,domains.list,domains.list,2001-08-29 01:52:21.103254,127761e9c642bb72a668b975
938567431.keywordblocks.com,AVAILABILITY,domains.list,domains.list,2001-08-29 01:52:21.423177,127761e9c642bb72a668b975
939-paz-320.mktoresp.com,AVAILABILITY,domains.list,domains.list,2001-08-29 01:52:21.623172,127761e9c642bb72a668b975
93976391.adoric-om.com,AVAILABILITY,domains.list,domains.list,2001-08-29 01:52:21.820042,127761e9c642bb72a668b975
93aihbjs7bv4.com,AVAILABILITY,domains.list,domains.list,2001-08-29 01:52:22.017410,127761e9c642bb72a668b975
941c-f58d-9ddb-b002.reporo.net,AVAILABILITY,domains.list,domains.list,2001-08-29 01:52:22.351174,127761e9c642bb72a668b975
942-typ-900.mktoresp.com,AVAILABILITY,domains.list,domains.list,2001-08-29 01:52:22.550560,127761e9c642bb72a668b975
942844951.keywordblocks.com,AVAILABILITY,domains.list,domains.list,2001-08-29 01:52:22.743659,127761e9c642bb72a668b975
94397662.adoric-om.com,AVAILABILITY,domains.list,domains.list,2001-08-29 01:52:23.069832,127761e9c642bb72a668b975
945-cxd-062.mktoresp.com,AVAILABILITY,domains.list,domains.list,2001-08-29 01:52:23.278347,127761e9c642bb72a668b975
945.measurementapi.com,AVAILABILITY,domains.list,domains.list,2001-08-29 01:52:23.485023,127761e9c642bb72a668b975
946-fdm-410.mktoresp.com,AVAILABILITY,domains.list,domains.list,2001-08-29 01:52:23.693098,127761e9c642bb72a668b975
946800.fls.doubleclick.net,AVAILABILITY,domains.list,domains.list,2001-08-29 01:52:23.888836,127761e9c642bb72a668b975
947-rcb-349.mktoresp.com,AVAILABILITY,domains.list,domains.list,2001-08-29 01:52:24.087161,127761e9c642bb72a668b975
9470.engine.mobileapptracking.com,AVAILABILITY,domains.list,domains.list,2001-08-29 01:52:24.283582,127761e9c642bb72a668b975
9475-7efa-1b10-e6dc.reporo.net,AVAILABILITY,domains.list,domains.list,2001-08-29 01:52:24.480368,127761e9c642bb72a668b975
948828732.keywordblocks.com,AVAILABILITY,domains.list,domains.list,2001-08-29 01:52:24.675145,127761e9c642bb72a668b975
949-zig-021.mktoresp.com,AVAILABILITY,domains.list,domains.list,2001-08-29 01:52:24.867382,127761e9c642bb72a668b975
9490-69f0-4bec-77fc.reporo.net,AVAILABILITY,domains.list,domains.list,2001-08-29 01:52:25.061908,127761e9c642bb72a668b975
950-vza-460.mktoresp.com,AVAILABILITY,domains.list,domains.list,2001-08-29 01:52:25.249508,127761e9c642bb72a668b975
951-eja-050.mktoresp.com,AVAILABILITY,domains.list,domains.list,2001-08-29 01:52:25.444702,127761e9c642bb72a668b975
951-jdx-440.mktoresp.com,AVAILABILITY,domains.list,domains.list,2001-08-29 01:52:25.641994,127761e9c642bb72a668b975
951-ofl-421.mktoresp.com,AVAILABILITY,domains.list,domains.list,2001-08-29 01:52:25.830884,127761e9c642bb72a668b975
952236667.keywordblocks.com,AVAILABILITY,domains.list,domains.list,2001-08-29 01:52:26.155839,127761e9c642bb72a668b975
954-lkm-700.mktoresp.com,AVAILABILITY,domains.list,domains.list,2001-08-29 01:52:26.351841,127761e9c642bb72a668b975
954-ywz-330.mktoresp.com,AVAILABILITY,domains.list,domains.list,2001-08-29 01:52:26.548711,127761e9c642bb72a668b975
955-bai-200.mktoresp.com,AVAILABILITY,domains.list,domains.list,2001-08-29 01:52:26.744240,127761e9c642bb72a668b975
955725141.keywordblocks.com,AVAILABILITY,domains.list,domains.list,2001-08-29 01:52:27.089169,127761e9c642bb72a668b975
956491384.keywordblocks.com,AVAILABILITY,domains.list,domains.list,2001-08-29 01:52:27.301560,127761e9c642bb72a668b975
95662602.adoric-om.com,AVAILABILITY,domains.list,domains.list,2001-08-29 01:52:27.513362,127761e9c642bb72a668b975
957-vqh-616.mktoresp.com,AVAILABILITY,domains.list,domains.list,2001-08-29 01:52:27.716161,127761e9c642bb72a668b975
957500771.keywordblocks.com,AVAILABILITY,domains.list,domains.list,2001-08-29 01:52:28.044731,127761e9c642bb72a668b975
957745966.keywordblocks.com,AVAILABILITY,domains.list,domains.list,2001-08-29 01:52:28.242635,127761e9c642bb72a668b975
958-fko-475.mktoresp.com,AVAILABILITY,domains.list,domains.list,2001-08-29 01:52:28.430222,127761e9c642bb72a668b975
958032302.keywordblocks.com,AVAILABILITY,domains.list,domains.list,2001-08-29 01:52:28.628081,127761e9c642bb72a668b975
959-tqv-890.mktoresp.com,AVAILABILITY,domains.list,domains.list,2001-08-29 01:52:28.822335,127761e9c642bb72a668b975
96.news-subscribe.com,AVAILABILITY,domains.list,domains.list,2001-08-29 01:52:29.147556,127761e9c642bb72a668b975
960-cdh-700.mktoresp.com,AVAILABILITY,domains.list,domains.list,2001-08-29 01:52:29.342313,127761e9c642bb72a668b975
961-uxg-821.mktoresp.com,AVAILABILITY,domains.list,domains.list,2001-08-29 01:52:29.532419,127761e9c642bb72a668b975
9614-b261-9ab1-8536.reporo.net,AVAILABILITY,domains.list,domains.list,2001-08-29 01:52:29.733659,127761e9c642bb72a668b975
961905451.keywordblocks.com,AVAILABILITY,domains.list,domains.list,2001-08-29 01:52:29.931747,127761e9c642bb72a668b975
962-hzy-660.mktoresp.com,AVAILABILITY,domains.list,domains.list,2001-08-29 01:52:30.131620,127761e9c642bb72a668b975
962-ndj-210.mktoresp.com,AVAILABILITY,domains.list,domains.list,2001-08-29 01:52:30.327628,127761e9c642bb72a668b975
96406905.adoric-om.com,AVAILABILITY,domains.list,domains.list,2001-08-29 01:52:30.523229,127761e9c642bb72a668b975
965-qoj-201.mktoresp.com,AVAILABILITY,domains.list,domains.list,2001-08-29 01:52:30.717665,127761e9c642bb72a668b975
965312512.keywordblocks.com,AVAILABILITY,domains.list,domains.list,2001-08-29 01:52:30.904487,127761e9c642bb72a668b975
966-cwx-521.mktoresp.com,AVAILABILITY,domains.list,domains.list,2001-08-29 01:52:31.102498,127761e9c642bb72a668b975
966-vwe-480.mktoresp.com,AVAILABILITY,domains.list,domains.list,2001-08-29 01:52:31.296009,127761e9c642bb72a668b975
9699-26ce-c5f9-57ab.reporo.net,AVAILABILITY,domains.list,domains.list,2001-08-29 01:52:32.030235,127761e9c642bb72a668b975
96a2-1bc7-5744-b597.reporo.net,AVAILABILITY,domains.list,domains.list,2001-08-29 01:52:32.230738,127761e9c642bb72a668b975
970-cgy-950.mktoresp.com,AVAILABILITY,domains.list,domains.list,2001-08-29 01:52:32.424181,127761e9c642bb72a668b975
970-ygt-940.mktoresp.com,AVAILABILITY,domains.list,domains.list,2001-08-29 01:52:32.614783,127761e9c642bb72a668b975
971-alq-260.mktoresp.com,AVAILABILITY,domains.list,domains.list,2001-08-29 01:52:32.812108,127761e9c642bb72a668b975
971-ory-690.mktoresp.com,AVAILABILITY,domains.list,domains.list,2001-08-29 01:52:33.009034,127761e9c642bb72a668b975
971-rsf-621.mktoresp.com,AVAILABILITY,domains.list,domains.list,2001-08-29 01:52:33.205412,127761e9c642bb72a668b975
971622362.keywordblocks.com,AVAILABILITY,domains.list,domains.list,2001-08-29 01:52:33.400642,127761e9c642bb72a668b975
972-vuz-580.mktoresp.com,AVAILABILITY,domains.list,domains.list,2001-08-29 01:52:33.599087,127761e9c642bb72a668b975
9738-27cd-a16a-e35c.reporo.net,AVAILABILITY,domains.list,domains.list,2001-08-29 01:52:33.789134,127761e9c642bb72a668b975
973a-add0-7f81-8178.reporo.net,AVAILABILITY,domains.list,domains.list,2001-08-29 01:52:33.984263,127761e9c642bb72a668b975
974-tqn-870.mktoresp.com,AVAILABILITY,domains.list,domains.list,2001-08-29 01:52:34.183592,127761e9c642bb72a668b975
975d-dd2e-941f-a223.reporo.net,AVAILABILITY,domains.list,domains.list,2001-08-29 01:52:34.383425,127761e9c642bb72a668b975
976-drd-550.mktoresp.com,AVAILABILITY,domains.list,domains.list,2001-08-29 01:52:34.577119,127761e9c642bb72a668b975
976.actonsoftware.com,AVAILABILITY,domains.list,domains.list,2001-08-29 01:52:34.773480,127761e9c642bb72a668b975
976983381.keywordblocks.com,AVAILABILITY,domains.list,domains.list,2001-08-29 01:52:34.966751,127761e9c642bb72a668b975
979-mcl-531.mktoresp.com,AVAILABILITY,domains.list,domains.list,2001-08-29 01:52:35.156988,127761e9c642bb72a668b975
979-oaz-380.mktoresp.com,AVAILABILITY,domains.list,domains.list,2001-08-29 01:52:35.351255,127761e9c642bb72a668b975
979-ols-470.mktoresp.com,AVAILABILITY,domains.list,domains.list,2001-08-29 01:52:35.543593,127761e9c642bb72a668b975
97a5-79c4-00b9-2e37.reporo.net,AVAILABILITY,domains.list,domains.list,2001-08-29 01:52:35.735602,127761e9c642bb72a668b975
982522.fls.doubleclick.net,AVAILABILITY,domains.list,domains.list,2001-08-29 01:52:36.047376,127761e9c642bb72a668b975
982f-4711-fd8a-4184.reporo.net,AVAILABILITY,domains.list,domains.list,2001-08-29 01:52:36.374220,127761e9c642bb72a668b975
9836-e5ba-05be-f9fb.reporo.net,AVAILABILITY,domains.list,domains.list,2001-08-29 01:52:36.573322,127761e9c642bb72a668b975
98438797.adoric-om.com,AVAILABILITY,domains.list,domains.list,2001-08-29 01:52:36.775592,127761e9c642bb72a668b975
985-lbh-177.mktoresp.com,AVAILABILITY,domains.list,domains.list,2001-08-29 01:52:36.976989,127761e9c642bb72a668b975
9850.engine.mobileapptracking.com,AVAILABILITY,domains.list,domains.list,2001-08-29 01:52:37.176719,127761e9c642bb72a668b975
986-hfe-590.mktoresp.com,AVAILABILITY,domains.list,domains.list,2001-08-29 01:52:37.367872,127761e9c642bb72a668b975
986141672.keywordblocks.com,AVAILABILITY,domains.list,domains.list,2001-08-29 01:52:37.569460,127761e9c642bb72a668b975
9864.engine.mobileapptracking.com,AVAILABILITY,domains.list,domains.list,2001-08-29 01:52:37.757962,127761e9c642bb72a668b975
9864.tlnk.io,AVAILABILITY,domains.list,domains.list,2001-08-29 01:52:37.952591,127761e9c642bb72a668b975
988-egm-040.mktoresp.com,AVAILABILITY,domains.list,domains.list,2001-08-29 01:52:38.150066,127761e9c642bb72a668b975
989-nir-811.mktoresp.com,AVAILABILITY,domains.list,domains.list,2001-08-29 01:52:38.342617,127761e9c642bb72a668b975
98999774.adoric-om.com,AVAILABILITY,domains.list,domains.list,2001-08-29 01:52:38.540380,127761e9c642bb72a668b975
98cb-9e7d-b6d5-edd6.reporo.net,AVAILABILITY,domains.list,domains.list,2001-08-29 01:52:38.731333,127761e9c642bb72a668b975
98e5-1c9b-cbdd-264c.reporo.net,AVAILABILITY,domains.list,domains.list,2001-08-29 01:52:38.927270,127761e9c642bb72a668b975
990-fxf-735.mktoresp.com,AVAILABILITY,domains.list,domains.list,2001-08-29 01:52:39.122128,127761e9c642bb72a668b975
99054056.adoric-om.com,AVAILABILITY,domains.list,domains.list,2001-08-29 01:52:39.311867,127761e9c642bb72a668b975
991-dco-170.mktoresp.com,AVAILABILITY,domains.list,domains.list,2001-08-29 01:52:39.506229,127761e9c642bb72a668b975
991-jsn-701.mktoresp.com,AVAILABILITY,domains.list,domains.list,2001-08-29 01:52:39.702735,127761e9c642bb72a668b975
99447476.adoric-om.com,AVAILABILITY,domains.list,domains.list,2001-08-29 01:52:40.156979,127761e9c642bb72a668b975
99821320.adoric-om.com,AVAILABILITY,domains.list,domains.list,2001-08-29 01:52:40.484394,127761e9c642bb72a668b975
998766.fls.doubleclick.net,AVAILABILITY,domains.list,domains.list,2001-08-29 01:52:40.824825,127761e9c642bb72a668b975
99890353.adoric-om.com,AVAILABILITY,domains.list,domains.list,2001-08-29 01:52:41.013342,127761e9c642bb72a668b975
99j2.tlnk.io,AVAILABILITY,domains.list,domains.list,2001-08-29 01:52:41.210638,127761e9c642bb72a668b975
99k-7.tlnk.io,AVAILABILITY,domains.list,domains.list,2001-08-29 01:52:41.390073,127761e9c642bb72a668b975
9a1e-d663-24b5-f560.reporo.net,AVAILABILITY,domains.list,domains.list,2001-08-29 01:52:41.717063,127761e9c642bb72a668b975
9a5l5.adx1.com,AVAILABILITY,domains.list,domains.list,2001-08-29 01:52:41.915871,127761e9c642bb72a668b975
9a65-919d-c09a-0bc6.reporo.net,AVAILABILITY,domains.list,domains.list,2001-08-29 01:52:42.111420,127761e9c642bb72a668b975
9b80-7ce0-5a47-2323.reporo.net,AVAILABILITY,domains.list,domains.list,2001-08-29 01:52:42.306015,127761e9c642bb72a668b975
9c4e-159e-38f6-08ea.reporo.net,AVAILABILITY,domains.list,domains.list,2001-08-29 01:52:42.499002,127761e9c642bb72a668b975
9d0a-e1bb-1280-a864.reporo.net,AVAILABILITY,domains.list,domains.list,2001-08-29 01:52:42.941043,127761e9c642bb72a668b975
9d2e-b86b-fae0-c687.reporo.net,AVAILABILITY,domains.list,domains.list,2001-08-29 01:52:43.134559,127761e9c642bb72a668b975
9dd1-4273-4b13-ace6.reporo.net,AVAILABILITY,domains.list,domains.list,2001-08-29 01:52:43.321185,127761e9c642bb72a668b975
9dot9.in,AVAILABILITY,domains.list,domains.list,2001-08-29 01:52:43.506907,127761e9c642bb72a668b975
9e68-1e33-8da4-a3b6.reporo.net,AVAILABILITY,domains.list,domains.list,2001-08-29 01:52:43.709594,127761e9c642bb72a668b975
9eba-44ce-60a3-2423.reporo.net,AVAILABILITY,domains.list,domains.list,2001-08-29 01:52:43.901018,127761e9c642bb72a668b975
9fba-6aff-fef0-8faa.reporo.net,AVAILABILITY,domains.list,domains.list,2001-08-29 01:52:44.093504,127761e9c642bb72a668b975
9ff2-ca96-89bd-f0b1.reporo.net,AVAILABILITY,domains.list,domains.list,2001-08-29 01:52:44.290184,127761e9c642bb72a668b975
9fjfv.voluumtrk.com,AVAILABILITY,domains.list,domains.list,2001-08-29 01:52:44.485877,127761e9c642bb72a668b975
9hfsc.voluumtrk.com,AVAILABILITY,domains.list,domains.list,2001-08-29 01:52:44.682849,127761e9c642bb72a668b975
9hh58l04sa.kameleoon.eu,AVAILABILITY,domains.list,domains.list,2001-08-29 01:52:44.877901,127761e9c642bb72a668b975
9iutr.voluumtrk.com,AVAILABILITY,domains.list,domains.list,2001-08-29 01:52:45.205791,127761e9c642bb72a668b975
9jp7p.voluumtrk.com,AVAILABILITY,domains.list,domains.list,2001-08-29 01:52:45.530838,127761e9c642bb72a668b975
9mdx5.voluumtrk.com,AVAILABILITY,domains.list,domains.list,2001-08-29 01:52:45.726012,127761e9c642bb72a668b975
9monate.de.intellitxt.com,AVAILABILITY,domains.list,domains.list,2001-08-29 01:52:45.920873,127761e9c642bb72a668b975
9n28.tlnk.io,AVAILABILITY,domains.list,domains.list,2001-08-29 01:52:46.120229,127761e9c642bb72a668b975
9nt34mlabo.kameleoon.eu,AVAILABILITY,domains.list,domains.list,2001-08-29 01:52:46.321417,127761e9c642bb72a668b975
9o.news-subscribe.com,AVAILABILITY,domains.list,domains.list,2001-08-29 01:52:46.515670,127761e9c642bb72a668b975
9omvin7vhk.kameleoon.eu,AVAILABILITY,domains.list,domains.list,2001-08-29 01:52:46.711575,127761e9c642bb72a668b975
9pdq6.voluumtrk.com,AVAILABILITY,domains.list,domains.list,2001-08-29 01:52:46.910917,127761e9c642bb72a668b975
9toib.voluumtrk.com,AVAILABILITY,domains.list,domains.list,2001-08-29 01:52:47.109657,127761e9c642bb72a668b975
9ye1n.voluumtrk.com,AVAILABILITY,domains.list,domains.list,2001-08-29 01:52:47.313454,127761e9c642bb72a668b975
9z6k8pt7g6.kameleoon.eu,AVAILABILITY,domains.list,domains.list,2001-08-29 01:52:47.513168,127761e9c642bb72a668b975
a-ads.com,AVAILABILITY,domains.list,domains.list,2001-08-29 01:52:47.706793,127761e9c642bb72a668b975
a-ams.1rx.io,AVAILABILITY,domains.list,domains.list,2001-08-29 01:52:47.911674,127761e9c642bb72a668b975
a-cashing-com.b.appier.net,AVAILABILITY,domains.list,domains.list,2001-08-29 01:52:48.100746,127761e9c642bb72a668b975
a-nj.1rx.io,AVAILABILITY,domains.list,domains.list,2001-08-29 01:52:48.294807,127761e9c642bb72a668b975
a-sac.aa.online-metrix.net,AVAILABILITY,domains.list,domains.list,2001-08-29 01:52:48.477960,127761e9c642bb72a668b975
a-sjo.1rx.io,AVAILABILITY,domains.list,domains.list,2001-08-29 01:52:48.694980,127761e9c642bb72a668b975
a-srvjsr.media.net,AVAILABILITY,domains.list,domains.list,2001-08-29 01:52:48.880820,127761e9c642bb72a668b975
a-test.addthis.com,AVAILABILITY,domains.list,domains.list,2001-08-29 01:52:49.072667,127761e9c642bb72a668b975
a-usa.applovin.com,AVAILABILITY,domains.list,domains.list,2001-08-29 01:52:49.262839,127761e9c642bb72a668b975
a-v2.presage.io,AVAILABILITY,domains.list,domains.list,2001-08-29 01:52:49.466198,127761e9c642bb72a668b975
a.actnx.com,AVAILABILITY,domains.list,domains.list,2001-08-29 01:52:49.662495,127761e9c642bb72a668b975
a.ad.gt,AVAILABILITY,domains.list,domains.list,2001-08-29 01:52:49.847257,127761e9c642bb72a668b975
a.adgear.com,AVAILABILITY,domains.list,domains.list,2001-08-29 01:52:50.042341,127761e9c642bb72a668b975
a.adk2x.com,AVAILABILITY,domains.list,domains.list,2001-08-29 01:52:50.251715,127761e9c642bb72a668b975
a.adnium.com,AVAILABILITY,domains.list,domains.list,2001-08-29 01:52:50.461174,127761e9c642bb72a668b975
a.adroll.com,AVAILABILITY,domains.list,domains.list,2001-08-29 01:52:50.657762,127761e9c642bb72a668b975
a.ads1.msn.com,AVAILABILITY,domains.list,domains.list,2001-08-29 01:52:50.850275,127761e9c642bb72a668b975
a.ads2.msads.net,AVAILABILITY,domains.list,domains.list,2001-08-29 01:52:51.042199,127761e9c642bb72a668b975
a.ads2.msn.com,AVAILABILITY,domains.list,domains.list,2001-08-29 01:52:51.232936,127761e9c642bb72a668b975
a.adskeeper.co.uk,AVAILABILITY,domains.list,domains.list,2001-08-29 01:52:51.423847,127761e9c642bb72a668b975
a.adspeed.net,AVAILABILITY,domains.list,domains.list,2001-08-29 01:52:51.625778,127761e9c642bb72a668b975
a.adsrvr.org,AVAILABILITY,domains.list,domains.list,2001-08-29 01:52:51.822507,127761e9c642bb72a668b975
a.adtech.de,AVAILABILITY,domains.list,domains.list,2001-08-29 01:52:52.022517,127761e9c642bb72a668b975
a.adtechjp.com,AVAILABILITY,domains.list,domains.list,2001-08-29 01:52:52.219031,127761e9c642bb72a668b975
a.adtechus.com,AVAILABILITY,domains.list,domains.list,2001-08-29 01:52:52.419805,127761e9c642bb72a668b975
a.adtelligent.com,AVAILABILITY,domains.list,domains.list,2001-08-29 01:52:52.615665,127761e9c642bb72a668b975
a.adtng.com,AVAILABILITY,domains.list,domains.list,2001-08-29 01:52:52.805601,127761e9c642bb72a668b975
a.afgr2.com,AVAILABILITY,domains.list,domains.list,2001-08-29 01:52:53.003412,127761e9c642bb72a668b975
a.appice.io,AVAILABILITY,domains.list,domains.list,2001-08-29 01:52:53.208209,127761e9c642bb72a668b975
a.applovin.com,AVAILABILITY,domains.list,domains.list,2001-08-29 01:52:53.405068,127761e9c642bb72a668b975
a.applvn.com,AVAILABILITY,domains.list,domains.list,2001-08-29 01:52:53.595164,127761e9c642bb72a668b975
a.audrte.com,AVAILABILITY,domains.list,domains.list,2001-08-29 01:52:53.798530,127761e9c642bb72a668b975
a.beta.tribalfusion.com,AVAILABILITY,domains.list,domains.list,2001-08-29 01:52:53.985275,127761e9c642bb72a668b975
a.c.appier.net,AVAILABILITY,domains.list,domains.list,2001-08-29 01:52:54.188095,127761e9c642bb72a668b975
a.chartboost.com,AVAILABILITY,domains.list,domains.list,2001-08-29 01:52:54.398781,127761e9c642bb72a668b975
a.cnzz.com,AVAILABILITY,domains.list,domains.list,2001-08-29 01:52:54.602308,127761e9c642bb72a668b975
a.connatix.com,AVAILABILITY,domains.list,domains.list,2001-08-29 01:52:54.810153,127761e9c642bb72a668b975
a.ctnsnet.com,AVAILABILITY,domains.list,domains.list,2001-08-29 01:52:55.013571,127761e9c642bb72a668b975
a.everesttech.net,AVAILABILITY,domains.list,domains.list,2001-08-29 01:52:55.231864,127761e9c642bb72a668b975
a.evergage.com,AVAILABILITY,domains.list,domains.list,2001-08-29 01:52:55.428563,127761e9c642bb72a668b975
a.exoclick.com,AVAILABILITY,domains.list,domains.list,2001-08-29 01:52:55.629772,127761e9c642bb72a668b975
a.exosrv.com,AVAILABILITY,domains.list,domains.list,2001-08-29 01:52:55.825663,127761e9c642bb72a668b975
a.fiksu.com,AVAILABILITY,domains.list,domains.list,2001-08-29 01:52:56.026463,127761e9c642bb72a668b975
a.ia1.scorecardresearch.com,AVAILABILITY,domains.list,domains.list,2001-08-29 01:52:56.235327,127761e9c642bb72a668b975
a.iad.lpsnmedia.net,AVAILABILITY,domains.list,domains.list,2001-08-29 01:52:56.433766,127761e9c642bb72a668b975
a.impactradius-event.com,AVAILABILITY,domains.list,domains.list,2001-08-29 01:52:56.633810,127761e9c642bb72a668b975
a.impactradius-go.com,AVAILABILITY,domains.list,domains.list,2001-08-29 01:52:56.838711,127761e9c642bb72a668b975
a.impactradius-tag.com,AVAILABILITY,domains.list,domains.list,2001-08-29 01:52:57.052793,127761e9c642bb72a668b975
a.localytics.com,AVAILABILITY,domains.list,domains.list,2001-08-29 01:52:57.277030,127761e9c642bb72a668b975
a.lon.lpsnmedia.net,AVAILABILITY,domains.list,domains.list,2001-08-29 01:52:57.489963,127761e9c642bb72a668b975
a.mgid.com,AVAILABILITY,domains.list,domains.list,2001-08-29 01:52:57.708217,127761e9c642bb72a668b975
a.mnet-ad.net,AVAILABILITY,domains.list,domains.list,2001-08-29 01:52:57.909492,127761e9c642bb72a668b975
a.mouseflow.com,AVAILABILITY,domains.list,domains.list,2001-08-29 01:52:58.115563,127761e9c642bb72a668b975
a.ns.ish.atdmt.com,AVAILABILITY,domains.list,domains.list,2001-08-29 01:52:58.320951,127761e9c642bb72a668b975
a.onthe.io,AVAILABILITY,domains.list,domains.list,2001-08-29 01:52:58.529554,127761e9c642bb72a668b975
a.opmnstr.com,AVAILABILITY,domains.list,domains.list,2001-08-29 01:52:58.739111,127761e9c642bb72a668b975
a.optnmstr.com,AVAILABILITY,domains.list,domains.list,2001-08-29 01:52:58.952643,127761e9c642bb72a668b975
a.perimeterx.net,AVAILABILITY,domains.list,domains.list,2001-08-29 01:52:59.144783,127761e9c642bb72a668b975
a.pub.network,AVAILABILITY,domains.list,domains.list,2001-08-29 01:52:59.340755,127761e9c642bb72a668b975
a.r10.mopub.com,AVAILABILITY,domains.list,domains.list,2001-08-29 01:52:59.544248,127761e9c642bb72a668b975
a.rad.atdmt.com,AVAILABILITY,domains.list,domains.list,2001-08-29 01:52:59.755433,127761e9c642bb72a668b975
a.scorecardresearch.com,AVAILABILITY,domains.list,domains.list,2001-08-29 01:52:59.968303,127761e9c642bb72a668b975
a.sta.haloapps.com,AVAILABILITY,domains.list,domains.list,2001-08-29 01:53:00.179228,127761e9c642bb72a668b975
a.stat.xiaomi.com,AVAILABILITY,domains.list,domains.list,2001-08-29 01:53:00.382880,127761e9c642bb72a668b975
a.steepto.com,AVAILABILITY,domains.list,domains.list,2001-08-29 01:53:00.591665,127761e9c642bb72a668b975
a.switchadhub.com,AVAILABILITY,domains.list,domains.list,2001-08-29 01:53:00.790074,127761e9c642bb72a668b975
a.tcyclops.com,AVAILABILITY,domains.list,domains.list,2001-08-29 01:53:00.999020,127761e9c642bb72a668b975
a.teads.tv,AVAILABILITY,domains.list,domains.list,2001-08-29 01:53:01.198414,127761e9c642bb72a668b975
a.tribalfusion.com,AVAILABILITY,domains.list,domains.list,2001-08-29 01:53:01.397181,127761e9c642bb72a668b975
a.trust.zone,AVAILABILITY,domains.list,domains.list,2001-08-29 01:53:01.606786,127761e9c642bb72a668b975
a.tvpage.com,AVAILABILITY,domains.list,domains.list,2001-08-29 01:53:01.806816,127761e9c642bb72a668b975
a.unbounce.com,AVAILABILITY,domains.list,domains.list,2001-08-29 01:53:02.002505,127761e9c642bb72a668b975
a.unoadsrv.com,AVAILABILITY,domains.list,domains.list,2001-08-29 01:53:02.194598,127761e9c642bb72a668b975
a.vdo.ai,AVAILABILITY,domains.list,domains.list,2001-08-29 01:53:02.391898,127761e9c642bb72a668b975
a.videoplaza.tv,AVAILABILITY,domains.list,domains.list,2001-08-29 01:53:02.599523,127761e9c642bb72a668b975
a.vserv.mobi,AVAILABILITY,domains.list,domains.list,2001-08-29 01:53:02.798417,127761e9c642bb72a668b975
a.zapr.in,AVAILABILITY,domains.list,domains.list,2001-08-29 01:53:02.998735,127761e9c642bb72a668b975
a.zdbb.net,AVAILABILITY,domains.list,domains.list,2001-08-29 01:53:03.205055,127761e9c642bb72a668b975
a.zog.link,AVAILABILITY,domains.list,domains.list,2001-08-29 01:53:03.409198,127761e9c642bb72a668b975
a0.smi2.ru,AVAILABILITY,domains.list,domains.list,2001-08-29 01:53:03.610158,127761e9c642bb72a668b975
a001.casalemedia.com,AVAILABILITY,domains.list,domains.list,2001-08-29 01:53:03.802661,127761e9c642bb72a668b975
a002.casalemedia.com,AVAILABILITY,domains.list,domains.list,2001-08-29 01:53:03.995558,127761e9c642bb72a668b975
a003.casalemedia.com,AVAILABILITY,domains.list,domains.list,2001-08-29 01:53:04.193187,127761e9c642bb72a668b975
a004.casalemedia.com,AVAILABILITY,domains.list,domains.list,2001-08-29 01:53:04.386791,127761e9c642bb72a668b975
a005.casalemedia.com,AVAILABILITY,domains.list,domains.list,2001-08-29 01:53:04.582460,127761e9c642bb72a668b975
a006.casalemedia.com,AVAILABILITY,domains.list,domains.list,2001-08-29 01:53:04.782736,127761e9c642bb72a668b975
a007.casalemedia.com,AVAILABILITY,domains.list,domains.list,2001-08-29 01:53:04.981061,127761e9c642bb72a668b975
a008.casalemedia.com,AVAILABILITY,domains.list,domains.list,2001-08-29 01:53:05.177973,127761e9c642bb72a668b975
a009.casalemedia.com,AVAILABILITY,domains.list,domains.list,2001-08-29 01:53:05.374884,127761e9c642bb72a668b975
a010.casalemedia.com,AVAILABILITY,domains.list,domains.list,2001-08-29 01:53:05.571554,127761e9c642bb72a668b975
a011.casalemedia.com,AVAILABILITY,domains.list,domains.list,2001-08-29 01:53:05.766940,127761e9c642bb72a668b975
a012.casalemedia.com,AVAILABILITY,domains.list,domains.list,2001-08-29 01:53:05.959522,127761e9c642bb72a668b975
a013.casalemedia.com,AVAILABILITY,domains.list,domains.list,2001-08-29 01:53:06.154694,127761e9c642bb72a668b975
a014.casalemedia.com,AVAILABILITY,domains.list,domains.list,2001-08-29 01:53:06.348258,127761e9c642bb72a668b975
a015.casalemedia.com,AVAILABILITY,domains.list,domains.list,2001-08-29 01:53:06.548935,127761e9c642bb72a668b975
a016.casalemedia.com,AVAILABILITY,domains.list,domains.list,2001-08-29 01:53:06.747353,127761e9c642bb72a668b975
a017.casalemedia.com,AVAILABILITY,domains.list,domains.list,2001-08-29 01:53:06.949723,127761e9c642bb72a668b975
a018.casalemedia.com,AVAILABILITY,domains.list,domains.list,2001-08-29 01:53:07.147923,127761e9c642bb72a668b975
a019.casalemedia.com,AVAILABILITY,domains.list,domains.list,2001-08-29 01:53:07.336738,127761e9c642bb72a668b975
a020.casalemedia.com,AVAILABILITY,domains.list,domains.list,2001-08-29 01:53:07.535305,127761e9c642bb72a668b975
a021.casalemedia.com,AVAILABILITY,domains.list,domains.list,2001-08-29 01:53:07.727890,127761e9c642bb72a668b975
a022.casalemedia.com,AVAILABILITY,domains.list,domains.list,2001-08-29 01:53:07.922665,127761e9c642bb72a668b975
a023.casalemedia.com,AVAILABILITY,domains.list,domains.list,2001-08-29 01:53:08.119407,127761e9c642bb72a668b975
a024.casalemedia.com,AVAILABILITY,domains.list,domains.list,2001-08-29 01:53:08.319542,127761e9c642bb72a668b975
a025.casalemedia.com,AVAILABILITY,domains.list,domains.list,2001-08-29 01:53:08.512567,127761e9c642bb72a668b975
a026.casalemedia.com,AVAILABILITY,domains.list,domains.list,2001-08-29 01:53:08.711582,127761e9c642bb72a668b975
a027.casalemedia.com,AVAILABILITY,domains.list,domains.list,2001-08-29 01:53:08.914955,127761e9c642bb72a668b975
a028.casalemedia.com,AVAILABILITY,domains.list,domains.list,2001-08-29 01:53:09.117426,127761e9c642bb72a668b975
a029.casalemedia.com,AVAILABILITY,domains.list,domains.list,2001-08-29 01:53:09.317449,127761e9c642bb72a668b975
a030.casalemedia.com,AVAILABILITY,domains.list,domains.list,2001-08-29 01:53:09.522995,127761e9c642bb72a668b975
a031.casalemedia.com,AVAILABILITY,domains.list,domains.list,2001-08-29 01:53:09.725269,127761e9c642bb72a668b975
a032.casalemedia.com,AVAILABILITY,domains.list,domains.list,2001-08-29 01:53:09.925713,127761e9c642bb72a668b975
a033.casalemedia.com,AVAILABILITY,domains.list,domains.list,2001-08-29 01:53:10.124322,127761e9c642bb72a668b975
a034.casalemedia.com,AVAILABILITY,domains.list,domains.list,2001-08-29 01:53:10.319442,127761e9c642bb72a668b975
a035.casalemedia.com,AVAILABILITY,domains.list,domains.list,2001-08-29 01:53:10.522861,127761e9c642bb72a668b975
a036.casalemedia.com,AVAILABILITY,domains.list,domains.list,2001-08-29 01:53:10.731068,127761e9c642bb72a668b975
a037.casalemedia.com,AVAILABILITY,domains.list,domains.list,2001-08-29 01:53:10.930883,127761e9c642bb72a668b975
a038.casalemedia.com,AVAILABILITY,domains.list,domains.list,2001-08-29 01:53:11.136025,127761e9c642bb72a668b975
a039.casalemedia.com,AVAILABILITY,domains.list,domains.list,2001-08-29 01:53:11.330538,127761e9c642bb72a668b975
a040.casalemedia.com,AVAILABILITY,domains.list,domains.list,2001-08-29 01:53:11.531886,127761e9c642bb72a668b975
a041.casalemedia.com,AVAILABILITY,domains.list,domains.list,2001-08-29 01:53:11.741567,127761e9c642bb72a668b975
a042.casalemedia.com,AVAILABILITY,domains.list,domains.list,2001-08-29 01:53:11.951724,127761e9c642bb72a668b975
a043.casalemedia.com,AVAILABILITY,domains.list,domains.list,2001-08-29 01:53:12.153400,127761e9c642bb72a668b975
a044.casalemedia.com,AVAILABILITY,domains.list,domains.list,2001-08-29 01:53:12.359895,127761e9c642bb72a668b975
a045.casalemedia.com,AVAILABILITY,domains.list,domains.list,2001-08-29 01:53:12.568935,127761e9c642bb72a668b975
a046.casalemedia.com,AVAILABILITY,domains.list,domains.list,2001-08-29 01:53:12.770577,127761e9c642bb72a668b975
a047.casalemedia.com,AVAILABILITY,domains.list,domains.list,2001-08-29 01:53:12.974575,127761e9c642bb72a668b975
a048.casalemedia.com,AVAILABILITY,domains.list,domains.list,2001-08-29 01:53:13.181186,127761e9c642bb72a668b975
a048.statcounter.com,AVAILABILITY,domains.list,domains.list,2001-08-29 01:53:13.385840,127761e9c642bb72a668b975
a049.casalemedia.com,AVAILABILITY,domains.list,domains.list,2001-08-29 01:53:13.597969,127761e9c642bb72a668b975
a050.casalemedia.com,AVAILABILITY,domains.list,domains.list,2001-08-29 01:53:13.810331,127761e9c642bb72a668b975
a051.casalemedia.com,AVAILABILITY,domains.list,domains.list,2001-08-29 01:53:14.017862,127761e9c642bb72a668b975
a052.casalemedia.com,AVAILABILITY,domains.list,domains.list,2001-08-29 01:53:14.225577,127761e9c642bb72a668b975
a053.casalemedia.com,AVAILABILITY,domains.list,domains.list,2001-08-29 01:53:14.432961,127761e9c642bb72a668b975
a054.casalemedia.com,AVAILABILITY,domains.list,domains.list,2001-08-29 01:53:14.642188,127761e9c642bb72a668b975
a055.casalemedia.com,AVAILABILITY,domains.list,domains.list,2001-08-29 01:53:14.849101,127761e9c642bb72a668b975
a056.casalemedia.com,AVAILABILITY,domains.list,domains.list,2001-08-29 01:53:15.052496,127761e9c642bb72a668b975
a057.casalemedia.com,AVAILABILITY,domains.list,domains.list,2001-08-29 01:53:15.255732,127761e9c642bb72a668b975
a058.casalemedia.com,AVAILABILITY,domains.list,domains.list,2001-08-29 01:53:15.466370,127761e9c642bb72a668b975
a059.casalemedia.com,AVAILABILITY,domains.list,domains.list,2001-08-29 01:53:15.684292,127761e9c642bb72a668b975
a060.casalemedia.com,AVAILABILITY,domains.list,domains.list,2001-08-29 01:53:15.901602,127761e9c642bb72a668b975
a061.casalemedia.com,AVAILABILITY,domains.list,domains.list,2001-08-29 01:53:16.112579,127761e9c642bb72a668b975
a062.casalemedia.com,AVAILABILITY,domains.list,domains.list,2001-08-29 01:53:16.311808,127761e9c642bb72a668b975
a063.casalemedia.com,AVAILABILITY,domains.list,domains.list,2001-08-29 01:53:16.509930,127761e9c642bb72a668b975
a064.casalemedia.com,AVAILABILITY,domains.list,domains.list,2001-08-29 01:53:16.708985,127761e9c642bb72a668b975
a065.casalemedia.com,AVAILABILITY,domains.list,domains.list,2001-08-29 01:53:16.909024,127761e9c642bb72a668b975
a066.casalemedia.com,AVAILABILITY,domains.list,domains.list,2001-08-29 01:53:17.109036,127761e9c642bb72a668b975
a067.casalemedia.com,AVAILABILITY,domains.list,domains.list,2001-08-29 01:53:17.308569,127761e9c642bb72a668b975
a068.casalemedia.com,AVAILABILITY,domains.list,domains.list,2001-08-29 01:53:17.510174,127761e9c642bb72a668b975
a069.casalemedia.com,AVAILABILITY,domains.list,domains.list,2001-08-29 01:53:17.708097,127761e9c642bb72a668b975
a070.casalemedia.com,AVAILABILITY,domains.list,domains.list,2001-08-29 01:53:17.908025,127761e9c642bb72a668b975
a071.casalemedia.com,AVAILABILITY,domains.list,domains.list,2001-08-29 01:53:18.108813,127761e9c642bb72a668b975
a072.casalemedia.com,AVAILABILITY,domains.list,domains.list,2001-08-29 01:53:18.296563,127761e9c642bb72a668b975
a073.casalemedia.com,AVAILABILITY,domains.list,domains.list,2001-08-29 01:53:18.485266,127761e9c642bb72a668b975
a074.casalemedia.com,AVAILABILITY,domains.list,domains.list,2001-08-29 01:53:18.687616,127761e9c642bb72a668b975
a075.casalemedia.com,AVAILABILITY,domains.list,domains.list,2001-08-29 01:53:18.880489,127761e9c642bb72a668b975
a076.casalemedia.com,AVAILABILITY,domains.list,domains.list,2001-08-29 01:53:19.077932,127761e9c642bb72a668b975
a077.casalemedia.com,AVAILABILITY,domains.list,domains.list,2001-08-29 01:53:19.272723,127761e9c642bb72a668b975
a078.casalemedia.com,AVAILABILITY,domains.list,domains.list,2001-08-29 01:53:19.468575,127761e9c642bb72a668b975
a079.casalemedia.com,AVAILABILITY,domains.list,domains.list,2001-08-29 01:53:19.661757,127761e9c642bb72a668b975
a080.casalemedia.com,AVAILABILITY,domains.list,domains.list,2001-08-29 01:53:19.852024,127761e9c642bb72a668b975
a081.casalemedia.com,AVAILABILITY,domains.list,domains.list,2001-08-29 01:53:20.055626,127761e9c642bb72a668b975
a082.casalemedia.com,AVAILABILITY,domains.list,domains.list,2001-08-29 01:53:20.259305,127761e9c642bb72a668b975
a083.casalemedia.com,AVAILABILITY,domains.list,domains.list,2001-08-29 01:53:20.457889,127761e9c642bb72a668b975
a084.casalemedia.com,AVAILABILITY,domains.list,domains.list,2001-08-29 01:53:20.655589,127761e9c642bb72a668b975
a085.casalemedia.com,AVAILABILITY,domains.list,domains.list,2001-08-29 01:53:20.849082,127761e9c642bb72a668b975
a086.casalemedia.com,AVAILABILITY,domains.list,domains.list,2001-08-29 01:53:21.041932,127761e9c642bb72a668b975
a087.casalemedia.com,AVAILABILITY,domains.list,domains.list,2001-08-29 01:53:21.233978,127761e9c642bb72a668b975
a088.casalemedia.com,AVAILABILITY,domains.list,domains.list,2001-08-29 01:53:21.440610,127761e9c642bb72a668b975
a089.casalemedia.com,AVAILABILITY,domains.list,domains.list,2001-08-29 01:53:21.642814,127761e9c642bb72a668b975
a090.casalemedia.com,AVAILABILITY,domains.list,domains.list,2001-08-29 01:53:21.845850,127761e9c642bb72a668b975
a091.casalemedia.com,AVAILABILITY,domains.list,domains.list,2001-08-29 01:53:22.044874,127761e9c642bb72a668b975
a092.casalemedia.com,AVAILABILITY,domains.list,domains.list,2001-08-29 01:53:22.247011,127761e9c642bb72a668b975
a093.casalemedia.com,AVAILABILITY,domains.list,domains.list,2001-08-29 01:53:22.447041,127761e9c642bb72a668b975
a094.casalemedia.com,AVAILABILITY,domains.list,domains.list,2001-08-29 01:53:22.649790,127761e9c642bb72a668b975
a095.casalemedia.com,AVAILABILITY,domains.list,domains.list,2001-08-29 01:53:22.839857,127761e9c642bb72a668b975
a096.casalemedia.com,AVAILABILITY,domains.list,domains.list,2001-08-29 01:53:23.040061,127761e9c642bb72a668b975
a097.casalemedia.com,AVAILABILITY,domains.list,domains.list,2001-08-29 01:53:23.240847,127761e9c642bb72a668b975
a098.casalemedia.com,AVAILABILITY,domains.list,domains.list,2001-08-29 01:53:23.435759,127761e9c642bb72a668b975
a099.casalemedia.com,AVAILABILITY,domains.list,domains.list,2001-08-29 01:53:23.633141,127761e9c642bb72a668b975
a0hz.sensityimmit.club,AVAILABILITY,domains.list,domains.list,2001-08-29 01:53:23.835612,127761e9c642bb72a668b975
a0wn7.voluumtrk.com,AVAILABILITY,domains.list,domains.list,2001-08-29 01:53:24.029785,127761e9c642bb72a668b975
a1-m1.doublepimp.com,AVAILABILITY,domains.list,domains.list,2001-08-29 01:53:24.241806,127761e9c642bb72a668b975
a1.adform.net,AVAILABILITY,domains.list,domains.list,2001-08-29 01:53:24.439247,127761e9c642bb72a668b975
a1.adthink.com,AVAILABILITY,domains.list,domains.list,2001-08-29 01:53:24.642450,127761e9c642bb72a668b975
a1.smi2.ru,AVAILABILITY,domains.list,domains.list,2001-08-29 01:53:24.848581,127761e9c642bb72a668b975
a10-gads22000.pubmatic.com,AVAILABILITY,domains.list,domains.list,2001-08-29 01:53:25.051913,127761e9c642bb72a668b975
a10-gads22000c.pubmatic.com,AVAILABILITY,domains.list,domains.list,2001-08-29 01:53:25.252263,127761e9c642bb72a668b975
a100.casalemedia.com,AVAILABILITY,domains.list,domains.list,2001-08-29 01:53:25.452570,127761e9c642bb72a668b975
a1000.casalemedia.com,AVAILABILITY,domains.list,domains.list,2001-08-29 01:53:25.654373,127761e9c642bb72a668b975
a1001.casalemedia.com,AVAILABILITY,domains.list,domains.list,2001-08-29 01:53:25.848575,127761e9c642bb72a668b975
a1002.casalemedia.com,AVAILABILITY,domains.list,domains.list,2001-08-29 01:53:26.049475,127761e9c642bb72a668b975
a1004.casalemedia.com,AVAILABILITY,domains.list,domains.list,2001-08-29 01:53:26.249524,127761e9c642bb72a668b975
a1006.actonsoftware.com,AVAILABILITY,domains.list,domains.list,2001-08-29 01:53:26.446760,127761e9c642bb72a668b975
a101.casalemedia.com,AVAILABILITY,domains.list,domains.list,2001-08-29 01:53:26.645559,127761e9c642bb72a668b975
a1010.casalemedia.com,AVAILABILITY,domains.list,domains.list,2001-08-29 01:53:26.841289,127761e9c642bb72a668b975
a1011.actonsoftware.com,AVAILABILITY,domains.list,domains.list,2001-08-29 01:53:27.037972,127761e9c642bb72a668b975
a1011.casalemedia.com,AVAILABILITY,domains.list,domains.list,2001-08-29 01:53:27.244263,127761e9c642bb72a668b975
a1012.casalemedia.com,AVAILABILITY,domains.list,domains.list,2001-08-29 01:53:27.443624,127761e9c642bb72a668b975
a1013.casalemedia.com,AVAILABILITY,domains.list,domains.list,2001-08-29 01:53:27.638105,127761e9c642bb72a668b975
a1014.casalemedia.com,AVAILABILITY,domains.list,domains.list,2001-08-29 01:53:27.832759,127761e9c642bb72a668b975
a1015.casalemedia.com,AVAILABILITY,domains.list,domains.list,2001-08-29 01:53:28.029715,127761e9c642bb72a668b975
a1016.casalemedia.com,AVAILABILITY,domains.list,domains.list,2001-08-29 01:53:28.226239,127761e9c642bb72a668b975
a1017.casalemedia.com,AVAILABILITY,domains.list,domains.list,2001-08-29 01:53:28.423935,127761e9c642bb72a668b975
a1018.casalemedia.com,AVAILABILITY,domains.list,domains.list,2001-08-29 01:53:28.622888,127761e9c642bb72a668b975
a10183.actonsoftware.com,AVAILABILITY,domains.list,domains.list,2001-08-29 01:53:28.827536,127761e9c642bb72a668b975
a10186.actonsoftware.com,AVAILABILITY,domains.list,domains.list,2001-08-29 01:53:29.021559,127761e9c642bb72a668b975
a102.casalemedia.com,AVAILABILITY,domains.list,domains.list,2001-08-29 01:53:29.218420,127761e9c642bb72a668b975
a1020.casalemedia.com,AVAILABILITY,domains.list,domains.list,2001-08-29 01:53:29.414749,127761e9c642bb72a668b975
a1021.casalemedia.com,AVAILABILITY,domains.list,domains.list,2001-08-29 01:53:29.611739,127761e9c642bb72a668b975
a10222.actonsoftware.com,AVAILABILITY,domains.list,domains.list,2001-08-29 01:53:29.809711,127761e9c642bb72a668b975
a1027.casalemedia.com,AVAILABILITY,domains.list,domains.list,2001-08-29 01:53:30.009487,127761e9c642bb72a668b975
a1028.casalemedia.com,AVAILABILITY,domains.list,domains.list,2001-08-29 01:53:30.199252,127761e9c642bb72a668b975
a103.casalemedia.com,AVAILABILITY,domains.list,domains.list,2001-08-29 01:53:30.395080,127761e9c642bb72a668b975
a1030.casalemedia.com,AVAILABILITY,domains.list,domains.list,2001-08-29 01:53:30.600632,127761e9c642bb72a668b975
a10309001.actonsoftware.com,AVAILABILITY,domains.list,domains.list,2001-08-29 01:53:30.805937,127761e9c642bb72a668b975
a1031.casalemedia.com,AVAILABILITY,domains.list,domains.list,2001-08-29 01:53:31.004571,127761e9c642bb72a668b975
a1032.casalemedia.com,AVAILABILITY,domains.list,domains.list,2001-08-29 01:53:31.206876,127761e9c642bb72a668b975
a1033.casalemedia.com,AVAILABILITY,domains.list,domains.list,2001-08-29 01:53:31.413767,127761e9c642bb72a668b975
a1034.casalemedia.com,AVAILABILITY,domains.list,domains.list,2001-08-29 01:53:31.623489,127761e9c642bb72a668b975
a1038.casalemedia.com,AVAILABILITY,domains.list,domains.list,2001-08-29 01:53:31.822243,127761e9c642bb72a668b975
a104.casalemedia.com,AVAILABILITY,domains.list,domains.list,2001-08-29 01:53:32.025363,127761e9c642bb72a668b975
a1040.casalemedia.com,AVAILABILITY,domains.list,domains.list,2001-08-29 01:53:32.224102,127761e9c642bb72a668b975
a1041.casalemedia.com,AVAILABILITY,domains.list,domains.list,2001-08-29 01:53:32.418376,127761e9c642bb72a668b975
a1042.casalemedia.com,AVAILABILITY,domains.list,domains.list,2001-08-29 01:53:32.617296,127761e9c642bb72a668b975
a1043.casalemedia.com,AVAILABILITY,domains.list,domains.list,2001-08-29 01:53:32.824400,127761e9c642bb72a668b975
a1044.casalemedia.com,AVAILABILITY,domains.list,domains.list,2001-08-29 01:53:33.029942,127761e9c642bb72a668b975
a10442.actonsoftware.com,AVAILABILITY,domains.list,domains.list,2001-08-29 01:53:33.230380,127761e9c642bb72a668b975
a1046.casalemedia.com,AVAILABILITY,domains.list,domains.list,2001-08-29 01:53:33.433166,127761e9c642bb72a668b975
a1048.casalemedia.com,AVAILABILITY,domains.list,domains.list,2001-08-29 01:53:33.641821,127761e9c642bb72a668b975
a105.casalemedia.com,AVAILABILITY,domains.list,domains.list,2001-08-29 01:53:33.838918,127761e9c642bb72a668b975
a1050.casalemedia.com,AVAILABILITY,domains.list,domains.list,2001-08-29 01:53:34.043338,127761e9c642bb72a668b975
a1051.casalemedia.com,AVAILABILITY,domains.list,domains.list,2001-08-29 01:53:34.244690,127761e9c642bb72a668b975
a1052.casalemedia.com,AVAILABILITY,domains.list,domains.list,2001-08-29 01:53:34.440967,127761e9c642bb72a668b975
a1053.casalemedia.com,AVAILABILITY,domains.list,domains.list,2001-08-29 01:53:34.640477,127761e9c642bb72a668b975
a1054.casalemedia.com,AVAILABILITY,domains.list,domains.list,2001-08-29 01:53:34.839968,127761e9c642bb72a668b975
a1055.casalemedia.com,AVAILABILITY,domains.list,domains.list,2001-08-29 01:53:35.042730,127761e9c642bb72a668b975
a1058.casalemedia.com,AVAILABILITY,domains.list,domains.list,2001-08-29 01:53:35.229394,127761e9c642bb72a668b975
a1059.casalemedia.com,AVAILABILITY,domains.list,domains.list,2001-08-29 01:53:35.432396,127761e9c642bb72a668b975
a106.casalemedia.com,AVAILABILITY,domains.list,domains.list,2001-08-29 01:53:35.631043,127761e9c642bb72a668b975
a1060.casalemedia.com,AVAILABILITY,domains.list,domains.list,2001-08-29 01:53:35.825469,127761e9c642bb72a668b975
a1061.casalemedia.com,AVAILABILITY,domains.list,domains.list,2001-08-29 01:53:36.018651,127761e9c642bb72a668b975
a1062.casalemedia.com,AVAILABILITY,domains.list,domains.list,2001-08-29 01:53:36.221067,127761e9c642bb72a668b975
a1063.casalemedia.com,AVAILABILITY,domains.list,domains.list,2001-08-29 01:53:36.419770,127761e9c642bb72a668b975
a1064.casalemedia.com,AVAILABILITY,domains.list,domains.list,2001-08-29 01:53:36.624975,127761e9c642bb72a668b975
a1066.casalemedia.com,AVAILABILITY,domains.list,domains.list,2001-08-29 01:53:36.829496,127761e9c642bb72a668b975
a1067.casalemedia.com,AVAILABILITY,domains.list,domains.list,2001-08-29 01:53:37.035799,127761e9c642bb72a668b975
a1068.casalemedia.com,AVAILABILITY,domains.list,domains.list,2001-08-29 01:53:37.238309,127761e9c642bb72a668b975
a1069.actonsoftware.com,AVAILABILITY,domains.list,domains.list,2001-08-29 01:53:37.429494,127761e9c642bb72a668b975
a107.casalemedia.com,AVAILABILITY,domains.list,domains.list,2001-08-29 01:53:37.635438,127761e9c642bb72a668b975
a1070.casalemedia.com,AVAILABILITY,domains.list,domains.list,2001-08-29 01:53:37.838147,127761e9c642bb72a668b975
a1071.casalemedia.com,AVAILABILITY,domains.list,domains.list,2001-08-29 01:53:38.037981,127761e9c642bb72a668b975
a1072.casalemedia.com,AVAILABILITY,domains.list,domains.list,2001-08-29 01:53:38.235847,127761e9c642bb72a668b975
a1074.casalemedia.com,AVAILABILITY,domains.list,domains.list,2001-08-29 01:53:38.432435,127761e9c642bb72a668b975
a1075.casalemedia.com,AVAILABILITY,domains.list,domains.list,2001-08-29 01:53:38.630916,127761e9c642bb72a668b975
a1077.casalemedia.com,AVAILABILITY,domains.list,domains.list,2001-08-29 01:53:38.834542,127761e9c642bb72a668b975
a108.casalemedia.com,AVAILABILITY,domains.list,domains.list,2001-08-29 01:53:39.041650,127761e9c642bb72a668b975
a1080.casalemedia.com,AVAILABILITY,domains.list,domains.list,2001-08-29 01:53:39.238821,127761e9c642bb72a668b975
a1081.casalemedia.com,AVAILABILITY,domains.list,domains.list,2001-08-29 01:53:39.433314,127761e9c642bb72a668b975
a1082.casalemedia.com,AVAILABILITY,domains.list,domains.list,2001-08-29 01:53:39.631618,127761e9c642bb72a668b975
a1083.casalemedia.com,AVAILABILITY,domains.list,domains.list,2001-08-29 01:53:39.828479,127761e9c642bb72a668b975
a1084.casalemedia.com,AVAILABILITY,domains.list,domains.list,2001-08-29 01:53:40.019786,127761e9c642bb72a668b975
a1085.casalemedia.com,AVAILABILITY,domains.list,domains.list,2001-08-29 01:53:40.205179,127761e9c642bb72a668b975
a1086.casalemedia.com,AVAILABILITY,domains.list,domains.list,2001-08-29 01:53:40.393352,127761e9c642bb72a668b975
a1087.casalemedia.com,AVAILABILITY,domains.list,domains.list,2001-08-29 01:53:40.594971,127761e9c642bb72a668b975
a1088.casalemedia.com,AVAILABILITY,domains.list,domains.list,2001-08-29 01:53:40.797298,127761e9c642bb72a668b975
a1089.casalemedia.com,AVAILABILITY,domains.list,domains.list,2001-08-29 01:53:40.991040,127761e9c642bb72a668b975
a109.casalemedia.com,AVAILABILITY,domains.list,domains.list,2001-08-29 01:53:41.191192,127761e9c642bb72a668b975
a1090.casalemedia.com,AVAILABILITY,domains.list,domains.list,2001-08-29 01:53:41.381044,127761e9c642bb72a668b975
a1091.casalemedia.com,AVAILABILITY,domains.list,domains.list,2001-08-29 01:53:41.579339,127761e9c642bb72a668b975
a1092.casalemedia.com,AVAILABILITY,domains.list,domains.list,2001-08-29 01:53:41.789662,127761e9c642bb72a668b975
a1093.casalemedia.com,AVAILABILITY,domains.list,domains.list,2001-08-29 01:53:41.998180,127761e9c642bb72a668b975
a1094.casalemedia.com,AVAILABILITY,domains.list,domains.list,2001-08-29 01:53:42.198760,127761e9c642bb72a668b975
a1095.casalemedia.com,AVAILABILITY,domains.list,domains.list,2001-08-29 01:53:42.396211,127761e9c642bb72a668b975
a1097.casalemedia.com,AVAILABILITY,domains.list,domains.list,2001-08-29 01:53:42.595349,127761e9c642bb72a668b975
a1098.casalemedia.com,AVAILABILITY,domains.list,domains.list,2001-08-29 01:53:42.803641,127761e9c642bb72a668b975
a1099.casalemedia.com,AVAILABILITY,domains.list,domains.list,2001-08-29 01:53:43.012741,127761e9c642bb72a668b975
a110.casalemedia.com,AVAILABILITY,domains.list,domains.list,2001-08-29 01:53:43.215700,127761e9c642bb72a668b975
a1100.casalemedia.com,AVAILABILITY,domains.list,domains.list,2001-08-29 01:53:43.410475,127761e9c642bb72a668b975
a1101.casalemedia.com,AVAILABILITY,domains.list,domains.list,2001-08-29 01:53:43.609553,127761e9c642bb72a668b975
a1102.casalemedia.com,AVAILABILITY,domains.list,domains.list,2001-08-29 01:53:43.813370,127761e9c642bb72a668b975
a11020.actonsoftware.com,AVAILABILITY,domains.list,domains.list,2001-08-29 01:53:44.015654,127761e9c642bb72a668b975
a1103.casalemedia.com,AVAILABILITY,domains.list,domains.list,2001-08-29 01:53:44.217480,127761e9c642bb72a668b975
a1104.casalemedia.com,AVAILABILITY,domains.list,domains.list,2001-08-29 01:53:44.414386,127761e9c642bb72a668b975
a1106.casalemedia.com,AVAILABILITY,domains.list,domains.list,2001-08-29 01:53:44.614506,127761e9c642bb72a668b975
a1109.casalemedia.com,AVAILABILITY,domains.list,domains.list,2001-08-29 01:53:44.824080,127761e9c642bb72a668b975
a111.casalemedia.com,AVAILABILITY,domains.list,domains.list,2001-08-29 01:53:45.028377,127761e9c642bb72a668b975
a1110.casalemedia.com,AVAILABILITY,domains.list,domains.list,2001-08-29 01:53:45.221833,127761e9c642bb72a668b975
a1111.casalemedia.com,AVAILABILITY,domains.list,domains.list,2001-08-29 01:53:45.422266,127761e9c642bb72a668b975
a1112.casalemedia.com,AVAILABILITY,domains.list,domains.list,2001-08-29 01:53:45.616467,127761e9c642bb72a668b975
a1114.casalemedia.com,AVAILABILITY,domains.list,domains.list,2001-08-29 01:53:45.820160,127761e9c642bb72a668b975
a112.casalemedia.com,AVAILABILITY,domains.list,domains.list,2001-08-29 01:53:46.017940,127761e9c642bb72a668b975
a1120.casalemedia.com,AVAILABILITY,domains.list,domains.list,2001-08-29 01:53:46.221711,127761e9c642bb72a668b975
a1121.casalemedia.com,AVAILABILITY,domains.list,domains.list,2001-08-29 01:53:46.419769,127761e9c642bb72a668b975
a1122.casalemedia.com,AVAILABILITY,domains.list,domains.list,2001-08-29 01:53:46.622059,127761e9c642bb72a668b975
a1123.casalemedia.com,AVAILABILITY,domains.list,domains.list,2001-08-29 01:53:46.823390,127761e9c642bb72a668b975
a1126.casalemedia.com,AVAILABILITY,domains.list,domains.list,2001-08-29 01:53:47.028769,127761e9c642bb72a668b975
a1128.casalemedia.com,AVAILABILITY,domains.list,domains.list,2001-08-29 01:53:47.246377,127761e9c642bb72a668b975
a113.casalemedia.com,AVAILABILITY,domains.list,domains.list,2001-08-29 01:53:47.453933,127761e9c642bb72a668b975
a1130.casalemedia.com,AVAILABILITY,domains.list,domains.list,2001-08-29 01:53:47.653097,127761e9c642bb72a668b975
a1131.casalemedia.com,AVAILABILITY,domains.list,domains.list,2001-08-29 01:53:47.847974,127761e9c642bb72a668b975
a1132.casalemedia.com,AVAILABILITY,domains.list,domains.list,2001-08-29 01:53:48.051268,127761e9c642bb72a668b975
a1134.casalemedia.com,AVAILABILITY,domains.list,domains.list,2001-08-29 01:53:48.244314,127761e9c642bb72a668b975
a1139.casalemedia.com,AVAILABILITY,domains.list,domains.list,2001-08-29 01:53:48.444280,127761e9c642bb72a668b975
a114.casalemedia.com,AVAILABILITY,domains.list,domains.list,2001-08-29 01:53:48.644405,127761e9c642bb72a668b975
a1140.casalemedia.com,AVAILABILITY,domains.list,domains.list,2001-08-29 01:53:48.844899,127761e9c642bb72a668b975
a1141.casalemedia.com,AVAILABILITY,domains.list,domains.list,2001-08-29 01:53:49.042682,127761e9c642bb72a668b975
a1148.casalemedia.com,AVAILABILITY,domains.list,domains.list,2001-08-29 01:53:49.236707,127761e9c642bb72a668b975
a115.casalemedia.com,AVAILABILITY,domains.list,domains.list,2001-08-29 01:53:49.444297,127761e9c642bb72a668b975
a1150.casalemedia.com,AVAILABILITY,domains.list,domains.list,2001-08-29 01:53:49.636725,127761e9c642bb72a668b975
a1151.casalemedia.com,AVAILABILITY,domains.list,domains.list,2001-08-29 01:53:49.831012,127761e9c642bb72a668b975
a1152.casalemedia.com,AVAILABILITY,domains.list,domains.list,2001-08-29 01:53:50.034862,127761e9c642bb72a668b975
a1155.casalemedia.com,AVAILABILITY,domains.list,domains.list,2001-08-29 01:53:50.238829,127761e9c642bb72a668b975
a1159.casalemedia.com,AVAILABILITY,domains.list,domains.list,2001-08-29 01:53:50.445646,127761e9c642bb72a668b975
a116.casalemedia.com,AVAILABILITY,domains.list,domains.list,2001-08-29 01:53:50.654694,127761e9c642bb72a668b975
a1160.casalemedia.com,AVAILABILITY,domains.list,domains.list,2001-08-29 01:53:50.854488,127761e9c642bb72a668b975
a1161.casalemedia.com,AVAILABILITY,domains.list,domains.list,2001-08-29 01:53:51.057743,127761e9c642bb72a668b975
a1163.casalemedia.com,AVAILABILITY,domains.list,domains.list,2001-08-29 01:53:51.262229,127761e9c642bb72a668b975
a1168.casalemedia.com,AVAILABILITY,domains.list,domains.list,2001-08-29 01:53:51.474434,127761e9c642bb72a668b975
a117.casalemedia.com,AVAILABILITY,domains.list,domains.list,2001-08-29 01:53:51.686492,127761e9c642bb72a668b975
a1170.casalemedia.com,AVAILABILITY,domains.list,domains.list,2001-08-29 01:53:51.888180,127761e9c642bb72a668b975
a1171.casalemedia.com,AVAILABILITY,domains.list,domains.list,2001-08-29 01:53:52.096992,127761e9c642bb72a668b975
a1175.casalemedia.com,AVAILABILITY,domains.list,domains.list,2001-08-29 01:53:52.304428,127761e9c642bb72a668b975
a118.casalemedia.com,AVAILABILITY,domains.list,domains.list,2001-08-29 01:53:52.508583,127761e9c642bb72a668b975
a1180.casalemedia.com,AVAILABILITY,domains.list,domains.list,2001-08-29 01:53:52.715027,127761e9c642bb72a668b975
a1181.casalemedia.com,AVAILABILITY,domains.list,domains.list,2001-08-29 01:53:52.912800,127761e9c642bb72a668b975
a1188.casalemedia.com,AVAILABILITY,domains.list,domains.list,2001-08-29 01:53:53.111957,127761e9c642bb72a668b975
a119.casalemedia.com,AVAILABILITY,domains.list,domains.list,2001-08-29 01:53:53.317484,127761e9c642bb72a668b975
a1190.casalemedia.com,AVAILABILITY,domains.list,domains.list,2001-08-29 01:53:53.523041,127761e9c642bb72a668b975
a1191.casalemedia.com,AVAILABILITY,domains.list,domains.list,2001-08-29 01:53:53.733451,127761e9c642bb72a668b975
a1194.casalemedia.com,AVAILABILITY,domains.list,domains.list,2001-08-29 01:53:53.943964,127761e9c642bb72a668b975
a1196.casalemedia.com,AVAILABILITY,domains.list,domains.list,2001-08-29 01:53:54.151990,127761e9c642bb72a668b975
a1199.casalemedia.com,AVAILABILITY,domains.list,domains.list,2001-08-29 01:53:54.364803,127761e9c642bb72a668b975
a120.casalemedia.com,AVAILABILITY,domains.list,domains.list,2001-08-29 01:53:54.575955,127761e9c642bb72a668b975
a1200.casalemedia.com,AVAILABILITY,domains.list,domains.list,2001-08-29 01:53:54.786444,127761e9c642bb72a668b975
a1201.casalemedia.com,AVAILABILITY,domains.list,domains.list,2001-08-29 01:53:54.995265,127761e9c642bb72a668b975
a1204.casalemedia.com,AVAILABILITY,domains.list,domains.list,2001-08-29 01:53:55.204952,127761e9c642bb72a668b975
a1206.casalemedia.com,AVAILABILITY,domains.list,domains.list,2001-08-29 01:53:55.412753,127761e9c642bb72a668b975
a1207.casalemedia.com,AVAILABILITY,domains.list,domains.list,2001-08-29 01:53:55.623795,127761e9c642bb72a668b975
a1208.casalemedia.com,AVAILABILITY,domains.list,domains.list,2001-08-29 01:53:55.838400,127761e9c642bb72a668b975
a121.casalemedia.com,AVAILABILITY,domains.list,domains.list,2001-08-29 01:53:56.049447,127761e9c642bb72a668b975
a1210.casalemedia.com,AVAILABILITY,domains.list,domains.list,2001-08-29 01:53:56.259818,127761e9c642bb72a668b975
a1211.casalemedia.com,AVAILABILITY,domains.list,domains.list,2001-08-29 01:53:56.467411,127761e9c642bb72a668b975
a122.casalemedia.com,AVAILABILITY,domains.list,domains.list,2001-08-29 01:53:56.677259,127761e9c642bb72a668b975
a1220.casalemedia.com,AVAILABILITY,domains.list,domains.list,2001-08-29 01:53:56.891861,127761e9c642bb72a668b975
a1221.casalemedia.com,AVAILABILITY,domains.list,domains.list,2001-08-29 01:53:57.110350,127761e9c642bb72a668b975
a123.casalemedia.com,AVAILABILITY,domains.list,domains.list,2001-08-29 01:53:57.330243,127761e9c642bb72a668b975
a1230.casalemedia.com,AVAILABILITY,domains.list,domains.list,2001-08-29 01:53:57.547325,127761e9c642bb72a668b975
a1231.casalemedia.com,AVAILABILITY,domains.list,domains.list,2001-08-29 01:53:57.762723,127761e9c642bb72a668b975
a124.casalemedia.com,AVAILABILITY,domains.list,domains.list,2001-08-29 01:53:57.976610,127761e9c642bb72a668b975
a1240.casalemedia.com,AVAILABILITY,domains.list,domains.list,2001-08-29 01:53:58.188203,127761e9c642bb72a668b975
a1241.casalemedia.com,AVAILABILITY,domains.list,domains.list,2001-08-29 01:53:58.402047,127761e9c642bb72a668b975
a125.casalemedia.com,AVAILABILITY,domains.list,domains.list,2001-08-29 01:53:58.618534,127761e9c642bb72a668b975
a1251.casalemedia.com,AVAILABILITY,domains.list,domains.list,2001-08-29 01:53:58.836844,127761e9c642bb72a668b975
a126.casalemedia.com,AVAILABILITY,domains.list,domains.list,2001-08-29 01:53:59.056196,127761e9c642bb72a668b975
a1265.actonsoftware.com,AVAILABILITY,domains.list,domains.list,2001-08-29 01:53:59.268516,127761e9c642bb72a668b975
a127.casalemedia.com,AVAILABILITY,domains.list,domains.list,2001-08-29 01:53:59.483429,127761e9c642bb72a668b975
a1270.casalemedia.com,AVAILABILITY,domains.list,domains.list,2001-08-29 01:53:59.702237,127761e9c642bb72a668b975
a1271.casalemedia.com,AVAILABILITY,domains.list,domains.list,2001-08-29 01:53:59.921877,127761e9c642bb72a668b975
a128.casalemedia.com,AVAILABILITY,domains.list,domains.list,2001-08-29 01:54:00.139944,127761e9c642bb72a668b975
a1280.casalemedia.com,AVAILABILITY,domains.list,domains.list,2001-08-29 01:54:00.357140,127761e9c642bb72a668b975
a129.casalemedia.com,AVAILABILITY,domains.list,domains.list,2001-08-29 01:54:00.569759,127761e9c642bb72a668b975
a130.casalemedia.com,AVAILABILITY,domains.list,domains.list,2001-08-29 01:54:00.781031,127761e9c642bb72a668b975
a1300.casalemedia.com,AVAILABILITY,domains.list,domains.list,2001-08-29 01:54:00.990415,127761e9c642bb72a668b975
a1301.casalemedia.com,AVAILABILITY,domains.list,domains.list,2001-08-29 01:54:01.200251,127761e9c642bb72a668b975
a131.casalemedia.com,AVAILABILITY,domains.list,domains.list,2001-08-29 01:54:01.406017,127761e9c642bb72a668b975
a132.casalemedia.com,AVAILABILITY,domains.list,domains.list,2001-08-29 01:54:01.617808,127761e9c642bb72a668b975
a133.casalemedia.com,AVAILABILITY,domains.list,domains.list,2001-08-29 01:54:01.828236,127761e9c642bb72a668b975
a1330.casalemedia.com,AVAILABILITY,domains.list,domains.list,2001-08-29 01:54:02.040208,127761e9c642bb72a668b975
a1331.casalemedia.com,AVAILABILITY,domains.list,domains.list,2001-08-29 01:54:02.249821,127761e9c642bb72a668b975
a1332001.actonsoftware.com,AVAILABILITY,domains.list,domains.list,2001-08-29 01:54:02.456794,127761e9c642bb72a668b975
a134.casalemedia.com,AVAILABILITY,domains.list,domains.list,2001-08-29 01:54:02.665970,127761e9c642bb72a668b975
a1340.casalemedia.com,AVAILABILITY,domains.list,domains.list,2001-08-29 01:54:02.884194,127761e9c642bb72a668b975
a1341.casalemedia.com,AVAILABILITY,domains.list,domains.list,2001-08-29 01:54:03.103317,127761e9c642bb72a668b975
a1348.casalemedia.com,AVAILABILITY,domains.list,domains.list,2001-08-29 01:54:03.322116,127761e9c642bb72a668b975
a135.casalemedia.com,AVAILABILITY,domains.list,domains.list,2001-08-29 01:54:03.527198,127761e9c642bb72a668b975
a1350.casalemedia.com,AVAILABILITY,domains.list,domains.list,2001-08-29 01:54:03.735958,127761e9c642bb72a668b975
a136.casalemedia.com,AVAILABILITY,domains.list,domains.list,2001-08-29 01:54:03.945425,127761e9c642bb72a668b975
a137.casalemedia.com,AVAILABILITY,domains.list,domains.list,2001-08-29 01:54:04.164767,127761e9c642bb72a668b975
a1371.casalemedia.com,AVAILABILITY,domains.list,domains.list,2001-08-29 01:54:04.376342,127761e9c642bb72a668b975
a138.casalemedia.com,AVAILABILITY,domains.list,domains.list,2001-08-29 01:54:04.585073,127761e9c642bb72a668b975
a1380.casalemedia.com,AVAILABILITY,domains.list,domains.list,2001-08-29 01:54:04.795015,127761e9c642bb72a668b975
a139.casalemedia.com,AVAILABILITY,domains.list,domains.list,2001-08-29 01:54:05.006065,127761e9c642bb72a668b975
a1391.casalemedia.com,AVAILABILITY,domains.list,domains.list,2001-08-29 01:54:05.218183,127761e9c642bb72a668b975
a1392.actonsoftware.com,AVAILABILITY,domains.list,domains.list,2001-08-29 01:54:05.431202,127761e9c642bb72a668b975
a140.casalemedia.com,AVAILABILITY,domains.list,domains.list,2001-08-29 01:54:05.635095,127761e9c642bb72a668b975
a141.casalemedia.com,AVAILABILITY,domains.list,domains.list,2001-08-29 01:54:05.841994,127761e9c642bb72a668b975
a142.casalemedia.com,AVAILABILITY,domains.list,domains.list,2001-08-29 01:54:06.053447,127761e9c642bb72a668b975
a1420.casalemedia.com,AVAILABILITY,domains.list,domains.list,2001-08-29 01:54:06.252388,127761e9c642bb72a668b975
a1421.casalemedia.com,AVAILABILITY,domains.list,domains.list,2001-08-29 01:54:06.465271,127761e9c642bb72a668b975
a143.casalemedia.com,AVAILABILITY,domains.list,domains.list,2001-08-29 01:54:06.676382,127761e9c642bb72a668b975
a144.casalemedia.com,AVAILABILITY,domains.list,domains.list,2001-08-29 01:54:06.881843,127761e9c642bb72a668b975
a1440.casalemedia.com,AVAILABILITY,domains.list,domains.list,2001-08-29 01:54:07.095960,127761e9c642bb72a668b975
a1441.casalemedia.com,AVAILABILITY,domains.list,domains.list,2001-08-29 01:54:07.296723,127761e9c642bb72a668b975
a145.casalemedia.com,AVAILABILITY,domains.list,domains.list,2001-08-29 01:54:07.508720,127761e9c642bb72a668b975
a146.casalemedia.com,AVAILABILITY,domains.list,domains.list,2001-08-29 01:54:07.720604,127761e9c642bb72a668b975
a1461.casalemedia.com,AVAILABILITY,domains.list,domains.list,2001-08-29 01:54:07.929295,127761e9c642bb72a668b975
a147.casalemedia.com,AVAILABILITY,domains.list,domains.list,2001-08-29 01:54:08.137385,127761e9c642bb72a668b975
a1470.casalemedia.com,AVAILABILITY,domains.list,domains.list,2001-08-29 01:54:08.349409,127761e9c642bb72a668b975
a1471.casalemedia.com,AVAILABILITY,domains.list,domains.list,2001-08-29 01:54:08.560476,127761e9c642bb72a668b975
a148.casalemedia.com,AVAILABILITY,domains.list,domains.list,2001-08-29 01:54:08.767499,127761e9c642bb72a668b975
a1480.casalemedia.com,AVAILABILITY,domains.list,domains.list,2001-08-29 01:54:08.976277,127761e9c642bb72a668b975
a1481.casalemedia.com,AVAILABILITY,domains.list,domains.list,2001-08-29 01:54:09.187096,127761e9c642bb72a668b975
a149.casalemedia.com,AVAILABILITY,domains.list,domains.list,2001-08-29 01:54:09.399008,127761e9c642bb72a668b975
a1490.casalemedia.com,AVAILABILITY,domains.list,domains.list,2001-08-29 01:54:09.604263,127761e9c642bb72a668b975
a1491.casalemedia.com,AVAILABILITY,domains.list,domains.list,2001-08-29 01:54:09.813164,127761e9c642bb72a668b975
a14928.actonsoftware.com,AVAILABILITY,domains.list,domains.list,2001-08-29 01:54:10.023840,127761e9c642bb72a668b975
a14940.actonsoftware.com,AVAILABILITY,domains.list,domains.list,2001-08-29 01:54:10.225396,127761e9c642bb72a668b975
a14985.actonsoftware.com,AVAILABILITY,domains.list,domains.list,2001-08-29 01:54:10.432019,127761e9c642bb72a668b975
a150.casalemedia.com,AVAILABILITY,domains.list,domains.list,2001-08-29 01:54:10.645831,127761e9c642bb72a668b975
a1500.casalemedia.com,AVAILABILITY,domains.list,domains.list,2001-08-29 01:54:10.858129,127761e9c642bb72a668b975
a1501.casalemedia.com,AVAILABILITY,domains.list,domains.list,2001-08-29 01:54:11.073755,127761e9c642bb72a668b975
a15046.actonsoftware.com,AVAILABILITY,domains.list,domains.list,2001-08-29 01:54:11.280221,127761e9c642bb72a668b975
a15054.actonsoftware.com,AVAILABILITY,domains.list,domains.list,2001-08-29 01:54:11.485249,127761e9c642bb72a668b975
a151.casalemedia.com,AVAILABILITY,domains.list,domains.list,2001-08-29 01:54:11.698638,127761e9c642bb72a668b975
a1511.casalemedia.com,AVAILABILITY,domains.list,domains.list,2001-08-29 01:54:11.913670,127761e9c642bb72a668b975
a15190.actonsoftware.com,AVAILABILITY,domains.list,domains.list,2001-08-29 01:54:12.125411,127761e9c642bb72a668b975
a152.casalemedia.com,AVAILABILITY,domains.list,domains.list,2001-08-29 01:54:12.331998,127761e9c642bb72a668b975
a1520.casalemedia.com,AVAILABILITY,domains.list,domains.list,2001-08-29 01:54:12.541604,127761e9c642bb72a668b975
a15213.actonsoftware.com,AVAILABILITY,domains.list,domains.list,2001-08-29 01:54:12.753471,127761e9c642bb72a668b975
a15299.actonsoftware.com,AVAILABILITY,domains.list,domains.list,2001-08-29 01:54:12.958536,127761e9c642bb72a668b975
a153.casalemedia.com,AVAILABILITY,domains.list,domains.list,2001-08-29 01:54:13.169819,127761e9c642bb72a668b975
a1530.casalemedia.com,AVAILABILITY,domains.list,domains.list,2001-08-29 01:54:13.376196,127761e9c642bb72a668b975
a1531.casalemedia.com,AVAILABILITY,domains.list,domains.list,2001-08-29 01:54:13.577760,127761e9c642bb72a668b975
a15364.actonsoftware.com,AVAILABILITY,domains.list,domains.list,2001-08-29 01:54:13.786445,127761e9c642bb72a668b975
a154.casalemedia.com,AVAILABILITY,domains.list,domains.list,2001-08-29 01:54:13.998785,127761e9c642bb72a668b975
a15406.actonsoftware.com,AVAILABILITY,domains.list,domains.list,2001-08-29 01:54:14.206235,127761e9c642bb72a668b975
a1541.casalemedia.com,AVAILABILITY,domains.list,domains.list,2001-08-29 01:54:14.415579,127761e9c642bb72a668b975
a15454.actonsoftware.com,AVAILABILITY,domains.list,domains.list,2001-08-29 01:54:14.631717,127761e9c642bb72a668b975
a155.casalemedia.com,AVAILABILITY,domains.list,domains.list,2001-08-29 01:54:14.845043,127761e9c642bb72a668b975
a1550.casalemedia.com,AVAILABILITY,domains.list,domains.list,2001-08-29 01:54:15.058438,127761e9c642bb72a668b975
a1551.casalemedia.com,AVAILABILITY,domains.list,domains.list,2001-08-29 01:54:15.271152,127761e9c642bb72a668b975
a15514.actonsoftware.com,AVAILABILITY,domains.list,domains.list,2001-08-29 01:54:15.483965,127761e9c642bb72a668b975
a156.casalemedia.com,AVAILABILITY,domains.list,domains.list,2001-08-29 01:54:15.689477,127761e9c642bb72a668b975
a1560.casalemedia.com,AVAILABILITY,domains.list,domains.list,2001-08-29 01:54:15.905569,127761e9c642bb72a668b975
a1561.casalemedia.com,AVAILABILITY,domains.list,domains.list,2001-08-29 01:54:16.125495,127761e9c642bb72a668b975
a1564.actonsoftware.com,AVAILABILITY,domains.list,domains.list,2001-08-29 01:54:16.348422,127761e9c642bb72a668b975
a157.casalemedia.com,AVAILABILITY,domains.list,domains.list,2001-08-29 01:54:16.570729,127761e9c642bb72a668b975
a1570.casalemedia.com,AVAILABILITY,domains.list,domains.list,2001-08-29 01:54:16.784290,127761e9c642bb72a668b975
a1571.casalemedia.com,AVAILABILITY,domains.list,domains.list,2001-08-29 01:54:16.992133,127761e9c642bb72a668b975
a158.casalemedia.com,AVAILABILITY,domains.list,domains.list,2001-08-29 01:54:17.195695,127761e9c642bb72a668b975
a1580.casalemedia.com,AVAILABILITY,domains.list,domains.list,2001-08-29 01:54:17.402099,127761e9c642bb72a668b975
a1581.casalemedia.com,AVAILABILITY,domains.list,domains.list,2001-08-29 01:54:17.603019,127761e9c642bb72a668b975
a159.casalemedia.com,AVAILABILITY,domains.list,domains.list,2001-08-29 01:54:17.805947,127761e9c642bb72a668b975
a1590.casalemedia.com,AVAILABILITY,domains.list,domains.list,2001-08-29 01:54:18.014659,127761e9c642bb72a668b975
a160.casalemedia.com,AVAILABILITY,domains.list,domains.list,2001-08-29 01:54:18.215090,127761e9c642bb72a668b975
a1600.casalemedia.com,AVAILABILITY,domains.list,domains.list,2001-08-29 01:54:18.413848,127761e9c642bb72a668b975
a1601.casalemedia.com,AVAILABILITY,domains.list,domains.list,2001-08-29 01:54:18.621090,127761e9c642bb72a668b975
a161.casalemedia.com,AVAILABILITY,domains.list,domains.list,2001-08-29 01:54:18.819334,127761e9c642bb72a668b975
a1610.casalemedia.com,AVAILABILITY,domains.list,domains.list,2001-08-29 01:54:19.016217,127761e9c642bb72a668b975
a1611.casalemedia.com,AVAILABILITY,domains.list,domains.list,2001-08-29 01:54:19.219477,127761e9c642bb72a668b975
a162.casalemedia.com,AVAILABILITY,domains.list,domains.list,2001-08-29 01:54:19.421702,127761e9c642bb72a668b975
a1620.casalemedia.com,AVAILABILITY,domains.list,domains.list,2001-08-29 01:54:19.617289,127761e9c642bb72a668b975
a1621.casalemedia.com,AVAILABILITY,domains.list,domains.list,2001-08-29 01:54:19.811492,127761e9c642bb72a668b975
a163.casalemedia.com,AVAILABILITY,domains.list,domains.list,2001-08-29 01:54:20.012397,127761e9c642bb72a668b975
a1630.casalemedia.com,AVAILABILITY,domains.list,domains.list,2001-08-29 01:54:20.225275,127761e9c642bb72a668b975
a1631.casalemedia.com,AVAILABILITY,domains.list,domains.list,2001-08-29 01:54:20.431261,127761e9c642bb72a668b975
a164.casalemedia.com,AVAILABILITY,domains.list,domains.list,2001-08-29 01:54:20.639135,127761e9c642bb72a668b975
a1640.casalemedia.com,AVAILABILITY,domains.list,domains.list,2001-08-29 01:54:20.850487,127761e9c642bb72a668b975
a1641.casalemedia.com,AVAILABILITY,domains.list,domains.list,2001-08-29 01:54:21.053754,127761e9c642bb72a668b975
a165.casalemedia.com,AVAILABILITY,domains.list,domains.list,2001-08-29 01:54:21.261827,127761e9c642bb72a668b975
a1650.casalemedia.com,AVAILABILITY,domains.list,domains.list,2001-08-29 01:54:21.461440,127761e9c642bb72a668b975
a1651.casalemedia.com,AVAILABILITY,domains.list,domains.list,2001-08-29 01:54:21.671690,127761e9c642bb72a668b975
a166.casalemedia.com,AVAILABILITY,domains.list,domains.list,2001-08-29 01:54:21.884257,127761e9c642bb72a668b975
a1660.casalemedia.com,AVAILABILITY,domains.list,domains.list,2001-08-29 01:54:22.092447,127761e9c642bb72a668b975
a1661.casalemedia.com,AVAILABILITY,domains.list,domains.list,2001-08-29 01:54:22.301539,127761e9c642bb72a668b975
a167.casalemedia.com,AVAILABILITY,domains.list,domains.list,2001-08-29 01:54:22.511773,127761e9c642bb72a668b975
a1670.casalemedia.com,AVAILABILITY,domains.list,domains.list,2001-08-29 01:54:22.713970,127761e9c642bb72a668b975
a1671.casalemedia.com,AVAILABILITY,domains.list,domains.list,2001-08-29 01:54:22.915938,127761e9c642bb72a668b975
a168.casalemedia.com,AVAILABILITY,domains.list,domains.list,2001-08-29 01:54:23.129475,127761e9c642bb72a668b975
a1680.casalemedia.com,AVAILABILITY,domains.list,domains.list,2001-08-29 01:54:23.334233,127761e9c642bb72a668b975
a1681.casalemedia.com,AVAILABILITY,domains.list,domains.list,2001-08-29 01:54:23.535768,127761e9c642bb72a668b975
a16866.actonsoftware.com,AVAILABILITY,domains.list,domains.list,2001-08-29 01:54:23.746227,127761e9c642bb72a668b975
a169.casalemedia.com,AVAILABILITY,domains.list,domains.list,2001-08-29 01:54:23.948547,127761e9c642bb72a668b975
a1690.casalemedia.com,AVAILABILITY,domains.list,domains.list,2001-08-29 01:54:24.149705,127761e9c642bb72a668b975
a170.casalemedia.com,AVAILABILITY,domains.list,domains.list,2001-08-29 01:54:24.356424,127761e9c642bb72a668b975
a1700.casalemedia.com,AVAILABILITY,domains.list,domains.list,2001-08-29 01:54:24.564585,127761e9c642bb72a668b975
a1701.casalemedia.com,AVAILABILITY,domains.list,domains.list,2001-08-29 01:54:24.774798,127761e9c642bb72a668b975
a171.casalemedia.com,AVAILABILITY,domains.list,domains.list,2001-08-29 01:54:24.976923,127761e9c642bb72a668b975
a1710.casalemedia.com,AVAILABILITY,domains.list,domains.list,2001-08-29 01:54:25.182944,127761e9c642bb72a668b975
a1711.casalemedia.com,AVAILABILITY,domains.list,domains.list,2001-08-29 01:54:25.387429,127761e9c642bb72a668b975
a172.casalemedia.com,AVAILABILITY,domains.list,domains.list,2001-08-29 01:54:25.595012,127761e9c642bb72a668b975
a1720.casalemedia.com,AVAILABILITY,domains.list,domains.list,2001-08-29 01:54:25.800277,127761e9c642bb72a668b975
a1721.casalemedia.com,AVAILABILITY,domains.list,domains.list,2001-08-29 01:54:26.005649,127761e9c642bb72a668b975
a17284.actonsoftware.com,AVAILABILITY,domains.list,domains.list,2001-08-29 01:54:26.207514,127761e9c642bb72a668b975
a17288.actonsoftware.com,AVAILABILITY,domains.list,domains.list,2001-08-29 01:54:26.409410,127761e9c642bb72a668b975
a173.casalemedia.com,AVAILABILITY,domains.list,domains.list,2001-08-29 01:54:26.621715,127761e9c642bb72a668b975
a1730.casalemedia.com,AVAILABILITY,domains.list,domains.list,2001-08-29 01:54:26.819940,127761e9c642bb72a668b975
a1731.casalemedia.com,AVAILABILITY,domains.list,domains.list,2001-08-29 01:54:27.028046,127761e9c642bb72a668b975
a174.casalemedia.com,AVAILABILITY,domains.list,domains.list,2001-08-29 01:54:27.241348,127761e9c642bb72a668b975
a1740.casalemedia.com,AVAILABILITY,domains.list,domains.list,2001-08-29 01:54:27.442091,127761e9c642bb72a668b975
a1741.casalemedia.com,AVAILABILITY,domains.list,domains.list,2001-08-29 01:54:27.638805,127761e9c642bb72a668b975
a17424.actonsoftware.com,AVAILABILITY,domains.list,domains.list,2001-08-29 01:54:27.839599,127761e9c642bb72a668b975
a175.casalemedia.com,AVAILABILITY,domains.list,domains.list,2001-08-29 01:54:28.040011,127761e9c642bb72a668b975
a176.casalemedia.com,AVAILABILITY,domains.list,domains.list,2001-08-29 01:54:28.241399,127761e9c642bb72a668b975
a1760.casalemedia.com,AVAILABILITY,domains.list,domains.list,2001-08-29 01:54:28.444616,127761e9c642bb72a668b975
a1761.casalemedia.com,AVAILABILITY,domains.list,domains.list,2001-08-29 01:54:28.644767,127761e9c642bb72a668b975
a177.casalemedia.com,AVAILABILITY,domains.list,domains.list,2001-08-29 01:54:28.850927,127761e9c642bb72a668b975
a1770.casalemedia.com,AVAILABILITY,domains.list,domains.list,2001-08-29 01:54:29.052690,127761e9c642bb72a668b975
a178.casalemedia.com,AVAILABILITY,domains.list,domains.list,2001-08-29 01:54:29.258296,127761e9c642bb72a668b975
a1780.casalemedia.com,AVAILABILITY,domains.list,domains.list,2001-08-29 01:54:29.457672,127761e9c642bb72a668b975
a1781.casalemedia.com,AVAILABILITY,domains.list,domains.list,2001-08-29 01:54:29.652908,127761e9c642bb72a668b975
a179.casalemedia.com,AVAILABILITY,domains.list,domains.list,2001-08-29 01:54:29.853741,127761e9c642bb72a668b975
a1790.casalemedia.com,AVAILABILITY,domains.list,domains.list,2001-08-29 01:54:30.057114,127761e9c642bb72a668b975
a1791.casalemedia.com,AVAILABILITY,domains.list,domains.list,2001-08-29 01:54:30.249947,127761e9c642bb72a668b975
a17958.actonsoftware.com,AVAILABILITY,domains.list,domains.list,2001-08-29 01:54:30.453329,127761e9c642bb72a668b975
a17960.actonsoftware.com,AVAILABILITY,domains.list,domains.list,2001-08-29 01:54:30.656505,127761e9c642bb72a668b975
a17967.actonsoftware.com,AVAILABILITY,domains.list,domains.list,2001-08-29 01:54:30.852496,127761e9c642bb72a668b975
a180.casalemedia.com,AVAILABILITY,domains.list,domains.list,2001-08-29 01:54:31.060834,127761e9c642bb72a668b975
a1800.casalemedia.com,AVAILABILITY,domains.list,domains.list,2001-08-29 01:54:31.265019,127761e9c642bb72a668b975
a1801.casalemedia.com,AVAILABILITY,domains.list,domains.list,2001-08-29 01:54:31.466328,127761e9c642bb72a668b975
a18010.actonsoftware.com,AVAILABILITY,domains.list,domains.list,2001-08-29 01:54:31.671394,127761e9c642bb72a668b975
a18075.actonsoftware.com,AVAILABILITY,domains.list,domains.list,2001-08-29 01:54:31.870613,127761e9c642bb72a668b975
a181.casalemedia.com,AVAILABILITY,domains.list,domains.list,2001-08-29 01:54:32.076368,127761e9c642bb72a668b975
a1810.casalemedia.com,AVAILABILITY,domains.list,domains.list,2001-08-29 01:54:32.274626,127761e9c642bb72a668b975
a18101.actonsoftware.com,AVAILABILITY,domains.list,domains.list,2001-08-29 01:54:32.474755,127761e9c642bb72a668b975
a18104.actonsoftware.com,AVAILABILITY,domains.list,domains.list,2001-08-29 01:54:32.681616,127761e9c642bb72a668b975
a1811.casalemedia.com,AVAILABILITY,domains.list,domains.list,2001-08-29 01:54:32.890315,127761e9c642bb72a668b975
a18123.actonsoftware.com,AVAILABILITY,domains.list,domains.list,2001-08-29 01:54:33.099255,127761e9c642bb72a668b975
a18191.actonsoftware.com,AVAILABILITY,domains.list,domains.list,2001-08-29 01:54:33.298958,127761e9c642bb72a668b975
a182.casalemedia.com,AVAILABILITY,domains.list,domains.list,2001-08-29 01:54:33.499360,127761e9c642bb72a668b975
a1820.casalemedia.com,AVAILABILITY,domains.list,domains.list,2001-08-29 01:54:33.704526,127761e9c642bb72a668b975
a18208.actonsoftware.com,AVAILABILITY,domains.list,domains.list,2001-08-29 01:54:33.903242,127761e9c642bb72a668b975
a18209.actonsoftware.com,AVAILABILITY,domains.list,domains.list,2001-08-29 01:54:34.107540,127761e9c642bb72a668b975
a18211.actonsoftware.com,AVAILABILITY,domains.list,domains.list,2001-08-29 01:54:34.309051,127761e9c642bb72a668b975
a18216.actonsoftware.com,AVAILABILITY,domains.list,domains.list,2001-08-29 01:54:34.511119,127761e9c642bb72a668b975
a18226.actonsoftware.com,AVAILABILITY,domains.list,domains.list,2001-08-29 01:54:34.713929,127761e9c642bb72a668b975
a18227.actonsoftware.com,AVAILABILITY,domains.list,domains.list,2001-08-29 01:54:34.916983,127761e9c642bb72a668b975
a18235.actonsoftware.com,AVAILABILITY,domains.list,domains.list,2001-08-29 01:54:35.122799,127761e9c642bb72a668b975
a18244.actonsoftware.com,AVAILABILITY,domains.list,domains.list,2001-08-29 01:54:35.326451,127761e9c642bb72a668b975
a18245.actonsoftware.com,AVAILABILITY,domains.list,domains.list,2001-08-29 01:54:35.535683,127761e9c642bb72a668b975
a18257.actonsoftware.com,AVAILABILITY,domains.list,domains.list,2001-08-29 01:54:35.739596,127761e9c642bb72a668b975
a18294.actonsoftware.com,AVAILABILITY,domains.list,domains.list,2001-08-29 01:54:35.939200,127761e9c642bb72a668b975
a183.casalemedia.com,AVAILABILITY,domains.list,domains.list,2001-08-29 01:54:36.136555,127761e9c642bb72a668b975
a1830.casalemedia.com,AVAILABILITY,domains.list,domains.list,2001-08-29 01:54:36.339792,127761e9c642bb72a668b975
a1831.casalemedia.com,AVAILABILITY,domains.list,domains.list,2001-08-29 01:54:36.545096,127761e9c642bb72a668b975
a18341.actonsoftware.com,AVAILABILITY,domains.list,domains.list,2001-08-29 01:54:36.752629,127761e9c642bb72a668b975
a18362.actonsoftware.com,AVAILABILITY,domains.list,domains.list,2001-08-29 01:54:36.961863,127761e9c642bb72a668b975
a18370.actonsoftware.com,AVAILABILITY,domains.list,domains.list,2001-08-29 01:54:37.172444,127761e9c642bb72a668b975
a1839.casalemedia.com,AVAILABILITY,domains.list,domains.list,2001-08-29 01:54:37.376983,127761e9c642bb72a668b975
a184.casalemedia.com,AVAILABILITY,domains.list,domains.list,2001-08-29 01:54:37.586862,127761e9c642bb72a668b975
a1840.casalemedia.com,AVAILABILITY,domains.list,domains.list,2001-08-29 01:54:37.790040,127761e9c642bb72a668b975
a18402.actonsoftware.com,AVAILABILITY,domains.list,domains.list,2001-08-29 01:54:37.996337,127761e9c642bb72a668b975
a1841.casalemedia.com,AVAILABILITY,domains.list,domains.list,2001-08-29 01:54:38.199559,127761e9c642bb72a668b975
a18426.actonsoftware.com,AVAILABILITY,domains.list,domains.list,2001-08-29 01:54:38.403770,127761e9c642bb72a668b975
a18427.actonsoftware.com,AVAILABILITY,domains.list,domains.list,2001-08-29 01:54:38.615982,127761e9c642bb72a668b975
a18431.actonsoftware.com,AVAILABILITY,domains.list,domains.list,2001-08-29 01:54:38.824160,127761e9c642bb72a668b975
a18454.actonsoftware.com,AVAILABILITY,domains.list,domains.list,2001-08-29 01:54:39.029412,127761e9c642bb72a668b975
a18463.actonsoftware.com,AVAILABILITY,domains.list,domains.list,2001-08-29 01:54:39.232006,127761e9c642bb72a668b975
a18467.actonsoftware.com,AVAILABILITY,domains.list,domains.list,2001-08-29 01:54:39.435823,127761e9c642bb72a668b975
a18480.actonsoftware.com,AVAILABILITY,domains.list,domains.list,2001-08-29 01:54:39.647192,127761e9c642bb72a668b975
a18489.actonsoftware.com,AVAILABILITY,domains.list,domains.list,2001-08-29 01:54:39.848172,127761e9c642bb72a668b975
a185.casalemedia.com,AVAILABILITY,domains.list,domains.list,2001-08-29 01:54:40.046463,127761e9c642bb72a668b975
a1851.casalemedia.com,AVAILABILITY,domains.list,domains.list,2001-08-29 01:54:40.247061,127761e9c642bb72a668b975
a18524.actonsoftware.com,AVAILABILITY,domains.list,domains.list,2001-08-29 01:54:40.442602,127761e9c642bb72a668b975
a18529.actonsoftware.com,AVAILABILITY,domains.list,domains.list,2001-08-29 01:54:40.650591,127761e9c642bb72a668b975
a18558.actonsoftware.com,AVAILABILITY,domains.list,domains.list,2001-08-29 01:54:40.857348,127761e9c642bb72a668b975
a18559.actonsoftware.com,AVAILABILITY,domains.list,domains.list,2001-08-29 01:54:41.054027,127761e9c642bb72a668b975
a18589.actonsoftware.com,AVAILABILITY,domains.list,domains.list,2001-08-29 01:54:41.262799,127761e9c642bb72a668b975
a18598.actonsoftware.com,AVAILABILITY,domains.list,domains.list,2001-08-29 01:54:41.472851,127761e9c642bb72a668b975
a18599.actonsoftware.com,AVAILABILITY,domains.list,domains.list,2001-08-29 01:54:41.692482,127761e9c642bb72a668b975
a186.casalemedia.com,AVAILABILITY,domains.list,domains.list,2001-08-29 01:54:41.902678,127761e9c642bb72a668b975
a1860.casalemedia.com,AVAILABILITY,domains.list,domains.list,2001-08-29 01:54:42.114173,127761e9c642bb72a668b975
a1861.casalemedia.com,AVAILABILITY,domains.list,domains.list,2001-08-29 01:54:42.312306,127761e9c642bb72a668b975
a18632.actonsoftware.com,AVAILABILITY,domains.list,domains.list,2001-08-29 01:54:42.516327,127761e9c642bb72a668b975
a18668.actonsoftware.com,AVAILABILITY,domains.list,domains.list,2001-08-29 01:54:42.717659,127761e9c642bb72a668b975
a187.casalemedia.com,AVAILABILITY,domains.list,domains.list,2001-08-29 01:54:42.923933,127761e9c642bb72a668b975
a1870.casalemedia.com,AVAILABILITY,domains.list,domains.list,2001-08-29 01:54:43.129852,127761e9c642bb72a668b975
a1871.casalemedia.com,AVAILABILITY,domains.list,domains.list,2001-08-29 01:54:43.333533,127761e9c642bb72a668b975
a18716.actonsoftware.com,AVAILABILITY,domains.list,domains.list,2001-08-29 01:54:43.532663,127761e9c642bb72a668b975
a18723.actonsoftware.com,AVAILABILITY,domains.list,domains.list,2001-08-29 01:54:43.735797,127761e9c642bb72a668b975
a18748.actonsoftware.com,AVAILABILITY,domains.list,domains.list,2001-08-29 01:54:43.942446,127761e9c642bb72a668b975
a18749.actonsoftware.com,AVAILABILITY,domains.list,domains.list,2001-08-29 01:54:44.151801,127761e9c642bb72a668b975
a18752.actonsoftware.com,AVAILABILITY,domains.list,domains.list,2001-08-29 01:54:44.350524,127761e9c642bb72a668b975
a1876.actonsoftware.com,AVAILABILITY,domains.list,domains.list,2001-08-29 01:54:44.548264,127761e9c642bb72a668b975
a18783.actonsoftware.com,AVAILABILITY,domains.list,domains.list,2001-08-29 01:54:44.753553,127761e9c642bb72a668b975
a18785.actonsoftware.com,AVAILABILITY,domains.list,domains.list,2001-08-29 01:54:44.957832,127761e9c642bb72a668b975
a18788.actonsoftware.com,AVAILABILITY,domains.list,domains.list,2001-08-29 01:54:45.159892,127761e9c642bb72a668b975
a188.casalemedia.com,AVAILABILITY,domains.list,domains.list,2001-08-29 01:54:45.367134,127761e9c642bb72a668b975
a1880.casalemedia.com,AVAILABILITY,domains.list,domains.list,2001-08-29 01:54:45.570807,127761e9c642bb72a668b975
a1881.casalemedia.com,AVAILABILITY,domains.list,domains.list,2001-08-29 01:54:45.770125,127761e9c642bb72a668b975
a18823.actonsoftware.com,AVAILABILITY,domains.list,domains.list,2001-08-29 01:54:45.980261,127761e9c642bb72a668b975
a18863.actonsoftware.com,AVAILABILITY,domains.list,domains.list,2001-08-29 01:54:46.185397,127761e9c642bb72a668b975
a189.casalemedia.com,AVAILABILITY,domains.list,domains.list,2001-08-29 01:54:46.385971,127761e9c642bb72a668b975
a1890.casalemedia.com,AVAILABILITY,domains.list,domains.list,2001-08-29 01:54:46.589955,127761e9c642bb72a668b975
a1891.casalemedia.com,AVAILABILITY,domains.list,domains.list,2001-08-29 01:54:46.793310,127761e9c642bb72a668b975
a18947.actonsoftware.com,AVAILABILITY,domains.list,domains.list,2001-08-29 01:54:47.003216,127761e9c642bb72a668b975
a18954.actonsoftware.com,AVAILABILITY,domains.list,domains.list,2001-08-29 01:54:47.213764,127761e9c642bb72a668b975
a18971.actonsoftware.com,AVAILABILITY,domains.list,domains.list,2001-08-29 01:54:47.421913,127761e9c642bb72a668b975
a190.casalemedia.com,AVAILABILITY,domains.list,domains.list,2001-08-29 01:54:47.627101,127761e9c642bb72a668b975
a1900.casalemedia.com,AVAILABILITY,domains.list,domains.list,2001-08-29 01:54:47.827008,127761e9c642bb72a668b975
a19007.actonsoftware.com,AVAILABILITY,domains.list,domains.list,2001-08-29 01:54:48.036459,127761e9c642bb72a668b975
a1901.casalemedia.com,AVAILABILITY,domains.list,domains.list,2001-08-29 01:54:48.236500,127761e9c642bb72a668b975
a19017.actonsoftware.com,AVAILABILITY,domains.list,domains.list,2001-08-29 01:54:48.426799,127761e9c642bb72a668b975
a19021.actonsoftware.com,AVAILABILITY,domains.list,domains.list,2001-08-29 01:54:48.631156,127761e9c642bb72a668b975
a19049.actonsoftware.com,AVAILABILITY,domains.list,domains.list,2001-08-29 01:54:48.829830,127761e9c642bb72a668b975
a19051.actonsoftware.com,AVAILABILITY,domains.list,domains.list,2001-08-29 01:54:49.026646,127761e9c642bb72a668b975
a191.casalemedia.com,AVAILABILITY,domains.list,domains.list,2001-08-29 01:54:49.227437,127761e9c642bb72a668b975
a1910.casalemedia.com,AVAILABILITY,domains.list,domains.list,2001-08-29 01:54:49.433624,127761e9c642bb72a668b975
a1911.casalemedia.com,AVAILABILITY,domains.list,domains.list,2001-08-29 01:54:49.629521,127761e9c642bb72a668b975
a19111.actonsoftware.com,AVAILABILITY,domains.list,domains.list,2001-08-29 01:54:49.822792,127761e9c642bb72a668b975
a19157.actonsoftware.com,AVAILABILITY,domains.list,domains.list,2001-08-29 01:54:50.025509,127761e9c642bb72a668b975
a192.casalemedia.com,AVAILABILITY,domains.list,domains.list,2001-08-29 01:54:50.234211,127761e9c642bb72a668b975
a1920.casalemedia.com,AVAILABILITY,domains.list,domains.list,2001-08-29 01:54:50.436320,127761e9c642bb72a668b975
a1921.casalemedia.com,AVAILABILITY,domains.list,domains.list,2001-08-29 01:54:50.641364,127761e9c642bb72a668b975
