{
    "counter": {
        "ACTIVE": 32123,
        "INACTIVE": 559,
        "INVALID": 0,
        "MALICIOUS": 0,
        "SANE": 0,
        "VALID": 0,
        "total": 32682
    },
    "percentage": {
        "ACTIVE": 98.2895783611774,
        "INACTIVE": 1.7182553099929303,
        "INVALID": 0,
        "MALICIOUS": 0,
        "SANE": 0,
        "VALID": 0,
        "total": 100.00783367117033
    }
}