{
    "counter": {
        "ACTIVE": 23606,
        "INACTIVE": 102,
        "INVALID": 0,
        "MALICIOUS": 0,
        "SANE": 0,
        "VALID": 0,
        "total": 23708
    },
    "percentage": {
        "ACTIVE": 99.56976548000675,
        "INACTIVE": 0.4319288587762016,
        "INVALID": 0,
        "MALICIOUS": 0,
        "SANE": 0,
        "VALID": 0,
        "total": 100.00169433878295
    }
}