{
    "counter": {
        "ACTIVE": 32484,
        "INACTIVE": 165,
        "INVALID": 0,
        "MALICIOUS": 0,
        "SANE": 0,
        "VALID": 0,
        "total": 32649
    },
    "percentage": {
        "ACTIVE": 99.49462464394009,
        "INACTIVE": 0.5083649135779646,
        "INVALID": 0,
        "MALICIOUS": 0,
        "SANE": 0,
        "VALID": 0,
        "total": 100.00298955751805
    }
}