{
    "counter": {
        "ACTIVE": 360,
        "INACTIVE": 1,
        "INVALID": 0,
        "MALICIOUS": 0,
        "SANE": 0,
        "VALID": 0,
        "total": 361
    },
    "percentage": {
        "ACTIVE": 99.7229916897507,
        "INACTIVE": 0.3225806451612903,
        "INVALID": 0,
        "MALICIOUS": 0,
        "SANE": 0,
        "VALID": 0,
        "total": 100.045572334912
    }
}