{
    "counter": {
        "ACTIVE": 17311,
        "INACTIVE": 82,
        "INVALID": 0,
        "MALICIOUS": 0,
        "SANE": 0,
        "VALID": 0,
        "total": 17393
    },
    "percentage": {
        "ACTIVE": 99.52854596676823,
        "INACTIVE": 0.4741528853937782,
        "INVALID": 0,
        "MALICIOUS": 0,
        "SANE": 0,
        "VALID": 0,
        "total": 100.00269885216201
    }
}