{
    "counter": {
        "ACTIVE": 19878,
        "INACTIVE": 108,
        "INVALID": 0,
        "MALICIOUS": 0,
        "SANE": 0,
        "VALID": 0,
        "total": 19986
    },
    "percentage": {
        "ACTIVE": 99.45962173521465,
        "INACTIVE": 0.5478618170750267,
        "INVALID": 0,
        "MALICIOUS": 0,
        "SANE": 0,
        "VALID": 0,
        "total": 100.00748355228968
    }
}