{
    "counter": {
        "ACTIVE": 24084,
        "INACTIVE": 383,
        "INVALID": 0,
        "MALICIOUS": 0,
        "SANE": 0,
        "VALID": 0,
        "total": 24467
    },
    "percentage": {
        "ACTIVE": 98.43462623125025,
        "INACTIVE": 1.5654377503474208,
        "INVALID": 0,
        "MALICIOUS": 0,
        "SANE": 0,
        "VALID": 0,
        "total": 100.00006398159766
    }
}