{
    "counter": {
        "ACTIVE": 5802,
        "INACTIVE": 13,
        "INVALID": 0,
        "MALICIOUS": 0,
        "SANE": 0,
        "VALID": 0,
        "total": 5815
    },
    "percentage": {
        "ACTIVE": 99.77644024075667,
        "INACTIVE": 0.22398345968297725,
        "INVALID": 0,
        "MALICIOUS": 0,
        "SANE": 0,
        "VALID": 0,
        "total": 100.00042370043965
    }
}