{
    "counter": {
        "ACTIVE": 16520,
        "INACTIVE": 71,
        "INVALID": 0,
        "MALICIOUS": 0,
        "SANE": 0,
        "VALID": 0,
        "total": 16591
    },
    "percentage": {
        "ACTIVE": 99.57205713941293,
        "INACTIVE": 0.4291326684799033,
        "INVALID": 0,
        "MALICIOUS": 0,
        "SANE": 0,
        "VALID": 0,
        "total": 100.00118980789284
    }
}