{
    "counter": {
        "ACTIVE": 24005,
        "INACTIVE": 124,
        "INVALID": 0,
        "MALICIOUS": 0,
        "SANE": 0,
        "VALID": 0,
        "total": 24129
    },
    "percentage": {
        "ACTIVE": 99.48609556964648,
        "INACTIVE": 0.5144374377696648,
        "INVALID": 0,
        "MALICIOUS": 0,
        "SANE": 0,
        "VALID": 0,
        "total": 100.00053300741614
    }
}