{
    "counter": {
        "ACTIVE": 23089,
        "INACTIVE": 361,
        "INVALID": 0,
        "MALICIOUS": 0,
        "SANE": 0,
        "VALID": 0,
        "total": 23450
    },
    "percentage": {
        "ACTIVE": 98.46055437100213,
        "INACTIVE": 1.5856283216936795,
        "INVALID": 0,
        "MALICIOUS": 0,
        "SANE": 0,
        "VALID": 0,
        "total": 100.04618269269581
    }
}