{
    "counter": {
        "ACTIVE": 18919,
        "INACTIVE": 80,
        "INVALID": 0,
        "MALICIOUS": 0,
        "SANE": 0,
        "VALID": 0,
        "total": 18999
    },
    "percentage": {
        "ACTIVE": 99.57892520658982,
        "INACTIVE": 0.4266666666666667,
        "INVALID": 0,
        "MALICIOUS": 0,
        "SANE": 0,
        "VALID": 0,
        "total": 100.00559187325648
    }
}