{
    "counter": {
        "ACTIVE": 29756,
        "INACTIVE": 151,
        "INVALID": 0,
        "MALICIOUS": 0,
        "SANE": 0,
        "VALID": 0,
        "total": 29907
    },
    "percentage": {
        "ACTIVE": 99.49510148125857,
        "INACTIVE": 0.5107045016403423,
        "INVALID": 0,
        "MALICIOUS": 0,
        "SANE": 0,
        "VALID": 0,
        "total": 100.00580598289892
    }
}