{
    "counter": {
        "ACTIVE": 11058,
        "INACTIVE": 57,
        "INVALID": 0,
        "MALICIOUS": 0,
        "SANE": 0,
        "VALID": 0,
        "total": 11115
    },
    "percentage": {
        "ACTIVE": 99.48717948717949,
        "INACTIVE": 0.5246686303387335,
        "INVALID": 0,
        "MALICIOUS": 0,
        "SANE": 0,
        "VALID": 0,
        "total": 100.01184811751823
    }
}