{
    "counter": {
        "ACTIVE": 19041,
        "INACTIVE": 105,
        "INVALID": 0,
        "MALICIOUS": 0,
        "SANE": 0,
        "VALID": 0,
        "total": 19146
    },
    "percentage": {
        "ACTIVE": 99.45158257599499,
        "INACTIVE": 0.5533888478971224,
        "INVALID": 0,
        "MALICIOUS": 0,
        "SANE": 0,
        "VALID": 0,
        "total": 100.00497142389212
    }
}