{
    "counter": {
        "ACTIVE": 21043,
        "INACTIVE": 85,
        "INVALID": 0,
        "MALICIOUS": 0,
        "SANE": 0,
        "VALID": 0,
        "total": 21128
    },
    "percentage": {
        "ACTIVE": 99.59769026883757,
        "INACTIVE": 0.4056698324822221,
        "INVALID": 0,
        "MALICIOUS": 0,
        "SANE": 0,
        "VALID": 0,
        "total": 100.00336010131979
    }
}