{
    "counter": {
        "ACTIVE": 32431,
        "INACTIVE": 142,
        "INVALID": 0,
        "MALICIOUS": 0,
        "SANE": 0,
        "VALID": 0,
        "total": 32573
    },
    "percentage": {
        "ACTIVE": 99.56405612009947,
        "INACTIVE": 0.4395740465577018,
        "INVALID": 0,
        "MALICIOUS": 0,
        "SANE": 0,
        "VALID": 0,
        "total": 100.00363016665716
    }
}