{
    "counter": {
        "ACTIVE": 32220,
        "INACTIVE": 559,
        "INVALID": 0,
        "MALICIOUS": 0,
        "SANE": 0,
        "VALID": 0,
        "total": 32779
    },
    "percentage": {
        "ACTIVE": 98.29463986088655,
        "INACTIVE": 1.7182553099929303,
        "INVALID": 0,
        "MALICIOUS": 0,
        "SANE": 0,
        "VALID": 0,
        "total": 100.01289517087947
    }
}