{
    "counter": {
        "ACTIVE": 32503,
        "INACTIVE": 161,
        "INVALID": 0,
        "MALICIOUS": 0,
        "SANE": 0,
        "VALID": 0,
        "total": 32664
    },
    "percentage": {
        "ACTIVE": 99.50710262062209,
        "INACTIVE": 0.5067992948879375,
        "INVALID": 0,
        "MALICIOUS": 0,
        "SANE": 0,
        "VALID": 0,
        "total": 100.01390191551003
    }
}