{
    "counter": {
        "ACTIVE": 32513,
        "INACTIVE": 149,
        "INVALID": 0,
        "MALICIOUS": 0,
        "SANE": 0,
        "VALID": 0,
        "total": 32662
    },
    "percentage": {
        "ACTIVE": 99.5438123813606,
        "INACTIVE": 0.4697203745153053,
        "INVALID": 0,
        "MALICIOUS": 0,
        "SANE": 0,
        "VALID": 0,
        "total": 100.0135327558759
    }
}