{
    "counter": {
        "ACTIVE": 6444,
        "INACTIVE": 15,
        "INVALID": 0,
        "MALICIOUS": 0,
        "SANE": 0,
        "VALID": 0,
        "total": 6459
    },
    "percentage": {
        "ACTIVE": 99.7677659080353,
        "INACTIVE": 0.2401921537229784,
        "INVALID": 0,
        "MALICIOUS": 0,
        "SANE": 0,
        "VALID": 0,
        "total": 100.00795806175827
    }
}