{
    "counter": {
        "ACTIVE": 19262,
        "INACTIVE": 105,
        "INVALID": 0,
        "MALICIOUS": 0,
        "SANE": 0,
        "VALID": 0,
        "total": 19367
    },
    "percentage": {
        "ACTIVE": 99.45784065678731,
        "INACTIVE": 0.5533888478971224,
        "INVALID": 0,
        "MALICIOUS": 0,
        "SANE": 0,
        "VALID": 0,
        "total": 100.01122950468444
    }
}