{
    "counter": {
        "ACTIVE": 27259,
        "INACTIVE": 138,
        "INVALID": 0,
        "MALICIOUS": 0,
        "SANE": 0,
        "VALID": 0,
        "total": 27397
    },
    "percentage": {
        "ACTIVE": 99.49629521480455,
        "INACTIVE": 0.533828478588836,
        "INVALID": 0,
        "MALICIOUS": 0,
        "SANE": 0,
        "VALID": 0,
        "total": 100.03012369339338
    }
}