{
    "counter": {
        "ACTIVE": 31125,
        "INACTIVE": 142,
        "INVALID": 0,
        "MALICIOUS": 0,
        "SANE": 0,
        "VALID": 0,
        "total": 31267
    },
    "percentage": {
        "ACTIVE": 99.5458470591998,
        "INACTIVE": 0.45754792975672626,
        "INVALID": 0,
        "MALICIOUS": 0,
        "SANE": 0,
        "VALID": 0,
        "total": 100.00339498895653
    }
}