{
    "counter": {
        "ACTIVE": 21115,
        "INACTIVE": 108,
        "INVALID": 0,
        "MALICIOUS": 0,
        "SANE": 0,
        "VALID": 0,
        "total": 21223
    },
    "percentage": {
        "ACTIVE": 99.4911181265608,
        "INACTIVE": 0.513210416270671,
        "INVALID": 0,
        "MALICIOUS": 0,
        "SANE": 0,
        "VALID": 0,
        "total": 100.00432854283147
    }
}