{
    "counter": {
        "ACTIVE": 22832,
        "INACTIVE": 95,
        "INVALID": 0,
        "MALICIOUS": 0,
        "SANE": 0,
        "VALID": 0,
        "total": 22927
    },
    "percentage": {
        "ACTIVE": 99.58564138352162,
        "INACTIVE": 0.42456203074722915,
        "INVALID": 0,
        "MALICIOUS": 0,
        "SANE": 0,
        "VALID": 0,
        "total": 100.01020341426884
    }
}