{
    "counter": {
        "ACTIVE": 26089,
        "INACTIVE": 116,
        "INVALID": 0,
        "MALICIOUS": 0,
        "SANE": 0,
        "VALID": 0,
        "total": 26205
    },
    "percentage": {
        "ACTIVE": 99.55733638618584,
        "INACTIVE": 0.4556166535742341,
        "INVALID": 0,
        "MALICIOUS": 0,
        "SANE": 0,
        "VALID": 0,
        "total": 100.01295303976008
    }
}