{
    "counter": {
        "ACTIVE": 29393,
        "INACTIVE": 139,
        "INVALID": 0,
        "MALICIOUS": 0,
        "SANE": 0,
        "VALID": 0,
        "total": 29532
    },
    "percentage": {
        "ACTIVE": 99.52932412298523,
        "INACTIVE": 0.47369138495092694,
        "INVALID": 0,
        "MALICIOUS": 0,
        "SANE": 0,
        "VALID": 0,
        "total": 100.00301550793615
    }
}