{
    "counter": {
        "ACTIVE": 21054,
        "INACTIVE": 110,
        "INVALID": 0,
        "MALICIOUS": 0,
        "SANE": 0,
        "VALID": 0,
        "total": 21164
    },
    "percentage": {
        "ACTIVE": 99.48024948024948,
        "INACTIVE": 0.5443388756927949,
        "INVALID": 0,
        "MALICIOUS": 0,
        "SANE": 0,
        "VALID": 0,
        "total": 100.02458835594229
    }
}