{
    "counter": {
        "ACTIVE": 2980,
        "INACTIVE": 8,
        "INVALID": 0,
        "MALICIOUS": 0,
        "SANE": 0,
        "VALID": 0,
        "total": 2988
    },
    "percentage": {
        "ACTIVE": 99.73226238286479,
        "INACTIVE": 0.30983733539891556,
        "INVALID": 0,
        "MALICIOUS": 0,
        "SANE": 0,
        "VALID": 0,
        "total": 100.0420997182637
    }
}