{
    "counter": {
        "ACTIVE": 16180,
        "INACTIVE": 265,
        "INVALID": 0,
        "MALICIOUS": 0,
        "SANE": 0,
        "VALID": 0,
        "total": 16445
    },
    "percentage": {
        "ACTIVE": 98.38856795378534,
        "INACTIVE": 1.6173329264571255,
        "INVALID": 0,
        "MALICIOUS": 0,
        "SANE": 0,
        "VALID": 0,
        "total": 100.00590088024246
    }
}