{
    "counter": {
        "ACTIVE": 11585,
        "INACTIVE": 65,
        "INVALID": 0,
        "MALICIOUS": 0,
        "SANE": 0,
        "VALID": 0,
        "total": 11650
    },
    "percentage": {
        "ACTIVE": 99.44206008583691,
        "INACTIVE": 0.5746110325318247,
        "INVALID": 0,
        "MALICIOUS": 0,
        "SANE": 0,
        "VALID": 0,
        "total": 100.01667111836873
    }
}