{
    "counter": {
        "ACTIVE": 19365,
        "INACTIVE": 107,
        "INVALID": 0,
        "MALICIOUS": 0,
        "SANE": 0,
        "VALID": 0,
        "total": 19472
    },
    "percentage": {
        "ACTIVE": 99.45049301561217,
        "INACTIVE": 0.5580182529335072,
        "INVALID": 0,
        "MALICIOUS": 0,
        "SANE": 0,
        "VALID": 0,
        "total": 100.00851126854567
    }
}