{
    "counter": {
        "ACTIVE": 8995,
        "INACTIVE": 55,
        "INVALID": 0,
        "MALICIOUS": 0,
        "SANE": 0,
        "VALID": 0,
        "total": 9050
    },
    "percentage": {
        "ACTIVE": 99.39226519337016,
        "INACTIVE": 0.6102973812694186,
        "INVALID": 0,
        "MALICIOUS": 0,
        "SANE": 0,
        "VALID": 0,
        "total": 100.00256257463958
    }
}