{
    "counter": {
        "ACTIVE": 27650,
        "INACTIVE": 130,
        "INVALID": 0,
        "MALICIOUS": 0,
        "SANE": 0,
        "VALID": 0,
        "total": 27780
    },
    "percentage": {
        "ACTIVE": 99.53203743700504,
        "INACTIVE": 0.46917857658437995,
        "INVALID": 0,
        "MALICIOUS": 0,
        "SANE": 0,
        "VALID": 0,
        "total": 100.00121601358943
    }
}