{
    "counter": {
        "ACTIVE": 21303,
        "INACTIVE": 103,
        "INVALID": 0,
        "MALICIOUS": 0,
        "SANE": 0,
        "VALID": 0,
        "total": 21406
    },
    "percentage": {
        "ACTIVE": 99.51882649724377,
        "INACTIVE": 0.4894739343249537,
        "INVALID": 0,
        "MALICIOUS": 0,
        "SANE": 0,
        "VALID": 0,
        "total": 100.00830043156871
    }
}