idna_subject,checker_type,destination,tested_at
cad.adsame.com,AVAILABILITY,domains.list,2021-09-21 05:21:38.641011
calculf01.adlooxtracking.com,AVAILABILITY,domains.list,2021-09-21 05:21:39.869483
calculf02.adlooxtracking.com,AVAILABILITY,domains.list,2021-09-21 05:21:40.911346
calculf03.adlooxtracking.com,AVAILABILITY,domains.list,2021-09-21 05:21:41.845685
calculf04.adlooxtracking.com,AVAILABILITY,domains.list,2021-09-21 05:21:43.365490
calculf05.adlooxtracking.com,AVAILABILITY,domains.list,2021-09-21 05:21:44.563983
calculf06.adlooxtracking.com,AVAILABILITY,domains.list,2021-09-21 05:21:45.546470
calculf07.adlooxtracking.com,AVAILABILITY,domains.list,2021-09-21 05:21:46.669831
calculf08.adlooxtracking.com,AVAILABILITY,domains.list,2021-09-21 05:21:47.741104
calculf09.adlooxtracking.com,AVAILABILITY,domains.list,2021-09-21 05:21:48.724667
calculr01.adlooxtracking.com,AVAILABILITY,domains.list,2021-09-21 05:21:49.631767
calculr02.adlooxtracking.com,AVAILABILITY,domains.list,2021-09-21 05:21:50.659625
calculf10.adlooxtracking.com,AVAILABILITY,domains.list,2021-09-21 05:21:51.571885
calculr03.adlooxtracking.com,AVAILABILITY,domains.list,2021-09-21 05:21:52.671438
californiaclosets.adlegend.com,AVAILABILITY,domains.list,2021-09-21 05:21:53.507339
calltoadagency.go2affise.com,AVAILABILITY,domains.list,2021-09-21 05:21:54.377879
calvinklein.adlegend.com,AVAILABILITY,domains.list,2021-09-21 05:21:55.259340
calvinklein.btttag.com,AVAILABILITY,domains.list,2021-09-21 05:21:56.074427
camarasa.marfeel.com,AVAILABILITY,domains.list,2021-09-21 05:21:57.037410
camp.spotad.co,AVAILABILITY,domains.list,2021-09-21 05:21:57.917022
campaign-assets.voodoo-ads.io,AVAILABILITY,domains.list,2021-09-21 05:21:58.783847
campaigns.teads.tv,AVAILABILITY,domains.list,2021-09-21 05:21:59.661082
canada.adlooxtracking.com,AVAILABILITY,domains.list,2021-09-21 05:22:00.755211
ca.intentmedia.net,AVAILABILITY,domains.list,2021-09-21 05:22:11.959855
candarmer.info,AVAILABILITY,domains.list,2021-09-21 05:22:13.151748
candybanana-videogames.t.domdex.com,AVAILABILITY,domains.list,2021-09-21 05:22:13.979689
candyadz.g2afse.com,AVAILABILITY,domains.list,2021-09-21 05:22:14.792790
capitalone.btttag.com,AVAILABILITY,domains.list,2021-09-21 05:22:15.669957
captivau.g2afse.com,AVAILABILITY,domains.list,2021-09-21 05:22:16.531817
captivau.go2affise.com,AVAILABILITY,domains.list,2021-09-21 05:22:17.502032
captive-web.t.domdex.com,AVAILABILITY,domains.list,2021-09-21 05:22:18.457662
caradisiac-sb-ams.adtech.de,AVAILABILITY,domains.list,2021-09-21 05:22:19.971329
caradisiac-sb-fra.adtech.de,AVAILABILITY,domains.list,2021-09-21 05:22:20.725569
carbuzz.t.domdex.com,AVAILABILITY,domains.list,2021-09-21 05:22:21.586063
car-domain.t.domdex.com,AVAILABILITY,domains.list,2021-09-21 05:22:22.590986
careerbliss-careers.t.domdex.com,AVAILABILITY,domains.list,2021-09-21 05:22:23.506135
careerbuilderca.sl.advertising.com,AVAILABILITY,domains.list,2021-09-21 05:22:24.450624
careerbuilder.sl.advertising.com,AVAILABILITY,domains.list,2021-09-21 05:22:25.324570
carhartt.btttag.com,AVAILABILITY,domains.list,2021-09-21 05:22:26.201644
carmax.adlegend.com,AVAILABILITY,domains.list,2021-09-21 05:22:27.147519
car-newcarscom.t.domdex.com,AVAILABILITY,domains.list,2021-09-21 05:22:28.092268
carroll.datafirst.io,AVAILABILITY,domains.list,2021-09-21 05:22:40.704624
cars-auto.t.domdex.com,AVAILABILITY,domains.list,2021-09-21 05:22:41.791153
cars-autocom.t.domdex.com,AVAILABILITY,domains.list,2021-09-21 05:22:42.774215
cas.be.eu.criteo.com,AVAILABILITY,domains.list,2021-09-21 05:22:44.393897
cas.hk.cn.criteo.net,AVAILABILITY,domains.list,2021-09-21 05:22:45.838397
cas.hk.cn.criteo.com,AVAILABILITY,domains.list,2021-09-21 05:22:47.095757
cas.pxl.ace.advertising.com,AVAILABILITY,domains.list,2021-09-21 05:22:48.099116
cas.ny.us.criteo.com,AVAILABILITY,domains.list,2021-09-21 05:22:49.567300
cas.sh.cn.criteo.com,AVAILABILITY,domains.list,2021-09-21 05:22:50.764306
cas.sv.us.criteo.com,AVAILABILITY,domains.list,2021-09-21 05:22:51.830994
casestudies.applovin.com,AVAILABILITY,domains.list,2021-09-21 05:22:53.045089
cat.hk.cn.criteo.com,AVAILABILITY,domains.list,2021-09-21 05:22:54.263497
cat.hk.cn.criteo.net,AVAILABILITY,domains.list,2021-09-21 05:22:55.433577
cat.sv.us.criteo.com,AVAILABILITY,domains.list,2021-09-21 05:22:56.649330
cat.ny.us.criteo.com,AVAILABILITY,domains.list,2021-09-21 05:22:57.837428
cat.sh.cn.criteo.com,AVAILABILITY,domains.list,2021-09-21 05:22:58.698434
catalog.adgear.com,AVAILABILITY,domains.list,2021-09-21 05:22:59.646787
catalog.viglink.com,AVAILABILITY,domains.list,2021-09-21 05:23:00.672018
caw.be.eu.criteo.com,AVAILABILITY,domains.list,2021-09-21 05:23:01.798477
caw.criteo.com,AVAILABILITY,domains.list,2021-09-21 05:23:02.946016
caw.fr.eu.criteo.com,AVAILABILITY,domains.list,2021-09-21 05:23:04.211446
caw.brightroll.com,AVAILABILITY,domains.list,2021-09-21 05:23:13.441035
caw.jp.as.criteo.com,AVAILABILITY,domains.list,2021-09-21 05:23:14.699837
caw.nl.eu.criteo.com,AVAILABILITY,domains.list,2021-09-21 05:23:16.158634
caw.ny.us.criteo.com,AVAILABILITY,domains.list,2021-09-21 05:23:17.632571
caxton-d.openx.net,AVAILABILITY,domains.list,2021-09-21 05:23:18.691425
cb.17trk.com,AVAILABILITY,domains.list,2021-09-21 05:23:19.638320
caw.sv.us.criteo.com,AVAILABILITY,domains.list,2021-09-21 05:23:21.013965
cba.gbc.criteo.net,AVAILABILITY,domains.list,2021-09-21 05:23:22.438775
cbslocal.sl.advertising.com,AVAILABILITY,domains.list,2021-09-21 05:23:23.349965
cc.clickagy.com,AVAILABILITY,domains.list,2021-09-21 05:23:24.264987
ccde.events.marketo.com,AVAILABILITY,domains.list,2021-09-21 05:23:25.472549
cci-winners-ap-northeast-1-rtb.adroll.com,AVAILABILITY,domains.list,2021-09-21 05:23:26.267654
cci.adsrvr.org,AVAILABILITY,domains.list,2021-09-21 05:23:27.136629
c-cn.w.inmobi.com,AVAILABILITY,domains.list,2021-09-21 05:23:28.049904
cbtsleb.imrworldwide.com,AVAILABILITY,domains.list,2021-09-21 05:24:02.825427
cden.teads.tv,AVAILABILITY,domains.list,2021-09-21 05:24:03.726915
cdf.mouseflow.com,AVAILABILITY,domains.list,2021-09-21 05:24:04.791188
cd-lb.propellerads.com,AVAILABILITY,domains.list,2021-09-21 05:24:05.832537
cdm-d.openx.net,AVAILABILITY,domains.list,2021-09-21 05:24:06.864005
cdn0.fyber.com,AVAILABILITY,domains.list,2021-09-21 05:24:07.769844
cdn1.ctxt.tribalfusion.com,AVAILABILITY,domains.list,2021-09-21 05:24:08.638885
cdn1.fhits.xy,AVAILABILITY,domains.list,2021-09-21 05:24:09.501111
cdn1.fyber.com,AVAILABILITY,domains.list,2021-09-21 05:24:10.363767
cdn1.inspsearchapi.com,AVAILABILITY,domains.list,2021-09-21 05:24:11.254716
cdn1-us-ny.adhigh.net,AVAILABILITY,domains.list,2021-09-21 05:24:12.986516
cdn2.fyber.com,AVAILABILITY,domains.list,2021-09-21 05:24:13.804146
cdn2.cpmstar.com,AVAILABILITY,domains.list,2021-09-21 05:24:14.743550
cdn2.inspsearchapi.com,AVAILABILITY,domains.list,2021-09-21 05:24:15.700672
cdn2.media.net,AVAILABILITY,domains.list,2021-09-21 05:24:16.689741
cdn2.mxpnl.com,AVAILABILITY,domains.list,2021-09-21 05:24:17.662188
cdn2.sailfish.media,AVAILABILITY,domains.list,2021-09-21 05:24:21.702287
cdn3.fyber.com,AVAILABILITY,domains.list,2021-09-21 05:24:22.502486
cdn3.cpmstar.com,AVAILABILITY,domains.list,2021-09-21 05:24:23.367697
cdn3.inspsearchapi.com,AVAILABILITY,domains.list,2021-09-21 05:24:24.294747
cdn3-f1.stickyadstv.com,AVAILABILITY,domains.list,2021-09-21 05:24:25.150221
cdn4.fyber.com,AVAILABILITY,domains.list,2021-09-21 05:24:25.933168
cdn4.inspsearchapi.com,AVAILABILITY,domains.list,2021-09-21 05:24:26.858198
cdn6.media.net,AVAILABILITY,domains.list,2021-09-21 05:24:27.822156
cdn4.stickyadstv.com,AVAILABILITY,domains.list,2021-09-21 05:24:28.715864
cdn1-1.sfa31.smi2.net,AVAILABILITY,domains.list,2021-09-21 05:24:30.595061
cdn12.vizury.com,AVAILABILITY,domains.list,2021-09-21 05:24:31.405519
cdn2-1.imcmdb.smi2.net,AVAILABILITY,domains.list,2021-09-21 05:24:32.765296
cdn2-1.sfa16.smi2.net,AVAILABILITY,domains.list,2021-09-21 05:24:34.977122
cdn2-1.sfa31.smi2.net,AVAILABILITY,domains.list,2021-09-21 05:24:37.204596
cdn.9appswin.com,AVAILABILITY,domains.list,2021-09-21 05:24:38.133884
cdn.1120057983.world,AVAILABILITY,domains.list,2021-09-21 05:24:39.009482
cdn.accelerator.arsdev.net,AVAILABILITY,domains.list,2021-09-21 05:24:39.914323
cdn.adbucks.com,AVAILABILITY,domains.list,2021-09-21 05:24:40.916481
cdn.adkmob.com,AVAILABILITY,domains.list,2021-09-21 05:24:41.786760
cdn.adiquity.com,AVAILABILITY,domains.list,2021-09-21 05:24:42.698226
cdn.adlegend.com,AVAILABILITY,domains.list,2021-09-21 05:24:43.583557
cdn.ads.contentabc.com,AVAILABILITY,domains.list,2021-09-21 05:24:44.518114
cdn.adsnative.com,AVAILABILITY,domains.list,2021-09-21 05:24:45.450316
cdn.affifix.com,AVAILABILITY,domains.list,2021-09-21 05:24:46.339381
cdn.aralego.com,AVAILABILITY,domains.list,2021-09-21 05:24:47.257334
cdn.bizographics.com,AVAILABILITY,domains.list,2021-09-21 05:24:48.163118
cdn.catalog.adgear.com,AVAILABILITY,domains.list,2021-09-21 05:24:49.369600
cdn.clck-01.online,AVAILABILITY,domains.list,2021-09-21 05:24:50.386278
cdn.cmdelivery.pw,AVAILABILITY,domains.list,2021-09-21 05:24:51.398667
cdn.drnxs.com,AVAILABILITY,domains.list,2021-09-21 05:24:52.256744
cdn.domdex.com,AVAILABILITY,domains.list,2021-09-21 05:24:53.186116
cdn.fyber.com,AVAILABILITY,domains.list,2021-09-21 05:24:53.979272
cdn.glbp.w55c.net,AVAILABILITY,domains.list,2021-09-21 05:24:54.822456
cdn.hlsmaster1.adswizz.com,AVAILABILITY,domains.list,2021-09-21 05:24:55.809859
cdn.impactradius.com,AVAILABILITY,domains.list,2021-09-21 05:24:56.736865
cdn.kixer.com,AVAILABILITY,domains.list,2021-09-21 05:24:57.723279
cdn.marfeel.com,AVAILABILITY,domains.list,2021-09-21 05:24:58.701544
cdn.mm.atwola.com,AVAILABILITY,domains.list,2021-09-21 05:24:59.755686
cdn.mobileapptracking.com,AVAILABILITY,domains.list,2021-09-21 05:25:00.575410
cdn.n214adserv.com,AVAILABILITY,domains.list,2021-09-21 05:25:01.541544
cdn.intentmedia.net,AVAILABILITY,domains.list,2021-09-21 05:25:13.331411
cdn.ish.atdmt.com,AVAILABILITY,domains.list,2021-09-21 05:25:50.166759
cdn.rubiconproject.com,AVAILABILITY,domains.list,2021-09-21 05:25:51.130882
cdn.sit.vertamedia.com,AVAILABILITY,domains.list,2021-09-21 05:25:52.116635
cdn.spotad.co,AVAILABILITY,domains.list,2021-09-21 05:25:52.952308
cdn.tribalfusion.com,AVAILABILITY,domains.list,2021-09-21 05:25:53.783922
cdn.vemba.com,AVAILABILITY,domains.list,2021-09-21 05:25:54.717453
cdn.umeng.com,AVAILABILITY,domains.list,2021-09-21 05:25:55.534811
cdn.vungle.com,AVAILABILITY,domains.list,2021-09-21 05:25:56.516859
cdn.west.sa.criteo.net,AVAILABILITY,domains.list,2021-09-21 05:25:57.607739
cdn.yldbt.com,AVAILABILITY,domains.list,2021-09-21 05:26:13.693835
cdnalp.adgear.com,AVAILABILITY,domains.list,2021-09-21 05:26:14.785362
cdnalpstag.adgear.com,AVAILABILITY,domains.list,2021-09-21 05:26:15.759717
cdnalpint.adgear.com,AVAILABILITY,domains.list,2021-09-21 05:26:16.846222
cdnanc.adgear.com,AVAILABILITY,domains.list,2021-09-21 05:26:18.027268
cdn-ap.33across.com,AVAILABILITY,domains.list,2021-09-21 05:26:18.906500
cdnappicontest.appsflyer.com,AVAILABILITY,domains.list,2021-09-21 05:26:19.794359
cdnatstrstag.adgear.com,AVAILABILITY,domains.list,2021-09-21 05:26:20.782774
cdnatstruat.adgear.com,AVAILABILITY,domains.list,2021-09-21 05:26:21.879401
cdnatstr.adgear.com,AVAILABILITY,domains.list,2021-09-21 05:26:22.879149
cdn-auth.vertamedia.com,AVAILABILITY,domains.list,2021-09-21 05:26:23.872963
cdn-cc.taboola.com,AVAILABILITY,domains.list,2021-09-21 05:26:24.772997
cdn-c.amazon-adsystem.com,AVAILABILITY,domains.list,2021-09-21 05:26:25.679528
cdne.cpmstar.com,AVAILABILITY,domains.list,2021-09-21 05:26:26.566123
cdnga.admitad.com,AVAILABILITY,domains.list,2021-09-21 05:26:27.481271
cdnjs.adlooxtracking.com,AVAILABILITY,domains.list,2021-09-21 05:26:28.522740
cdn-log.vertamedia.com,AVAILABILITY,domains.list,2021-09-21 05:26:29.583255
cdn-s.amazon-adsystem.com,AVAILABILITY,domains.list,2021-09-21 05:26:30.443026
cdn-production.3d.amobee.com,AVAILABILITY,domains.list,2021-09-21 05:26:37.381683
cdn-z.amazon-adsystem.com,AVAILABILITY,domains.list,2021-09-21 05:26:38.299060
ceast.adsymptotic.com,AVAILABILITY,domains.list,2021-09-21 05:26:39.172058
cemexusa.btttag.com,AVAILABILITY,domains.list,2021-09-21 05:26:40.030266
ce-production-network-tracking-258870357.us-west-2.elb.amazonaws.com,AVAILABILITY,domains.list,2021-09-21 05:26:40.863333
cerebro.alfa.smartlook.com,AVAILABILITY,domains.list,2021-09-21 05:26:52.314685
cerulean.amplitude.com,AVAILABILITY,domains.list,2021-09-21 05:26:53.248266
certtest.rebel.ai,AVAILABILITY,domains.list,2021-09-21 05:26:54.299726
cesarmillan-d.openx.net,AVAILABILITY,domains.list,2021-09-21 05:26:55.314222
ce-thirdparty-tracking-1111513422.ap-northeast-1.elb.amazonaws.com,AVAILABILITY,domains.list,2021-09-21 05:26:56.143460
cflcs.media.net,AVAILABILITY,domains.list,2021-09-21 05:26:57.295758
cgizz.qlvfyxtzjh5.bapb.gdn,AVAILABILITY,domains.list,2021-09-21 05:26:59.304770
c-gt.getui.com,AVAILABILITY,domains.list,2021-09-21 05:27:01.093284
ch.xs.mookie1.com,AVAILABILITY,domains.list,2021-09-21 05:27:01.962284
chango.rubiconproject.com,AVAILABILITY,domains.list,2021-09-21 05:27:02.875379
charisma-d.openx.net,AVAILABILITY,domains.list,2021-09-21 05:27:03.766729
charlotterusse.btttag.com,AVAILABILITY,domains.list,2021-09-21 05:27:04.683398
charter.adlegend.com,AVAILABILITY,domains.list,2021-09-21 05:27:05.546756
chasingfireflies.btttag.com,AVAILABILITY,domains.list,2021-09-21 05:27:11.698906
chat.urbanairship.com,AVAILABILITY,domains.list,2021-09-21 05:27:12.712263
chatapi.moengage.com,AVAILABILITY,domains.list,2021-09-21 05:27:13.664807
chatbot.appier.net,AVAILABILITY,domains.list,2021-09-21 05:27:14.504322
chatrouter-delta.inq.com,AVAILABILITY,domains.list,2021-09-21 05:27:15.474621
checker.dumedia.ru,AVAILABILITY,domains.list,2021-09-21 05:27:16.765103
cheetah-d.openx.net,AVAILABILITY,domains.list,2021-09-21 05:27:17.697258
chef.rob.ops.kochava.com,AVAILABILITY,domains.list,2021-09-21 05:27:18.767917
chelpus.defcon5.biz,AVAILABILITY,domains.list,2021-09-21 05:27:22.769678
chemistry.adlegend.com,AVAILABILITY,domains.list,2021-09-21 05:27:23.607893
cherrythread.com,AVAILABILITY,domains.list,2021-09-21 05:27:24.549387
chicos.adlegend.com,AVAILABILITY,domains.list,2021-09-21 05:27:25.463393
chicory.t.domdex.com,AVAILABILITY,domains.list,2021-09-21 05:27:26.749078
chiefcurrent.com,AVAILABILITY,domains.list,2021-09-21 05:27:27.747120
chidc2vr.outbrain.com,AVAILABILITY,domains.list,2021-09-21 05:27:28.648008
chinchickens.com,AVAILABILITY,domains.list,2021-09-21 05:27:29.681028
chineselaundry.btttag.com,AVAILABILITY,domains.list,2021-09-21 05:27:30.503894
chipchick.t.domdex.com,AVAILABILITY,domains.list,2021-09-21 05:27:31.629337
choicehotels.btttag.com,AVAILABILITY,domains.list,2021-09-21 05:27:32.443833
choueiri.adswizz.com,AVAILABILITY,domains.list,2021-09-21 05:27:33.348984
chron.moengage.com,AVAILABILITY,domains.list,2021-09-21 05:27:34.272986
c-hzgt.getui.com,AVAILABILITY,domains.list,2021-09-21 05:27:36.742756
ci.facebook-info.co,AVAILABILITY,domains.list,2021-09-21 05:27:37.634802
cia2997.actonsoftware.com,AVAILABILITY,domains.list,2021-09-21 05:27:38.509434
cid1.actonsoftware.com,AVAILABILITY,domains.list,2021-09-21 05:27:39.372000
cid2.actonsoftware.com,AVAILABILITY,domains.list,2021-09-21 05:27:40.240884
cj46.actonsoftware.com,AVAILABILITY,domains.list,2021-09-21 05:27:41.083547
cjpersonalizer-dev.dotomi.com,AVAILABILITY,domains.list,2021-09-21 05:27:42.214432
cjpersonalizer.dotomi.com,AVAILABILITY,domains.list,2021-09-21 05:27:43.204858
cl6.perimeterx.net,AVAILABILITY,domains.list,2021-09-21 05:27:44.152016
cl6-stg.perimeterx.net,AVAILABILITY,domains.list,2021-09-21 05:27:45.126332
cl.perimeterx.net,AVAILABILITY,domains.list,2021-09-21 05:27:46.106368
classic-editorial.outbrain.com,AVAILABILITY,domains.list,2021-09-21 05:27:46.956671
classicpartyrentals.btttag.com,AVAILABILITY,domains.list,2021-09-21 05:27:47.836152
cla.brightroll.com,AVAILABILITY,domains.list,2021-09-21 05:27:50.365379
clearlinkmedia.g2afse.com,AVAILABILITY,domains.list,2021-09-21 05:27:51.342871
cleanportal.tclclouds.com,AVAILABILITY,domains.list,2021-09-21 05:27:54.267940
click.affifix.com,AVAILABILITY,domains.list,2021-09-21 05:27:55.407090
click.enatimedia.com,AVAILABILITY,domains.list,2021-09-21 05:27:56.346091
click.cnzz.com,AVAILABILITY,domains.list,2021-09-21 05:27:57.768430
click.grandonmedia.com,AVAILABILITY,domains.list,2021-09-21 05:27:58.664964
click.promogpapp.com,AVAILABILITY,domains.list,2021-09-21 05:27:59.493762
click.rubiconproject.com,AVAILABILITY,domains.list,2021-09-21 05:28:00.473218
click.solocpm.com,AVAILABILITY,domains.list,2021-09-21 05:28:01.484734
click.u.appcoachs.com,AVAILABILITY,domains.list,2021-09-21 05:28:02.482353
clickcave.g2afse.com,AVAILABILITY,domains.list,2021-09-21 05:28:03.417659
click-cpa.net,AVAILABILITY,domains.list,2021-09-21 05:28:04.402958
clickers.rtb.adroll.com,AVAILABILITY,domains.list,2021-09-21 05:28:05.297243
clickopon.com,AVAILABILITY,domains.list,2021-09-21 05:28:06.208679
clicks.beap.bc.yahoo.com,AVAILABILITY,domains.list,2021-09-21 05:28:07.408664
click-sa.vizury.com,AVAILABILITY,domains.list,2021-09-21 05:28:08.259659
clicksaction.pw,AVAILABILITY,domains.list,2021-09-21 05:28:09.568663
clickttest3.sbx1.2o7.net,AVAILABILITY,domains.list,2021-09-21 05:28:10.433437
client-fast.addthis.com,AVAILABILITY,domains.list,2021-09-21 05:28:11.316556
clients.advertising.com,AVAILABILITY,domains.list,2021-09-21 05:28:12.190231
client-uat-fast.addthis.com,AVAILABILITY,domains.list,2021-09-21 05:28:13.054729
clientstats.advertising.com,AVAILABILITY,domains.list,2021-09-21 05:28:14.046539
clk.mumbai-invest.email,AVAILABILITY,domains.list,2021-09-21 05:28:14.938553
clk.readservers.net,AVAILABILITY,domains.list,2021-09-21 05:28:15.973746
clk-au5.c.appier.net,AVAILABILITY,domains.list,2021-09-21 05:28:16.786440
clk-in1.c.appier.net,AVAILABILITY,domains.list,2021-09-21 05:28:17.693374
clk-in6.c.appier.net,AVAILABILITY,domains.list,2021-09-21 05:28:18.585512
clk-jp12.c.appier.net,AVAILABILITY,domains.list,2021-09-21 05:28:19.433045
clk-jp14.c.appier.net,AVAILABILITY,domains.list,2021-09-21 05:28:20.275410
clk-jp19.c.appier.net,AVAILABILITY,domains.list,2021-09-21 05:28:21.173603
clk-jp21.c.appier.net,AVAILABILITY,domains.list,2021-09-21 05:28:21.987964
clk-jp20.c.appier.net,AVAILABILITY,domains.list,2021-09-21 05:28:22.892590
clk-jp22.c.appier.net,AVAILABILITY,domains.list,2021-09-21 05:28:23.785753
clk-jp24.c.appier.net,AVAILABILITY,domains.list,2021-09-21 05:28:24.674532
clks003-glaze.online,AVAILABILITY,domains.list,2021-09-21 05:28:30.700354
clk-sg5.c.appier.net,AVAILABILITY,domains.list,2021-09-21 05:28:31.613329
clk-sg7.c.appier.net,AVAILABILITY,domains.list,2021-09-21 05:28:32.531528
clk-sg8.c.appier.net,AVAILABILITY,domains.list,2021-09-21 05:28:33.490908
clk-tw11.c.appier.net,AVAILABILITY,domains.list,2021-09-21 05:28:34.350042
clk-tw12.c.appier.net,AVAILABILITY,domains.list,2021-09-21 05:28:35.235523
clk-tw13.c.appier.net,AVAILABILITY,domains.list,2021-09-21 05:28:36.141640
clk-use1.c.appier.net,AVAILABILITY,domains.list,2021-09-21 05:28:36.959846
cloud.rubiconproject.com,AVAILABILITY,domains.list,2021-09-21 05:28:37.925538
cloud.spotad.co,AVAILABILITY,domains.list,2021-09-21 05:28:38.814194
clog.hiido.com,AVAILABILITY,domains.list,2021-09-21 05:28:41.100407
clock.ad.xiaomi.com,AVAILABILITY,domains.list,2021-09-21 05:28:43.779920
cl-stg.perimeterx.net,AVAILABILITY,domains.list,2021-09-21 05:28:44.742247
clubhousemedia-d.openx.net,AVAILABILITY,domains.list,2021-09-21 05:28:45.722672
clube-fashion.at.getsocial.io,AVAILABILITY,domains.list,2021-09-21 05:28:47.073020
clusteradmedia.g2afse.com,AVAILABILITY,domains.list,2021-09-21 05:28:48.070509
clusterd01.adlooxtracking.com,AVAILABILITY,domains.list,2021-09-21 05:28:49.291551
clusterd03.adlooxtracking.com,AVAILABILITY,domains.list,2021-09-21 05:28:50.789651
clusterd02.adlooxtracking.com,AVAILABILITY,domains.list,2021-09-21 05:28:51.738993
clusterd05.adlooxtracking.com,AVAILABILITY,domains.list,2021-09-21 05:28:52.994774
clusterd04.adlooxtracking.com,AVAILABILITY,domains.list,2021-09-21 05:28:54.475273
clusterd06.adlooxtracking.com,AVAILABILITY,domains.list,2021-09-21 05:28:55.520211
clusterd07.adlooxtracking.com,AVAILABILITY,domains.list,2021-09-21 05:28:56.670346
clusterd08.adlooxtracking.com,AVAILABILITY,domains.list,2021-09-21 05:28:57.527647
clusterd09.adlooxtracking.com,AVAILABILITY,domains.list,2021-09-21 05:28:58.660490
clusterd10.adlooxtracking.com,AVAILABILITY,domains.list,2021-09-21 05:28:59.710497
clusterd11.adlooxtracking.com,AVAILABILITY,domains.list,2021-09-21 05:29:00.643301
clusterd12.adlooxtracking.com,AVAILABILITY,domains.list,2021-09-21 05:29:01.820950
clusterd13.adlooxtracking.com,AVAILABILITY,domains.list,2021-09-21 05:29:02.930226
clusterd15.adlooxtracking.com,AVAILABILITY,domains.list,2021-09-21 05:29:04.101654
clusterd14.adlooxtracking.com,AVAILABILITY,domains.list,2021-09-21 05:29:05.201831
clusterd16.adlooxtracking.com,AVAILABILITY,domains.list,2021-09-21 05:29:06.406281
clusterd17.adlooxtracking.com,AVAILABILITY,domains.list,2021-09-21 05:29:07.697149
clusterd20.adlooxtracking.com,AVAILABILITY,domains.list,2021-09-21 05:29:08.969205
clusterd21.adlooxtracking.com,AVAILABILITY,domains.list,2021-09-21 05:29:15.549624
clusterd18.adlooxtracking.com,AVAILABILITY,domains.list,2021-09-21 05:29:16.773124
clusterd22.adlooxtracking.com,AVAILABILITY,domains.list,2021-09-21 05:29:17.917577
clusterd24.adlooxtracking.com,AVAILABILITY,domains.list,2021-09-21 05:29:18.979337
clusterd25.adlooxtracking.com,AVAILABILITY,domains.list,2021-09-21 05:29:19.942557
clusterd23.adlooxtracking.com,AVAILABILITY,domains.list,2021-09-21 05:29:21.272423
clusterh01.adlooxtracking.com,AVAILABILITY,domains.list,2021-09-21 05:29:22.137334
clusterh02.adlooxtracking.com,AVAILABILITY,domains.list,2021-09-21 05:29:23.073071
clusterh03.adlooxtracking.com,AVAILABILITY,domains.list,2021-09-21 05:29:24.213007
clusterhead01.adlooxtracking.com,AVAILABILITY,domains.list,2021-09-21 05:29:25.362302
clusterhead02.adlooxtracking.com,AVAILABILITY,domains.list,2021-09-21 05:29:26.559934
clusterhead03.adlooxtracking.com,AVAILABILITY,domains.list,2021-09-21 05:29:27.750391
clusterhead04.adlooxtracking.com,AVAILABILITY,domains.list,2021-09-21 05:29:28.851506
cm005.getui.igexin.com,AVAILABILITY,domains.list,2021-09-21 05:29:34.468125
cm004.getui.igexin.com,AVAILABILITY,domains.list,2021-09-21 05:29:36.778576
cm003.getui.igexin.com,AVAILABILITY,domains.list,2021-09-21 05:29:38.415150
cm008.getui.igexin.com,AVAILABILITY,domains.list,2021-09-21 05:29:40.673319
cm010.getui.igexin.com,AVAILABILITY,domains.list,2021-09-21 05:29:45.561066
cm007.getui.igexin.com,AVAILABILITY,domains.list,2021-09-21 05:29:47.307864
cm009.getui.igexin.com,AVAILABILITY,domains.list,2021-09-21 05:29:50.299438
cm012.getui.igexin.com,AVAILABILITY,domains.list,2021-09-21 05:29:53.192741
cm013.getui.igexin.com,AVAILABILITY,domains.list,2021-09-21 05:29:55.477895
cm016.getui.igexin.com,AVAILABILITY,domains.list,2021-09-21 05:29:58.565854
cm011.getui.igexin.com,AVAILABILITY,domains.list,2021-09-21 05:30:00.734452
cm019.getui.igexin.com,AVAILABILITY,domains.list,2021-09-21 05:30:05.616233
cm018.getui.igexin.com,AVAILABILITY,domains.list,2021-09-21 05:30:08.851592
cm021.getui.igexin.com,AVAILABILITY,domains.list,2021-09-21 05:30:13.370331
cm015.getui.igexin.com,AVAILABILITY,domains.list,2021-09-21 05:30:16.319034
cm020.getui.igexin.com,AVAILABILITY,domains.list,2021-09-21 05:30:19.263942
cm024.getui.igexin.com,AVAILABILITY,domains.list,2021-09-21 05:30:21.963505
cm022.getui.igexin.com,AVAILABILITY,domains.list,2021-09-21 05:30:26.040313
cm026.getui.igexin.com,AVAILABILITY,domains.list,2021-09-21 05:30:29.031195
cm023.getui.igexin.com,AVAILABILITY,domains.list,2021-09-21 05:30:31.240168
cm028.getui.igexin.com,AVAILABILITY,domains.list,2021-09-21 05:30:34.422308
cm027.getui.igexin.com,AVAILABILITY,domains.list,2021-09-21 05:30:36.858859
cm031.getui.igexin.com,AVAILABILITY,domains.list,2021-09-21 05:30:39.494421
cm030.getui.igexin.com,AVAILABILITY,domains.list,2021-09-21 05:30:41.658458
cm029.getui.igexin.com,AVAILABILITY,domains.list,2021-09-21 05:30:44.662094
cm033.getui.igexin.com,AVAILABILITY,domains.list,2021-09-21 05:30:47.786054
cm032.getui.igexin.com,AVAILABILITY,domains.list,2021-09-21 05:30:50.617633
cm034.getui.igexin.com,AVAILABILITY,domains.list,2021-09-21 05:30:53.934964
cm037.getui.igexin.com,AVAILABILITY,domains.list,2021-09-21 05:30:56.844667
cm036.getui.igexin.com,AVAILABILITY,domains.list,2021-09-21 05:31:01.333246
cm035.getui.igexin.com,AVAILABILITY,domains.list,2021-09-21 05:31:03.691289
cm039.getui.igexin.com,AVAILABILITY,domains.list,2021-09-21 05:31:06.816905
cm038.getui.igexin.com,AVAILABILITY,domains.list,2021-09-21 05:31:08.580745
cm040.getui.igexin.com,AVAILABILITY,domains.list,2021-09-21 05:31:11.299379
cm043.getui.igexin.com,AVAILABILITY,domains.list,2021-09-21 05:31:14.151734
cm042.getui.igexin.com,AVAILABILITY,domains.list,2021-09-21 05:31:16.768585
cm045.getui.igexin.com,AVAILABILITY,domains.list,2021-09-21 05:31:19.723337
cm041.getui.igexin.com,AVAILABILITY,domains.list,2021-09-21 05:31:22.896153
cm046.getui.igexin.com,AVAILABILITY,domains.list,2021-09-21 05:31:25.620339
cm044.getui.igexin.com,AVAILABILITY,domains.list,2021-09-21 05:31:28.532315
cm047.getui.igexin.com,AVAILABILITY,domains.list,2021-09-21 05:31:31.017669
cm048.getui.igexin.com,AVAILABILITY,domains.list,2021-09-21 05:31:33.939566
cm050.getui.igexin.com,AVAILABILITY,domains.list,2021-09-21 05:31:36.774114
cm051.getui.igexin.com,AVAILABILITY,domains.list,2021-09-21 05:31:39.255806
cm052.getui.igexin.com,AVAILABILITY,domains.list,2021-09-21 05:31:41.783268
cm049.getui.igexin.com,AVAILABILITY,domains.list,2021-09-21 05:31:44.009130
cm053.getui.igexin.com,AVAILABILITY,domains.list,2021-09-21 05:31:46.660855
cm054.getui.igexin.com,AVAILABILITY,domains.list,2021-09-21 05:31:48.572941
cm055.getui.igexin.com,AVAILABILITY,domains.list,2021-09-21 05:31:51.352984
cm056.getui.igexin.com,AVAILABILITY,domains.list,2021-09-21 05:31:53.669940
cm058.getui.igexin.com,AVAILABILITY,domains.list,2021-09-21 05:31:55.866313
cm059.getui.igexin.com,AVAILABILITY,domains.list,2021-09-21 05:32:54.063958
cm060.getui.igexin.com,AVAILABILITY,domains.list,2021-09-21 05:32:56.624472
cm061.getui.igexin.com,AVAILABILITY,domains.list,2021-09-21 05:32:59.826657
cm063.getui.igexin.com,AVAILABILITY,domains.list,2021-09-21 05:33:01.866604
cm062.getui.igexin.com,AVAILABILITY,domains.list,2021-09-21 05:33:04.782438
cm064.getui.igexin.com,AVAILABILITY,domains.list,2021-09-21 05:33:06.946277
cm065.getui.igexin.com,AVAILABILITY,domains.list,2021-09-21 05:33:08.766818
cm066.getui.igexin.com,AVAILABILITY,domains.list,2021-09-21 05:33:11.135412
cm069.getui.igexin.com,AVAILABILITY,domains.list,2021-09-21 05:33:13.296741
cm067.getui.igexin.com,AVAILABILITY,domains.list,2021-09-21 05:33:16.757381
cm068.getui.igexin.com,AVAILABILITY,domains.list,2021-09-21 05:33:18.605044
cm072.getui.igexin.com,AVAILABILITY,domains.list,2021-09-21 05:33:21.438246
cm070.getui.igexin.com,AVAILABILITY,domains.list,2021-09-21 05:33:23.486956
cm071.getui.igexin.com,AVAILABILITY,domains.list,2021-09-21 05:33:25.656234
cm073.getui.igexin.com,AVAILABILITY,domains.list,2021-09-21 05:33:28.398255
cm076.getui.igexin.com,AVAILABILITY,domains.list,2021-09-21 05:33:30.603370
cm074.getui.igexin.com,AVAILABILITY,domains.list,2021-09-21 05:33:32.428554
cm077.getui.igexin.com,AVAILABILITY,domains.list,2021-09-21 05:33:34.297554
cm078.getui.igexin.com,AVAILABILITY,domains.list,2021-09-21 05:33:36.688479
cm075.getui.igexin.com,AVAILABILITY,domains.list,2021-09-21 05:33:38.860499
cm080.getui.igexin.com,AVAILABILITY,domains.list,2021-09-21 05:33:40.811649
cm079.getui.igexin.com,AVAILABILITY,domains.list,2021-09-21 05:33:42.887498
cm081.getui.igexin.com,AVAILABILITY,domains.list,2021-09-21 05:33:45.225902
cm082.getui.igexin.com,AVAILABILITY,domains.list,2021-09-21 05:33:47.035714
cm083.getui.igexin.com,AVAILABILITY,domains.list,2021-09-21 05:33:48.856196
cm085.getui.igexin.com,AVAILABILITY,domains.list,2021-09-21 05:33:50.871397
cm087.getui.igexin.com,AVAILABILITY,domains.list,2021-09-21 05:33:52.703360
cm084.getui.igexin.com,AVAILABILITY,domains.list,2021-09-21 05:33:54.734268
cm086.getui.igexin.com,AVAILABILITY,domains.list,2021-09-21 05:33:56.778347
cm088.getui.igexin.com,AVAILABILITY,domains.list,2021-09-21 05:33:59.110475
cm090.getui.igexin.com,AVAILABILITY,domains.list,2021-09-21 05:34:01.213257
cm089.getui.igexin.com,AVAILABILITY,domains.list,2021-09-21 05:34:03.248702
cm-10-13.igexin.com,AVAILABILITY,domains.list,2021-09-21 05:34:05.238343
cm-10-14.igexin.com,AVAILABILITY,domains.list,2021-09-21 05:34:07.037734
cm-10-18.igexin.com,AVAILABILITY,domains.list,2021-09-21 05:34:08.828036
cm-10-16.igexin.com,AVAILABILITY,domains.list,2021-09-21 05:34:10.984243
cm-10-19.igexin.com,AVAILABILITY,domains.list,2021-09-21 05:34:12.966701
cm-10-20.igexin.com,AVAILABILITY,domains.list,2021-09-21 05:34:14.876899
cm-10-25.igexin.com,AVAILABILITY,domains.list,2021-09-21 05:34:16.838022
cm-10-21.igexin.com,AVAILABILITY,domains.list,2021-09-21 05:34:18.878389
cm-10-26.igexin.com,AVAILABILITY,domains.list,2021-09-21 05:34:20.699464
cm-10-31.igexin.com,AVAILABILITY,domains.list,2021-09-21 05:34:22.655408
cm-10-33.igexin.com,AVAILABILITY,domains.list,2021-09-21 05:34:24.089447
cm-10-35.igexin.com,AVAILABILITY,domains.list,2021-09-21 05:34:25.566090
cm-10-41.igexin.com,AVAILABILITY,domains.list,2021-09-21 05:34:26.798365
cm-10-40.igexin.com,AVAILABILITY,domains.list,2021-09-21 05:34:28.630529
cm-10-69.igexin.com,AVAILABILITY,domains.list,2021-09-21 05:34:30.239299
cm-10-32.igexin.com,AVAILABILITY,domains.list,2021-09-21 05:34:32.206344
cm.adgear.com,AVAILABILITY,domains.list,2021-09-21 05:34:33.233473
cm-10-65.igexin.com,AVAILABILITY,domains.list,2021-09-21 05:34:35.595883
cm.alamo.com.cns.coremetrics.com,AVAILABILITY,domains.list,2021-09-21 05:34:36.439767
cm.enterprise.com.cns.coremetrics.com,AVAILABILITY,domains.list,2021-09-21 05:34:37.233997
cm.enterprise.de.cns.coremetrics.com,AVAILABILITY,domains.list,2021-09-21 05:34:38.113989
cm.enterprise.ie.cns.coremetrics.com,AVAILABILITY,domains.list,2021-09-21 05:34:38.975878
cm.enterpriserentacar.ca.cns.coremetrics.com,AVAILABILITY,domains.list,2021-09-21 05:34:39.756430
cm.nationalcar.ca.cns.coremetrics.com,AVAILABILITY,domains.list,2021-09-21 05:34:40.518528
cm.nationalcar.com.cns.coremetrics.com,AVAILABILITY,domains.list,2021-09-21 05:34:41.325795
cm.revcontent.com,AVAILABILITY,domains.list,2021-09-21 05:34:42.224455
cm.send.microadinc.com,AVAILABILITY,domains.list,2021-09-21 05:34:43.357330
cm.spotad.co,AVAILABILITY,domains.list,2021-09-21 05:34:44.127278
cm.ksmobile.com,AVAILABILITY,domains.list,2021-09-21 05:34:45.623761
cmap.ace.advertising.com,AVAILABILITY,domains.list,2021-09-21 05:34:46.475610
cmap.adt.ace.advertising.com,AVAILABILITY,domains.list,2021-09-21 05:34:47.277840
cmap.am.ace.advertising.com,AVAILABILITY,domains.list,2021-09-21 05:34:48.085798
cmap.an.ace.advertising.com,AVAILABILITY,domains.list,2021-09-21 05:34:48.991335
cmap.dc.ace.advertising.com,AVAILABILITY,domains.list,2021-09-21 05:34:49.844474
cmap.at.ace.advertising.com,AVAILABILITY,domains.list,2021-09-21 05:34:50.623426
cmap.ox.ace.advertising.com,AVAILABILITY,domains.list,2021-09-21 05:34:51.425501
cmap.pub.ace.advertising.com,AVAILABILITY,domains.list,2021-09-21 05:34:52.335311
cmap.rub.ace.advertising.com,AVAILABILITY,domains.list,2021-09-21 05:34:53.099950
cmap.fb.ace.advertising.com,AVAILABILITY,domains.list,2021-09-21 05:34:53.827173
cmap.uac.ace.advertising.com,AVAILABILITY,domains.list,2021-09-21 05:34:54.689155
cmci-d.openx.net,AVAILABILITY,domains.list,2021-09-21 05:34:55.627710
cmap.rm.ace.advertising.com,AVAILABILITY,domains.list,2021-09-21 05:34:56.432610
cmdelibery.pw,AVAILABILITY,domains.list,2021-09-21 05:34:57.931445
cmi.ironbeast.io,AVAILABILITY,domains.list,2021-09-21 05:34:58.828508
cmpush.ksmobile.net,AVAILABILITY,domains.list,2021-09-21 05:34:59.710978
cm-rtb-fkb-2.connexity.net,AVAILABILITY,domains.list,2021-09-21 05:35:00.589694
cmplay.did.ijinshan.com,AVAILABILITY,domains.list,2021-09-21 05:35:02.856660
cm-s1.revcontent.com,AVAILABILITY,domains.list,2021-09-21 05:35:03.798200
cms.advertising.com,AVAILABILITY,domains.list,2021-09-21 05:35:04.558339
cms.c1exchange.com,AVAILABILITY,domains.list,2021-09-21 05:35:05.693716
cmt.el-murid.smi2.ru,AVAILABILITY,domains.list,2021-09-21 05:35:08.065516
cn1pubdns1.coremetrics.com,AVAILABILITY,domains.list,2021-09-21 05:35:08.911264
cn2pubdns1.coremetrics.com,AVAILABILITY,domains.list,2021-09-21 05:35:09.765356
cn.coremetrics.com,AVAILABILITY,domains.list,2021-09-21 05:35:10.576449
cn.criteo.net,AVAILABILITY,domains.list,2021-09-21 05:35:12.106129
cn.tubemogul.com,AVAILABILITY,domains.list,2021-09-21 05:35:12.873793
cn.novo1.adriver.ru,AVAILABILITY,domains.list,2021-09-21 05:35:15.708018
cnative.propellerads.com,AVAILABILITY,domains.list,2021-09-21 05:35:16.715496
cnnmoney.sl.advertising.com,AVAILABILITY,domains.list,2021-09-21 05:35:17.512478
cn-tags.vizury.com,AVAILABILITY,domains.list,2021-09-21 05:35:18.204274
cnz.mmstat.com,AVAILABILITY,domains.list,2021-09-21 05:35:19.688964
co4.telecommand.telemetry.microsoft.com,AVAILABILITY,domains.list,2021-09-21 05:35:20.680259
cocomo.tremorhub.com,AVAILABILITY,domains.list,2021-09-21 05:35:21.736446
code.clickcease.com,AVAILABILITY,domains.list,2021-09-21 05:35:22.579424
codeofduty.criteo.com,AVAILABILITY,domains.list,2021-09-21 05:35:23.908581
codetatrack.optimove.net,AVAILABILITY,domains.list,2021-09-21 05:35:24.832097
coffeewholesale.btttag.com,AVAILABILITY,domains.list,2021-09-21 05:35:25.563896
codetatracksdk-stg.optimove.net,AVAILABILITY,domains.list,2021-09-21 05:35:26.428131
cohorts.appsflyer.com,AVAILABILITY,domains.list,2021-09-21 05:35:27.349117
collect.albacross.com,AVAILABILITY,domains.list,2021-09-21 05:35:28.301532
collection.sv.d1.omtrdc.net,AVAILABILITY,domains.list,2021-09-21 05:35:29.140439
collection.sv.d2.omtrdc.net,AVAILABILITY,domains.list,2021-09-21 05:35:30.020806
com12276.engine.mobileapptracking.com,AVAILABILITY,domains.list,2021-09-21 05:35:30.979175
commagnetic.t.domdex.com,AVAILABILITY,domains.list,2021-09-21 05:35:31.872587
commoncannon.com,AVAILABILITY,domains.list,2021-09-21 05:35:32.795279
community-dc90da7.use.dynamicyield.com,AVAILABILITY,domains.list,2021-09-21 05:35:33.724217
companydeep.go2affise.com,AVAILABILITY,domains.list,2021-09-21 05:35:34.487127
compatexchange.cloudapp.net,AVAILABILITY,domains.list,2021-09-21 05:35:35.594331
comping.chartbeat.net,AVAILABILITY,domains.list,2021-09-21 05:35:36.606248
composer.segment.com,AVAILABILITY,domains.list,2021-09-21 05:35:37.593959
concernrain.com,AVAILABILITY,domains.list,2021-09-21 05:35:38.493599
con3.cnzz.com,AVAILABILITY,domains.list,2021-09-21 05:35:39.431026
conf.dco.advertising.com,AVAILABILITY,domains.list,2021-09-21 05:35:40.180204
config.dco.advertising.com,AVAILABILITY,domains.list,2021-09-21 05:35:41.027500
config.ironbeast.io,AVAILABILITY,domains.list,2021-09-21 05:35:41.868610
config.mangotv.gt.igexin.com,AVAILABILITY,domains.list,2021-09-21 05:35:43.887796
configglobal.veinteractive.com,AVAILABILITY,domains.list,2021-09-21 05:35:44.740258
configorigin-v-e1.veinteractive.com,AVAILABILITY,domains.list,2021-09-21 05:35:45.567137
config-ltvp.vip.uh1.inmobi.com,AVAILABILITY,domains.list,2021-09-21 05:35:46.795083
config-stg.ironbeast.io,AVAILABILITY,domains.list,2021-09-21 05:35:47.628580
confluence.ensighten.com,AVAILABILITY,domains.list,2021-09-21 05:35:48.515339
confluence.trustx.org,AVAILABILITY,domains.list,2021-09-21 05:35:50.283336
connect.rubiconproject.com,AVAILABILITY,domains.list,2021-09-21 05:35:51.631144
connect-api.rubiconproject.com,AVAILABILITY,domains.list,2021-09-21 05:35:52.751533
consciouscabbage.com,AVAILABILITY,domains.list,2021-09-21 05:35:53.616754
console.adsnative.com,AVAILABILITY,domains.list,2021-09-21 05:35:54.522131
console-frontend.atom-data.io,AVAILABILITY,domains.list,2021-09-21 05:35:55.308205
consumed-d.openx.net,AVAILABILITY,domains.list,2021-09-21 05:35:56.430378
consumeraffairs-automotive.t.domdex.com,AVAILABILITY,domains.list,2021-09-21 05:35:57.267934
consumeraffairs-business.t.domdex.com,AVAILABILITY,domains.list,2021-09-21 05:35:58.077777
consumeraffairs-electronics.t.domdex.com,AVAILABILITY,domains.list,2021-09-21 05:35:58.802945
consumeraffairs-entertainment.t.domdex.com,AVAILABILITY,domains.list,2021-09-21 05:35:59.602857
consumeraffairs-foodanddrink.t.domdex.com,AVAILABILITY,domains.list,2021-09-21 05:36:00.385348
consumeraffairs-finance.t.domdex.com,AVAILABILITY,domains.list,2021-09-21 05:36:01.188666
consumeraffairs-health.t.domdex.com,AVAILABILITY,domains.list,2021-09-21 05:36:01.973819
consumeraffairs-homeandgarden.t.domdex.com,AVAILABILITY,domains.list,2021-09-21 05:36:02.781219
consumeraffairs-homepage.t.domdex.com,AVAILABILITY,domains.list,2021-09-21 05:36:03.568945
consumeraffairs-pets.t.domdex.com,AVAILABILITY,domains.list,2021-09-21 05:36:04.310884
consumeraffairs-internet.t.domdex.com,AVAILABILITY,domains.list,2021-09-21 05:36:05.049245
consumeraffairs-sports.t.domdex.com,AVAILABILITY,domains.list,2021-09-21 05:36:05.813416
consumeraffairs-shopping.t.domdex.com,AVAILABILITY,domains.list,2021-09-21 05:36:06.517458
consumeraffairs-travel.t.domdex.com,AVAILABILITY,domains.list,2021-09-21 05:36:07.259421
content.adroll.com,AVAILABILITY,domains.list,2021-09-21 05:36:07.997872
content.cmp.advertising.com,AVAILABILITY,domains.list,2021-09-21 05:36:08.879467
content.contextweb.com,AVAILABILITY,domains.list,2021-09-21 05:36:09.631791
content.outbrain.com,AVAILABILITY,domains.list,2021-09-21 05:36:10.520499
content.heapanalytics.com,AVAILABILITY,domains.list,2021-09-21 05:36:11.391147
content.rubiconproject.com,AVAILABILITY,domains.list,2021-09-21 05:36:12.500416
content.sharethrough.com,AVAILABILITY,domains.list,2021-09-21 05:36:13.455007
content-acceptance.sharethrough.com,AVAILABILITY,domains.list,2021-09-21 05:36:14.306495
content-js.tapjoy.com,AVAILABILITY,domains.list,2021-09-21 05:36:15.307283
context.media.net,AVAILABILITY,domains.list,2021-09-21 05:36:16.698689
contextualadsorigin.media.net,AVAILABILITY,domains.list,2021-09-21 05:36:18.266780
contextualns.media.net,AVAILABILITY,domains.list,2021-09-21 05:36:19.263804
contextweb.yieldoptimizer.com,AVAILABILITY,domains.list,2021-09-21 05:36:19.999585
conv.tnsppa.com,AVAILABILITY,domains.list,2021-09-21 05:36:20.874875
conv.vrtzads.com,AVAILABILITY,domains.list,2021-09-21 05:36:21.875602
convdb.buysellads.com,AVAILABILITY,domains.list,2021-09-21 05:36:22.680810
convserv-20.btrll.com,AVAILABILITY,domains.list,2021-09-21 05:36:23.894805
convserv-21.btrll.com,AVAILABILITY,domains.list,2021-09-21 05:36:25.184594
cook.applovin.com,AVAILABILITY,domains.list,2021-09-21 05:36:26.413886
cookie.veinteractive.com,AVAILABILITY,domains.list,2021-09-21 05:36:27.199686
cookiecheck.criteo.com,AVAILABILITY,domains.list,2021-09-21 05:36:28.394564
coolmath-d.openx.net,AVAILABILITY,domains.list,2021-09-21 05:36:29.505177
corceptive.g2afse.com,AVAILABILITY,domains.list,2021-09-21 05:36:30.357533
core2digital.go2affise.com,AVAILABILITY,domains.list,2021-09-21 05:36:31.199353
core.adtechjp.com,AVAILABILITY,domains.list,2021-09-21 05:36:32.153223
core.connatix.com,AVAILABILITY,domains.list,2021-09-21 05:36:32.962624
coremetrics.arkadium.com.cns.coremetrics.com,AVAILABILITY,domains.list,2021-09-21 05:36:33.745833
coreserver.keurig.com.cns.coremetrics.com,AVAILABILITY,domains.list,2021-09-21 05:36:34.613819
corn.honeytouch.bid,AVAILABILITY,domains.list,2021-09-21 05:36:35.701523
corp.exoclick.com,AVAILABILITY,domains.list,2021-09-21 05:36:36.630678
corp.outbrain.com,AVAILABILITY,domains.list,2021-09-21 05:36:37.602348
corp.sonobi.com,AVAILABILITY,domains.list,2021-09-21 05:36:38.399871
corp.flurry.com,AVAILABILITY,domains.list,2021-09-21 05:36:39.599592
corp.sts.microsoft.com,AVAILABILITY,domains.list,2021-09-21 05:36:40.565590
corpidealmediacom.dev.smi2.net,AVAILABILITY,domains.list,2021-09-21 05:36:43.116631
corpvpn.coremetrics.com,AVAILABILITY,domains.list,2021-09-21 05:36:43.900101
cosmopolitan.sl.advertising.com,AVAILABILITY,domains.list,2021-09-21 05:36:44.691215
cossette.adgear.com,AVAILABILITY,domains.list,2021-09-21 05:36:45.742692
cosy.smaato.net,AVAILABILITY,domains.list,2021-09-21 05:36:46.776233
count.donreach.com,AVAILABILITY,domains.list,2021-09-21 05:36:47.629598
counter-01.kameleoon.com,AVAILABILITY,domains.list,2021-09-21 05:36:48.439791
counter-02.kameleoon.com,AVAILABILITY,domains.list,2021-09-21 05:36:49.293561
counter-04.kameleoon.com,AVAILABILITY,domains.list,2021-09-21 05:36:50.044647
counter-03.kameleoon.com,AVAILABILITY,domains.list,2021-09-21 05:36:50.786856
counters.gigya.com,AVAILABILITY,domains.list,2021-09-21 05:36:51.583229
coursehorsetrack.optimove.net,AVAILABILITY,domains.list,2021-09-21 05:36:52.586297
cpa-hub.g2afse.com,AVAILABILITY,domains.list,2021-09-21 05:36:53.435196
cp.adsame.com,AVAILABILITY,domains.list,2021-09-21 05:36:55.954159
cpajam.g2afse.com,AVAILABILITY,domains.list,2021-09-21 05:36:56.902159
cpajam.go2affise.com,AVAILABILITY,domains.list,2021-09-21 05:36:57.891410
cpatoday.go2affise.com,AVAILABILITY,domains.list,2021-09-21 05:36:58.979089
cpg.t.domdex.com,AVAILABILITY,domains.list,2021-09-21 05:36:59.769595
cpm2.admob.com,AVAILABILITY,domains.list,2021-09-21 05:37:00.727945
cpm2.vip.sc9.admob.com,AVAILABILITY,domains.list,2021-09-21 05:37:01.717611
cpm.admob.com,AVAILABILITY,domains.list,2021-09-21 05:37:02.650781
cpp.imp.mpx.mopub.com,AVAILABILITY,domains.list,2021-09-21 05:37:03.730444
cpxi-uncategorized.t.domdex.com,AVAILABILITY,domains.list,2021-09-21 05:37:04.512899
cqfnvznw.info,AVAILABILITY,domains.list,2021-09-21 05:37:05.655340
crash.amplitude.com,AVAILABILITY,domains.list,2021-09-21 05:37:06.684034
creative.atlassolutions.com,AVAILABILITY,domains.list,2021-09-21 05:37:07.757576
creativecentral.advertising.com,AVAILABILITY,domains.list,2021-09-21 05:37:08.617584
creatives.acceptance.sharethrough.com,AVAILABILITY,domains.list,2021-09-21 05:37:09.557259
creatives.datafirst.io,AVAILABILITY,domains.list,2021-09-21 05:37:14.140645
creditcardinsider.t.domdex.com,AVAILABILITY,domains.list,2021-09-21 05:37:14.921518
crediton.go2affise.com,AVAILABILITY,domains.list,2021-09-21 05:37:15.902373
crispmedia-d.openx.net,AVAILABILITY,domains.list,2021-09-21 05:37:16.968623
cript.hotjar.com,AVAILABILITY,domains.list,2021-09-21 05:37:18.003525
criteofakepixel.ad.atdmt.com,AVAILABILITY,domains.list,2021-09-21 05:37:18.899428
crocs.com.sg.102.112.2o7.net,AVAILABILITY,domains.list,2021-09-21 05:37:19.843235
crosspixel-auto.t.domdex.com,AVAILABILITY,domains.list,2021-09-21 05:37:20.602287
crosspixel-entertainment.t.domdex.com,AVAILABILITY,domains.list,2021-09-21 05:37:21.314094
crosspixel-cpg.t.domdex.com,AVAILABILITY,domains.list,2021-09-21 05:37:22.041357
crosspixel-finance.t.domdex.com,AVAILABILITY,domains.list,2021-09-21 05:37:22.787097
crosspixel-electronics.t.domdex.com,AVAILABILITY,domains.list,2021-09-21 05:37:23.546129
crosspixel-games.t.domdex.com,AVAILABILITY,domains.list,2021-09-21 05:37:24.309271
crosspixel-shopping.t.domdex.com,AVAILABILITY,domains.list,2021-09-21 05:37:25.071115
crosspixel-style.t.domdex.com,AVAILABILITY,domains.list,2021-09-21 05:37:25.861577
crosspixel-travel.t.domdex.com,AVAILABILITY,domains.list,2021-09-21 05:37:26.583716
crowd.rubiconproject.com,AVAILABILITY,domains.list,2021-09-21 05:37:27.569063
crownandcaliber.adlegend.com,AVAILABILITY,domains.list,2021-09-21 05:37:28.392132
crownclam.com,AVAILABILITY,domains.list,2021-09-21 05:37:29.286196
crs1.rmd.admob.com,AVAILABILITY,domains.list,2021-09-21 05:37:30.158802
crs2.rmd.admob.com,AVAILABILITY,domains.list,2021-09-21 05:37:31.067486
crunch.ebz.io,AVAILABILITY,domains.list,2021-09-21 05:37:31.950438
crutchfield.btttag.com,AVAILABILITY,domains.list,2021-09-21 05:37:32.698094
crush.amobee.com,AVAILABILITY,domains.list,2021-09-21 05:37:33.845435
cruyff.alphonso.tv,AVAILABILITY,domains.list,2021-09-21 05:37:35.115760
cs.ace.advertising.com,AVAILABILITY,domains.list,2021-09-21 05:37:35.871759
cs.adxxx.com,AVAILABILITY,domains.list,2021-09-21 05:37:36.689302
crystalski.ie.102.112.2o7.net,AVAILABILITY,domains.list,2021-09-21 05:37:37.542596
cs.brightroll.com,AVAILABILITY,domains.list,2021-09-21 05:37:38.965617
cs.w.inmobi.com,AVAILABILITY,domains.list,2021-09-21 05:37:40.183792
csc.beap.bc.yahoo.com,AVAILABILITY,domains.list,2021-09-21 05:37:41.272360
cservp-21.btrll.com,AVAILABILITY,domains.list,2021-09-21 05:37:42.195921
cservp-20.btrll.com,AVAILABILITY,domains.list,2021-09-21 05:37:43.132896
cservu-21.btrll.com,AVAILABILITY,domains.list,2021-09-21 05:37:44.106851
cserv-unpaid-21.btrll.com,AVAILABILITY,domains.list,2021-09-21 05:37:45.181773
csm.hk.as.criteo.com,AVAILABILITY,domains.list,2021-09-21 05:37:46.820595
csm.jp.as.criteo.com,AVAILABILITY,domains.list,2021-09-21 05:37:48.856610
csm.ny.us.criteo.com,AVAILABILITY,domains.list,2021-09-21 05:37:50.638968
csm.ny.us.criteo.net,AVAILABILITY,domains.list,2021-09-21 05:37:52.114514
csm.sh.cn.criteo.net,AVAILABILITY,domains.list,2021-09-21 05:37:53.833201
csm.sh.cn.criteo.com,AVAILABILITY,domains.list,2021-09-21 05:37:55.388019
csm.sv.us.criteo.net,AVAILABILITY,domains.list,2021-09-21 05:37:57.056750
csm.sv.us.criteo.com,AVAILABILITY,domains.list,2021-09-21 05:37:58.402287
csp.mediaplex.com,AVAILABILITY,domains.list,2021-09-21 05:37:59.591221
csr.inspsearchapi.com,AVAILABILITY,domains.list,2021-09-21 05:38:00.583073
csr.goforandroid.com,AVAILABILITY,domains.list,2021-09-21 05:38:02.565479
css.f-4560.com,AVAILABILITY,domains.list,2021-09-21 05:38:03.421536
css-cd.mmtcdn.com,AVAILABILITY,domains.list,2021-09-21 05:38:04.246281
ct0-fast.addthis.com,AVAILABILITY,domains.list,2021-09-21 05:38:05.071768
ct4.addthis.com,AVAILABILITY,domains.list,2021-09-21 05:38:05.881731
ct5-fast.addthis.com,AVAILABILITY,domains.list,2021-09-21 05:38:06.599587
ct223.dsr.livefyre.com,AVAILABILITY,domains.list,2021-09-21 05:38:07.661962
cue7ven.g2afse.com,AVAILABILITY,domains.list,2021-09-21 05:38:08.486313
curation.permutive.com,AVAILABILITY,domains.list,2021-09-21 05:38:09.615811
curiositystream.adlegend.com,AVAILABILITY,domains.list,2021-09-21 05:38:10.431994
custom.exoclick.com,AVAILABILITY,domains.list,2021-09-21 05:38:11.417677
customink.adlegend.com,AVAILABILITY,domains.list,2021-09-21 05:38:12.267138
c-vip1.eu.adsymptotic.com,AVAILABILITY,domains.list,2021-09-21 05:38:13.103493
c-vip2.eu.adsymptotic.com,AVAILABILITY,domains.list,2021-09-21 05:38:13.869685
cw01.smaato.net,AVAILABILITY,domains.list,2021-09-21 05:38:14.912114
custom-audience.intentmedia.net,AVAILABILITY,domains.list,2021-09-21 05:38:29.267659
cws.rubiconproject.com,AVAILABILITY,domains.list,2021-09-21 05:38:30.388315
cwtzz.ouasflpydty21tf.bapb.gdn,AVAILABILITY,domains.list,2021-09-21 05:38:32.232735
cx.contextweb.com,AVAILABILITY,domains.list,2021-09-21 05:38:33.021103
cygnus-d.openx.net,AVAILABILITY,domains.list,2021-09-21 05:38:34.208273
cyrrbejq.bid,AVAILABILITY,domains.list,2021-09-21 05:38:35.170144
czfavkwdmmpp.bid,AVAILABILITY,domains.list,2021-09-21 05:38:36.011073
d1.sv.omtrdc.net,AVAILABILITY,domains.list,2021-09-21 05:38:36.813843
d1a6a9r46cnyll.cloudfront.net,AVAILABILITY,domains.list,2021-09-21 05:38:37.887233
d1cqwfp1e6p386.cloudfront.net,AVAILABILITY,domains.list,2021-09-21 05:38:38.727753
d1e0ih91r2lgbn.cloudfront.net,AVAILABILITY,domains.list,2021-09-21 05:38:39.685936
d1zkodo2u3p4pe.cloudfront.net,AVAILABILITY,domains.list,2021-09-21 05:38:40.609408
d02.smaato.net,AVAILABILITY,domains.list,2021-09-21 05:38:41.710203
d2.sv.omtrdc.net,AVAILABILITY,domains.list,2021-09-21 05:38:42.410813
d2o9ozfswytaqz.cloudfront.net,AVAILABILITY,domains.list,2021-09-21 05:38:43.283108
d2qmdcga8xwxzj.cloudfront.net,AVAILABILITY,domains.list,2021-09-21 05:38:44.176953
d3.sv.omtrdc.net,AVAILABILITY,domains.list,2021-09-21 05:38:44.952400
d3r6awv9ysiyn4.cloudfront.net,AVAILABILITY,domains.list,2021-09-21 05:38:45.873907
d04.smaato.net,AVAILABILITY,domains.list,2021-09-21 05:38:46.861554
d4.sv.omtrdc.net,AVAILABILITY,domains.list,2021-09-21 05:38:47.595173
d05.smaato.net,AVAILABILITY,domains.list,2021-09-21 05:38:48.598281
d5.server.cpmstar.com,AVAILABILITY,domains.list,2021-09-21 05:38:49.733474
d1475741074.mtraction.com,AVAILABILITY,domains.list,2021-09-21 05:38:50.796161
d.aa.online-metrix.net,AVAILABILITY,domains.list,2021-09-21 05:38:51.567496
d.adgrx.com,AVAILABILITY,domains.list,2021-09-21 05:38:52.530455
d.adlooxtracking.com,AVAILABILITY,domains.list,2021-09-21 05:38:53.844548
d.adsymptotic.com,AVAILABILITY,domains.list,2021-09-21 05:38:54.565257
d.dlx.addthis.com,AVAILABILITY,domains.list,2021-09-21 05:38:55.406064
d.ebz.io,AVAILABILITY,domains.list,2021-09-21 05:38:56.350135
cx.ish.atdmt.com,AVAILABILITY,domains.list,2021-09-21 05:39:53.894722
d.mouseflow.com,AVAILABILITY,domains.list,2021-09-21 05:39:55.028200
d.mtraction.com,AVAILABILITY,domains.list,2021-09-21 05:39:55.998569
da69l4kf9p.mentalist.kameleoon.com,AVAILABILITY,domains.list,2021-09-21 05:39:56.700547
da.a-ads.com,AVAILABILITY,domains.list,2021-09-21 05:39:57.358512
da.us.criteo.net,AVAILABILITY,domains.list,2021-09-21 05:39:58.763146
daddyjump.xyz,AVAILABILITY,domains.list,2021-09-21 05:40:00.425275
dailyburn.adlegend.com,AVAILABILITY,domains.list,2021-09-21 05:40:01.211172
daikozsas.t.domdex.com,AVAILABILITY,domains.list,2021-09-21 05:40:02.009970
dailycaller-d.openx.net,AVAILABILITY,domains.list,2021-09-21 05:40:03.284616
dailycaller.moengage.com,AVAILABILITY,domains.list,2021-09-21 05:40:04.180389
dailymotion-testing.demand.go.sonobi.com,AVAILABILITY,domains.list,2021-09-21 05:40:04.895044
dailymotion.demand.go.sonobi.com,AVAILABILITY,domains.list,2021-09-21 05:40:05.652155
dakinemedia-d.openx.net,AVAILABILITY,domains.list,2021-09-21 05:40:06.573839
darchermedia-d.openx.net,AVAILABILITY,domains.list,2021-09-21 05:40:07.590721
dap.criteo.com,AVAILABILITY,domains.list,2021-09-21 05:40:09.007930
darktrace.corp.exoclick.com,AVAILABILITY,domains.list,2021-09-21 05:40:09.813743
darkroom.sharethrough.com,AVAILABILITY,domains.list,2021-09-21 05:40:10.617343
darriens.go2affise.com,AVAILABILITY,domains.list,2021-09-21 05:40:11.495265
das101a.rmd.admob.com,AVAILABILITY,domains.list,2021-09-21 05:40:12.315360
das101b.rmd.admob.com,AVAILABILITY,domains.list,2021-09-21 05:40:13.208111
das102a.rmd.admob.com,AVAILABILITY,domains.list,2021-09-21 05:40:13.974973
das102b.rmd.admob.com,AVAILABILITY,domains.list,2021-09-21 05:40:14.832506
dash-bid-d.openx.net,AVAILABILITY,domains.list,2021-09-21 05:40:15.801448
dasdada.fu.ck,AVAILABILITY,domains.list,2021-09-21 05:40:18.252371
dashboard-test.appier.net,AVAILABILITY,domains.list,2021-09-21 05:40:18.963040
data40.adlooxtracking.com,AVAILABILITY,domains.list,2021-09-21 05:40:20.514004
data41.adlooxtracking.com,AVAILABILITY,domains.list,2021-09-21 05:40:21.412530
data42.adlooxtracking.com,AVAILABILITY,domains.list,2021-09-21 05:40:22.484228
data43.adlooxtracking.com,AVAILABILITY,domains.list,2021-09-21 05:40:23.669267
data101.adlooxtracking.com,AVAILABILITY,domains.list,2021-09-21 05:40:24.659876
data102.adlooxtracking.com,AVAILABILITY,domains.list,2021-09-21 05:40:25.592368
data104.adlooxtracking.com,AVAILABILITY,domains.list,2021-09-21 05:40:26.663795
data105.adlooxtracking.com,AVAILABILITY,domains.list,2021-09-21 05:40:27.676445
data106.adlooxtracking.com,AVAILABILITY,domains.list,2021-09-21 05:40:28.748240
data107.adlooxtracking.com,AVAILABILITY,domains.list,2021-09-21 05:40:29.732317
data108.adlooxtracking.com,AVAILABILITY,domains.list,2021-09-21 05:40:30.716940
data109.adlooxtracking.com,AVAILABILITY,domains.list,2021-09-21 05:40:31.741739
data110.adlooxtracking.com,AVAILABILITY,domains.list,2021-09-21 05:40:32.836332
data111.adlooxtracking.com,AVAILABILITY,domains.list,2021-09-21 05:40:33.873384
data112.adlooxtracking.com,AVAILABILITY,domains.list,2021-09-21 05:40:34.938120
data113.adlooxtracking.com,AVAILABILITY,domains.list,2021-09-21 05:40:35.894856
data114.adlooxtracking.com,AVAILABILITY,domains.list,2021-09-21 05:40:36.954031
data115.adlooxtracking.com,AVAILABILITY,domains.list,2021-09-21 05:40:38.070196
data116.adlooxtracking.com,AVAILABILITY,domains.list,2021-09-21 05:40:39.176008
data117.adlooxtracking.com,AVAILABILITY,domains.list,2021-09-21 05:40:40.252930
data119.adlooxtracking.com,AVAILABILITY,domains.list,2021-09-21 05:40:41.296441
data118.adlooxtracking.com,AVAILABILITY,domains.list,2021-09-21 05:40:42.145139
data120.adlooxtracking.com,AVAILABILITY,domains.list,2021-09-21 05:40:43.179628
data121.adlooxtracking.com,AVAILABILITY,domains.list,2021-09-21 05:40:44.260663
data122.adlooxtracking.com,AVAILABILITY,domains.list,2021-09-21 05:40:45.365428
data123.adlooxtracking.com,AVAILABILITY,domains.list,2021-09-21 05:40:46.451184
data124.adlooxtracking.com,AVAILABILITY,domains.list,2021-09-21 05:40:47.393325
data125.adlooxtracking.com,AVAILABILITY,domains.list,2021-09-21 05:40:48.364615
data126.adlooxtracking.com,AVAILABILITY,domains.list,2021-09-21 05:40:49.600222
data127.adlooxtracking.com,AVAILABILITY,domains.list,2021-09-21 05:40:50.652597
data128.adlooxtracking.com,AVAILABILITY,domains.list,2021-09-21 05:40:51.677651
data129.adlooxtracking.com,AVAILABILITY,domains.list,2021-09-21 05:40:52.721941
data130.adlooxtracking.com,AVAILABILITY,domains.list,2021-09-21 05:40:53.700213
data131.adlooxtracking.com,AVAILABILITY,domains.list,2021-09-21 05:40:54.800584
data132.adlooxtracking.com,AVAILABILITY,domains.list,2021-09-21 05:40:55.873577
data133.adlooxtracking.com,AVAILABILITY,domains.list,2021-09-21 05:40:56.862690
data135.adlooxtracking.com,AVAILABILITY,domains.list,2021-09-21 05:40:58.107212
data136.adlooxtracking.com,AVAILABILITY,domains.list,2021-09-21 05:40:59.211943
data137.adlooxtracking.com,AVAILABILITY,domains.list,2021-09-21 05:41:00.328039
data138.adlooxtracking.com,AVAILABILITY,domains.list,2021-09-21 05:41:01.342129
data139.adlooxtracking.com,AVAILABILITY,domains.list,2021-09-21 05:41:02.400951
data.adtechus.com,AVAILABILITY,domains.list,2021-09-21 05:41:03.370669
data.advertising.com,AVAILABILITY,domains.list,2021-09-21 05:41:04.266886
data.ap.propellerads.com,AVAILABILITY,domains.list,2021-09-21 05:41:05.310125
data.choice.atdmt.com,AVAILABILITY,domains.list,2021-09-21 05:41:06.190644
data.cnzz.com,AVAILABILITY,domains.list,2021-09-21 05:41:07.358720
data.api.kaffnet.com,AVAILABILITY,domains.list,2021-09-21 05:41:20.462480
datacenterdyn-d.openx.net,AVAILABILITY,domains.list,2021-09-21 05:41:21.542935
data-collector.streaming.adswizz.com,AVAILABILITY,domains.list,2021-09-21 05:41:22.399677
data-collector.voodoo-ads.io,AVAILABILITY,domains.list,2021-09-21 05:41:23.457332
dashportal.internal.intentmedia.net,AVAILABILITY,domains.list,2021-09-21 05:41:37.731299
datacollect.vmall.com,AVAILABILITY,domains.list,2021-09-21 05:41:38.924735
datafeed.mediaplex.com,AVAILABILITY,domains.list,2021-09-21 05:41:40.250062
dataium.t.domdex.com,AVAILABILITY,domains.list,2021-09-21 05:41:41.011419
dataproxy.heapanalytics.com,AVAILABILITY,domains.list,2021-09-21 05:41:41.879260
data-provider.alfa.smartlook.com,AVAILABILITY,domains.list,2021-09-21 05:41:50.950198
datarain.frapp.in,AVAILABILITY,domains.list,2021-09-21 05:41:51.723263
data-service2.mopub.com,AVAILABILITY,domains.list,2021-09-21 05:41:52.554187
data-service.mopub.com,AVAILABILITY,domains.list,2021-09-21 05:41:53.411352
data-viz-challenge.localytics.com,AVAILABILITY,domains.list,2021-09-21 05:41:54.204413
dataxpandauto.t.domdex.com,AVAILABILITY,domains.list,2021-09-21 05:41:54.951743
dataxpandcareers.t.domdex.com,AVAILABILITY,domains.list,2021-09-21 05:41:55.688765
dataxpandelectronics.t.domdex.com,AVAILABILITY,domains.list,2021-09-21 05:41:56.464548
dataxpandfamily.t.domdex.com,AVAILABILITY,domains.list,2021-09-21 05:41:57.228338
dataxpandrealestate.t.domdex.com,AVAILABILITY,domains.list,2021-09-21 05:41:57.988975
dataxpandshopping.t.domdex.com,AVAILABILITY,domains.list,2021-09-21 05:41:58.743934
dataxpandgaming.t.domdex.com,AVAILABILITY,domains.list,2021-09-21 05:41:59.511535
dataxpandtravel.t.domdex.com,AVAILABILITY,domains.list,2021-09-21 05:42:00.278309
dating.mgid.com,AVAILABILITY,domains.list,2021-09-21 05:42:01.015079
d-autoparts.t.domdex.com,AVAILABILITY,domains.list,2021-09-21 05:42:01.776128
davidgroup.adlegend.com,AVAILABILITY,domains.list,2021-09-21 05:42:02.514635
db02.propellerads.com,AVAILABILITY,domains.list,2021-09-21 05:42:03.458679
db101.rmd.admob.com,AVAILABILITY,domains.list,2021-09-21 05:42:04.355739
db102.rmd.admob.com,AVAILABILITY,domains.list,2021-09-21 05:42:05.248997
db202.rmd.admob.com,AVAILABILITY,domains.list,2021-09-21 05:42:06.106158
db203.rmd.admob.com,AVAILABILITY,domains.list,2021-09-21 05:42:07.067614
db205.rmd.admob.com,AVAILABILITY,domains.list,2021-09-21 05:42:07.981877
db204.rmd.admob.com,AVAILABILITY,domains.list,2021-09-21 05:42:08.842276
db206.rmd.admob.com,AVAILABILITY,domains.list,2021-09-21 05:42:09.789596
db.advertising.com,AVAILABILITY,domains.list,2021-09-21 05:42:10.611454
db.puttme.gq,AVAILABILITY,domains.list,2021-09-21 05:42:12.912397
dbcontrol.doubleclick.net,AVAILABILITY,domains.list,2021-09-21 05:42:13.788635
d-baseball.t.domdex.com,AVAILABILITY,domains.list,2021-09-21 05:42:14.567223
d-beauty.t.domdex.com,AVAILABILITY,domains.list,2021-09-21 05:42:15.347033
dbpartner.propellerads.com,AVAILABILITY,domains.list,2021-09-21 05:42:16.303466
dbs.advertising.com,AVAILABILITY,domains.list,2021-09-21 05:42:17.071751
dbs.charter2.db.advertising.com,AVAILABILITY,domains.list,2021-09-21 05:42:17.858875
dbs.hotelsjp.db.advertising.com,AVAILABILITY,domains.list,2021-09-21 05:42:18.739219
dbs.nestle3.db.advertising.com,AVAILABILITY,domains.list,2021-09-21 05:42:19.659186
dbs.ihg.db.advertising.com,AVAILABILITY,domains.list,2021-09-21 05:42:20.551658
dbs.transuniongeo.db.advertising.com,AVAILABILITY,domains.list,2021-09-21 05:42:21.397508
dbs.nestle2.db.advertising.com,AVAILABILITY,domains.list,2021-09-21 05:42:22.258068
dbs.transunionbt.db.advertising.com,AVAILABILITY,domains.list,2021-09-21 05:42:23.128321
dbs.zipcar.db.advertising.com,AVAILABILITY,domains.list,2021-09-21 05:42:24.029203
dbticket.propellerads.com,AVAILABILITY,domains.list,2021-09-21 05:42:24.993867
d-businessuniforms.t.domdex.com,AVAILABILITY,domains.list,2021-09-21 05:42:25.804766
d-businesssupplies.t.domdex.com,AVAILABILITY,domains.list,2021-09-21 05:42:26.589206
dc01.automatad.com,AVAILABILITY,domains.list,2021-09-21 05:42:27.584909
dc2.adtech.de,AVAILABILITY,domains.list,2021-09-21 05:42:28.428032
dc.js.stats.g.doubleclick.net,AVAILABILITY,domains.list,2021-09-21 05:42:29.433713
dca-a.applovin.com,AVAILABILITY,domains.list,2021-09-21 05:42:30.479263
dc.pxl.ace.advertising.com,AVAILABILITY,domains.list,2021-09-21 05:42:31.371709
d-candy.t.domdex.com,AVAILABILITY,domains.list,2021-09-21 05:42:32.167682
dca-d.applovin.com,AVAILABILITY,domains.list,2021-09-21 05:42:33.261943
dca-rtbprod.applovin.com,AVAILABILITY,domains.list,2021-09-21 05:42:34.354993
dcastage-rtb.applovin.com,AVAILABILITY,domains.list,2021-09-21 05:42:35.408793
dclmmbjyshy.com,AVAILABILITY,domains.list,2021-09-21 05:42:36.367006
d-childhoodeducation.t.domdex.com,AVAILABILITY,domains.list,2021-09-21 05:42:37.106583
d-clothing.t.domdex.com,AVAILABILITY,domains.list,2021-09-21 05:42:37.837925
d-clothinglingerie.t.domdex.com,AVAILABILITY,domains.list,2021-09-21 05:42:38.629568
d-clothingkids.t.domdex.com,AVAILABILITY,domains.list,2021-09-21 05:42:39.376233
d-clothingmaternity.t.domdex.com,AVAILABILITY,domains.list,2021-09-21 05:42:40.136810
d-clothingplussize.t.domdex.com,AVAILABILITY,domains.list,2021-09-21 05:42:40.907000
dco.advertising.com,AVAILABILITY,domains.list,2021-09-21 05:42:41.766634
d-clothingwomen.t.domdex.com,AVAILABILITY,domains.list,2021-09-21 05:42:42.515158
d-clothingwomendesigner.t.domdex.com,AVAILABILITY,domains.list,2021-09-21 05:42:43.311497
dco.quantserve.com,AVAILABILITY,domains.list,2021-09-21 05:42:44.257048
d-coins.t.domdex.com,AVAILABILITY,domains.list,2021-09-21 05:42:45.058521
dco-emea.quantserve.com,AVAILABILITY,domains.list,2021-09-21 05:42:45.970537
d-consumerelectronics.t.domdex.com,AVAILABILITY,domains.list,2021-09-21 05:42:46.696561
d-cookware.t.domdex.com,AVAILABILITY,domains.list,2021-09-21 05:42:47.502536
dco-useast.quantserve.com,AVAILABILITY,domains.list,2021-09-21 05:42:48.434701
d-crafts.t.domdex.com,AVAILABILITY,domains.list,2021-09-21 05:42:49.288318
dcs.adgear.com,AVAILABILITY,domains.list,2021-09-21 05:42:50.316199
d-discountoffers.t.domdex.com,AVAILABILITY,domains.list,2021-09-21 05:42:51.053642
de.coremetrics.com,AVAILABILITY,domains.list,2021-09-21 05:42:51.921761
de.doubleclick.net,AVAILABILITY,domains.list,2021-09-21 05:42:52.821146
de.intellitxt.com,AVAILABILITY,domains.list,2021-09-21 05:42:53.755587
de.labs.teads.tv,AVAILABILITY,domains.list,2021-09-21 05:42:54.637934
deadpool.ops.ir1.inmobi.com,AVAILABILITY,domains.list,2021-09-21 05:42:55.832367
dealnews-electronics.t.domdex.com,AVAILABILITY,domains.list,2021-09-21 05:42:56.573139
dealnews-finance.t.domdex.com,AVAILABILITY,domains.list,2021-09-21 05:42:57.340316
dealnews-games.t.domdex.com,AVAILABILITY,domains.list,2021-09-21 05:42:58.113678
dealnews-home.t.domdex.com,AVAILABILITY,domains.list,2021-09-21 05:42:58.868416
dealnews-shopping.t.domdex.com,AVAILABILITY,domains.list,2021-09-21 05:42:59.620304
dealnews-travel.t.domdex.com,AVAILABILITY,domains.list,2021-09-21 05:43:00.356886
dealnews-style.t.domdex.com,AVAILABILITY,domains.list,2021-09-21 05:43:01.135729
dealnews-sports.t.domdex.com,AVAILABILITY,domains.list,2021-09-21 05:43:01.887421
dealply-pricerabbit.t.domdex.com,AVAILABILITY,domains.list,2021-09-21 05:43:02.647129
dealographycom.t.domdex.com,AVAILABILITY,domains.list,2021-09-21 05:43:03.438271
deals.buysellads.net,AVAILABILITY,domains.list,2021-09-21 05:43:04.271108
dealzon-electronics.t.domdex.com,AVAILABILITY,domains.list,2021-09-21 05:43:05.087890
dealspricer.t.domdex.com,AVAILABILITY,domains.list,2021-09-21 05:43:05.968233
debug.aerserv.com,AVAILABILITY,domains.list,2021-09-21 05:43:07.051670
debug.engine.mobileapptracking.com,AVAILABILITY,domains.list,2021-09-21 05:43:08.006397
de-cix.eu.criteo.net,AVAILABILITY,domains.list,2021-09-21 05:43:09.289806
de-cix.nyc.appnexus.com,AVAILABILITY,domains.list,2021-09-21 05:43:10.285408
deckard.criteo.com,AVAILABILITY,domains.list,2021-09-21 05:43:11.727251
debug.max.ad.xiaomi.com,AVAILABILITY,domains.list,2021-09-21 05:43:12.958845
dedsertnewtracksdk.optimove.net,AVAILABILITY,domains.list,2021-09-21 05:43:13.918513
dedserttrack.optimove.net,AVAILABILITY,domains.list,2021-09-21 05:43:15.006708
default-tags.vizury.com,AVAILABILITY,domains.list,2021-09-21 05:43:15.824403
defymedia-d.openx.net,AVAILABILITY,domains.list,2021-09-21 05:43:16.879139
delightful.adlegend.com,AVAILABILITY,domains.list,2021-09-21 05:43:17.600371
deliveredby.connectad.io,AVAILABILITY,domains.list,2021-09-21 05:43:18.392409
del2cdn.cpmstar.com,AVAILABILITY,domains.list,2021-09-21 05:43:19.374390
deliver.marketo.com,AVAILABILITY,domains.list,2021-09-21 05:43:20.483622
delivery01.ad4game.com,AVAILABILITY,domains.list,2021-09-21 05:43:21.246756
delivery02.ad4game.com,AVAILABILITY,domains.list,2021-09-21 05:43:22.047530
delivery.d2.sv.omtrdc.net,AVAILABILITY,domains.list,2021-09-21 05:43:22.806297
delivery.d1.sv.omtrdc.net,AVAILABILITY,domains.list,2021-09-21 05:43:23.586377
delivery.s.xapads.com,AVAILABILITY,domains.list,2021-09-21 05:43:25.066032
delivery.sv.d1.omtrdc.net,AVAILABILITY,domains.list,2021-09-21 05:43:25.819212
delivery.sv.d2.omtrdc.net,AVAILABILITY,domains.list,2021-09-21 05:43:26.616779
delivery-asia-northeast-1.openx.net,AVAILABILITY,domains.list,2021-09-21 05:43:27.829120
deliveryclub.data.insert.io,AVAILABILITY,domains.list,2021-09-21 05:43:28.759680
deliveryclub.device.insert.io,AVAILABILITY,domains.list,2021-09-21 05:43:29.870257
deliveryengine.choueiri.adswizz.com,AVAILABILITY,domains.list,2021-09-21 05:43:31.038758
delivery-europe-west-1.openx.net,AVAILABILITY,domains.list,2021-09-21 05:43:32.187916
delivery-us-east-1.openx.net,AVAILABILITY,domains.list,2021-09-21 05:43:33.208314
delivery-us-central-1.openx.net,AVAILABILITY,domains.list,2021-09-21 05:43:34.405944
delivery-us-west-1.openx.net,AVAILABILITY,domains.list,2021-09-21 05:43:35.538754
delta0.rtb.appier.net,AVAILABILITY,domains.list,2021-09-21 05:43:36.547724
delta4.rtb.appier.net,AVAILABILITY,domains.list,2021-09-21 05:43:37.631142
delta19.rtb.appier.net,AVAILABILITY,domains.list,2021-09-21 05:43:38.803700
delta20.rtb.appier.net,AVAILABILITY,domains.list,2021-09-21 05:43:39.876210
delta29.rtb.appier.net,AVAILABILITY,domains.list,2021-09-21 05:43:41.045826
delta64.rtb.appier.net,AVAILABILITY,domains.list,2021-09-21 05:43:42.331454
delta91.rtb.appier.net,AVAILABILITY,domains.list,2021-09-21 05:43:43.331460
delta113.rtb.appier.net,AVAILABILITY,domains.list,2021-09-21 05:43:44.504803
delta158.rtb.appier.net,AVAILABILITY,domains.list,2021-09-21 05:43:45.615715
delta159.rtb.appier.net,AVAILABILITY,domains.list,2021-09-21 05:43:46.767015
delta170.rtb.appier.net,AVAILABILITY,domains.list,2021-09-21 05:43:47.682333
delta185.rtb.appier.net,AVAILABILITY,domains.list,2021-09-21 05:43:48.842673
delta198.rtb.appier.net,AVAILABILITY,domains.list,2021-09-21 05:43:49.797360
delta195.rtb.appier.net,AVAILABILITY,domains.list,2021-09-21 05:43:50.898102
delta207.rtb.appier.net,AVAILABILITY,domains.list,2021-09-21 05:43:51.892626
delta212.rtb.appier.net,AVAILABILITY,domains.list,2021-09-21 05:43:53.011354
delta210.rtb.appier.net,AVAILABILITY,domains.list,2021-09-21 05:43:54.081801
delta209.rtb.appier.net,AVAILABILITY,domains.list,2021-09-21 05:43:55.215713
delta215.rtb.appier.net,AVAILABILITY,domains.list,2021-09-21 05:43:56.488256
delta216.rtb.appier.net,AVAILABILITY,domains.list,2021-09-21 05:43:57.387919
delta213.rtb.appier.net,AVAILABILITY,domains.list,2021-09-21 05:43:58.506345
delta219.rtb.appier.net,AVAILABILITY,domains.list,2021-09-21 05:43:59.521964
delta223.rtb.appier.net,AVAILABILITY,domains.list,2021-09-21 05:44:00.727116
delta220.rtb.appier.net,AVAILABILITY,domains.list,2021-09-21 05:44:01.924066
delta225.rtb.appier.net,AVAILABILITY,domains.list,2021-09-21 05:44:03.096311
delta240.rtb.appier.net,AVAILABILITY,domains.list,2021-09-21 05:44:04.200218
delta242.rtb.appier.net,AVAILABILITY,domains.list,2021-09-21 05:44:05.246258
delta232.rtb.appier.net,AVAILABILITY,domains.list,2021-09-21 05:44:06.253317
delta246.rtb.appier.net,AVAILABILITY,domains.list,2021-09-21 05:44:07.413667
delta243.rtb.appier.net,AVAILABILITY,domains.list,2021-09-21 05:44:08.567124
delta244.rtb.appier.net,AVAILABILITY,domains.list,2021-09-21 05:44:09.675961
delta247.rtb.appier.net,AVAILABILITY,domains.list,2021-09-21 05:44:10.966505
delta253.rtb.appier.net,AVAILABILITY,domains.list,2021-09-21 05:44:11.958858
delta251.rtb.appier.net,AVAILABILITY,domains.list,2021-09-21 05:44:13.142184
delta265.rtb.appier.net,AVAILABILITY,domains.list,2021-09-21 05:44:14.076567
delta258.rtb.appier.net,AVAILABILITY,domains.list,2021-09-21 05:44:15.151375
delta257.rtb.appier.net,AVAILABILITY,domains.list,2021-09-21 05:44:16.303905
delta267.rtb.appier.net,AVAILABILITY,domains.list,2021-09-21 05:44:17.412803
delta270.rtb.appier.net,AVAILABILITY,domains.list,2021-09-21 05:44:18.514068
delta275.rtb.appier.net,AVAILABILITY,domains.list,2021-09-21 05:44:19.494558
delta.inq.com,AVAILABILITY,domains.list,2021-09-21 05:44:20.767808
delta-debugger.rtb.appier.net,AVAILABILITY,domains.list,2021-09-21 05:44:21.715120
delyagin.smi2.ru,AVAILABILITY,domains.list,2021-09-21 05:44:25.584113
demandbase.demandbase.com,AVAILABILITY,domains.list,2021-09-21 05:44:26.574034
demand-service.adtech.de,AVAILABILITY,domains.list,2021-09-21 05:44:27.506074
demand-service.adtechus.com,AVAILABILITY,domains.list,2021-09-21 05:44:28.355587
dembele.alphonso.tv,AVAILABILITY,domains.list,2021-09-21 05:44:29.535951
demo-api.adsnative.com,AVAILABILITY,domains.list,2021-09-21 05:44:30.294281
demobox.teads.tv,AVAILABILITY,domains.list,2021-09-21 05:44:31.048528
demofootballmedia-d.openx.net,AVAILABILITY,domains.list,2021-09-21 05:44:32.186281
deploy.propellerads.com,AVAILABILITY,domains.list,2021-09-21 05:44:33.200358
designseeds.go2affise.com,AVAILABILITY,domains.list,2021-09-21 05:44:34.089076
desperatesellerltd.t.domdex.com,AVAILABILITY,domains.list,2021-09-21 05:44:34.860159
dev.adsymptotic.com,AVAILABILITY,domains.list,2021-09-21 05:44:35.625421
dev.atlassolutions.com,AVAILABILITY,domains.list,2021-09-21 05:44:36.708461
dev-slp-api.batmobi.net,AVAILABILITY,domains.list,2021-09-21 05:44:37.555659
dev-www.taboola.com,AVAILABILITY,domains.list,2021-09-21 05:44:38.399664
df.mediaplex.com,AVAILABILITY,domains.list,2021-09-21 05:44:39.601766
devaws.clicktale.net,AVAILABILITY,domains.list,2021-09-21 05:44:52.855198
dfdevpixel2.df.jabodo.com,AVAILABILITY,domains.list,2021-09-21 05:44:54.237826
d-fitness.t.domdex.com,AVAILABILITY,domains.list,2021-09-21 05:44:55.022887
d-footwear.t.domdex.com,AVAILABILITY,domains.list,2021-09-21 05:44:55.834245
d-furniture.t.domdex.com,AVAILABILITY,domains.list,2021-09-21 05:44:56.555349
d-gifts.t.domdex.com,AVAILABILITY,domains.list,2021-09-21 05:44:57.316836
d-gmtdmp.mookie1.com,AVAILABILITY,domains.list,2021-09-21 05:44:58.092285
d-gourmetfood.t.domdex.com,AVAILABILITY,domains.list,2021-09-21 05:44:58.840633
dgntracksdk.optimove.net,AVAILABILITY,domains.list,2021-09-21 05:44:59.905610
d-hockey.t.domdex.com,AVAILABILITY,domains.list,2021-09-21 05:45:00.660552
d-homeappliances.t.domdex.com,AVAILABILITY,domains.list,2021-09-21 05:45:01.427875
d-homeimprovement.t.domdex.com,AVAILABILITY,domains.list,2021-09-21 05:45:02.253371
d-homedecor.t.domdex.com,AVAILABILITY,domains.list,2021-09-21 05:45:03.010385
d-homeorganization.t.domdex.com,AVAILABILITY,domains.list,2021-09-21 05:45:03.782678
dht.contextweb.com,AVAILABILITY,domains.list,2021-09-21 05:45:04.621595
diagnostics-lp.inmobi.com,AVAILABILITY,domains.list,2021-09-21 05:45:05.667590
diagnosis.ad.intl.xiaomi.com,AVAILABILITY,domains.list,2021-09-21 05:45:07.120259
dialin.revcontent.com,AVAILABILITY,domains.list,2021-09-21 05:45:08.008885
dialin.vertamedia.com,AVAILABILITY,domains.list,2021-09-21 05:45:08.785468
diamonddiaspora-d.openx.net,AVAILABILITY,domains.list,2021-09-21 05:45:10.008437
digitaldeepak.moengage.com,AVAILABILITY,domains.list,2021-09-21 05:45:10.973497
digitalthrottle.t.domdex.com,AVAILABILITY,domains.list,2021-09-21 05:45:11.754046
digo-d.openx.net,AVAILABILITY,domains.list,2021-09-21 05:45:12.796768
digivinta137.club,AVAILABILITY,domains.list,2021-09-21 05:45:14.275692
dilbert.sl.advertising.com,AVAILABILITY,domains.list,2021-09-21 05:45:15.167326
dillards.btttag.com,AVAILABILITY,domains.list,2021-09-21 05:45:15.970297
ding-d.openx.net,AVAILABILITY,domains.list,2021-09-21 05:45:17.089474
direct.pubnative.net,AVAILABILITY,domains.list,2021-09-21 05:45:17.988492
direct.crittercism.com,AVAILABILITY,domains.list,2021-09-21 05:45:18.915909
dis.cn.criteo.com,AVAILABILITY,domains.list,2021-09-21 05:45:20.588276
dis.hk.cn.criteo.com,AVAILABILITY,domains.list,2021-09-21 05:45:22.494915
dis.ny.us.criteo.com,AVAILABILITY,domains.list,2021-09-21 05:45:24.314986
dis.sv.us.criteo.com,AVAILABILITY,domains.list,2021-09-21 05:45:25.698604
dis.sh.cn.criteo.com,AVAILABILITY,domains.list,2021-09-21 05:45:27.416459
discountfilterstore.btttag.com,AVAILABILITY,domains.list,2021-09-21 05:45:28.240803
discover.marfeel.com,AVAILABILITY,domains.list,2021-09-21 05:45:29.275774
diwanee-d.openx.net,AVAILABILITY,domains.list,2021-09-21 05:45:30.359940
dixcom-d.openx.net,AVAILABILITY,domains.list,2021-09-21 05:45:31.439354
divineeats.moengage.com,AVAILABILITY,domains.list,2021-09-21 05:45:32.411541
d-jewelry.t.domdex.com,AVAILABILITY,domains.list,2021-09-21 05:45:33.254883
d-lacrosse.t.domdex.com,AVAILABILITY,domains.list,2021-09-21 05:45:34.048012
dl-origin.urbanairship.com,AVAILABILITY,domains.list,2021-09-21 05:45:35.231996
dlpstag.adgear.com,AVAILABILITY,domains.list,2021-09-21 05:45:36.100600
dlrvrtqkfw.mentalist.kameleoon.com,AVAILABILITY,domains.list,2021-09-21 05:45:36.852170
dm101.rmd.admob.com,AVAILABILITY,domains.list,2021-09-21 05:45:37.740866
dm102.rmd.admob.com,AVAILABILITY,domains.list,2021-09-21 05:45:38.648500
dm.de.mookie1.com,AVAILABILITY,domains.list,2021-09-21 05:45:39.416852
dmdb902.rmd.admob.com,AVAILABILITY,domains.list,2021-09-21 05:45:40.368067
dmdb901.rmd.admob.com,AVAILABILITY,domains.list,2021-09-21 05:45:41.231587
dmdb904.rmd.admob.com,AVAILABILITY,domains.list,2021-09-21 05:45:42.119002
dlp.adgear.com,AVAILABILITY,domains.list,2021-09-21 05:45:43.146439
dmdb903.rmd.admob.com,AVAILABILITY,domains.list,2021-09-21 05:45:44.005625
d-misc.t.domdex.com,AVAILABILITY,domains.list,2021-09-21 05:45:44.777916
d-motorcycleaccessories.t.domdex.com,AVAILABILITY,domains.list,2021-09-21 05:45:45.530309
dmp-eu.adform.net,AVAILABILITY,domains.list,2021-09-21 05:45:46.468636
dmp-qai-pixel.advertising.com,AVAILABILITY,domains.list,2021-09-21 05:45:47.291102
dmx.us-east-1.districtm.io,AVAILABILITY,domains.list,2021-09-21 05:45:48.079075
dmx.us-west-1.districtm.io,AVAILABILITY,domains.list,2021-09-21 05:45:48.920195
dmx.us-east-1.districtm.io.districtm.io,AVAILABILITY,domains.list,2021-09-21 05:45:49.712960
dn25.kissmetrics.com,AVAILABILITY,domains.list,2021-09-21 05:45:50.541528
dn58.kissmetrics.com,AVAILABILITY,domains.list,2021-09-21 05:45:51.331782
dn.mxpnl.com,AVAILABILITY,domains.list,2021-09-21 05:45:52.602230
dna1.mookie1.com,AVAILABILITY,domains.list,2021-09-21 05:45:53.348831
dn.teads.tv,AVAILABILITY,domains.list,2021-09-21 05:45:54.173950
dna3.mookie1.com,AVAILABILITY,domains.list,2021-09-21 05:45:54.939814
dnc.adgear.com,AVAILABILITY,domains.list,2021-09-21 05:45:56.083201
d-noveltygifts.t.domdex.com,AVAILABILITY,domains.list,2021-09-21 05:45:56.836220
dns01.casalemedia.com,AVAILABILITY,domains.list,2021-09-21 05:45:57.598768
dna2.mookie1.com,AVAILABILITY,domains.list,2021-09-21 05:45:58.350124
dns02.casalemedia.com,AVAILABILITY,domains.list,2021-09-21 05:45:59.261470
dns.automatad.com,AVAILABILITY,domains.list,2021-09-21 05:46:00.261664
do20lhyguk.mentalist.kameleoon.com,AVAILABILITY,domains.list,2021-09-21 05:46:01.038401
doebase1089.club,AVAILABILITY,domains.list,2021-09-21 05:46:01.964986
dod.appsflyer.com,AVAILABILITY,domains.list,2021-09-21 05:46:02.838611
dollargeneral.adlegend.com,AVAILABILITY,domains.list,2021-09-21 05:46:03.580623
dolphin.adsame.com,AVAILABILITY,domains.list,2021-09-21 05:46:06.072025
domaindevcorp-d.openx.net,AVAILABILITY,domains.list,2021-09-21 05:46:07.112170
donaldjpliner.adlegend.com,AVAILABILITY,domains.list,2021-09-21 05:46:07.856588
donovan.alphonso.tv,AVAILABILITY,domains.list,2021-09-21 05:46:08.965436
doorman.msas.media.net,AVAILABILITY,domains.list,2021-09-21 05:46:10.515793
dops2.media.net,AVAILABILITY,domains.list,2021-09-21 05:46:11.690170
dops.media.net,AVAILABILITY,domains.list,2021-09-21 05:46:12.594775
doubleappmedia.g2afse.com,AVAILABILITY,domains.list,2021-09-21 05:46:13.647408
down2.download.9appsinstall.com,AVAILABILITY,domains.list,2021-09-21 05:46:14.524160
doucettemedia-d.openx.net,AVAILABILITY,domains.list,2021-09-21 05:46:15.798328
download.brightroll.com,AVAILABILITY,domains.list,2021-09-21 05:46:17.232994
download.cy-security.com,AVAILABILITY,domains.list,2021-09-21 05:46:18.207430
download.unitcdn.info,AVAILABILITY,domains.list,2021-09-21 05:46:19.232043
download-cool-y-apps.com,AVAILABILITY,domains.list,2021-09-21 05:46:20.187232
downloads.bb.contentdef.com,AVAILABILITY,domains.list,2021-09-21 05:46:21.155929
download-cool-j-apps.com,AVAILABILITY,domains.list,2021-09-21 05:46:21.946766
downloads.kissmetrics.com,AVAILABILITY,domains.list,2021-09-21 05:46:22.659115
d-partysupplies.t.domdex.com,AVAILABILITY,domains.list,2021-09-21 05:46:23.447479
d-petsupplies.t.domdex.com,AVAILABILITY,domains.list,2021-09-21 05:46:24.232414
dplus.umeng.com,AVAILABILITY,domains.list,2021-09-21 05:46:25.714222
dqusbshqrtv.bid,AVAILABILITY,domains.list,2021-09-21 05:46:26.608068
dra-eu.amazon-adsystem.com,AVAILABILITY,domains.list,2021-09-21 05:46:27.368380
download.clck009-glaze.online,AVAILABILITY,domains.list,2021-09-21 05:46:28.262399
drdzz.qlvfyxtzjh5.bapb.gdn,AVAILABILITY,domains.list,2021-09-21 05:46:30.469512
dre.heapanalytics.com,AVAILABILITY,domains.list,2021-09-21 05:46:31.473645
dreamjackpot.optimove.net,AVAILABILITY,domains.list,2021-09-21 05:46:32.393272
d-religion.t.domdex.com,AVAILABILITY,domains.list,2021-09-21 05:46:33.194417
drone.districtm.io,AVAILABILITY,domains.list,2021-09-21 05:46:33.935233
drone.dmx.districtm.io,AVAILABILITY,domains.list,2021-09-21 05:46:34.749438
ds56sd463k.mentalist.kameleoon.com,AVAILABILITY,domains.list,2021-09-21 05:46:35.511751
ds.addthis.com,AVAILABILITY,domains.list,2021-09-21 05:46:36.255763
d-sciencefiction.t.domdex.com,AVAILABILITY,domains.list,2021-09-21 05:46:41.050263
d-seasonal.t.domdex.com,AVAILABILITY,domains.list,2021-09-21 05:46:41.823756
dsgtab.btttag.com,AVAILABILITY,domains.list,2021-09-21 05:46:42.620245
dsh.tugae2.com,AVAILABILITY,domains.list,2021-09-21 05:46:43.480178
d-skiing.t.domdex.com,AVAILABILITY,domains.list,2021-09-21 05:46:44.261048
dsp.adsplay.in,AVAILABILITY,domains.list,2021-09-21 05:46:45.193324
dsp.hiido.com,AVAILABILITY,domains.list,2021-09-21 05:46:46.455127
dsp.jenkins.secure.blismedia.com,AVAILABILITY,domains.list,2021-09-21 05:46:47.441514
dsp.face2trade.com,AVAILABILITY,domains.list,2021-09-21 05:46:48.259422
dspck.hiido.com,AVAILABILITY,domains.list,2021-09-21 05:46:49.578897
dspdash.rubiconproject.com,AVAILABILITY,domains.list,2021-09-21 05:46:50.581784
dsp-dmp.aralego.com,AVAILABILITY,domains.list,2021-09-21 05:46:51.545794
dspbuilder.rubiconproject.com,AVAILABILITY,domains.list,2021-09-21 05:46:52.587326
d-sportsman.t.domdex.com,AVAILABILITY,domains.list,2021-09-21 05:46:53.350342
d-sportsmisc.t.domdex.com,AVAILABILITY,domains.list,2021-09-21 05:46:54.121940
dsp-pixel.contextweb.com,AVAILABILITY,domains.list,2021-09-21 05:46:54.870979
dspportal.smaato.net,AVAILABILITY,domains.list,2021-09-21 05:46:55.837162
dsp-token.aws.rubiconproject.com,AVAILABILITY,domains.list,2021-09-21 05:46:56.821525
d-sportsteamclothing.t.domdex.com,AVAILABILITY,domains.list,2021-09-21 05:46:57.603743
dsqa2.contextweb.com,AVAILABILITY,domains.list,2021-09-21 05:46:58.458851
dstw.adgear.com,AVAILABILITY,domains.list,2021-09-21 05:46:59.522333
dstrb.go2affise.com,AVAILABILITY,domains.list,2021-09-21 05:47:00.473736
dtm.advertising.com,AVAILABILITY,domains.list,2021-09-21 05:47:01.273397
dtord01qar01d.dotomi.com,AVAILABILITY,domains.list,2021-09-21 05:47:02.432487
d-toys.t.domdex.com,AVAILABILITY,domains.list,2021-09-21 05:47:03.250578
dtstrstag.adgear.com,AVAILABILITY,domains.list,2021-09-21 05:47:04.233187
dtstruat.adgear.com,AVAILABILITY,domains.list,2021-09-21 05:47:04.987952
dtstr.adgear.com,AVAILABILITY,domains.list,2021-09-21 05:47:05.863591
dtdzz.jvfup3byv.bapb.gdn,AVAILABILITY,domains.list,2021-09-21 05:47:07.924226
d-tvnetwork.t.domdex.com,AVAILABILITY,domains.list,2021-09-21 05:47:08.729714
dubbi.moengage.com,AVAILABILITY,domains.list,2021-09-21 05:47:09.674220
dumb-waiter.sharethrough.com,AVAILABILITY,domains.list,2021-09-21 05:47:10.604430
d-vitamins.t.domdex.com,AVAILABILITY,domains.list,2021-09-21 05:47:11.401623
dumedia.ad.admitad.com,AVAILABILITY,domains.list,2021-09-21 05:47:12.308499
dv-nagios.clickability.com,AVAILABILITY,domains.list,2021-09-21 05:47:13.816780
dvx.adgear.com,AVAILABILITY,domains.list,2021-09-21 05:47:14.793727
dw2-static.vertamedia.com,AVAILABILITY,domains.list,2021-09-21 05:47:15.568816
dw.adsafeprotected.com,AVAILABILITY,domains.list,2021-09-21 05:47:16.409920
d-watercraft.t.domdex.com,AVAILABILITY,domains.list,2021-09-21 05:47:17.221803
dw1.vertamedia.com,AVAILABILITY,domains.list,2021-09-21 05:47:18.023596
dwqzz.lyfd2xzauti9d8p.bapb.gdn,AVAILABILITY,domains.list,2021-09-21 05:47:18.895963
dxgui.crwdcntrl.net,AVAILABILITY,domains.list,2021-09-21 05:47:19.948711
dwin.adsame.com,AVAILABILITY,domains.list,2021-09-21 05:47:22.389846
dyn.atdmt.com,AVAILABILITY,domains.list,2021-09-21 05:47:23.204771
dwintest.adsame.com,AVAILABILITY,domains.list,2021-09-21 05:47:26.427516
dynamic.cannedbanners.com,AVAILABILITY,domains.list,2021-09-21 05:47:27.438274
dynamic-creative.c.appier.net,AVAILABILITY,domains.list,2021-09-21 05:47:28.406921
dynamic.advertising.com,AVAILABILITY,domains.list,2021-09-21 05:47:29.275051
dyn-pixel.mathtag.com,AVAILABILITY,domains.list,2021-09-21 05:47:34.244490
dyn-message.mathtag.com,AVAILABILITY,domains.list,2021-09-21 05:47:35.057732
e2.mouseflow.com,AVAILABILITY,domains.list,2021-09-21 05:47:36.580441
e7gzz.ouasflpydty21tf.bapb.gdn,AVAILABILITY,domains.list,2021-09-21 05:47:37.869756
e1475741074.mtraction.com,AVAILABILITY,domains.list,2021-09-21 05:47:38.881233
e1476442757.mtraction.com,AVAILABILITY,domains.list,2021-09-21 05:47:39.827307
e1472540213.mtraction.com,AVAILABILITY,domains.list,2021-09-21 05:47:40.721753
e.admob.com,AVAILABILITY,domains.list,2021-09-21 05:47:41.599607
e.ai.inmobi.com,AVAILABILITY,domains.list,2021-09-21 05:47:42.608125
e.crashlytics.com,AVAILABILITY,domains.list,2021-09-21 05:47:43.562330
e.glotgrx.com,AVAILABILITY,domains.list,2021-09-21 05:47:44.358984
e.l.admob.com,AVAILABILITY,domains.list,2021-09-21 05:47:45.306571
e.mtraction.com,AVAILABILITY,domains.list,2021-09-21 05:47:46.317073
e.mouseflow.com,AVAILABILITY,domains.list,2021-09-21 05:47:47.443509
e.crashlytics.net,AVAILABILITY,domains.list,2021-09-21 05:47:58.764153
eaglepro.adsame.com,AVAILABILITY,domains.list,2021-09-21 05:49:41.025713
eagledemo.adsame.com,AVAILABILITY,domains.list,2021-09-21 05:49:43.669144
eagle.adsame.com,AVAILABILITY,domains.list,2021-09-21 05:49:45.863747
east.atlassolutions.com,AVAILABILITY,domains.list,2021-09-21 05:49:46.967451
east.c.gcp.msas.media.net,AVAILABILITY,domains.list,2021-09-21 05:49:48.615985
east.d.gcp.msas.media.net,AVAILABILITY,domains.list,2021-09-21 05:49:49.795133
east-s2s.1rx.io,AVAILABILITY,domains.list,2021-09-21 05:49:50.520197
easylist.club,AVAILABILITY,domains.list,2021-09-21 05:49:52.329753
easyvoyagesas.t.domdex.com,AVAILABILITY,domains.list,2021-09-21 05:49:53.075496
eb.3lift.com,AVAILABILITY,domains.list,2021-09-21 05:49:54.031313
ebagstrack.optimove.net,AVAILABILITY,domains.list,2021-09-21 05:49:55.092845
ebagstracksdk-stg.optimove.net,AVAILABILITY,domains.list,2021-09-21 05:49:56.022136
ebay.de.mediaplex.com,AVAILABILITY,domains.list,2021-09-21 05:49:57.119248
ebaydev.infiniteanalytics.com,AVAILABILITY,domains.list,2021-09-21 05:49:58.155869
ebayprod.infiniteanalytics.com,AVAILABILITY,domains.list,2021-09-21 05:49:59.267843
ebz.t.teads.tv,AVAILABILITY,domains.list,2021-09-21 05:50:00.061629
ec2eu-de-1-vpc-20160531.deliveryengine.adswizz.com,AVAILABILITY,domains.list,2021-09-21 05:50:00.921694
ec2eu-de-2-vpc-20160607.deliveryengine.adswizz.com,AVAILABILITY,domains.list,2021-09-21 05:50:01.815060
ec2eu-de-lb2-c3.deliveryengine.adswizz.com,AVAILABILITY,domains.list,2021-09-21 05:50:02.596049
ec2eu-de-3-vpc-20160422.deliveryengine.adswizz.com,AVAILABILITY,domains.list,2021-09-21 05:50:03.455037
ec.atlassolutions.com,AVAILABILITY,domains.list,2021-09-21 05:50:04.608148
echo.intergient.com,AVAILABILITY,domains.list,2021-09-21 05:50:05.507583
ecom.intl.xiaomi.com,AVAILABILITY,domains.list,2021-09-21 05:50:07.404854
ecomm.qualaroo.com,AVAILABILITY,domains.list,2021-09-21 05:50:08.382193
ecommerce.sokrati.com,AVAILABILITY,domains.list,2021-09-21 05:50:09.281664
ecosystem.albacross.com,AVAILABILITY,domains.list,2021-09-21 05:50:10.304440
ecpm_api.propellerads.com,AVAILABILITY,domains.list,2021-09-21 05:50:11.299392
ecshop.adsame.com,AVAILABILITY,domains.list,2021-09-21 05:50:13.521682
edge2.pixel.advertising.com,AVAILABILITY,domains.list,2021-09-21 05:50:14.322631
edge.pixel.advertising.com,AVAILABILITY,domains.list,2021-09-21 05:50:15.108060
edge.redirect.addthis.com,AVAILABILITY,domains.list,2021-09-21 05:50:15.953942
ediblearrangements.adlegend.com,AVAILABILITY,domains.list,2021-09-21 05:50:16.801699
editorial-qa2.outbrain.com,AVAILABILITY,domains.list,2021-09-21 05:50:17.667482
editorial-stg.outbrain.com,AVAILABILITY,domains.list,2021-09-21 05:50:18.457752
ecommerce.roboinside.me,AVAILABILITY,domains.list,2021-09-21 05:50:46.296692
eduesse-d.openx.net,AVAILABILITY,domains.list,2021-09-21 05:50:47.298060
ee01dns.advertising.com,AVAILABILITY,domains.list,2021-09-21 05:50:48.151050
ee01gws.advertising.com,AVAILABILITY,domains.list,2021-09-21 05:50:49.005345
ee02gws.advertising.com,AVAILABILITY,domains.list,2021-09-21 05:50:49.862662
ee01hmq.advertising.com,AVAILABILITY,domains.list,2021-09-21 05:50:50.640829
ee01job.advertising.com,AVAILABILITY,domains.list,2021-09-21 05:50:51.571259
ee02hmq.advertising.com,AVAILABILITY,domains.list,2021-09-21 05:50:52.439055
ee02mrp.advertising.com,AVAILABILITY,domains.list,2021-09-21 05:50:53.262569
ee03gws.advertising.com,AVAILABILITY,domains.list,2021-09-21 05:50:54.119663
ee04gws.advertising.com,AVAILABILITY,domains.list,2021-09-21 05:50:55.012704
ee12gp4.advertising.com,AVAILABILITY,domains.list,2021-09-21 05:50:55.889651
efezz.lyfd2xzauti9d8p.bapb.gdn,AVAILABILITY,domains.list,2021-09-21 05:50:56.909768
egencia-d.openx.net,AVAILABILITY,domains.list,2021-09-21 05:50:57.903453
egm-d.openx.net,AVAILABILITY,domains.list,2021-09-21 05:50:58.822055
egopastor.biz,AVAILABILITY,domains.list,2021-09-21 05:51:00.339967
egrishkovets.smi2.ru,AVAILABILITY,domains.list,2021-09-21 05:51:03.582117
eidzz.lyfd2xzauti9d8p.bapb.gdn,AVAILABILITY,domains.list,2021-09-21 05:51:04.646153
eisenberg.inmobicdn.net,AVAILABILITY,domains.list,2021-09-21 05:51:05.635086
ejyoklygase.tk,AVAILABILITY,domains.list,2021-09-21 05:51:14.318270
eks.dynamicyield.com,AVAILABILITY,domains.list,2021-09-21 05:51:15.389723
elanatality.info,AVAILABILITY,domains.list,2021-09-21 05:51:16.537842
elastikube.vungle.com,AVAILABILITY,domains.list,2021-09-21 05:51:17.515396
eldamar02-loadbalanced.kameleoon.com,AVAILABILITY,domains.list,2021-09-21 05:51:18.397135
eldamar01-loadbalanced.kameleoon.com,AVAILABILITY,domains.list,2021-09-21 05:51:19.137861
eldamar03-loadbalanced.kameleoon.com,AVAILABILITY,domains.list,2021-09-21 05:51:19.906781
eldamar04-loadbalanced.kameleoon.com,AVAILABILITY,domains.list,2021-09-21 05:51:20.667026
eldamar.kameleoon.com,AVAILABILITY,domains.list,2021-09-21 05:51:21.456978
eldamar-loadbalanced.kameleoon.com,AVAILABILITY,domains.list,2021-09-21 05:51:22.238241
electronics.t.domdex.com,AVAILABILITY,domains.list,2021-09-21 05:51:23.229196
elegantfashionwear.moengage.com,AVAILABILITY,domains.list,2021-09-21 05:51:24.264545
elementbrand.btttag.com,AVAILABILITY,domains.list,2021-09-21 05:51:25.063853
elephantdata.batmobi.net,AVAILABILITY,domains.list,2021-09-21 05:51:26.004348
eleven05media-d.openx.net,AVAILABILITY,domains.list,2021-09-21 05:51:27.092570
elgrocer.moengage.com,AVAILABILITY,domains.list,2021-09-21 05:51:28.054312
elietaharitracksdk.optimove.net,AVAILABILITY,domains.list,2021-09-21 05:51:29.005648
elk.stickyadstv.com,AVAILABILITY,domains.list,2021-09-21 05:51:29.803022
elleshop.adsame.com,AVAILABILITY,domains.list,2021-09-21 05:51:31.813703
el-murid.smi2.ru,AVAILABILITY,domains.list,2021-09-21 05:51:33.923689
eltel1.adriver.ru,AVAILABILITY,domains.list,2021-09-21 05:51:40.494773
e-ltvp.inmobi.com,AVAILABILITY,domains.list,2021-09-21 05:51:41.495327
eluniversal-d.openx.net,AVAILABILITY,domains.list,2021-09-21 05:51:42.415492
eltel2.adriver.ru,AVAILABILITY,domains.list,2021-09-21 05:51:45.098121
em.impactradius.com,AVAILABILITY,domains.list,2021-09-21 05:51:46.265919
emai.unbounce.com,AVAILABILITY,domains.list,2021-09-21 05:51:47.297146
emgn-d.openx.net,AVAILABILITY,domains.list,2021-09-21 05:51:48.576861
emote.vuukle.com,AVAILABILITY,domains.list,2021-09-21 05:51:49.354245
emmzz.lyfd2xzauti9d8p.bapb.gdn,AVAILABILITY,domains.list,2021-09-21 05:51:50.755276
en.support.appsflyer.com,AVAILABILITY,domains.list,2021-09-21 05:51:51.851695
eng.33across.com,AVAILABILITY,domains.list,2021-09-21 05:51:52.615383
engage.mediaplex.com,AVAILABILITY,domains.list,2021-09-21 05:51:53.736349
engine.data.cnzz.com,AVAILABILITY,domains.list,2021-09-21 05:51:55.280891
engine.mobileapptracking.com,AVAILABILITY,domains.list,2021-09-21 05:51:56.137078
engine.voodoo-ads.io,AVAILABILITY,domains.list,2021-09-21 05:51:57.111551
engineering.mopub.com,AVAILABILITY,domains.list,2021-09-21 05:51:58.041328
enjoy.marfeel.com,AVAILABILITY,domains.list,2021-09-21 05:51:59.064371
en-studiotraining.inmobi.com,AVAILABILITY,domains.list,2021-09-21 05:52:00.148502
entertainment.t.domdex.com,AVAILABILITY,domains.list,2021-09-21 05:52:01.001469
envgraffiti-d.openx.net,AVAILABILITY,domains.list,2021-09-21 05:52:02.139903
entrypoint.search.yahooapis.jp,AVAILABILITY,domains.list,2021-09-21 05:52:04.051404
ep.ifc.inmobi.com,AVAILABILITY,domains.list,2021-09-21 05:52:05.439536
ep-apsoutheast.ifc.inmobi.com,AVAILABILITY,domains.list,2021-09-21 05:52:06.635065
ep-euwest.ifc.inmobi.com,AVAILABILITY,domains.list,2021-09-21 05:52:07.632239
eplocjhuxsoj.com,AVAILABILITY,domains.list,2021-09-21 05:52:08.684092
emea.tracking.justpremium.com,AVAILABILITY,domains.list,2021-09-21 05:52:19.517357
ep-uswest.ifc.inmobi.com,AVAILABILITY,domains.list,2021-09-21 05:52:20.603439
ep-useast.ifc.inmobi.com,AVAILABILITY,domains.list,2021-09-21 05:52:21.720848
eqix-dc2.casalemedia.com,AVAILABILITY,domains.list,2021-09-21 05:52:22.692427
eqix-ema-dc.amobee.com,AVAILABILITY,domains.list,2021-09-21 05:52:24.019136
eqix-ema-ny.casalemedia.com,AVAILABILITY,domains.list,2021-09-21 05:52:24.857674
eqix-ema-sv.amobee.com,AVAILABILITY,domains.list,2021-09-21 05:52:25.786887
eqix-sv4.casalemedia.com,AVAILABILITY,domains.list,2021-09-21 05:52:26.767075
er2d2.criteo.com,AVAILABILITY,domains.list,2021-09-21 05:52:28.241077
er.criteo.com,AVAILABILITY,domains.list,2021-09-21 05:52:29.673186
erpdev.propellerads.com,AVAILABILITY,domains.list,2021-09-21 05:52:30.608830
erpiam.apxor.com,AVAILABILITY,domains.list,2021-09-21 05:52:31.975901
error.bizographics.com,AVAILABILITY,domains.list,2021-09-21 05:52:32.809558
errserv-21.btrll.com,AVAILABILITY,domains.list,2021-09-21 05:52:34.336364
err.cnzz.com,AVAILABILITY,domains.list,2021-09-21 05:52:35.478812
esalon-shopping.t.domdex.com,AVAILABILITY,domains.list,2021-09-21 05:52:36.383154
es.labs.teads.tv,AVAILABILITY,domains.list,2021-09-21 05:52:37.264017
es-la.tubemogul.com,AVAILABILITY,domains.list,2021-09-21 05:52:38.028947
esp.bounceexchange.com,AVAILABILITY,domains.list,2021-09-21 05:52:39.361465
especifice.info,AVAILABILITY,domains.list,2021-09-21 05:52:40.220792
et2-cn.w.inmobi.com,AVAILABILITY,domains.list,2021-09-21 05:52:41.239220
et.apac.gslb.inmobi.com,AVAILABILITY,domains.list,2021-09-21 05:52:42.432810
et-cn.apac.gslb.inmobi.com,AVAILABILITY,domains.list,2021-09-21 05:52:43.393419
et-cn.w.inmobi.com,AVAILABILITY,domains.list,2021-09-21 05:52:44.365690
eternalmobi.go2affise.com,AVAILABILITY,domains.list,2021-09-21 05:52:45.191171
etrzz.qlvfyxtzjh5.bapb.gdn,AVAILABILITY,domains.list,2021-09-21 05:52:46.506351
ets-cn-north-1.smaato.net,AVAILABILITY,domains.list,2021-09-21 05:52:47.420097
ets-eu-west-1.smaato.net,AVAILABILITY,domains.list,2021-09-21 05:52:48.321305
eu.atlassolutions.com,AVAILABILITY,domains.list,2021-09-21 05:52:49.457110
eu.content.cmp.advertising.com,AVAILABILITY,domains.list,2021-09-21 05:52:50.357174
eu.criteo.com,AVAILABILITY,domains.list,2021-09-21 05:52:51.931070
eu.criteo.net,AVAILABILITY,domains.list,2021-09-21 05:52:53.175583
eu.preprod.criteo.net,AVAILABILITY,domains.list,2021-09-21 05:52:54.398506
eu.pulsepoint.rtb.quantserve.com,AVAILABILITY,domains.list,2021-09-21 05:52:55.361505
eu.rmevent.advertising.com,AVAILABILITY,domains.list,2021-09-21 05:52:56.135741
eu.solocpm.com,AVAILABILITY,domains.list,2021-09-21 05:52:57.085063
eu.test.atlassolutions.com,AVAILABILITY,domains.list,2021-09-21 05:52:57.979820
eu.intentmedia.net,AVAILABILITY,domains.list,2021-09-21 05:53:11.231091
eu-ads.adiquity.com,AVAILABILITY,domains.list,2021-09-21 05:53:12.145808
eu-ast.adiquity.com,AVAILABILITY,domains.list,2021-09-21 05:53:13.010251
eu-clk.adiquity.com,AVAILABILITY,domains.list,2021-09-21 05:53:13.959953
eu-pulsepoint-rtb.quantserve.com,AVAILABILITY,domains.list,2021-09-21 05:53:14.963457
europapress.marfeel.com,AVAILABILITY,domains.list,2021-09-21 05:53:15.911876
eu-s2s.1rx.io,AVAILABILITY,domains.list,2021-09-21 05:53:16.786583
eu-test.addthis.com,AVAILABILITY,domains.list,2021-09-21 05:53:17.543778
eu-west-1-prod-attribution-gate.attribution.singular.net,AVAILABILITY,domains.list,2021-09-21 05:53:18.892135
eu-west-1.prod.e.singular.net,AVAILABILITY,domains.list,2021-09-21 05:53:20.097260
eu-west-1-prod-attribution-gate-general.attribution.singular.net,AVAILABILITY,domains.list,2021-09-21 05:53:21.132482
eu-west-1-prod-clickflow-clickserver.attribution.singular.net,AVAILABILITY,domains.list,2021-09-21 05:53:22.111766
eu-west-1-testeranc-web.attribution.singular.net,AVAILABILITY,domains.list,2021-09-21 05:53:22.996849
eu-west-1-teranc-web.attribution.singular.net,AVAILABILITY,domains.list,2021-09-21 05:53:24.009100
eu-west-1-testmaya-web.attribution.singular.net,AVAILABILITY,domains.list,2021-09-21 05:53:24.838273
eu-west-1-testneta-web.attribution.singular.net,AVAILABILITY,domains.list,2021-09-21 05:53:25.621221
eu-west-1-testshani-web.attribution.singular.net,AVAILABILITY,domains.list,2021-09-21 05:53:26.528184
event.cmp.advertising.com,AVAILABILITY,domains.list,2021-09-21 05:53:27.314787
event.headline.uodoo.com,AVAILABILITY,domains.list,2021-09-21 05:53:29.277552
eventdbservice-ah.vertamedia.com,AVAILABILITY,domains.list,2021-09-21 05:53:30.126765
eventgw-us1-1378646237.us-east-1.elb.amazonaws.com,AVAILABILITY,domains.list,2021-09-21 05:53:31.057029
events.bankbazaar.com,AVAILABILITY,domains.list,2021-09-21 05:53:31.960890
eu.a.intentmedia.net,AVAILABILITY,domains.list,2021-09-21 05:53:45.108816
events.moengage.com,AVAILABILITY,domains.list,2021-09-21 05:53:45.978896
events.pi-stats.com,AVAILABILITY,domains.list,2021-09-21 05:53:46.787525
events.urbanairship.com,AVAILABILITY,domains.list,2021-09-21 05:53:47.823016
eventsalt30.adcolony.com,AVAILABILITY,domains.list,2021-09-21 05:53:48.611610
everythingyoga.btttag.com,AVAILABILITY,domains.list,2021-09-21 05:53:49.369475
ewr-delivery-1.sys.adgear.com,AVAILABILITY,domains.list,2021-09-21 05:53:50.474368
ewr-delivery-6.sys.adgear.com,AVAILABILITY,domains.list,2021-09-21 05:53:51.287907
ex10c1.tf-net.tribalfusion.com,AVAILABILITY,domains.list,2021-09-21 05:53:51.997126
ex10c2.tf-net.tribalfusion.com,AVAILABILITY,domains.list,2021-09-21 05:53:52.746026
ex6o62wr.t0r.download,AVAILABILITY,domains.list,2021-09-21 05:53:53.506226
ex13c1vm-02.tf-net.tribalfusion.com,AVAILABILITY,domains.list,2021-09-21 05:53:54.224708
ex13c1vm-01.tf-net.tribalfusion.com,AVAILABILITY,domains.list,2021-09-21 05:53:54.926594
excas03.tf-net.tribalfusion.com,AVAILABILITY,domains.list,2021-09-21 05:53:55.636909
excas04.tf-net.tribalfusion.com,AVAILABILITY,domains.list,2021-09-21 05:53:56.380411
exchange.360in.com,AVAILABILITY,domains.list,2021-09-21 05:53:57.295369
exchange.adsame.com,AVAILABILITY,domains.list,2021-09-21 05:53:59.294111
exchange.face2trade.com,AVAILABILITY,domains.list,2021-09-21 05:54:00.093764
exchange.brightroll.com,AVAILABILITY,domains.list,2021-09-21 05:54:01.247079
exchangecast.adsame.com,AVAILABILITY,domains.list,2021-09-21 05:54:03.752421
exet.w.inmobi.com,AVAILABILITY,domains.list,2021-09-21 05:54:05.035022
exovue-health.t.domdex.com,AVAILABILITY,domains.list,2021-09-21 05:54:05.821508
exmox.go2affise.com,AVAILABILITY,domains.list,2021-09-21 05:54:06.848206
experience.clickcease.com,AVAILABILITY,domains.list,2021-09-21 05:54:07.655120
experience.teads.tv,AVAILABILITY,domains.list,2021-09-21 05:54:08.431075
experience.brightroll.com,AVAILABILITY,domains.list,2021-09-21 05:54:09.760718
exportdata.appsflyer.com,AVAILABILITY,domains.list,2021-09-21 05:54:10.714645
explore.singular.net,AVAILABILITY,domains.list,2021-09-21 05:54:11.715924
exports.singular.net,AVAILABILITY,domains.list,2021-09-21 05:54:12.725476
express.mgid.com,AVAILABILITY,domains.list,2021-09-21 05:54:13.517565
ext.admitad.com,AVAILABILITY,domains.list,2021-09-21 05:54:14.402408
expresscashback.in,AVAILABILITY,domains.list,2021-09-21 05:54:15.681827
ext.dynamicyield.com,AVAILABILITY,domains.list,2021-09-21 05:54:16.645632
ext-auth.fitanalytics.com,AVAILABILITY,domains.list,2021-09-21 05:54:17.575537
external.labs.teads.tv,AVAILABILITY,domains.list,2021-09-21 05:54:18.414356
extmap.an.ace.advertising.com,AVAILABILITY,domains.list,2021-09-21 05:54:19.319851
extmap.rub.ace.advertising.com,AVAILABILITY,domains.list,2021-09-21 05:54:20.288412
extranet.criteo.com,AVAILABILITY,domains.list,2021-09-21 05:54:21.236316
extranet.dotomi.com,AVAILABILITY,domains.list,2021-09-21 05:54:22.539455
eyezz.tq8iuf.bapb.gdn,AVAILABILITY,domains.list,2021-09-21 05:54:23.425193
ezanga.t.domdex.com,AVAILABILITY,domains.list,2021-09-21 05:54:24.342150
f1-us-ca.adhigh.net,AVAILABILITY,domains.list,2021-09-21 05:54:27.049700
f1-hk.adhigh.net,AVAILABILITY,domains.list,2021-09-21 05:54:28.880521
f1-us-va.adhigh.net,AVAILABILITY,domains.list,2021-09-21 05:54:30.536642
f2.mouseflow.com,AVAILABILITY,domains.list,2021-09-21 05:54:32.164382
f2-hk.adhigh.net,AVAILABILITY,domains.list,2021-09-21 05:54:34.208946
f2-us-va.adhigh.net,AVAILABILITY,domains.list,2021-09-21 05:54:36.371998
f2-us-ca.adhigh.net,AVAILABILITY,domains.list,2021-09-21 05:54:39.206188
f3-hk.adhigh.net,AVAILABILITY,domains.list,2021-09-21 05:54:41.440838
f4.facebook-info.co,AVAILABILITY,domains.list,2021-09-21 05:54:42.202146
f3-us-va.adhigh.net,AVAILABILITY,domains.list,2021-09-21 05:54:45.045306
f3-us-ca.adhigh.net,AVAILABILITY,domains.list,2021-09-21 05:54:46.681351
f4-us-ca.adhigh.net,AVAILABILITY,domains.list,2021-09-21 05:54:49.072434
f4-us-va.adhigh.net,AVAILABILITY,domains.list,2021-09-21 05:54:50.306788
f5-us-ca.adhigh.net,AVAILABILITY,domains.list,2021-09-21 05:54:52.684628
f06.smaato.net,AVAILABILITY,domains.list,2021-09-21 05:54:53.683283
f5-us-va.adhigh.net,AVAILABILITY,domains.list,2021-09-21 05:54:56.251758
f6-us-va.adhigh.net,AVAILABILITY,domains.list,2021-09-21 05:54:58.087356
f6-us-ca.adhigh.net,AVAILABILITY,domains.list,2021-09-21 05:55:00.283505
f7-us-ca.adhigh.net,AVAILABILITY,domains.list,2021-09-21 05:55:02.832390
f7-us-va.adhigh.net,AVAILABILITY,domains.list,2021-09-21 05:55:05.264924
f8-us-ca.adhigh.net,AVAILABILITY,domains.list,2021-09-21 05:55:07.488271
f8-us-va.adhigh.net,AVAILABILITY,domains.list,2021-09-21 05:55:09.530606
f9-us-ca.adhigh.net,AVAILABILITY,domains.list,2021-09-21 05:55:11.416441
f9-us-va.adhigh.net,AVAILABILITY,domains.list,2021-09-21 05:55:13.256687
f10-us-ca.adhigh.net,AVAILABILITY,domains.list,2021-09-21 05:55:15.475862
f10-us-va.adhigh.net,AVAILABILITY,domains.list,2021-09-21 05:55:18.291680
f11-us-ca.adhigh.net,AVAILABILITY,domains.list,2021-09-21 05:55:20.506127
f11-us-va.adhigh.net,AVAILABILITY,domains.list,2021-09-21 05:55:23.106956
f12-us-ca.adhigh.net,AVAILABILITY,domains.list,2021-09-21 05:55:25.562328
f12-us-va.adhigh.net,AVAILABILITY,domains.list,2021-09-21 05:55:27.579168
f13-us-ca.adhigh.net,AVAILABILITY,domains.list,2021-09-21 05:55:29.645962
f13-us-va.adhigh.net,AVAILABILITY,domains.list,2021-09-21 05:55:31.652918
f14-us-ca.adhigh.net,AVAILABILITY,domains.list,2021-09-21 05:55:34.049568
f15-de.adhigh.net,AVAILABILITY,domains.list,2021-09-21 05:55:35.515130
f15-us-va.adhigh.net,AVAILABILITY,domains.list,2021-09-21 05:55:37.613300
f14-us-va.adhigh.net,AVAILABILITY,domains.list,2021-09-21 05:55:40.359778
f16.smaato.net,AVAILABILITY,domains.list,2021-09-21 05:55:41.425639
f15-us-ca.adhigh.net,AVAILABILITY,domains.list,2021-09-21 05:55:44.006984
f16-us-va.adhigh.net,AVAILABILITY,domains.list,2021-09-21 05:55:46.238784
f16-de.adhigh.net,AVAILABILITY,domains.list,2021-09-21 05:55:48.615985
f17-us-va.adhigh.net,AVAILABILITY,domains.list,2021-09-21 05:55:51.036449
f17-de.adhigh.net,AVAILABILITY,domains.list,2021-09-21 05:55:53.521023
f18-us-va.adhigh.net,AVAILABILITY,domains.list,2021-09-21 05:55:55.905226
f18-de.adhigh.net,AVAILABILITY,domains.list,2021-09-21 05:55:58.355058
f19-de.adhigh.net,AVAILABILITY,domains.list,2021-09-21 05:56:00.783090
f20.smaato.net,AVAILABILITY,domains.list,2021-09-21 05:56:01.756831
f19-us-va.adhigh.net,AVAILABILITY,domains.list,2021-09-21 05:56:03.783415
f20-de.adhigh.net,AVAILABILITY,domains.list,2021-09-21 05:56:06.003466
f20-us-va.adhigh.net,AVAILABILITY,domains.list,2021-09-21 05:56:08.261430
f21-de.adhigh.net,AVAILABILITY,domains.list,2021-09-21 05:56:10.522152
f22-de.adhigh.net,AVAILABILITY,domains.list,2021-09-21 05:56:12.792027
f21-us-ca.adhigh.net,AVAILABILITY,domains.list,2021-09-21 05:56:14.844707
f22-us-va.adhigh.net,AVAILABILITY,domains.list,2021-09-21 05:56:17.234766
f21-us-va.adhigh.net,AVAILABILITY,domains.list,2021-09-21 05:56:19.469635
f22-us-ca.adhigh.net,AVAILABILITY,domains.list,2021-09-21 05:56:22.225695
f23-us-ca.adhigh.net,AVAILABILITY,domains.list,2021-09-21 05:56:24.824936
f23-us-va.adhigh.net,AVAILABILITY,domains.list,2021-09-21 05:56:27.229598
f23-de.adhigh.net,AVAILABILITY,domains.list,2021-09-21 05:56:29.060734
f24-de.adhigh.net,AVAILABILITY,domains.list,2021-09-21 05:56:30.920598
f24-us-ca.adhigh.net,AVAILABILITY,domains.list,2021-09-21 05:56:33.295828
f25-de.adhigh.net,AVAILABILITY,domains.list,2021-09-21 05:56:35.716132
f24-us-va.adhigh.net,AVAILABILITY,domains.list,2021-09-21 05:56:37.974634
f25-us-ca.adhigh.net,AVAILABILITY,domains.list,2021-09-21 05:56:40.207606
f26-de.adhigh.net,AVAILABILITY,domains.list,2021-09-21 05:56:42.419342
f25-us-va.adhigh.net,AVAILABILITY,domains.list,2021-09-21 05:56:44.271430
f26-us-ca.adhigh.net,AVAILABILITY,domains.list,2021-09-21 05:56:46.427097
f27-us-ca.adhigh.net,AVAILABILITY,domains.list,2021-09-21 05:56:48.283585
f27-de.adhigh.net,AVAILABILITY,domains.list,2021-09-21 05:56:50.713763
f26-us-va.adhigh.net,AVAILABILITY,domains.list,2021-09-21 05:56:52.521159
f28-de.adhigh.net,AVAILABILITY,domains.list,2021-09-21 05:56:54.937609
f27-us-va.adhigh.net,AVAILABILITY,domains.list,2021-09-21 05:56:57.526021
f28-us-ca.adhigh.net,AVAILABILITY,domains.list,2021-09-21 05:56:59.578271
f28-us-va.adhigh.net,AVAILABILITY,domains.list,2021-09-21 05:57:02.185632
f29-us-ca.adhigh.net,AVAILABILITY,domains.list,2021-09-21 05:57:04.426168
f29-de.adhigh.net,AVAILABILITY,domains.list,2021-09-21 05:57:07.009649
f29-us-va.adhigh.net,AVAILABILITY,domains.list,2021-09-21 05:57:09.065077
f30-de.adhigh.net,AVAILABILITY,domains.list,2021-09-21 05:57:11.324185
f30-us-ca.adhigh.net,AVAILABILITY,domains.list,2021-09-21 05:57:13.549194
f31-de.adhigh.net,AVAILABILITY,domains.list,2021-09-21 05:57:15.806406
f30-us-va.adhigh.net,AVAILABILITY,domains.list,2021-09-21 05:57:18.263274
f31-us-ca.adhigh.net,AVAILABILITY,domains.list,2021-09-21 05:57:20.142191
f31-us-va.adhigh.net,AVAILABILITY,domains.list,2021-09-21 05:57:22.141441
f32-de.adhigh.net,AVAILABILITY,domains.list,2021-09-21 05:57:24.754026
f32-us-ca.adhigh.net,AVAILABILITY,domains.list,2021-09-21 05:57:26.585813
f32-us-va.adhigh.net,AVAILABILITY,domains.list,2021-09-21 05:57:28.410291
f33-de.adhigh.net,AVAILABILITY,domains.list,2021-09-21 05:57:30.639950
f33-us-ca.adhigh.net,AVAILABILITY,domains.list,2021-09-21 05:57:33.215799
f33-us-va.adhigh.net,AVAILABILITY,domains.list,2021-09-21 05:57:35.673108
f34-de.adhigh.net,AVAILABILITY,domains.list,2021-09-21 05:57:38.130306
f34-us-va.adhigh.net,AVAILABILITY,domains.list,2021-09-21 05:57:40.537178
f35-de.adhigh.net,AVAILABILITY,domains.list,2021-09-21 05:57:42.787283
f35-us-va.adhigh.net,AVAILABILITY,domains.list,2021-09-21 05:57:44.875306
f36-de.adhigh.net,AVAILABILITY,domains.list,2021-09-21 05:57:47.124746
f37-de.adhigh.net,AVAILABILITY,domains.list,2021-09-21 05:57:49.547821
f40-de.adhigh.net,AVAILABILITY,domains.list,2021-09-21 05:57:52.177959
f38-de.adhigh.net,AVAILABILITY,domains.list,2021-09-21 05:57:54.389157
f39-de.adhigh.net,AVAILABILITY,domains.list,2021-09-21 05:57:56.809637
f41-de.adhigh.net,AVAILABILITY,domains.list,2021-09-21 05:57:59.013454
f42-de.adhigh.net,AVAILABILITY,domains.list,2021-09-21 05:58:01.002466
f51-de-tmp.adhigh.net,AVAILABILITY,domains.list,2021-09-21 05:58:03.106173
f53-de-tmp.adhigh.net,AVAILABILITY,domains.list,2021-09-21 05:58:05.144683
f52-de-tmp.adhigh.net,AVAILABILITY,domains.list,2021-09-21 05:58:07.203465
f55-de-tmp.adhigh.net,AVAILABILITY,domains.list,2021-09-21 05:58:09.805053
f54-de-tmp.adhigh.net,AVAILABILITY,domains.list,2021-09-21 05:58:11.883200
f56-de-tmp.adhigh.net,AVAILABILITY,domains.list,2021-09-21 05:58:14.090417
f57-de-tmp.adhigh.net,AVAILABILITY,domains.list,2021-09-21 05:58:16.478593
f123.smaato.net,AVAILABILITY,domains.list,2021-09-21 05:58:17.436605
f202.smaato.net,AVAILABILITY,domains.list,2021-09-21 05:58:18.425609
f214.smaato.net,AVAILABILITY,domains.list,2021-09-21 05:58:19.457130
f216.smaato.net,AVAILABILITY,domains.list,2021-09-21 05:58:20.585969
f210.smaato.net,AVAILABILITY,domains.list,2021-09-21 05:58:21.514280
f222.smaato.net,AVAILABILITY,domains.list,2021-09-21 05:58:22.559497
f221.smaato.net,AVAILABILITY,domains.list,2021-09-21 05:58:23.569151
f305.smaato.net,AVAILABILITY,domains.list,2021-09-21 05:58:24.747002
f312.smaato.net,AVAILABILITY,domains.list,2021-09-21 05:58:25.817740
f314.smaato.net,AVAILABILITY,domains.list,2021-09-21 05:58:26.795671
f315.smaato.net,AVAILABILITY,domains.list,2021-09-21 05:58:27.860736
f317.smaato.net,AVAILABILITY,domains.list,2021-09-21 05:58:28.934275
f322.smaato.net,AVAILABILITY,domains.list,2021-09-21 05:58:29.928135
f.domdex.com,AVAILABILITY,domains.list,2021-09-21 05:58:30.763686
f.t.domdex.com,AVAILABILITY,domains.list,2021-09-21 05:58:31.594213
fa.propellerads.com,AVAILABILITY,domains.list,2021-09-21 05:58:32.534262
facebook.magnetic.com,AVAILABILITY,domains.list,2021-09-21 05:58:33.576653
faces.voodoo.io,AVAILABILITY,domains.list,2021-09-21 05:58:34.629640
familiarfloor.com,AVAILABILITY,domains.list,2021-09-21 05:58:35.538765
famousfootwear.t.domdex.com,AVAILABILITY,domains.list,2021-09-21 05:58:36.405196
fanaticalfly.com,AVAILABILITY,domains.list,2021-09-21 05:58:37.350835
fanbread-d.openx.net,AVAILABILITY,domains.list,2021-09-21 05:58:38.457898
fakecell.sys.miui.com,AVAILABILITY,domains.list,2021-09-21 05:58:40.579486
farlexintl-d.openx.net,AVAILABILITY,domains.list,2021-09-21 05:58:41.890694
fast.42.demdex.net,AVAILABILITY,domains.list,2021-09-21 05:58:42.848452
fast.turner-1.demdex.net,AVAILABILITY,domains.list,2021-09-21 05:58:43.664544
fast.twc.demdex.net,AVAILABILITY,domains.list,2021-09-21 05:58:44.526874
fastlane.aws.rubiconproject.com,AVAILABILITY,domains.list,2021-09-21 05:58:45.448696
fathern.info,AVAILABILITY,domains.list,2021-09-21 05:58:46.939104
fastprizes.racing,AVAILABILITY,domains.list,2021-09-21 05:58:49.038067
fb.singular.net,AVAILABILITY,domains.list,2021-09-21 05:58:50.058798
fb.umeng.com,AVAILABILITY,domains.list,2021-09-21 05:58:51.451731
fb.xk.miui.com,AVAILABILITY,domains.list,2021-09-21 05:58:53.825931
fbcdnxy.net,AVAILABILITY,domains.list,2021-09-21 05:58:54.799736
fb-clk.ace.advertising.com,AVAILABILITY,domains.list,2021-09-21 05:58:55.796324
fbx-rtb.sokrati.com,AVAILABILITY,domains.list,2021-09-21 05:58:56.636404
fc1-eu.adsymptotic.com,AVAILABILITY,domains.list,2021-09-21 05:58:57.441199
fbclick.singular.net,AVAILABILITY,domains.list,2021-09-21 05:59:09.855384
fbt.singular.net,AVAILABILITY,domains.list,2021-09-21 05:59:23.083586
fc-lb1-vip0.eu.adsymptotic.com,AVAILABILITY,domains.list,2021-09-21 05:59:23.877516
fc-lb2-vip0.eu.adsymptotic.com,AVAILABILITY,domains.list,2021-09-21 05:59:24.648868
fc-vip1.eu.adsymptotic.com,AVAILABILITY,domains.list,2021-09-21 05:59:25.438665
fdc.tapjoy.com,AVAILABILITY,domains.list,2021-09-21 05:59:26.367095
fdc-ny2.tapjoy.com,AVAILABILITY,domains.list,2021-09-21 05:59:27.343619
fe1x.brandreachsys.com,AVAILABILITY,domains.list,2021-09-21 05:59:28.490946
fe2x.brandreachsys.com,AVAILABILITY,domains.list,2021-09-21 05:59:29.537961
fe3x.brandreachsys.com,AVAILABILITY,domains.list,2021-09-21 05:59:30.500544
fe5x.brandreachsys.com,AVAILABILITY,domains.list,2021-09-21 05:59:31.589813
fe4x.brandreachsys.com,AVAILABILITY,domains.list,2021-09-21 05:59:32.646683
fe6x.brandreachsys.com,AVAILABILITY,domains.list,2021-09-21 05:59:33.599146
fe7x.brandreachsys.com,AVAILABILITY,domains.list,2021-09-21 05:59:34.616264
fe8x.brandreachsys.com,AVAILABILITY,domains.list,2021-09-21 05:59:35.656585
federalbank.data.insert.io,AVAILABILITY,domains.list,2021-09-21 05:59:36.667674
federalbank.device.insert.io,AVAILABILITY,domains.list,2021-09-21 05:59:37.725311
feds.adtest.sandbox53.localytics.com,AVAILABILITY,domains.list,2021-09-21 05:59:39.043552
feedback.geo.adrecover.com,AVAILABILITY,domains.list,2021-09-21 05:59:40.072202
feedback.umeng.com,AVAILABILITY,domains.list,2021-09-21 05:59:41.276410
fem.mgid.com,AVAILABILITY,domains.list,2021-09-21 05:59:42.046658
femnp.mgid.com,AVAILABILITY,domains.list,2021-09-21 05:59:42.843947
fenxi.cnzz.com,AVAILABILITY,domains.list,2021-09-21 05:59:43.953902
fhits.xy,AVAILABILITY,domains.list,2021-09-21 05:59:44.778645
files.criteo.com,AVAILABILITY,domains.list,2021-09-21 05:59:46.185042
file.message.cnzz.com,AVAILABILITY,domains.list,2021-09-21 05:59:47.248394
files.propellerads.com,AVAILABILITY,domains.list,2021-09-21 05:59:48.050033
files.revcontent.com,AVAILABILITY,domains.list,2021-09-21 05:59:48.952394
files.vertamedia.com,AVAILABILITY,domains.list,2021-09-21 05:59:49.756090
files.sharethrough.com,AVAILABILITY,domains.list,2021-09-21 05:59:50.714215
files-www2.adsnative.com,AVAILABILITY,domains.list,2021-09-21 05:59:51.551984
fill.juicyads.com,AVAILABILITY,domains.list,2021-09-21 05:59:52.431464
fillip.departapp.com,AVAILABILITY,domains.list,2021-09-21 05:59:53.419669
fillymedia.go2affise.com,AVAILABILITY,domains.list,2021-09-21 05:59:54.263516
finaff.g2afse.com,AVAILABILITY,domains.list,2021-09-21 05:59:55.130382
finaff.go2affise.com,AVAILABILITY,domains.list,2021-09-21 05:59:55.970632
finance.admitad.com,AVAILABILITY,domains.list,2021-09-21 05:59:56.771408
finance.appnexus.com,AVAILABILITY,domains.list,2021-09-21 05:59:57.980356
finance.sit.vertamedia.com,AVAILABILITY,domains.list,2021-09-21 05:59:58.741391
finance.stage.vertamedia.com,AVAILABILITY,domains.list,2021-09-21 05:59:59.546010
findprices.t.domdex.com,AVAILABILITY,domains.list,2021-09-21 06:00:00.459180
findthebest-auto.t.domdex.com,AVAILABILITY,domains.list,2021-09-21 06:00:01.350124
findthebest-careers.t.domdex.com,AVAILABILITY,domains.list,2021-09-21 06:00:02.224225
findthebest-entertainment.t.domdex.com,AVAILABILITY,domains.list,2021-09-21 06:00:03.090300
findthebest-electronics.t.domdex.com,AVAILABILITY,domains.list,2021-09-21 06:00:03.869204
findthebest-education.t.domdex.com,AVAILABILITY,domains.list,2021-09-21 06:00:04.651806
findthebest-family.t.domdex.com,AVAILABILITY,domains.list,2021-09-21 06:00:05.440739
findthebest-games.t.domdex.com,AVAILABILITY,domains.list,2021-09-21 06:00:06.221510
findthebest-finance.t.domdex.com,AVAILABILITY,domains.list,2021-09-21 06:00:07.042891
findthebest-foodanddrink.t.domdex.com,AVAILABILITY,domains.list,2021-09-21 06:00:07.825621
findthebest-government.t.domdex.com,AVAILABILITY,domains.list,2021-09-21 06:00:08.649644
findthebest-health.t.domdex.com,AVAILABILITY,domains.list,2021-09-21 06:00:09.448368
findthebest-homeandgarden.t.domdex.com,AVAILABILITY,domains.list,2021-09-21 06:00:10.282411
findthebest-homepage.t.domdex.com,AVAILABILITY,domains.list,2021-09-21 06:00:11.107971
findthebest-pets.t.domdex.com,AVAILABILITY,domains.list,2021-09-21 06:00:11.902634
findthebest-idx.t.domdex.com,AVAILABILITY,domains.list,2021-09-21 06:00:12.754075
findthebest-realestate.t.domdex.com,AVAILABILITY,domains.list,2021-09-21 06:00:13.559492
findthebest-sports.t.domdex.com,AVAILABILITY,domains.list,2021-09-21 06:00:14.381229
findthebest-reference.t.domdex.com,AVAILABILITY,domains.list,2021-09-21 06:00:15.193713
findthebest-travel.t.domdex.com,AVAILABILITY,domains.list,2021-09-21 06:00:16.075836
findtravel-d.openx.net,AVAILABILITY,domains.list,2021-09-21 06:00:17.208132
fiozz.lyfd2xzauti9d8p.bapb.gdn,AVAILABILITY,domains.list,2021-09-21 06:00:18.718789
fingersoft-ws.scientificrevenue.com,AVAILABILITY,domains.list,2021-09-21 06:00:30.818509
fingersoft-log.scientificrevenue.com,AVAILABILITY,domains.list,2021-09-21 06:00:43.804603
firewall02.adlooxtracking.com,AVAILABILITY,domains.list,2021-09-21 06:00:45.434661
firewall01.adlooxtracking.com,AVAILABILITY,domains.list,2021-09-21 06:00:46.869924
firewall03.adlooxtracking.com,AVAILABILITY,domains.list,2021-09-21 06:00:48.079106
firewall04.adlooxtracking.com,AVAILABILITY,domains.list,2021-09-21 06:00:49.410554
firewall05.adlooxtracking.com,AVAILABILITY,domains.list,2021-09-21 06:00:50.668814
firewall08.adlooxtracking.com,AVAILABILITY,domains.list,2021-09-21 06:00:51.769241
firewall07.adlooxtracking.com,AVAILABILITY,domains.list,2021-09-21 06:00:52.974727
firewall.adlooxtracking.com,AVAILABILITY,domains.list,2021-09-21 06:00:54.140223
fk5onsdp5w.mentalist.kameleoon.com,AVAILABILITY,domains.list,2021-09-21 06:00:55.021874
fk-mtrack.rayjump.com,AVAILABILITY,domains.list,2021-09-21 06:00:56.058745
fl7v51rs.pl4y.download,AVAILABILITY,domains.list,2021-09-21 06:00:57.330149
flapi1.rubiconproject.com,AVAILABILITY,domains.list,2021-09-21 06:00:58.460320
flapi2.rubiconproject.com,AVAILABILITY,domains.list,2021-09-21 06:00:59.693205
fixit.brightroll.com,AVAILABILITY,domains.list,2021-09-21 06:01:00.862270
flatiron-d.openx.net,AVAILABILITY,domains.list,2021-09-21 06:01:02.089869
flavordecision.com,AVAILABILITY,domains.list,2021-09-21 06:01:03.031279
flb.vertamedia.com,AVAILABILITY,domains.list,2021-09-21 06:01:03.886694
flcache.brandreachsys.com,AVAILABILITY,domains.list,2021-09-21 06:01:05.006503
flawlessinteractive.g2afse.com,AVAILABILITY,domains.list,2021-09-21 06:01:06.022664
flex.atdmt.com,AVAILABILITY,domains.list,2021-09-21 06:01:06.910531
flightaware-travel.t.domdex.com,AVAILABILITY,domains.list,2021-09-21 06:01:07.725263
flipkart-gst-big-sale.in,AVAILABILITY,domains.list,2021-09-21 06:01:08.995875
flow.headline.uodoo.com,AVAILABILITY,domains.list,2021-09-21 06:01:10.796265
flow.video.uodoo.com,AVAILABILITY,domains.list,2021-09-21 06:01:13.028480
fm9i6e75ol.mentalist.kameleoon.com,AVAILABILITY,domains.list,2021-09-21 06:01:13.829879
foamybox.com,AVAILABILITY,domains.list,2021-09-21 06:01:14.849740
foodoratrack.optimove.net,AVAILABILITY,domains.list,2021-09-21 06:01:15.783778
footballmedia-d.openx.net,AVAILABILITY,domains.list,2021-09-21 06:01:16.864693
forbesj.media.net,AVAILABILITY,domains.list,2021-09-21 06:01:17.723873
forecount.info,AVAILABILITY,domains.list,2021-09-21 06:01:18.863294
forless.t.domdex.com,AVAILABILITY,domains.list,2021-09-21 06:01:19.656312
forms-verizon-test.inq.com,AVAILABILITY,domains.list,2021-09-21 06:01:20.854412
foursigmatictracksdk.optimove.net,AVAILABILITY,domains.list,2021-09-21 06:01:21.867790
foxnews.sl.advertising.com,AVAILABILITY,domains.list,2021-09-21 06:01:22.870927
foxtrot9.rtb.appier.net,AVAILABILITY,domains.list,2021-09-21 06:01:24.419126
foxtrot8.rtb.appier.net,AVAILABILITY,domains.list,2021-09-21 06:01:25.990522
foxtrot10.rtb.appier.net,AVAILABILITY,domains.list,2021-09-21 06:01:27.326623
foxtrot12.rtb.appier.net,AVAILABILITY,domains.list,2021-09-21 06:01:28.737289
foxtrot11.rtb.appier.net,AVAILABILITY,domains.list,2021-09-21 06:01:30.193888
foxtrot13.rtb.appier.net,AVAILABILITY,domains.list,2021-09-21 06:01:31.333725
foxtrot15.rtb.appier.net,AVAILABILITY,domains.list,2021-09-21 06:01:32.658980
foxtrot16.rtb.appier.net,AVAILABILITY,domains.list,2021-09-21 06:01:33.727160
foxtrot17.rtb.appier.net,AVAILABILITY,domains.list,2021-09-21 06:01:34.982705
foxtrot19.rtb.appier.net,AVAILABILITY,domains.list,2021-09-21 06:01:36.312619
foxtrot20.rtb.appier.net,AVAILABILITY,domains.list,2021-09-21 06:01:37.435601
foxtrot22.rtb.appier.net,AVAILABILITY,domains.list,2021-09-21 06:01:38.633395
foxtrot23.rtb.appier.net,AVAILABILITY,domains.list,2021-09-21 06:01:39.902665
foxtrot24.rtb.appier.net,AVAILABILITY,domains.list,2021-09-21 06:01:41.055734
foxtrot25.rtb.appier.net,AVAILABILITY,domains.list,2021-09-21 06:01:42.178289
foxtrot26.rtb.appier.net,AVAILABILITY,domains.list,2021-09-21 06:01:43.567523
foxtrot27.rtb.appier.net,AVAILABILITY,domains.list,2021-09-21 06:01:44.620950
fpc.eyeviewads.com,AVAILABILITY,domains.list,2021-09-21 06:01:45.597561
fpo.petametrics.com,AVAILABILITY,domains.list,2021-09-21 06:01:46.716476
fq4zz.ouasflpydty21tf.bapb.gdn,AVAILABILITY,domains.list,2021-09-21 06:01:48.983671
fr.adtech.de,AVAILABILITY,domains.list,2021-09-21 06:01:50.277134
fr.doubleclick.net,AVAILABILITY,domains.list,2021-09-21 06:01:51.174060
fr.eu.criteo.com,AVAILABILITY,domains.list,2021-09-21 06:01:52.877948
fr.eu.criteo.net,AVAILABILITY,domains.list,2021-09-21 06:01:54.346043
fr.go.zog.link,AVAILABILITY,domains.list,2021-09-21 06:01:55.222959
fr.labs.teads.tv,AVAILABILITY,domains.list,2021-09-21 06:01:56.058408
fr.eu.preprod.criteo.net,AVAILABILITY,domains.list,2021-09-21 06:01:57.674776
fr.monitoring.teads.tv,AVAILABILITY,domains.list,2021-09-21 06:01:58.795547
fr.usefomo.com,AVAILABILITY,domains.list,2021-09-21 06:01:59.674829
fra-lb1.eu.adsymptotic.com,AVAILABILITY,domains.list,2021-09-21 06:02:00.473459
fra-lb2.eu.adsymptotic.com,AVAILABILITY,domains.list,2021-09-21 06:02:01.303580
fra-lb3.eu.adsymptotic.com,AVAILABILITY,domains.list,2021-09-21 06:02:02.111054
fra-lb5.eu.adsymptotic.com,AVAILABILITY,domains.list,2021-09-21 06:02:02.877169
fra-lb4.eu.adsymptotic.com,AVAILABILITY,domains.list,2021-09-21 06:02:03.647271
fra-lb6.eu.adsymptotic.com,AVAILABILITY,domains.list,2021-09-21 06:02:04.467639
fra-lb7.eu.adsymptotic.com,AVAILABILITY,domains.list,2021-09-21 06:02:05.287731
fra-lb8.eu.adsymptotic.com,AVAILABILITY,domains.list,2021-09-21 06:02:06.074414
fra-lb9.eu.adsymptotic.com,AVAILABILITY,domains.list,2021-09-21 06:02:06.881353
fra-lb10.eu.adsymptotic.com,AVAILABILITY,domains.list,2021-09-21 06:02:07.695510
fraud.adlooxtracking.com,AVAILABILITY,domains.list,2021-09-21 06:02:09.007767
freeadsclassifiedsltd.t.domdex.com,AVAILABILITY,domains.list,2021-09-21 06:02:09.797563
free-download.s0l8ybzj9u.top,AVAILABILITY,domains.list,2021-09-21 06:02:16.145313
freelance.mgid.com,AVAILABILITY,domains.list,2021-09-21 06:02:16.994531
freetips.review,AVAILABILITY,domains.list,2021-09-21 06:02:18.494887
fridaymediagroup-clickcars.t.domdex.com,AVAILABILITY,domains.list,2021-09-21 06:02:19.269411
fridaymediagroup-fridayadhp.t.domdex.com,AVAILABILITY,domains.list,2021-09-21 06:02:20.074699
fridaymediagroup-fridayad.t.domdex.com,AVAILABILITY,domains.list,2021-09-21 06:02:20.905563
frl.c.appier.net,AVAILABILITY,domains.list,2021-09-21 06:02:21.897739
frontbeta.localytics.com,AVAILABILITY,domains.list,2021-09-21 06:02:22.892881
frontend.smi2.net,AVAILABILITY,domains.list,2021-09-21 06:02:25.797143
fsres.advertising.com,AVAILABILITY,domains.list,2021-09-21 06:02:26.713948
fsuser.advertising.com,AVAILABILITY,domains.list,2021-09-21 06:02:27.601732
ft1-de.adhigh.net,AVAILABILITY,domains.list,2021-09-21 06:02:30.057668
ft1-hk.adhigh.net,AVAILABILITY,domains.list,2021-09-21 06:02:32.428930
ft2-de.adhigh.net,AVAILABILITY,domains.list,2021-09-21 06:02:34.576795
ft1-us.adhigh.net,AVAILABILITY,domains.list,2021-09-21 06:02:36.653655
ft2-hk.adhigh.net,AVAILABILITY,domains.list,2021-09-21 06:02:38.524914
ft2-us.adhigh.net,AVAILABILITY,domains.list,2021-09-21 06:02:40.409534
ft3-de.adhigh.net,AVAILABILITY,domains.list,2021-09-21 06:02:42.437815
ft3-hk.adhigh.net,AVAILABILITY,domains.list,2021-09-21 06:02:44.488902
ft3-us.adhigh.net,AVAILABILITY,domains.list,2021-09-21 06:02:45.947602
ft4-hk.adhigh.net,AVAILABILITY,domains.list,2021-09-21 06:02:47.663136
ft4-de.adhigh.net,AVAILABILITY,domains.list,2021-09-21 06:02:50.325555
ft4-us.adhigh.net,AVAILABILITY,domains.list,2021-09-21 06:02:52.567368
ft5-de.adhigh.net,AVAILABILITY,domains.list,2021-09-21 06:02:54.823899
ft5-us.adhigh.net,AVAILABILITY,domains.list,2021-09-21 06:02:57.259108
ft6-de.adhigh.net,AVAILABILITY,domains.list,2021-09-21 06:02:59.329456
ft6-us.adhigh.net,AVAILABILITY,domains.list,2021-09-21 06:03:01.191631
ft7-us.adhigh.net,AVAILABILITY,domains.list,2021-09-21 06:03:03.645647
ft8-de.adhigh.net,AVAILABILITY,domains.list,2021-09-21 06:03:06.244232
ft7-de.adhigh.net,AVAILABILITY,domains.list,2021-09-21 06:03:09.005354
ft9-us.adhigh.net,AVAILABILITY,domains.list,2021-09-21 06:03:10.902934
ft8-us.adhigh.net,AVAILABILITY,domains.list,2021-09-21 06:03:13.303097
ft10-us.adhigh.net,AVAILABILITY,domains.list,2021-09-21 06:03:15.367102
ft12-us.adhigh.net,AVAILABILITY,domains.list,2021-09-21 06:03:17.421569
ft13-us.adhigh.net,AVAILABILITY,domains.list,2021-09-21 06:03:20.000693
ft11-us.adhigh.net,AVAILABILITY,domains.list,2021-09-21 06:03:22.040725
ft14-us.adhigh.net,AVAILABILITY,domains.list,2021-09-21 06:03:24.432492
ft17-us.adhigh.net,AVAILABILITY,domains.list,2021-09-21 06:03:26.484250
ft15-us.adhigh.net,AVAILABILITY,domains.list,2021-09-21 06:03:28.899756
ft16-us.adhigh.net,AVAILABILITY,domains.list,2021-09-21 06:03:30.938244
ft18-us.adhigh.net,AVAILABILITY,domains.list,2021-09-21 06:03:32.484231
fu8zz.6hqk9cjhg.bapb.gdn,AVAILABILITY,domains.list,2021-09-21 06:03:34.555745
fu.datafirst.io,AVAILABILITY,domains.list,2021-09-21 06:03:47.677032
ftp.brightroll.com,AVAILABILITY,domains.list,2021-09-21 06:03:49.003714
fultonandroarktracksdk.optimove.net,AVAILABILITY,domains.list,2021-09-21 06:03:49.939534
functionx.adtechus.com,AVAILABILITY,domains.list,2021-09-21 06:03:50.780421
fundingcircle.adlegend.com,AVAILABILITY,domains.list,2021-09-21 06:03:51.594145
funkedigital-d.openx.net,AVAILABILITY,domains.list,2021-09-21 06:03:52.907150
funnyordie-d.openx.net,AVAILABILITY,domains.list,2021-09-21 06:03:53.963171
fusemedia-d.openx.net,AVAILABILITY,domains.list,2021-09-21 06:03:55.198272
fusion-d.openx.net,AVAILABILITY,domains.list,2021-09-21 06:03:56.346732
futureplc-electronics.t.domdex.com,AVAILABILITY,domains.list,2021-09-21 06:03:57.170943
futurex.go2affise.com,AVAILABILITY,domains.list,2021-09-21 06:03:58.077764
fvpn.propellerads.com,AVAILABILITY,domains.list,2021-09-21 06:03:59.049488
fw.contextweb.com,AVAILABILITY,domains.list,2021-09-21 06:03:59.920429
fwcf.adsafeprotected.com,AVAILABILITY,domains.list,2021-09-21 06:04:00.732396
fwfgbhjhnlkv.com,AVAILABILITY,domains.list,2021-09-21 06:04:01.790381
fwmedia-d.openx.net,AVAILABILITY,domains.list,2021-09-21 06:04:02.978013
fync.bfmio.com,AVAILABILITY,domains.list,2021-09-21 06:04:04.012351
g2.mouseflow.com,AVAILABILITY,domains.list,2021-09-21 06:04:05.272455
g2.v.fwmrm.net,AVAILABILITY,domains.list,2021-09-21 06:04:06.121274
g3.cnzz.com,AVAILABILITY,domains.list,2021-09-21 06:04:07.132229
fyc.heyzap.com,AVAILABILITY,domains.list,2021-09-21 06:04:19.405569
g4b0e3gnr0.mentalist.kameleoon.com,AVAILABILITY,domains.list,2021-09-21 06:04:20.240098
g8.cnzz.com,AVAILABILITY,domains.list,2021-09-21 06:04:21.188526
g9.cnzz.com,AVAILABILITY,domains.list,2021-09-21 06:04:22.060194
g16.cnzz.com,AVAILABILITY,domains.list,2021-09-21 06:04:22.952781
g20.cnzz.com,AVAILABILITY,domains.list,2021-09-21 06:04:23.908199
g23.cnzz.com,AVAILABILITY,domains.list,2021-09-21 06:04:24.843995
g22.v.fwmrm.net,AVAILABILITY,domains.list,2021-09-21 06:04:25.654343
g24.cnzz.com,AVAILABILITY,domains.list,2021-09-21 06:04:26.655705
g26.cnzz.com,AVAILABILITY,domains.list,2021-09-21 06:04:27.583749
g.dyn.crwdcntrl.net,AVAILABILITY,domains.list,2021-09-21 06:04:28.563114
g.dlx.addthis.com,AVAILABILITY,domains.list,2021-09-21 06:04:29.519931
gadgetreview.t.domdex.com,AVAILABILITY,domains.list,2021-09-21 06:04:30.347158
gads22000.pubmatic.com,AVAILABILITY,domains.list,2021-09-21 06:04:31.149672
gads22000c.pubmatic.com,AVAILABILITY,domains.list,2021-09-21 06:04:31.942716
gads44000.pubmatic.com,AVAILABILITY,domains.list,2021-09-21 06:04:32.751436
gads44000c.pubmatic.com,AVAILABILITY,domains.list,2021-09-21 06:04:33.496205
gaiamtv.adlegend.com,AVAILABILITY,domains.list,2021-09-21 06:04:34.359054
gaiatrack.optimove.net,AVAILABILITY,domains.list,2021-09-21 06:04:35.373976
gaiatracksdk.optimove.net,AVAILABILITY,domains.list,2021-09-21 06:04:36.232034
galana.g2afse.com,AVAILABILITY,domains.list,2021-09-21 06:04:37.185092
galkantress.win,AVAILABILITY,domains.list,2021-09-21 06:04:38.508971
gam-ad-unit-inspector.s-onetag.com,AVAILABILITY,domains.list,2021-09-21 06:05:32.312303
gambling-pro.g2afse.com,AVAILABILITY,domains.list,2021-09-21 06:05:33.526739
gamerdna-sb-ec.adtechus.com,AVAILABILITY,domains.list,2021-09-21 06:05:34.376421
gamer-network-d.openx.net,AVAILABILITY,domains.list,2021-09-21 06:05:35.727269
games.mgid.com,AVAILABILITY,domains.list,2021-09-21 06:05:36.593679
gannett-sb-ec.adtechus.com,AVAILABILITY,domains.list,2021-09-21 06:05:37.565228
garage.rubiconproject.com,AVAILABILITY,domains.list,2021-09-21 06:05:38.716808
gateway.supersonicads.com,AVAILABILITY,domains.list,2021-09-21 06:05:39.683489
gatehousemedia.sl.advertising.com,AVAILABILITY,domains.list,2021-09-21 06:05:40.528564
gb2-test.adriver.ru,AVAILABILITY,domains.list,2021-09-21 06:05:42.871977
gb-d.openx.net,AVAILABILITY,domains.list,2021-09-21 06:05:44.017509
gb-notify.mgid.com,AVAILABILITY,domains.list,2021-09-21 06:05:44.870084
gbc.criteo.net,AVAILABILITY,domains.list,2021-09-21 06:05:46.284175
gcp-events.apester.com,AVAILABILITY,domains.list,2021-09-21 06:05:47.348327
gd1.mookie1.com,AVAILABILITY,domains.list,2021-09-21 06:05:48.241030
gdbhmiyly.com,AVAILABILITY,domains.list,2021-09-21 06:05:49.256387
gdpr.appsflyer.com,AVAILABILITY,domains.list,2021-09-21 06:05:50.070363
ge.go.zog.link,AVAILABILITY,domains.list,2021-09-21 06:05:51.085796
gen.exoclick.com,AVAILABILITY,domains.list,2021-09-21 06:05:52.068960
generalanzeigerbonn.marfeel.com,AVAILABILITY,domains.list,2021-09-21 06:05:53.034847
gedengapi.getui.com,AVAILABILITY,domains.list,2021-09-21 06:05:54.682544
genieventures.t.domdex.com,AVAILABILITY,domains.list,2021-09-21 06:05:55.536363
geo.atdmt.com,AVAILABILITY,domains.list,2021-09-21 06:05:56.507980
geo.marfeel.com,AVAILABILITY,domains.list,2021-09-21 06:05:57.301051
geo.smaato.net,AVAILABILITY,domains.list,2021-09-21 06:05:58.438479
geoinfo.intowow.com,AVAILABILITY,domains.list,2021-09-21 06:05:59.396133
geoservice.webengage.com,AVAILABILITY,domains.list,2021-09-21 06:06:00.281922
geo-um.btrll.com,AVAILABILITY,domains.list,2021-09-21 06:06:01.151425
get.addthis.com,AVAILABILITY,domains.list,2021-09-21 06:06:02.033428
get.aimtell.com,AVAILABILITY,domains.list,2021-09-21 06:06:03.254151
get.appsflyer.com,AVAILABILITY,domains.list,2021-09-21 06:06:04.080740
get.bounceexchange.com,AVAILABILITY,domains.list,2021-09-21 06:06:05.220015
get.leanplum.com,AVAILABILITY,domains.list,2021-09-21 06:06:06.616328
get.moengage.com,AVAILABILITY,domains.list,2021-09-21 06:06:07.504916
get.smartlook.com,AVAILABILITY,domains.list,2021-09-21 06:06:08.503345
get.vuukle.com,AVAILABILITY,domains.list,2021-09-21 06:06:09.312699
get.do-analytics.net,AVAILABILITY,domains.list,2021-09-21 06:06:10.777315
getcoding.advertising.com,AVAILABILITY,domains.list,2021-09-21 06:06:11.588182
getresponse.admitad.com,AVAILABILITY,domains.list,2021-09-21 06:06:12.410213
getitfree.adlegend.com,AVAILABILITY,domains.list,2021-09-21 06:06:13.314173
getreview.browsee.io,AVAILABILITY,domains.list,2021-09-21 06:06:14.259241
gewl.01l.xyz,AVAILABILITY,domains.list,2021-09-21 06:06:15.655442
getshopea7.info,AVAILABILITY,domains.list,2021-09-21 06:06:16.970509
getui.api.igexin.com,AVAILABILITY,domains.list,2021-09-21 06:06:19.497465
ghanaweb-d.openx.net,AVAILABILITY,domains.list,2021-09-21 06:06:20.637357
giqrykqsdr.mentalist.kameleoon.com,AVAILABILITY,domains.list,2021-09-21 06:06:21.503266
gionee.adsame.com,AVAILABILITY,domains.list,2021-09-21 06:06:23.823650
gioneeasp.adsame.com,AVAILABILITY,domains.list,2021-09-21 06:06:26.282031
glados.urbanairship.com,AVAILABILITY,domains.list,2021-09-21 06:06:27.390656
glb.adtech.de,AVAILABILITY,domains.list,2021-09-21 06:06:28.383185
glbad.adtechjp.com,AVAILABILITY,domains.list,2021-09-21 06:06:29.291107
glb-ads.adplus.adtech.de,AVAILABILITY,domains.list,2021-09-21 06:06:30.255695
glb-ads.adstarslive.adtech.de,AVAILABILITY,domains.list,2021-09-21 06:06:31.035831
glb-ads.aftonbladet.adtech.de,AVAILABILITY,domains.list,2021-09-21 06:06:31.855281
glb-ads.atrhw.adtechus.com,AVAILABILITY,domains.list,2021-09-21 06:06:32.757031
glb-ads.coupons.adtechus.com,AVAILABILITY,domains.list,2021-09-21 06:06:33.681251
glb-ads.gamerdna.adtechus.com,AVAILABILITY,domains.list,2021-09-21 06:06:34.696755
glb-ads.iannounce.adtechus.com,AVAILABILITY,domains.list,2021-09-21 06:06:35.886748
glb-ads.tresensa.adtechus.com,AVAILABILITY,domains.list,2021-09-21 06:06:36.936193
glbimg.adtech.de,AVAILABILITY,domains.list,2021-09-21 06:06:37.857472
glbl.adlegend.com,AVAILABILITY,domains.list,2021-09-21 06:06:38.620383
glbimg.adtechus.com,AVAILABILITY,domains.list,2021-09-21 06:06:39.572818
globalgrind.moengage.com,AVAILABILITY,domains.list,2021-09-21 06:06:40.577206
glossy.adroll.com,AVAILABILITY,domains.list,2021-09-21 06:06:41.412708
gnarkscom.t.domdex.com,AVAILABILITY,domains.list,2021-09-21 06:06:42.217658
gnc.adlegend.com,AVAILABILITY,domains.list,2021-09-21 06:06:43.043349
gnetic.t.domdex.com,AVAILABILITY,domains.list,2021-09-21 06:06:43.859292
go.brightroll.com,AVAILABILITY,domains.list,2021-09-21 06:06:45.011617
go.chartboost.com,AVAILABILITY,domains.list,2021-09-21 06:06:46.127232
go.datafirst.io,AVAILABILITY,domains.list,2021-09-21 06:06:51.497075
global.qc.rtb.quantserve.com,AVAILABILITY,domains.list,2021-09-21 06:07:05.541540
go.heapanalytics.com,AVAILABILITY,domains.list,2021-09-21 06:07:06.585784
go.kissmetrics.com,AVAILABILITY,domains.list,2021-09-21 06:07:07.459431
go.matchingdeals.net,AVAILABILITY,domains.list,2021-09-21 06:07:08.366649
go.nativiumnetworks.com,AVAILABILITY,domains.list,2021-09-21 06:07:09.332719
go.netbew.com,AVAILABILITY,domains.list,2021-09-21 06:07:10.899070
go.sharethrough.com,AVAILABILITY,domains.list,2021-09-21 06:07:11.833985
gm.split.mmstat.com,AVAILABILITY,domains.list,2021-09-21 06:07:48.650490
go.vemba.com,AVAILABILITY,domains.list,2021-09-21 06:07:49.648513
gocalls-dev.districtm.net,AVAILABILITY,domains.list,2021-09-21 06:07:50.454004
gocd.moengage.com,AVAILABILITY,domains.list,2021-09-21 06:07:51.478251
gocomparetracksdk.optimove.net,AVAILABILITY,domains.list,2021-09-21 06:07:52.433617
godaddy.adlegend.com,AVAILABILITY,domains.list,2021-09-21 06:07:53.249172
godengo-d.openx.net,AVAILABILITY,domains.list,2021-09-21 06:07:54.218555
gocurrency.goforandroid.com,AVAILABILITY,domains.list,2021-09-21 06:07:55.713100
goldmedalwineclub.adlegend.com,AVAILABILITY,domains.list,2021-09-21 06:07:56.540741
golf9.rtb.appier.net,AVAILABILITY,domains.list,2021-09-21 06:07:58.084219
golfgalaxy.btttag.com,AVAILABILITY,domains.list,2021-09-21 06:07:58.855387
gon-d.openx.net,AVAILABILITY,domains.list,2021-09-21 06:08:00.075622
goodworldwide-d.openx.net,AVAILABILITY,domains.list,2021-09-21 06:08:01.032188
gonomy.info,AVAILABILITY,domains.list,2021-09-21 06:08:01.938729
google.unbounce.com,AVAILABILITY,domains.list,2021-09-21 06:08:02.892707
google-analytics.com.domain.name,AVAILABILITY,domains.list,2021-09-21 06:08:04.225481
googlebidder-dc1.yieldoptimizer.com,AVAILABILITY,domains.list,2021-09-21 06:08:04.969683
gopamdzgpdrwe.bid,AVAILABILITY,domains.list,2021-09-21 06:08:06.234733
googlebidder-dc2.yieldoptimizer.com,AVAILABILITY,domains.list,2021-09-21 06:08:06.983844
gosocial-d.openx.net,AVAILABILITY,domains.list,2021-09-21 06:08:07.907907
goto-pepperstone-com.ct.impactradius.com,AVAILABILITY,domains.list,2021-09-21 06:08:08.820035
goto-moneylion-com.ct.impactradius.com,AVAILABILITY,domains.list,2021-09-21 06:08:09.765583
goto-thezebra-com.ct.impactradius.com,AVAILABILITY,domains.list,2021-09-21 06:08:10.650763
gourmetads-1.t.domdex.com,AVAILABILITY,domains.list,2021-09-21 06:08:11.437685
gparse.propellerads.com,AVAILABILITY,domains.list,2021-09-21 06:08:12.278132
gpmdeals4u.com,AVAILABILITY,domains.list,2021-09-21 06:08:13.279910
grafanaboard.appsflyer.com,AVAILABILITY,domains.list,2021-09-21 06:08:14.048219
grandonmedia.com,AVAILABILITY,domains.list,2021-09-21 06:08:14.896554
graphicstock.adlegend.com,AVAILABILITY,domains.list,2021-09-21 06:08:15.673181
graydown-d.openx.net,AVAILABILITY,domains.list,2021-09-21 06:08:16.839027
graylog2.hotjar.com,AVAILABILITY,domains.list,2021-09-21 06:08:17.798754
graphite-ssms.sec.miui.com,AVAILABILITY,domains.list,2021-09-21 06:08:19.711169
graylog.hotjar.com,AVAILABILITY,domains.list,2021-09-21 06:08:20.578784
graphite-sscm.sec.miui.com,AVAILABILITY,domains.list,2021-09-21 06:08:22.188748
greatlakes.intellectads.co.in,AVAILABILITY,domains.list,2021-09-21 06:08:24.246727
grey.soju.openx.net,AVAILABILITY,domains.list,2021-09-21 06:08:25.378883
griprum9h9.mentalist.kameleoon.com,AVAILABILITY,domains.list,2021-09-21 06:08:26.212627
grooveshark.sl.advertising.com,AVAILABILITY,domains.list,2021-09-21 06:08:26.991077
groupritm.go2affise.com,AVAILABILITY,domains.list,2021-09-21 06:08:27.880246
grow.amplitude.com,AVAILABILITY,domains.list,2021-09-21 06:08:28.901294
grow.moengage.com,AVAILABILITY,domains.list,2021-09-21 06:08:29.980850
groups.hiido.com,AVAILABILITY,domains.list,2021-09-21 06:08:31.388867
growth.adroll.com,AVAILABILITY,domains.list,2021-09-21 06:08:32.213676
growth.apptimize.com,AVAILABILITY,domains.list,2021-09-21 06:08:33.163939
gsimedia.adlegend.com,AVAILABILITY,domains.list,2021-09-21 06:08:33.987613
gsrvjs.media.net,AVAILABILITY,domains.list,2021-09-21 06:08:35.728150
guardedgovernor.com,AVAILABILITY,domains.list,2021-09-21 06:08:36.678782
gt.igexin.com,AVAILABILITY,domains.list,2021-09-21 06:08:39.927792
gui03.casalemedia.com,AVAILABILITY,domains.list,2021-09-21 06:08:40.797355
gui.casalemedia.com,AVAILABILITY,domains.list,2021-09-21 06:08:41.784091
guiclickhouse.smi2.ru,AVAILABILITY,domains.list,2021-09-21 06:08:44.781311
guitarbelieve.com,AVAILABILITY,domains.list,2021-09-21 06:08:45.892387
gusi11.com,AVAILABILITY,domains.list,2021-09-21 06:08:46.807712
guvera-d.openx.net,AVAILABILITY,domains.list,2021-09-21 06:08:47.719814
gw.admob.com,AVAILABILITY,domains.list,2021-09-21 06:08:48.719420
gxwjkbxubfjd.com,AVAILABILITY,domains.list,2021-09-21 06:08:49.577141
gyvzz.ouasflpydty21tf.bapb.gdn,AVAILABILITY,domains.list,2021-09-21 06:08:51.329471
gxtdesk.igexin.com,AVAILABILITY,domains.list,2021-09-21 06:08:53.416389
h2.mouseflow.com,AVAILABILITY,domains.list,2021-09-21 06:08:54.615148
h6y654wgfdhd.com,AVAILABILITY,domains.list,2021-09-21 06:08:55.570230
h94l8fe99u.mentalist.kameleoon.com,AVAILABILITY,domains.list,2021-09-21 06:08:56.367995
h.dlx.addthis.com,AVAILABILITY,domains.list,2021-09-21 06:08:57.226198
ha101.rmd.admob.com,AVAILABILITY,domains.list,2021-09-21 06:08:58.206873
ha102.rmd.admob.com,AVAILABILITY,domains.list,2021-09-21 06:08:59.138373
hackathon.dynamicyield.com,AVAILABILITY,domains.list,2021-09-21 06:09:00.069229
hackathon.localytics.com,AVAILABILITY,domains.list,2021-09-21 06:09:01.020692
handll-d.openx.net,AVAILABILITY,domains.list,2021-09-21 06:09:02.053217
h-api-ms.online-metrix.net,AVAILABILITY,domains.list,2021-09-21 06:09:02.913807
happydog.smi2.ru,AVAILABILITY,domains.list,2021-09-21 06:09:05.693348
hash93rgof.mentalist.kameleoon.com,AVAILABILITY,domains.list,2021-09-21 06:09:06.515848
hashlearnblog.moengage.com,AVAILABILITY,domains.list,2021-09-21 06:09:07.600950
hatchtracksdk.optimove.net,AVAILABILITY,domains.list,2021-09-21 06:09:08.537635
hawking.datafirst.io,AVAILABILITY,domains.list,2021-09-21 06:09:13.118048
hb0.target.smi2.net,AVAILABILITY,domains.list,2021-09-21 06:09:15.922118
hb.vrtzads.com,AVAILABILITY,domains.list,2021-09-21 06:09:16.941868
hb-endpoint-elb-307841411.adomik.com,AVAILABILITY,domains.list,2021-09-21 06:09:17.976034
hbmp-prebid-server.adtelligent.com,AVAILABILITY,domains.list,2021-09-21 06:09:18.739666
hbzzkwsuaooc.com,AVAILABILITY,domains.list,2021-09-21 06:09:19.800824
hc01.ovh.exoclick.com,AVAILABILITY,domains.list,2021-09-21 06:09:20.569557
hdgroup.t.domdex.com,AVAILABILITY,domains.list,2021-09-21 06:09:21.434010
hdlmaketch.review,AVAILABILITY,domains.list,2021-09-21 06:09:22.855436
head.alfa.smartlook.com,AVAILABILITY,domains.list,2021-09-21 06:09:33.963399
healthmarkets.adlegend.com,AVAILABILITY,domains.list,2021-09-21 06:09:34.794364
healthtrk1.com,AVAILABILITY,domains.list,2021-09-21 06:09:35.741677
heartland-d.openx.net,AVAILABILITY,domains.list,2021-09-21 06:09:36.897497
hearst.activate.ensighten.com,AVAILABILITY,domains.list,2021-09-21 06:09:37.731054
heatmap-01.kameleoon.com,AVAILABILITY,domains.list,2021-09-21 06:09:38.617209
heatmap-02.kameleoon.com,AVAILABILITY,domains.list,2021-09-21 06:09:39.441981
heatmap-03.kameleoon.com,AVAILABILITY,domains.list,2021-09-21 06:09:40.326421
heatmap-04.kameleoon.com,AVAILABILITY,domains.list,2021-09-21 06:09:41.141661
heatmaps.alfa.smartlook.com,AVAILABILITY,domains.list,2021-09-21 06:09:54.896607
heatmaps.beta.smartlook.com,AVAILABILITY,domains.list,2021-09-21 06:09:56.047138
heddels-stylefashion.t.domdex.com,AVAILABILITY,domains.list,2021-09-21 06:09:56.832695
heisenberg.cdn.inmobi.com,AVAILABILITY,domains.list,2021-09-21 06:09:57.871032
heist.unbounce.com,AVAILABILITY,domains.list,2021-09-21 06:09:58.847654
heknows-uncategorized.t.domdex.com,AVAILABILITY,domains.list,2021-09-21 06:09:59.733884
heisenberg-uswest.cdn.inmobi.com,AVAILABILITY,domains.list,2021-09-21 06:10:00.783224
hello.clickcease.com,AVAILABILITY,domains.list,2021-09-21 06:10:02.014874
hellobeautiful.moengage.com,AVAILABILITY,domains.list,2021-09-21 06:10:03.075002
helpcleanmasterlite1.ksmobile.com,AVAILABILITY,domains.list,2021-09-21 06:10:04.665589
helpbatteryov1.ksmobile.com,AVAILABILITY,domains.list,2021-09-21 06:10:05.989688
hemzz.ymaqdv.bapb.gdn,AVAILABILITY,domains.list,2021-09-21 06:10:08.079267
heroldbusinessdata.device.insert.io,AVAILABILITY,domains.list,2021-09-21 06:10:09.038986
hezuo.cnzz.com,AVAILABILITY,domains.list,2021-09-21 06:10:09.909068
hg65p.com,AVAILABILITY,domains.list,2021-09-21 06:10:10.854376
highflyer.go2affise.com,AVAILABILITY,domains.list,2021-09-21 06:10:11.857373
hijabenka.moengage.com,AVAILABILITY,domains.list,2021-09-21 06:10:12.920593
hiphopwired.moengage.com,AVAILABILITY,domains.list,2021-09-21 06:10:13.968372
hipmunk.adlegend.com,AVAILABILITY,domains.list,2021-09-21 06:10:14.740483
hittheroad.g2afse.com,AVAILABILITY,domains.list,2021-09-21 06:10:15.701712
hipmunk.partner.intentmedia.net,AVAILABILITY,domains.list,2021-09-21 06:10:29.871865
hk.as.criteo.com,AVAILABILITY,domains.list,2021-09-21 06:10:31.704455
hk.cn.criteo.net,AVAILABILITY,domains.list,2021-09-21 06:10:33.056487
hk.as.criteo.net,AVAILABILITY,domains.list,2021-09-21 06:10:34.595512
hkg-rtb.applovin.com,AVAILABILITY,domains.list,2021-09-21 06:10:35.495170
hkgprod-rtbwin.applovin.com,AVAILABILITY,domains.list,2021-09-21 06:10:36.515551
hkgstage-rtbwin.applovin.com,AVAILABILITY,domains.list,2021-09-21 06:10:37.457603
hkgstage-rtb.applovin.com,AVAILABILITY,domains.list,2021-09-21 06:10:38.373795
hl-img.download.9appsinstall.com,AVAILABILITY,domains.list,2021-09-21 06:10:39.270651
hlmmedia.g2afse.com,AVAILABILITY,domains.list,2021-09-21 06:10:40.200111
hlsmaster1.adswizz.com,AVAILABILITY,domains.list,2021-09-21 06:10:41.048733
hmcjupvbxxyx.com,AVAILABILITY,domains.list,2021-09-21 06:10:42.052386
ho.f-456.com,AVAILABILITY,domains.list,2021-09-21 06:10:42.910228
home.vuukle.com,AVAILABILITY,domains.list,2021-09-21 06:10:43.711360
hometownquotes.adlegend.com,AVAILABILITY,domains.list,2021-09-21 06:10:44.561744
honolulu.alphonso.tv,AVAILABILITY,domains.list,2021-09-21 06:10:45.815827
hooch.data.insert.io,AVAILABILITY,domains.list,2021-09-21 06:10:46.688205
hooch.device.insert.io,AVAILABILITY,domains.list,2021-09-21 06:10:47.846333
honyee.adsame.com,AVAILABILITY,domains.list,2021-09-21 06:10:49.886189
hosted.viglink.com,AVAILABILITY,domains.list,2021-09-21 06:10:50.666990
hostedcart.buysellads.com,AVAILABILITY,domains.list,2021-09-21 06:10:51.571275
hosting247.review,AVAILABILITY,domains.list,2021-09-21 06:10:53.002977
hosting.adsupply.com,AVAILABILITY,domains.list,2021-09-21 06:10:53.876722
hothardware-electronics.t.domdex.com,AVAILABILITY,domains.list,2021-09-21 06:10:54.694156
housead.umeng.com,AVAILABILITY,domains.list,2021-09-21 06:10:56.357852
howaboutwe.adlegend.com,AVAILABILITY,domains.list,2021-09-21 06:10:57.164785
howevert.info,AVAILABILITY,domains.list,2021-09-21 06:10:58.275842
hpn-houzz-com.ct.impactradius.com,AVAILABILITY,domains.list,2021-09-21 06:10:59.378479
hpstore.btttag.com,AVAILABILITY,domains.list,2021-09-21 06:11:00.256938
hqczz.6hqk9cjhg.bapb.gdn,AVAILABILITY,domains.list,2021-09-21 06:11:01.586184
hr.batmobi.net,AVAILABILITY,domains.list,2021-09-21 06:11:02.559233
hr.icubeswire.com,AVAILABILITY,domains.list,2021-09-21 06:11:03.585317
hrblock.adlegend.com,AVAILABILITY,domains.list,2021-09-21 06:11:04.432691
hr.talk.igexin.com,AVAILABILITY,domains.list,2021-09-21 06:11:06.134625
hsagx41nw4.mentalist.kameleoon.com,AVAILABILITY,domains.list,2021-09-21 06:11:06.942369
hsn.btttag.com,AVAILABILITY,domains.list,2021-09-21 06:11:07.726653
ht-abpe.hoverr.media,AVAILABILITY,domains.list,2021-09-21 06:11:08.637549
ht.c1exchange.com,AVAILABILITY,domains.list,2021-09-21 06:11:09.771176
ht.trailers.brazzerstv.contentabc.com,AVAILABILITY,domains.list,2021-09-21 06:11:10.579751
htapi.coofinder.com,AVAILABILITY,domains.list,2021-09-21 06:11:11.429318
ht-abph.hoverr.media,AVAILABILITY,domains.list,2021-09-21 06:11:12.342019
ht-atw.hoverr.media,AVAILABILITY,domains.list,2021-09-21 06:11:13.111361
ht-bgr.hoverr.media,AVAILABILITY,domains.list,2021-09-21 06:11:13.861867
ht-architectural.native.andbeyond.media,AVAILABILITY,domains.list,2021-09-21 06:11:28.742949
ht-ba.native.andbeyond.media,AVAILABILITY,domains.list,2021-09-21 06:11:41.136883
ht-bollywoodtabloi.native.andbeyond.media,AVAILABILITY,domains.list,2021-09-21 06:11:55.103835
ht-bs.hoverr.media,AVAILABILITY,domains.list,2021-09-21 06:11:55.884383
ht-bookmyshow.native.andbeyond.media,AVAILABILITY,domains.list,2021-09-21 06:12:07.495504
ht-caclubindia.hoverr.media,AVAILABILITY,domains.list,2021-09-21 06:12:08.268003
ht-cne.hoverr.media,AVAILABILITY,domains.list,2021-09-21 06:12:09.035789
ht-cnh.hoverr.media,AVAILABILITY,domains.list,2021-09-21 06:12:09.834311
ht-businessaboardc.native.andbeyond.media,AVAILABILITY,domains.list,2021-09-21 06:12:23.097404
ht-dc.hoverr.media,AVAILABILITY,domains.list,2021-09-21 06:12:23.872470
ht-dgt.hoverr.media,AVAILABILITY,domains.list,2021-09-21 06:12:24.640607
ht-dh.hoverr.media,AVAILABILITY,domains.list,2021-09-21 06:12:25.402661
ht-dhw.hoverr.media,AVAILABILITY,domains.list,2021-09-21 06:12:26.160939
ht-direct.hoverr.media,AVAILABILITY,domains.list,2021-09-21 06:12:26.912347
ht-fe.hoverr.media,AVAILABILITY,domains.list,2021-09-21 06:12:27.689671
ht-fpw.hoverr.media,AVAILABILITY,domains.list,2021-09-21 06:12:28.456017
ht-cntraveller.native.andbeyond.media,AVAILABILITY,domains.list,2021-09-21 06:12:42.557089
ht-fpweb.native.andbeyond.media,AVAILABILITY,domains.list,2021-09-21 06:12:55.630476
ht-glamindia.native.andbeyond.media,AVAILABILITY,domains.list,2021-09-21 06:13:09.598246
ht-hbw.hoverr.media,AVAILABILITY,domains.list,2021-09-21 06:13:10.379024
ht-hindu.native.andbeyond.media,AVAILABILITY,domains.list,2021-09-21 06:13:23.725601
ht-hollywoodfaqsco.native.andbeyond.media,AVAILABILITY,domains.list,2021-09-21 06:13:37.021014
ht-gqindian.native.andbeyond.media,AVAILABILITY,domains.list,2021-09-21 06:13:49.246994
ht-ichowk.hoverr.media,AVAILABILITY,domains.list,2021-09-21 06:13:49.971899
ht-ie.hoverr.media,AVAILABILITY,domains.list,2021-09-21 06:13:50.695545
ht-igm.hoverr.media,AVAILABILITY,domains.list,2021-09-21 06:13:51.423254
ht-indi.hoverr.media,AVAILABILITY,domains.list,2021-09-21 06:13:52.157703
ht-indiadc.hoverr.media,AVAILABILITY,domains.list,2021-09-21 06:13:52.887696
ht-inextwebmob.native.andbeyond.media,AVAILABILITY,domains.list,2021-09-21 06:14:05.889098
ht-bollywoodgaramc.native.andbeyond.media,AVAILABILITY,domains.list,2021-09-21 06:14:19.073228
ht-inlm.hoverr.media,AVAILABILITY,domains.list,2021-09-21 06:14:19.881974
ht-inlw.hoverr.media,AVAILABILITY,domains.list,2021-09-21 06:14:20.683503
ht-itnm.hoverr.media,AVAILABILITY,domains.list,2021-09-21 06:14:21.488651
ht-itnw.hoverr.media,AVAILABILITY,domains.list,2021-09-21 06:14:22.321263
ht-itw.hoverr.media,AVAILABILITY,domains.list,2021-09-21 06:14:23.109852
ht-jagm.hoverr.media,AVAILABILITY,domains.list,2021-09-21 06:14:23.925144
ht-indianexpress.native.andbeyond.media,AVAILABILITY,domains.list,2021-09-21 06:14:37.192273
ht-infewunknownfac.native.andbeyond.media,AVAILABILITY,domains.list,2021-09-21 06:14:52.212187
ht-latestmotorcycl.native.andbeyond.media,AVAILABILITY,domains.list,2021-09-21 06:15:06.304216
ht-lhweb.hoverr.media,AVAILABILITY,domains.list,2021-09-21 06:15:07.045429
ht-lm.hoverr.media,AVAILABILITY,domains.list,2021-09-21 06:15:07.771760
ht-lsmob.hoverr.media,AVAILABILITY,domains.list,2021-09-21 06:15:08.549897
ht-mdw.hoverr.media,AVAILABILITY,domains.list,2021-09-21 06:15:09.310594
ht-miss.hoverr.media,AVAILABILITY,domains.list,2021-09-21 06:15:10.103893
html.pubnative.net,AVAILABILITY,domains.list,2021-09-21 06:15:11.035129
ht-lc.native.andbeyond.media,AVAILABILITY,domains.list,2021-09-21 06:15:25.814807
ht-moi.hoverr.media,AVAILABILITY,domains.list,2021-09-21 06:15:26.569023
ht-n.hoverr.media,AVAILABILITY,domains.list,2021-09-21 06:15:27.334733
ht-naiduniawebmob.native.andbeyond.media,AVAILABILITY,domains.list,2021-09-21 06:15:39.889283
ht-moneycontrol.native.andbeyond.media,AVAILABILITY,domains.list,2021-09-21 06:15:54.203876
ht-ndjw.hoverr.media,AVAILABILITY,domains.list,2021-09-21 06:15:55.352755
ht-newiew.hoverr.media,AVAILABILITY,domains.list,2021-09-21 06:15:56.219997
ht-naukrinamacom.native.andbeyond.media,AVAILABILITY,domains.list,2021-09-21 06:16:09.372538
ht-nie.native.andbeyond.media,AVAILABILITY,domains.list,2021-09-21 06:16:23.494553
ht-niew.hoverr.media,AVAILABILITY,domains.list,2021-09-21 06:16:24.282186
ht-omhw.hoverr.media,AVAILABILITY,domains.list,2021-09-21 06:16:25.039069
ht-pki.hoverr.media,AVAILABILITY,domains.list,2021-09-21 06:16:25.806179
ht-nkr.native.andbeyond.media,AVAILABILITY,domains.list,2021-09-21 06:16:38.295076
ht-realmenuprices.native.andbeyond.media,AVAILABILITY,domains.list,2021-09-21 06:16:51.359804
ht-pro.native.andbeyond.media,AVAILABILITY,domains.list,2021-09-21 06:17:04.465053
ht-styl.hoverr.media,AVAILABILITY,domains.list,2021-09-21 06:17:05.315774
ht-sw.hoverr.media,AVAILABILITY,domains.list,2021-09-21 06:17:06.229523
htsasc.bid.com,AVAILABILITY,domains.list,2021-09-21 06:17:13.195953
ht-tamilhindu.native.andbeyond.media,AVAILABILITY,domains.list,2021-09-21 06:17:27.346215
ht-techiejunctionc.native.andbeyond.media,AVAILABILITY,domains.list,2021-09-21 06:17:39.811779
ht-tfw.hoverr.media,AVAILABILITY,domains.list,2021-09-21 06:17:40.565172
ht-telanganatodayn.native.andbeyond.media,AVAILABILITY,domains.list,2021-09-21 06:17:54.391345
ht-jagranweb.native.andbeyond.media,AVAILABILITY,domains.list,2021-09-21 06:18:05.861164
ht-thenm.hoverr.media,AVAILABILITY,domains.list,2021-09-21 06:18:06.735440
ht-thm.hoverr.media,AVAILABILITY,domains.list,2021-09-21 06:18:07.615145
ht-thw.hoverr.media,AVAILABILITY,domains.list,2021-09-21 06:18:08.472545
ht-thehindubusines.native.andbeyond.media,AVAILABILITY,domains.list,2021-09-21 06:18:22.708187
ht-tgw.native.andbeyond.media,AVAILABILITY,domains.list,2021-09-21 06:18:35.158027
http.movies.rg.contentdef.com,AVAILABILITY,domains.list,2021-09-21 06:18:36.140467
http.trailers.rg.contentdef.com,AVAILABILITY,domains.list,2021-09-21 06:18:36.989505
httpimagicnetin.moengage.com,AVAILABILITY,domains.list,2021-09-21 06:18:38.169164
ht-updatedtrendsco.native.andbeyond.media,AVAILABILITY,domains.list,2021-09-21 06:18:52.482631
ht-virallaughingc.native.andbeyond.media,AVAILABILITY,domains.list,2021-09-21 06:19:05.870948
ht-webdunia.hoverr.media,AVAILABILITY,domains.list,2021-09-21 06:19:06.602001
ht-vogue.native.andbeyond.media,AVAILABILITY,domains.list,2021-09-21 06:19:20.820826
ht-znindia.hoverr.media,AVAILABILITY,domains.list,2021-09-21 06:19:21.598887
ht-webduniacom.native.andbeyond.media,AVAILABILITY,domains.list,2021-09-21 06:19:35.475832
hub.internal.connatix.com,AVAILABILITY,domains.list,2021-09-21 06:19:36.499087
hubert-versand.de.102.112.2o7.net,AVAILABILITY,domains.list,2021-09-21 06:19:37.442446
hummingbird.mopub.com,AVAILABILITY,domains.list,2021-09-21 06:19:38.288660
huosu-static-test.shareitgames.com,AVAILABILITY,domains.list,2021-09-21 06:19:39.220988
hutch-electronics.t.domdex.com,AVAILABILITY,domains.list,2021-09-21 06:19:40.053623
hutch-entertainment.t.domdex.com,AVAILABILITY,domains.list,2021-09-21 06:19:40.928202
hutch-family.t.domdex.com,AVAILABILITY,domains.list,2021-09-21 06:19:41.789516
hutch-home.t.domdex.com,AVAILABILITY,domains.list,2021-09-21 06:19:42.673111
hutch-lifestyle.t.domdex.com,AVAILABILITY,domains.list,2021-09-21 06:19:43.547632
huodong.umeng.com,AVAILABILITY,domains.list,2021-09-21 06:19:45.095394
hutchmedia.t.domdex.com,AVAILABILITY,domains.list,2021-09-21 06:19:46.010369
hutch-sport.t.domdex.com,AVAILABILITY,domains.list,2021-09-21 06:19:46.923741
hw-assets.applovin.com,AVAILABILITY,domains.list,2021-09-21 06:19:48.080118
hwgxtekomx.mentalist.kameleoon.com,AVAILABILITY,domains.list,2021-09-21 06:19:48.854941
hw-img.applovin.com,AVAILABILITY,domains.list,2021-09-21 06:19:50.101409
hw-pdn.applovin.com,AVAILABILITY,domains.list,2021-09-21 06:19:50.940988
hw-vid.applovin.com,AVAILABILITY,domains.list,2021-09-21 06:19:52.027767
hxlkmsib.bid,AVAILABILITY,domains.list,2021-09-21 06:19:53.529122
hybrid.g2afse.com,AVAILABILITY,domains.list,2021-09-21 06:19:54.412294
hyvsquazvafrmmmcfpqkabocwpjuabojycniphsmwyhizxgebu.com,AVAILABILITY,domains.list,2021-09-21 06:19:55.357216
ht-viral_laughingc.native.andbeyond.media,AVAILABILITY,domains.list,2021-09-21 06:20:10.060185
hybrid.intl.xiaomi.com,AVAILABILITY,domains.list,2021-09-21 06:20:11.322916
i0n46ycwiz.mentalist.kameleoon.com,AVAILABILITY,domains.list,2021-09-21 06:20:12.106217
i1.rg.contentdef.com,AVAILABILITY,domains.list,2021-09-21 06:20:12.948834
i1.services.social.microsoft.com.nsatc.net,AVAILABILITY,domains.list,2021-09-21 06:20:13.757770
i2.mouseflow.com,AVAILABILITY,domains.list,2021-09-21 06:20:15.007005
i4unews-electronics.t.domdex.com,AVAILABILITY,domains.list,2021-09-21 06:20:15.893201
i014.casalemedia.com,AVAILABILITY,domains.list,2021-09-21 06:20:16.808003
i016.casalemedia.com,AVAILABILITY,domains.list,2021-09-21 06:20:17.641279
i020.casalemedia.com,AVAILABILITY,domains.list,2021-09-21 06:20:18.571926
i018.casalemedia.com,AVAILABILITY,domains.list,2021-09-21 06:20:19.628836
i024.casalemedia.com,AVAILABILITY,domains.list,2021-09-21 06:20:20.784722
i025.casalemedia.com,AVAILABILITY,domains.list,2021-09-21 06:20:21.776618
i021.casalemedia.com,AVAILABILITY,domains.list,2021-09-21 06:20:22.785502
i026.casalemedia.com,AVAILABILITY,domains.list,2021-09-21 06:20:23.827259
i027.casalemedia.com,AVAILABILITY,domains.list,2021-09-21 06:20:24.797039
i028.casalemedia.com,AVAILABILITY,domains.list,2021-09-21 06:20:25.758727
i029.casalemedia.com,AVAILABILITY,domains.list,2021-09-21 06:20:26.701390
i030.casalemedia.com,AVAILABILITY,domains.list,2021-09-21 06:20:27.628770
i031.casalemedia.com,AVAILABILITY,domains.list,2021-09-21 06:20:28.534886
i034.casalemedia.com,AVAILABILITY,domains.list,2021-09-21 06:20:29.469736
i035.casalemedia.com,AVAILABILITY,domains.list,2021-09-21 06:20:30.336828
i048.casalemedia.com,AVAILABILITY,domains.list,2021-09-21 06:21:23.268379
i041.casalemedia.com,AVAILABILITY,domains.list,2021-09-21 06:21:24.360411
i049.casalemedia.com,AVAILABILITY,domains.list,2021-09-21 06:21:25.382974
i052.casalemedia.com,AVAILABILITY,domains.list,2021-09-21 06:21:26.407874
i050.casalemedia.com,AVAILABILITY,domains.list,2021-09-21 06:21:27.464758
i053.casalemedia.com,AVAILABILITY,domains.list,2021-09-21 06:21:28.475363
i054.casalemedia.com,AVAILABILITY,domains.list,2021-09-21 06:21:29.529957
i055.casalemedia.com,AVAILABILITY,domains.list,2021-09-21 06:21:30.522030
i058.casalemedia.com,AVAILABILITY,domains.list,2021-09-21 06:21:31.475229
i057.casalemedia.com,AVAILABILITY,domains.list,2021-09-21 06:21:32.521233
i059.casalemedia.com,AVAILABILITY,domains.list,2021-09-21 06:21:33.608044
i060.casalemedia.com,AVAILABILITY,domains.list,2021-09-21 06:21:34.604978
i062.casalemedia.com,AVAILABILITY,domains.list,2021-09-21 06:21:35.756404
i061.casalemedia.com,AVAILABILITY,domains.list,2021-09-21 06:21:36.780843
i063.casalemedia.com,AVAILABILITY,domains.list,2021-09-21 06:21:37.868916
i064.casalemedia.com,AVAILABILITY,domains.list,2021-09-21 06:21:38.948844
i066.casalemedia.com,AVAILABILITY,domains.list,2021-09-21 06:21:39.998350
i067.casalemedia.com,AVAILABILITY,domains.list,2021-09-21 06:21:41.087228
i068.casalemedia.com,AVAILABILITY,domains.list,2021-09-21 06:21:42.188813
i069.casalemedia.com,AVAILABILITY,domains.list,2021-09-21 06:21:43.185752
i070.casalemedia.com,AVAILABILITY,domains.list,2021-09-21 06:21:44.220764
i85zz.lyfd2xzauti9d8p.bapb.gdn,AVAILABILITY,domains.list,2021-09-21 06:21:46.219184
i056.casalemedia.com,AVAILABILITY,domains.list,2021-09-21 06:21:47.303027
i.betrad.com,AVAILABILITY,domains.list,2021-09-21 06:21:48.144097
i.cnzz.com,AVAILABILITY,domains.list,2021-09-21 06:21:50.263792
i.contextweb.com,AVAILABILITY,domains.list,2021-09-21 06:21:51.178422
i.digitru.st,AVAILABILITY,domains.list,2021-09-21 06:21:52.343266
i.glbp.w55c.net,AVAILABILITY,domains.list,2021-09-21 06:21:53.229051
i.po.st,AVAILABILITY,domains.list,2021-09-21 06:21:54.819755
i.traffichunt.com,AVAILABILITY,domains.list,2021-09-21 06:21:55.911538
i.vemba.com,AVAILABILITY,domains.list,2021-09-21 06:21:57.246346
i.w.sandbox.inmobi.com,AVAILABILITY,domains.list,2021-09-21 06:21:58.542405
i.yjp.kissmetrics.com,AVAILABILITY,domains.list,2021-09-21 06:21:59.498731
iad-2.media.net,AVAILABILITY,domains.list,2021-09-21 06:22:01.079121
iad-2-xcp.media.net,AVAILABILITY,domains.list,2021-09-21 06:22:02.517345
iad.crwdcntrl.net,AVAILABILITY,domains.list,2021-09-21 06:22:03.552474
iam.adtech.de,AVAILABILITY,domains.list,2021-09-21 06:22:05.186791
iamediaserve.com,AVAILABILITY,domains.list,2021-09-21 06:22:06.240363
iam-sb-ams.adtech.de,AVAILABILITY,domains.list,2021-09-21 06:22:07.501189
iam-sb-fra.adtech.de,AVAILABILITY,domains.list,2021-09-21 06:22:08.787880
iapi.juicyads.com,AVAILABILITY,domains.list,2021-09-21 06:22:09.752956
ib2.3lift.com,AVAILABILITY,domains.list,2021-09-21 06:22:10.848561
ib.tiktokv.com,AVAILABILITY,domains.list,2021-09-21 06:22:11.820054
i-behavior.adlegend.com,AVAILABILITY,domains.list,2021-09-21 06:22:12.734210
iberia.activate.ensighten.com,AVAILABILITY,domains.list,2021-09-21 06:22:13.723461
ibm.adlegend.com,AVAILABILITY,domains.list,2021-09-21 06:22:14.671757
ibp.3lift.com,AVAILABILITY,domains.list,2021-09-21 06:22:15.764149
ibtuk-d.openx.net,AVAILABILITY,domains.list,2021-09-21 06:22:16.949270
id.districtm.io,AVAILABILITY,domains.list,2021-09-21 06:22:17.863538
ideas.viglink.com,AVAILABILITY,domains.list,2021-09-21 06:22:18.999603
idev.online-metrix.net,AVAILABILITY,domains.list,2021-09-21 06:22:19.905863
idg-uk-d.openx.net,AVAILABILITY,domains.list,2021-09-21 06:22:21.050821
idinmedia.g2afse.com,AVAILABILITY,domains.list,2021-09-21 06:22:22.025073
idp.adsrvr.org,AVAILABILITY,domains.list,2021-09-21 06:22:22.943056
idol3-1.tclclouds.com,AVAILABILITY,domains.list,2021-09-21 06:22:25.404339
idstat.taboola.com,AVAILABILITY,domains.list,2021-09-21 06:22:26.280851
iemo-d.openx.net,AVAILABILITY,domains.list,2021-09-21 06:22:27.668386
ievzz.lyfd2xzauti9d8p.bapb.gdn,AVAILABILITY,domains.list,2021-09-21 06:22:28.994190
ifc2.vip.dfw1.inmobi.com,AVAILABILITY,domains.list,2021-09-21 06:22:30.505112
ifc2.vip.hkg1.inmobi.com,AVAILABILITY,domains.list,2021-09-21 06:22:31.968104
ifc2.vip.lhr1.inmobi.com,AVAILABILITY,domains.list,2021-09-21 06:22:33.154102
ifc2.vip.uj1.inmobi.com,AVAILABILITY,domains.list,2021-09-21 06:22:34.555042
ifc2-vip-dfw1.inmobi.com,AVAILABILITY,domains.list,2021-09-21 06:22:35.641839
ifc2-vip-hkg1.inmobi.com,AVAILABILITY,domains.list,2021-09-21 06:22:37.157411
ifc2-vip-lhr1.inmobi.com,AVAILABILITY,domains.list,2021-09-21 06:22:38.246598
ifc2-vip-uh1.inmobi.com,AVAILABILITY,domains.list,2021-09-21 06:22:39.315384
ifc3.inmobi.com,AVAILABILITY,domains.list,2021-09-21 06:22:40.581684
ifc3.vip.dfw1.inmobi.com,AVAILABILITY,domains.list,2021-09-21 06:22:41.758225
ifc3.vip.lhr1.inmobi.com,AVAILABILITY,domains.list,2021-09-21 06:22:42.913040
ifc3.vip.uj1.inmobi.com,AVAILABILITY,domains.list,2021-09-21 06:22:44.181693
ifc2.vip.uh1.inmobi.com,AVAILABILITY,domains.list,2021-09-21 06:22:45.544684
ifc.inmobi.com,AVAILABILITY,domains.list,2021-09-21 06:22:46.891557
iflscience-d.openx.net,AVAILABILITY,domains.list,2021-09-21 06:22:47.995968
iframe.sharethrough.com,AVAILABILITY,domains.list,2021-09-21 06:22:48.884512
ice.aws.amobee.com,AVAILABILITY,domains.list,2021-09-21 06:22:58.835614
ifx.pro-market.net,AVAILABILITY,domains.list,2021-09-21 06:22:59.879377
igin.startappservice.com,AVAILABILITY,domains.list,2021-09-21 06:23:00.838361
ihg.activate.ensighten.com,AVAILABILITY,domains.list,2021-09-21 06:23:01.780970
ihuntz.g2afse.com,AVAILABILITY,domains.list,2021-09-21 06:23:02.725599
iiwzz.ouasflpydty21tf.bapb.gdn,AVAILABILITY,domains.list,2021-09-21 06:23:03.708853
ilzztxhn5m.mentalist.kameleoon.com,AVAILABILITY,domains.list,2021-09-21 06:23:04.665230
im.1f9a5b00.4c977a9.ads.a4cdn.contentabc.com,AVAILABILITY,domains.list,2021-09-21 06:23:07.464149
im.1f9a5b00.896c789.ads.a4cdn.contentabc.com,AVAILABILITY,domains.list,2021-09-21 06:23:10.656436
im.1f9a5b00.6489895.ads.a4cdn.contentabc.com,AVAILABILITY,domains.list,2021-09-21 06:23:14.515061
im.1f9a5c00.5cb4748.ads.a4cdn.contentabc.com,AVAILABILITY,domains.list,2021-09-21 06:23:18.733717
im.1f9a5c00.15ad5fa.ads.a4cdn.contentabc.com,AVAILABILITY,domains.list,2021-09-21 06:23:21.344311
im.1f9a5c00.62bf202.ads.a4cdn.contentabc.com,AVAILABILITY,domains.list,2021-09-21 06:23:23.878686
im.1f9a5c00.896c789.ads.a4cdn.contentabc.com,AVAILABILITY,domains.list,2021-09-21 06:23:27.244766
im.1f9a5c00.834e2e9.ads.a4cdn.contentabc.com,AVAILABILITY,domains.list,2021-09-21 06:23:29.892717
im.1f9a5c00.c82f53d.ads.a4cdn.contentabc.com,AVAILABILITY,domains.list,2021-09-21 06:23:32.622417
im.1f9ab500.896c789.ads.a4cdn.contentabc.com,AVAILABILITY,domains.list,2021-09-21 06:23:35.511863
im.2e74cc00.3812bd5.ads.a4cdn.contentabc.com,AVAILABILITY,domains.list,2021-09-21 06:23:38.838739
im.2e74cc00.c16e164.ads.a4cdn.contentabc.com,AVAILABILITY,domains.list,2021-09-21 06:23:41.658365
im.1f9a5c00.3af2602.ads.a4cdn.contentabc.com,AVAILABILITY,domains.list,2021-09-21 06:23:44.927996
im.2e801900.cf05b62.ads.a4cdn.contentabc.com,AVAILABILITY,domains.list,2021-09-21 06:23:47.999880
im.02f4a500.e9c8ce8.ads.a4cdn.contentabc.com,AVAILABILITY,domains.list,2021-09-21 06:23:51.371584
im.3edb5c00.2e95465.ads.a4cdn.contentabc.com,AVAILABILITY,domains.list,2021-09-21 06:23:53.873209
im.3edb5c00.2728316.ads.a4cdn.contentabc.com,AVAILABILITY,domains.list,2021-09-21 06:23:57.778478
im.3edb5c00.896c789.ads.a4cdn.contentabc.com,AVAILABILITY,domains.list,2021-09-21 06:24:01.545847
im.3edb5c00.caf9592.ads.a4cdn.contentabc.com,AVAILABILITY,domains.list,2021-09-21 06:24:04.162341
im.3edbc300.bb4ee47.ads.a4cdn.contentabc.com,AVAILABILITY,domains.list,2021-09-21 06:24:06.916177
im.4d7d5f00.e1379dd.ads.a4cdn.contentabc.com,AVAILABILITY,domains.list,2021-09-21 06:24:09.600290
im.4d7d7e00.2e6d385.ads.a4cdn.contentabc.com,AVAILABILITY,domains.list,2021-09-21 06:24:12.484510
im.4d7d7e00.9a19205.ads.a4cdn.contentabc.com,AVAILABILITY,domains.list,2021-09-21 06:24:15.438942
im.4d7d7e00.37b9086.ads.a4cdn.contentabc.com,AVAILABILITY,domains.list,2021-09-21 06:24:18.259524
im.4d7d7e00.601e051.ads.a4cdn.contentabc.com,AVAILABILITY,domains.list,2021-09-21 06:24:21.064147
im.4d7d5100.812c0e6.ads.a4cdn.contentabc.com,AVAILABILITY,domains.list,2021-09-21 06:24:24.739143
im.4d7d6000.896c789.ads.a4cdn.contentabc.com,AVAILABILITY,domains.list,2021-09-21 06:24:27.557270
im.4d14f400.288d21c.ads.a4cdn.contentabc.com,AVAILABILITY,domains.list,2021-09-21 06:24:30.210588
im.4d7d7900.896c789.ads.a4cdn.contentabc.com,AVAILABILITY,domains.list,2021-09-21 06:24:34.094207
im.4fb1a100.2a0c210.ads.a4cdn.contentabc.com,AVAILABILITY,domains.list,2021-09-21 06:24:36.919419
im.4fb1a400.c580670.ads.a4cdn.contentabc.com,AVAILABILITY,domains.list,2021-09-21 06:24:41.168950
im.4fb1cb00.64e9411.ads.a4cdn.contentabc.com,AVAILABILITY,domains.list,2021-09-21 06:24:44.997558
im.4fb23d00.69efa6a.ads.a4cdn.contentabc.com,AVAILABILITY,domains.list,2021-09-21 06:24:48.226397
im.4fb23d00.0d6a7a7.ads.a4cdn.contentabc.com,AVAILABILITY,domains.list,2021-09-21 06:24:51.126016
im.4fb23d00.caf3063.ads.a4cdn.contentabc.com,AVAILABILITY,domains.list,2021-09-21 06:24:53.753657
im.4fb26d00.5ef3df5.ads.a4cdn.contentabc.com,AVAILABILITY,domains.list,2021-09-21 06:24:56.271587
im.4fb23200.e76f570.ads.a4cdn.contentabc.com,AVAILABILITY,domains.list,2021-09-21 06:24:58.984529
im.4fb23200.0327f50.ads.a4cdn.contentabc.com,AVAILABILITY,domains.list,2021-09-21 06:25:01.484115
im.4fb23200.ea4fdc5.ads.a4cdn.contentabc.com,AVAILABILITY,domains.list,2021-09-21 06:25:04.450387
im.4fb23200.ea6fc46.ads.a4cdn.contentabc.com,AVAILABILITY,domains.list,2021-09-21 06:25:07.048329
im.4fb23200.efc60f0.ads.a4cdn.contentabc.com,AVAILABILITY,domains.list,2021-09-21 06:25:09.672053
im.4fb23200.ff882d2.ads.a4cdn.contentabc.com,AVAILABILITY,domains.list,2021-09-21 06:25:12.671882
im.4fb39200.641e860.ads.a4cdn.contentabc.com,AVAILABILITY,domains.list,2021-09-21 06:25:15.349355
im.5b790f00.00bbf30.ads.a4cdn.contentabc.com,AVAILABILITY,domains.list,2021-09-21 06:25:22.680970
im.5b790f00.0a29e80.ads.a4cdn.contentabc.com,AVAILABILITY,domains.list,2021-09-21 06:25:25.529351
im.5b790f00.0c74980.ads.a4cdn.contentabc.com,AVAILABILITY,domains.list,2021-09-21 06:25:28.260630
im.5b790f00.0c35091.ads.a4cdn.contentabc.com,AVAILABILITY,domains.list,2021-09-21 06:25:31.216843
im.5b790f00.0d77d12.ads.a4cdn.contentabc.com,AVAILABILITY,domains.list,2021-09-21 06:25:33.959989
im.5b790f00.0d539b0.ads.a4cdn.contentabc.com,AVAILABILITY,domains.list,2021-09-21 06:25:36.606435
im.5b790f00.0e0de70.ads.a4cdn.contentabc.com,AVAILABILITY,domains.list,2021-09-21 06:25:39.588124
im.5b790f00.1a7cac1.ads.a4cdn.contentabc.com,AVAILABILITY,domains.list,2021-09-21 06:25:42.253768
im.5b790f00.0fe9f02.ads.a4cdn.contentabc.com,AVAILABILITY,domains.list,2021-09-21 06:25:45.354018
im.5b790f00.1a10a42.ads.a4cdn.contentabc.com,AVAILABILITY,domains.list,2021-09-21 06:25:48.828434
im.5b790f00.1a966a1.ads.a4cdn.contentabc.com,AVAILABILITY,domains.list,2021-09-21 06:25:51.929203
im.5b790f00.1a491b0.ads.a4cdn.contentabc.com,AVAILABILITY,domains.list,2021-09-21 06:25:54.668109
im.5b790f00.1a90160.ads.a4cdn.contentabc.com,AVAILABILITY,domains.list,2021-09-21 06:25:57.371585
im.5b790f00.1b1f8b1.ads.a4cdn.contentabc.com,AVAILABILITY,domains.list,2021-09-21 06:25:59.925779
im.5b790f00.1bdbee1.ads.a4cdn.contentabc.com,AVAILABILITY,domains.list,2021-09-21 06:26:02.462867
im.5b790f00.1d6c320.ads.a4cdn.contentabc.com,AVAILABILITY,domains.list,2021-09-21 06:26:05.307192
im.3b853200.fbfe5a0.ads.a4cdn.contentabc.com,AVAILABILITY,domains.list,2021-09-21 06:26:08.056810
im.5b790f00.1d318e1.ads.a4cdn.contentabc.com,AVAILABILITY,domains.list,2021-09-21 06:26:10.799632
im.5b790f00.1d8bc42.ads.a4cdn.contentabc.com,AVAILABILITY,domains.list,2021-09-21 06:26:13.597184
im.5b790f00.2ac2b30.ads.a4cdn.contentabc.com,AVAILABILITY,domains.list,2021-09-21 06:26:16.706449
im.5b790f00.2b084c1.ads.a4cdn.contentabc.com,AVAILABILITY,domains.list,2021-09-21 06:26:19.676923
im.5b790f00.2d0dbd0.ads.a4cdn.contentabc.com,AVAILABILITY,domains.list,2021-09-21 06:26:22.541502
im.5b790f00.2de9be1.ads.a4cdn.contentabc.com,AVAILABILITY,domains.list,2021-09-21 06:26:25.264675
im.5b790f00.3c850d1.ads.a4cdn.contentabc.com,AVAILABILITY,domains.list,2021-09-21 06:26:28.182753
im.5b790f00.3d75121.ads.a4cdn.contentabc.com,AVAILABILITY,domains.list,2021-09-21 06:26:31.013291
im.5b790f00.2d51bb1.ads.a4cdn.contentabc.com,AVAILABILITY,domains.list,2021-09-21 06:26:33.693941
im.5b790f00.4a1edd0.ads.a4cdn.contentabc.com,AVAILABILITY,domains.list,2021-09-21 06:26:36.638676
im.5b790f00.4ad6870.ads.a4cdn.contentabc.com,AVAILABILITY,domains.list,2021-09-21 06:26:39.552484
im.5b790f00.04b3ab1.ads.a4cdn.contentabc.com,AVAILABILITY,domains.list,2021-09-21 06:26:42.418197
im.5b790f00.4b9ea60.ads.a4cdn.contentabc.com,AVAILABILITY,domains.list,2021-09-21 06:26:45.842895
im.5b790f00.4cc4642.ads.a4cdn.contentabc.com,AVAILABILITY,domains.list,2021-09-21 06:26:48.395763
im.5b790f00.04cda40.ads.a4cdn.contentabc.com,AVAILABILITY,domains.list,2021-09-21 06:26:51.113048
im.5b790f00.4f60cc0.ads.a4cdn.contentabc.com,AVAILABILITY,domains.list,2021-09-21 06:26:53.999616
im.5b790f00.4feb540.ads.a4cdn.contentabc.com,AVAILABILITY,domains.list,2021-09-21 06:26:56.948955
im.5b790f00.5b9ffb0.ads.a4cdn.contentabc.com,AVAILABILITY,domains.list,2021-09-21 06:26:59.650239
im.5b790f00.5a1c4b1.ads.a4cdn.contentabc.com,AVAILABILITY,domains.list,2021-09-21 06:27:02.538932
im.5b790f00.5c4fe90.ads.a4cdn.contentabc.com,AVAILABILITY,domains.list,2021-09-21 06:27:05.313649
im.5b790f00.5c128b1.ads.a4cdn.contentabc.com,AVAILABILITY,domains.list,2021-09-21 06:27:08.486325
im.5b790f00.05d2de1.ads.a4cdn.contentabc.com,AVAILABILITY,domains.list,2021-09-21 06:27:11.334518
im.5b790f00.5db8e40.ads.a4cdn.contentabc.com,AVAILABILITY,domains.list,2021-09-21 06:27:14.414266
im.5b790f00.5d918b1.ads.a4cdn.contentabc.com,AVAILABILITY,domains.list,2021-09-21 06:27:17.205430
im.5b790f00.6bf5871.ads.a4cdn.contentabc.com,AVAILABILITY,domains.list,2021-09-21 06:27:19.833917
im.5b790f00.6a97261.ads.a4cdn.contentabc.com,AVAILABILITY,domains.list,2021-09-21 06:27:22.943072
im.5b790f00.6c1ace1.ads.a4cdn.contentabc.com,AVAILABILITY,domains.list,2021-09-21 06:27:25.578601
im.5b790f00.6ca3e10.ads.a4cdn.contentabc.com,AVAILABILITY,domains.list,2021-09-21 06:27:28.178647
im.5b790f00.6cf1b60.ads.a4cdn.contentabc.com,AVAILABILITY,domains.list,2021-09-21 06:27:30.928186
im.5b790f00.6cceeb0.ads.a4cdn.contentabc.com,AVAILABILITY,domains.list,2021-09-21 06:27:33.498164
im.5b790f00.6db2571.ads.a4cdn.contentabc.com,AVAILABILITY,domains.list,2021-09-21 06:27:36.195382
im.5b790f00.6e0a291.ads.a4cdn.contentabc.com,AVAILABILITY,domains.list,2021-09-21 06:27:38.885414
im.5b790f00.6e099f0.ads.a4cdn.contentabc.com,AVAILABILITY,domains.list,2021-09-21 06:27:42.499764
im.5b790f00.7ac3971.ads.a4cdn.contentabc.com,AVAILABILITY,domains.list,2021-09-21 06:27:45.384355
im.5b790f00.7de12c1.ads.a4cdn.contentabc.com,AVAILABILITY,domains.list,2021-09-21 06:27:48.060134
im.5b790f00.7e6fbd0.ads.a4cdn.contentabc.com,AVAILABILITY,domains.list,2021-09-21 06:27:50.574276
im.5b790f00.7eb1f91.ads.a4cdn.contentabc.com,AVAILABILITY,domains.list,2021-09-21 06:27:53.335254
im.5b790f00.8a5ba81.ads.a4cdn.contentabc.com,AVAILABILITY,domains.list,2021-09-21 06:27:56.294842
im.5b790f00.7ffa3f1.ads.a4cdn.contentabc.com,AVAILABILITY,domains.list,2021-09-21 06:27:59.177454
im.5b790f00.8aad5f0.ads.a4cdn.contentabc.com,AVAILABILITY,domains.list,2021-09-21 06:28:02.260834
im.5b790f00.8b5dbc1.ads.a4cdn.contentabc.com,AVAILABILITY,domains.list,2021-09-21 06:28:05.030960
im.5b790f00.8dc1981.ads.a4cdn.contentabc.com,AVAILABILITY,domains.list,2021-09-21 06:28:08.231949
im.5b790f00.8ff8802.ads.a4cdn.contentabc.com,AVAILABILITY,domains.list,2021-09-21 06:28:12.031661
im.5b790f00.9c9e0a1.ads.a4cdn.contentabc.com,AVAILABILITY,domains.list,2021-09-21 06:28:14.985263
im.5b790f00.9d54232.ads.a4cdn.contentabc.com,AVAILABILITY,domains.list,2021-09-21 06:28:17.675220
im.5b790f00.9f11ee0.ads.a4cdn.contentabc.com,AVAILABILITY,domains.list,2021-09-21 06:28:20.432509
im.5b790f00.2a00c11.ads.a4cdn.contentabc.com,AVAILABILITY,domains.list,2021-09-21 06:28:23.116542
im.5b790f00.9ffbb02.ads.a4cdn.contentabc.com,AVAILABILITY,domains.list,2021-09-21 06:28:25.942298
im.5b790f00.25e7960.ads.a4cdn.contentabc.com,AVAILABILITY,domains.list,2021-09-21 06:28:28.858408
im.5b790f00.9f95aa1.ads.a4cdn.contentabc.com,AVAILABILITY,domains.list,2021-09-21 06:28:31.668434
im.5b790f00.031dad0.ads.a4cdn.contentabc.com,AVAILABILITY,domains.list,2021-09-21 06:28:34.146382
im.5b790f00.28ee821.ads.a4cdn.contentabc.com,AVAILABILITY,domains.list,2021-09-21 06:28:36.981063
im.5b790f00.032cbb1.ads.a4cdn.contentabc.com,AVAILABILITY,domains.list,2021-09-21 06:28:40.639692
im.5b790f00.36ff9e1.ads.a4cdn.contentabc.com,AVAILABILITY,domains.list,2021-09-21 06:28:43.607789
im.5b790f00.038f740.ads.a4cdn.contentabc.com,AVAILABILITY,domains.list,2021-09-21 06:28:46.251569
im.5b790f00.38f1830.ads.a4cdn.contentabc.com,AVAILABILITY,domains.list,2021-09-21 06:28:48.834040
im.5b790f00.33ed611.ads.a4cdn.contentabc.com,AVAILABILITY,domains.list,2021-09-21 06:28:51.567821
im.5b790f00.44d71a0.ads.a4cdn.contentabc.com,AVAILABILITY,domains.list,2021-09-21 06:28:54.350384
im.5b790f00.43a8cb1.ads.a4cdn.contentabc.com,AVAILABILITY,domains.list,2021-09-21 06:28:57.062594
im.5b790f00.45fece1.ads.a4cdn.contentabc.com,AVAILABILITY,domains.list,2021-09-21 06:28:59.562049
im.5b790f00.46afbc0.ads.a4cdn.contentabc.com,AVAILABILITY,domains.list,2021-09-21 06:29:02.046798
im.5b790f00.45c79f1.ads.a4cdn.contentabc.com,AVAILABILITY,domains.list,2021-09-21 06:29:04.895556
im.5b790f00.048f321.ads.a4cdn.contentabc.com,AVAILABILITY,domains.list,2021-09-21 06:29:08.678174
im.5b790f00.48a7342.ads.a4cdn.contentabc.com,AVAILABILITY,domains.list,2021-09-21 06:29:11.474434
im.5b790f00.51d9130.ads.a4cdn.contentabc.com,AVAILABILITY,domains.list,2021-09-21 06:29:14.277731
im.5b790f00.51c6ae0.ads.a4cdn.contentabc.com,AVAILABILITY,domains.list,2021-09-21 06:29:16.929100
im.5b790f00.57e6a40.ads.a4cdn.contentabc.com,AVAILABILITY,domains.list,2021-09-21 06:29:19.742308
im.5b790f00.56a9912.ads.a4cdn.contentabc.com,AVAILABILITY,domains.list,2021-09-21 06:29:22.484044
im.5b790f00.58c9b90.ads.a4cdn.contentabc.com,AVAILABILITY,domains.list,2021-09-21 06:29:25.135057
im.5b790f00.60f6611.ads.a4cdn.contentabc.com,AVAILABILITY,domains.list,2021-09-21 06:29:27.910123
im.5b790f00.59b99a1.ads.a4cdn.contentabc.com,AVAILABILITY,domains.list,2021-09-21 06:29:30.810010
im.5b790f00.63e5490.ads.a4cdn.contentabc.com,AVAILABILITY,domains.list,2021-09-21 06:29:33.696574
im.5b790f00.72cc881.ads.a4cdn.contentabc.com,AVAILABILITY,domains.list,2021-09-21 06:29:37.622963
im.5b790f00.74d3b51.ads.a4cdn.contentabc.com,AVAILABILITY,domains.list,2021-09-21 06:29:40.171567
im.5b790f00.78a1b70.ads.a4cdn.contentabc.com,AVAILABILITY,domains.list,2021-09-21 06:29:43.097801
im.5b790f00.67ac670.ads.a4cdn.contentabc.com,AVAILABILITY,domains.list,2021-09-21 06:29:45.753218
im.5b790f00.84febb1.ads.a4cdn.contentabc.com,AVAILABILITY,domains.list,2021-09-21 06:29:48.379962
im.5b790f00.88bff81.ads.a4cdn.contentabc.com,AVAILABILITY,domains.list,2021-09-21 06:29:51.033688
im.5b790f00.88fdf12.ads.a4cdn.contentabc.com,AVAILABILITY,domains.list,2021-09-21 06:29:53.606031
im.5b790f00.92c8671.ads.a4cdn.contentabc.com,AVAILABILITY,domains.list,2021-09-21 06:29:56.229665
im.5b790f00.99a1770.ads.a4cdn.contentabc.com,AVAILABILITY,domains.list,2021-09-21 06:29:59.210384
im.5b790f00.176aba0.ads.a4cdn.contentabc.com,AVAILABILITY,domains.list,2021-09-21 06:30:01.960805
im.5b790f00.368d611.ads.a4cdn.contentabc.com,AVAILABILITY,domains.list,2021-09-21 06:30:05.675300
im.5b790f00.200ddc1.ads.a4cdn.contentabc.com,AVAILABILITY,domains.list,2021-09-21 06:30:08.466991
im.5b790f00.427fa70.ads.a4cdn.contentabc.com,AVAILABILITY,domains.list,2021-09-21 06:30:11.718483
im.5b790f00.13c1512.ads.a4cdn.contentabc.com,AVAILABILITY,domains.list,2021-09-21 06:30:14.676850
im.5b790f00.400cb10.ads.a4cdn.contentabc.com,AVAILABILITY,domains.list,2021-09-21 06:30:17.200091
im.5b790f00.0456c00.ads.a4cdn.contentabc.com,AVAILABILITY,domains.list,2021-09-21 06:30:20.216352
im.5b790f00.474c930.ads.a4cdn.contentabc.com,AVAILABILITY,domains.list,2021-09-21 06:30:22.866326
im.5b790f00.495c820.ads.a4cdn.contentabc.com,AVAILABILITY,domains.list,2021-09-21 06:30:25.565202
im.5b790f00.544cfd1.ads.a4cdn.contentabc.com,AVAILABILITY,domains.list,2021-09-21 06:30:29.434535
im.5b790f00.614bd10.ads.a4cdn.contentabc.com,AVAILABILITY,domains.list,2021-09-21 06:30:33.301521
im.5b790f00.547c670.ads.a4cdn.contentabc.com,AVAILABILITY,domains.list,2021-09-21 06:30:35.906223
im.5b790f00.663b8b0.ads.a4cdn.contentabc.com,AVAILABILITY,domains.list,2021-09-21 06:30:39.214026
im.5b790f00.681f770.ads.a4cdn.contentabc.com,AVAILABILITY,domains.list,2021-09-21 06:30:41.859864
im.5b790f00.686c260.ads.a4cdn.contentabc.com,AVAILABILITY,domains.list,2021-09-21 06:30:44.772068
im.5b790f00.720b952.ads.a4cdn.contentabc.com,AVAILABILITY,domains.list,2021-09-21 06:30:47.673963
im.5b790f00.745c331.ads.a4cdn.contentabc.com,AVAILABILITY,domains.list,2021-09-21 06:30:50.398559
im.5b790f00.748be90.ads.a4cdn.contentabc.com,AVAILABILITY,domains.list,2021-09-21 06:30:53.204400
im.5b790f00.768ef32.ads.a4cdn.contentabc.com,AVAILABILITY,domains.list,2021-09-21 06:30:56.011124
im.5b790f00.776c1f1.ads.a4cdn.contentabc.com,AVAILABILITY,domains.list,2021-09-21 06:30:59.071418
im.5b790f00.931e8d0.ads.a4cdn.contentabc.com,AVAILABILITY,domains.list,2021-09-21 06:31:02.430959
im.5b790f00.800e852.ads.a4cdn.contentabc.com,AVAILABILITY,domains.list,2021-09-21 06:31:05.147510
im.5b790f00.974dfc0.ads.a4cdn.contentabc.com,AVAILABILITY,domains.list,2021-09-21 06:31:07.955000
im.5b790f00.1627e51.ads.a4cdn.contentabc.com,AVAILABILITY,domains.list,2021-09-21 06:31:10.740576
im.5b790f00.1586e50.ads.a4cdn.contentabc.com,AVAILABILITY,domains.list,2021-09-21 06:31:13.791055
im.5b790f00.2461e40.ads.a4cdn.contentabc.com,AVAILABILITY,domains.list,2021-09-21 06:31:16.652677
im.5b790f00.3191c80.ads.a4cdn.contentabc.com,AVAILABILITY,domains.list,2021-09-21 06:31:19.354237
im.5b790f00.3029c12.ads.a4cdn.contentabc.com,AVAILABILITY,domains.list,2021-09-21 06:31:22.423829
im.5b790f00.3981f42.ads.a4cdn.contentabc.com,AVAILABILITY,domains.list,2021-09-21 06:31:25.224912
im.5b790f00.4566a31.ads.a4cdn.contentabc.com,AVAILABILITY,domains.list,2021-09-21 06:31:28.339517
im.5b790f00.5206f80.ads.a4cdn.contentabc.com,AVAILABILITY,domains.list,2021-09-21 06:31:31.509305
im.5b790f00.5299f31.ads.a4cdn.contentabc.com,AVAILABILITY,domains.list,2021-09-21 06:31:34.281704
im.5b790f00.4625f50.ads.a4cdn.contentabc.com,AVAILABILITY,domains.list,2021-09-21 06:31:37.025751
im.5b790f00.05324a0.ads.a4cdn.contentabc.com,AVAILABILITY,domains.list,2021-09-21 06:31:39.722766
im.5b790f00.5827c70.ads.a4cdn.contentabc.com,AVAILABILITY,domains.list,2021-09-21 06:31:42.423767
im.5b790f00.6762c00.ads.a4cdn.contentabc.com,AVAILABILITY,domains.list,2021-09-21 06:31:45.211722
im.5b790f00.7507f40.ads.a4cdn.contentabc.com,AVAILABILITY,domains.list,2021-09-21 06:31:48.106701
im.5b790f00.7854e50.ads.a4cdn.contentabc.com,AVAILABILITY,domains.list,2021-09-21 06:31:51.039156
im.5b790f00.8039ad1.ads.a4cdn.contentabc.com,AVAILABILITY,domains.list,2021-09-21 06:31:53.673218
im.5b790f00.8954f81.ads.a4cdn.contentabc.com,AVAILABILITY,domains.list,2021-09-21 06:31:56.866483
im.5b790f00.8103f31.ads.a4cdn.contentabc.com,AVAILABILITY,domains.list,2021-09-21 06:32:00.012828
im.5b790f00.9031e81.ads.a4cdn.contentabc.com,AVAILABILITY,domains.list,2021-09-21 06:32:02.755791
im.5b790f00.11157c1.ads.a4cdn.contentabc.com,AVAILABILITY,domains.list,2021-09-21 06:32:05.317708
im.5b790f00.467d700.ads.a4cdn.contentabc.com,AVAILABILITY,domains.list,2021-09-21 06:32:08.088399
im.5b790f00.20041d1.ads.a4cdn.contentabc.com,AVAILABILITY,domains.list,2021-09-21 06:32:11.062562
im.5b790f00.15772f0.ads.a4cdn.contentabc.com,AVAILABILITY,domains.list,2021-09-21 06:32:13.863758
im.5b790f00.48232b1.ads.a4cdn.contentabc.com,AVAILABILITY,domains.list,2021-09-21 06:32:16.575123
im.5b790f00.48832f0.ads.a4cdn.contentabc.com,AVAILABILITY,domains.list,2021-09-21 06:32:19.279715
im.5b790f00.55829f1.ads.a4cdn.contentabc.com,AVAILABILITY,domains.list,2021-09-21 06:32:22.056803
im.5b790f00.79823d1.ads.a4cdn.contentabc.com,AVAILABILITY,domains.list,2021-09-21 06:32:24.801413
im.5b790f00.0682990.ads.a4cdn.contentabc.com,AVAILABILITY,domains.list,2021-09-21 06:32:28.833059
im.5b790f00.1179211.ads.a4cdn.contentabc.com,AVAILABILITY,domains.list,2021-09-21 06:32:31.652615
im.5b790f00.2524891.ads.a4cdn.contentabc.com,AVAILABILITY,domains.list,2021-09-21 06:32:34.402394
im.5b790f00.2685481.ads.a4cdn.contentabc.com,AVAILABILITY,domains.list,2021-09-21 06:32:37.005105
im.5b790f00.1314731.ads.a4cdn.contentabc.com,AVAILABILITY,domains.list,2021-09-21 06:32:40.071531
im.5b790f00.4907290.ads.a4cdn.contentabc.com,AVAILABILITY,domains.list,2021-09-21 06:32:42.891239
im.5b790f00.4441820.ads.a4cdn.contentabc.com,AVAILABILITY,domains.list,2021-09-21 06:32:45.400797
im.5b790f00.6323822.ads.a4cdn.contentabc.com,AVAILABILITY,domains.list,2021-09-21 06:32:48.144036
im.5b790f00.6967112.ads.a4cdn.contentabc.com,AVAILABILITY,domains.list,2021-09-21 06:32:51.009935
im.5b790f00.7635000.ads.a4cdn.contentabc.com,AVAILABILITY,domains.list,2021-09-21 06:32:53.556035
im.5b790f00.8260012.ads.a4cdn.contentabc.com,AVAILABILITY,domains.list,2021-09-21 06:32:57.231658
im.5b790f00.8471742.ads.a4cdn.contentabc.com,AVAILABILITY,domains.list,2021-09-21 06:32:59.902575
im.5b790f00.9464281.ads.a4cdn.contentabc.com,AVAILABILITY,domains.list,2021-09-21 06:33:02.513845
im.5b790f00.a0e9ea0.ads.a4cdn.contentabc.com,AVAILABILITY,domains.list,2021-09-21 06:33:05.172990
im.5b790f00.a2f1cb0.ads.a4cdn.contentabc.com,AVAILABILITY,domains.list,2021-09-21 06:33:08.011451
im.5b790f00.a5c4cf0.ads.a4cdn.contentabc.com,AVAILABILITY,domains.list,2021-09-21 06:33:10.507586
im.5b790f00.a5a3912.ads.a4cdn.contentabc.com,AVAILABILITY,domains.list,2021-09-21 06:33:13.356710
im.5b790f00.a7d2ca1.ads.a4cdn.contentabc.com,AVAILABILITY,domains.list,2021-09-21 06:33:16.365434
im.5b790f00.a8a2231.ads.a4cdn.contentabc.com,AVAILABILITY,domains.list,2021-09-21 06:33:19.107848
im.5b790f00.a7dcb01.ads.a4cdn.contentabc.com,AVAILABILITY,domains.list,2021-09-21 06:33:21.726627
im.5b790f00.a8f7ea1.ads.a4cdn.contentabc.com,AVAILABILITY,domains.list,2021-09-21 06:33:25.894449
im.5b790f00.a60ade0.ads.a4cdn.contentabc.com,AVAILABILITY,domains.list,2021-09-21 06:33:28.801100
im.5b790f00.a405ac0.ads.a4cdn.contentabc.com,AVAILABILITY,domains.list,2021-09-21 06:33:31.326840
im.5b790f00.a136481.ads.a4cdn.contentabc.com,AVAILABILITY,domains.list,2021-09-21 06:33:34.312754
im.5b790f00.aaa4361.ads.a4cdn.contentabc.com,AVAILABILITY,domains.list,2021-09-21 06:33:37.118256
im.5b790f00.a991670.ads.a4cdn.contentabc.com,AVAILABILITY,domains.list,2021-09-21 06:33:39.792791
im.5b790f00.ac58700.ads.a4cdn.contentabc.com,AVAILABILITY,domains.list,2021-09-21 06:33:42.978077
im.5b790f00.abd1db1.ads.a4cdn.contentabc.com,AVAILABILITY,domains.list,2021-09-21 06:33:45.950978
im.5b790f00.adc3e12.ads.a4cdn.contentabc.com,AVAILABILITY,domains.list,2021-09-21 06:33:48.501051
im.5b790f00.ae6c302.ads.a4cdn.contentabc.com,AVAILABILITY,domains.list,2021-09-21 06:33:51.351581
im.5b790f00.ae01011.ads.a4cdn.contentabc.com,AVAILABILITY,domains.list,2021-09-21 06:33:55.386591
im.5b790f00.b3ffbc0.ads.a4cdn.contentabc.com,AVAILABILITY,domains.list,2021-09-21 06:33:58.027707
im.5b790f00.af81b12.ads.a4cdn.contentabc.com,AVAILABILITY,domains.list,2021-09-21 06:34:00.705983
im.5b790f00.b5c2201.ads.a4cdn.contentabc.com,AVAILABILITY,domains.list,2021-09-21 06:34:03.796971
im.5b790f00.b4d18a1.ads.a4cdn.contentabc.com,AVAILABILITY,domains.list,2021-09-21 06:34:06.481359
im.5b790f00.b6ac900.ads.a4cdn.contentabc.com,AVAILABILITY,domains.list,2021-09-21 06:34:09.248800
im.5b790f00.44184e0.ads.a4cdn.contentabc.com,AVAILABILITY,domains.list,2021-09-21 06:34:12.048170
im.5b790f00.b6e4440.ads.a4cdn.contentabc.com,AVAILABILITY,domains.list,2021-09-21 06:34:14.898632
im.5b790f00.b9be0a0.ads.a4cdn.contentabc.com,AVAILABILITY,domains.list,2021-09-21 06:34:17.627213
im.5b790f00.b8ec312.ads.a4cdn.contentabc.com,AVAILABILITY,domains.list,2021-09-21 06:34:20.245793
im.5b790f00.b25ae51.ads.a4cdn.contentabc.com,AVAILABILITY,domains.list,2021-09-21 06:34:23.876294
im.5b790f00.b66fcf0.ads.a4cdn.contentabc.com,AVAILABILITY,domains.list,2021-09-21 06:34:26.401778
im.5b790f00.b94ae12.ads.a4cdn.contentabc.com,AVAILABILITY,domains.list,2021-09-21 06:34:29.242207
im.5b790f00.b586a30.ads.a4cdn.contentabc.com,AVAILABILITY,domains.list,2021-09-21 06:34:31.940734
im.5b790f00.b047522.ads.a4cdn.contentabc.com,AVAILABILITY,domains.list,2021-09-21 06:34:34.443087
im.5b790f00.b1960c0.ads.a4cdn.contentabc.com,AVAILABILITY,domains.list,2021-09-21 06:34:37.274794
im.5b790f00.bb156d1.ads.a4cdn.contentabc.com,AVAILABILITY,domains.list,2021-09-21 06:34:39.850818
im.5b790f00.be4d6b1.ads.a4cdn.contentabc.com,AVAILABILITY,domains.list,2021-09-21 06:34:42.528043
im.5b790f00.bfcee71.ads.a4cdn.contentabc.com,AVAILABILITY,domains.list,2021-09-21 06:34:45.204529
im.5b790f00.c6aa271.ads.a4cdn.contentabc.com,AVAILABILITY,domains.list,2021-09-21 06:34:47.727691
im.5b790f00.c56f300.ads.a4cdn.contentabc.com,AVAILABILITY,domains.list,2021-09-21 06:34:51.502799
im.5b790f00.c007ed0.ads.a4cdn.contentabc.com,AVAILABILITY,domains.list,2021-09-21 06:34:54.404141
im.5b790f00.c296031.ads.a4cdn.contentabc.com,AVAILABILITY,domains.list,2021-09-21 06:34:56.961151
im.5b790f00.cc27ba1.ads.a4cdn.contentabc.com,AVAILABILITY,domains.list,2021-09-21 06:35:00.054317
im.5b790f00.cc2b5e1.ads.a4cdn.contentabc.com,AVAILABILITY,domains.list,2021-09-21 06:35:02.679738
im.5b790f00.cd4e310.ads.a4cdn.contentabc.com,AVAILABILITY,domains.list,2021-09-21 06:35:05.648080
im.5b790f00.cedb381.ads.a4cdn.contentabc.com,AVAILABILITY,domains.list,2021-09-21 06:35:08.101284
im.5b790f00.cf82c02.ads.a4cdn.contentabc.com,AVAILABILITY,domains.list,2021-09-21 06:35:10.716921
im.5b790f00.d4ff000.ads.a4cdn.contentabc.com,AVAILABILITY,domains.list,2021-09-21 06:35:13.300042
im.5b790f00.d6c7f61.ads.a4cdn.contentabc.com,AVAILABILITY,domains.list,2021-09-21 06:35:16.126210
im.5b790f00.d7dbb91.ads.a4cdn.contentabc.com,AVAILABILITY,domains.list,2021-09-21 06:35:19.151364
im.5b790f00.d33b340.ads.a4cdn.contentabc.com,AVAILABILITY,domains.list,2021-09-21 06:35:22.328219
im.5b790f00.d14e681.ads.a4cdn.contentabc.com,AVAILABILITY,domains.list,2021-09-21 06:35:24.809659
im.5b790f00.d33f2e1.ads.a4cdn.contentabc.com,AVAILABILITY,domains.list,2021-09-21 06:35:27.348228
im.5b790f00.d55ab51.ads.a4cdn.contentabc.com,AVAILABILITY,domains.list,2021-09-21 06:35:30.261673
im.5b790f00.d37f3c1.ads.a4cdn.contentabc.com,AVAILABILITY,domains.list,2021-09-21 06:35:32.835286
im.5b790f00.d75d751.ads.a4cdn.contentabc.com,AVAILABILITY,domains.list,2021-09-21 06:35:35.501580
im.5b790f00.d92d142.ads.a4cdn.contentabc.com,AVAILABILITY,domains.list,2021-09-21 06:35:38.219012
im.5b790f00.d921f22.ads.a4cdn.contentabc.com,AVAILABILITY,domains.list,2021-09-21 06:35:41.003009
im.5b790f00.d70c430.ads.a4cdn.contentabc.com,AVAILABILITY,domains.list,2021-09-21 06:35:43.783003
im.5b790f00.d5765c1.ads.a4cdn.contentabc.com,AVAILABILITY,domains.list,2021-09-21 06:35:46.392873
im.5b790f00.d941b42.ads.a4cdn.contentabc.com,AVAILABILITY,domains.list,2021-09-21 06:35:50.332592
im.5b790f00.d234800.ads.a4cdn.contentabc.com,AVAILABILITY,domains.list,2021-09-21 06:35:53.355409
im.5b790f00.da1fc60.ads.a4cdn.contentabc.com,AVAILABILITY,domains.list,2021-09-21 06:35:56.053584
im.5b790f00.da01861.ads.a4cdn.contentabc.com,AVAILABILITY,domains.list,2021-09-21 06:35:58.599430
im.5b790f00.dae0d51.ads.a4cdn.contentabc.com,AVAILABILITY,domains.list,2021-09-21 06:36:01.409110
im.5b790f00.da56210.ads.a4cdn.contentabc.com,AVAILABILITY,domains.list,2021-09-21 06:36:04.190044
im.5b790f00.dbc10d0.ads.a4cdn.contentabc.com,AVAILABILITY,domains.list,2021-09-21 06:36:07.092530
im.5b790f00.db174d0.ads.a4cdn.contentabc.com,AVAILABILITY,domains.list,2021-09-21 06:36:09.807258
im.5b790f00.dfb29d1.ads.a4cdn.contentabc.com,AVAILABILITY,domains.list,2021-09-21 06:36:12.336903
im.5b790f00.dc3d360.ads.a4cdn.contentabc.com,AVAILABILITY,domains.list,2021-09-21 06:36:15.111399
im.5b790f00.e0c8681.ads.a4cdn.contentabc.com,AVAILABILITY,domains.list,2021-09-21 06:36:18.839915
im.5b790f00.e5ee380.ads.a4cdn.contentabc.com,AVAILABILITY,domains.list,2021-09-21 06:36:21.709270
im.5b790f00.e86c012.ads.a4cdn.contentabc.com,AVAILABILITY,domains.list,2021-09-21 06:37:19.442104
im.5b790f00.e82fc32.ads.a4cdn.contentabc.com,AVAILABILITY,domains.list,2021-09-21 06:37:22.176404
im.5b790f00.e147f70.ads.a4cdn.contentabc.com,AVAILABILITY,domains.list,2021-09-21 06:37:25.749317
im.5b790f00.e164f91.ads.a4cdn.contentabc.com,AVAILABILITY,domains.list,2021-09-21 06:37:28.915128
im.5b790f00.e747f40.ads.a4cdn.contentabc.com,AVAILABILITY,domains.list,2021-09-21 06:37:32.887312
im.5b790f00.e587612.ads.a4cdn.contentabc.com,AVAILABILITY,domains.list,2021-09-21 06:37:35.471354
im.5b790f00.e590591.ads.a4cdn.contentabc.com,AVAILABILITY,domains.list,2021-09-21 06:37:38.352099
im.5b790f00.b9b7811.ads.a4cdn.contentabc.com,AVAILABILITY,domains.list,2021-09-21 06:37:41.607245
im.5b790f00.e599811.ads.a4cdn.contentabc.com,AVAILABILITY,domains.list,2021-09-21 06:37:44.439317
im.5b790f00.ebb5631.ads.a4cdn.contentabc.com,AVAILABILITY,domains.list,2021-09-21 06:37:47.641197
im.5b790f00.eda0fb1.ads.a4cdn.contentabc.com,AVAILABILITY,domains.list,2021-09-21 06:37:51.071668
im.5b790f00.edf25f1.ads.a4cdn.contentabc.com,AVAILABILITY,domains.list,2021-09-21 06:37:53.843194
im.5b790f00.f1d9fe1.ads.a4cdn.contentabc.com,AVAILABILITY,domains.list,2021-09-21 06:37:57.644032
im.5b790f00.f1dde50.ads.a4cdn.contentabc.com,AVAILABILITY,domains.list,2021-09-21 06:38:00.615395
im.5b790f00.f1e2c10.ads.a4cdn.contentabc.com,AVAILABILITY,domains.list,2021-09-21 06:38:03.500712
im.5b790f00.f6e2422.ads.a4cdn.contentabc.com,AVAILABILITY,domains.list,2021-09-21 06:38:06.656999
im.5b790f00.f03a521.ads.a4cdn.contentabc.com,AVAILABILITY,domains.list,2021-09-21 06:38:09.669967
im.5b790f00.f6f7761.ads.a4cdn.contentabc.com,AVAILABILITY,domains.list,2021-09-21 06:38:12.910932
im.5b790f00.f7fecd1.ads.a4cdn.contentabc.com,AVAILABILITY,domains.list,2021-09-21 06:38:16.130290
im.5b790f00.f831d30.ads.a4cdn.contentabc.com,AVAILABILITY,domains.list,2021-09-21 06:38:19.159367
im.5b790f00.f597b32.ads.a4cdn.contentabc.com,AVAILABILITY,domains.list,2021-09-21 06:38:22.693022
im.5b790f00.f7576a1.ads.a4cdn.contentabc.com,AVAILABILITY,domains.list,2021-09-21 06:38:25.548006
im.5b790f00.fb08ce1.ads.a4cdn.contentabc.com,AVAILABILITY,domains.list,2021-09-21 06:38:28.158524
im.5b790f00.f954f01.ads.a4cdn.contentabc.com,AVAILABILITY,domains.list,2021-09-21 06:38:31.602066
im.5b790f00.fb71d70.ads.a4cdn.contentabc.com,AVAILABILITY,domains.list,2021-09-21 06:38:34.435478
im.5b790f00.fc55760.ads.a4cdn.contentabc.com,AVAILABILITY,domains.list,2021-09-21 06:38:37.899991
im.5b790f00.fd4ee02.ads.a4cdn.contentabc.com,AVAILABILITY,domains.list,2021-09-21 06:38:41.134678
im.5b790f00.fd76d91.ads.a4cdn.contentabc.com,AVAILABILITY,domains.list,2021-09-21 06:38:43.943162
im.5b790f00.fd57e81.ads.a4cdn.contentabc.com,AVAILABILITY,domains.list,2021-09-21 06:38:47.482555
im.5b790f00.ffec650.ads.a4cdn.contentabc.com,AVAILABILITY,domains.list,2021-09-21 06:38:50.257866
im.5b794400.1e87120.ads.a4cdn.contentabc.com,AVAILABILITY,domains.list,2021-09-21 06:38:53.050272
im.5b794400.6f5aa02.ads.a4cdn.contentabc.com,AVAILABILITY,domains.list,2021-09-21 06:38:56.369529
im.5b794400.4ca70f0.ads.a4cdn.contentabc.com,AVAILABILITY,domains.list,2021-09-21 06:38:59.158936
im.5b794400.7f449a0.ads.a4cdn.contentabc.com,AVAILABILITY,domains.list,2021-09-21 06:39:02.609585
im.5b794400.8aad5f0.ads.a4cdn.contentabc.com,AVAILABILITY,domains.list,2021-09-21 06:39:05.928964
im.5b794400.8c69230.ads.a4cdn.contentabc.com,AVAILABILITY,domains.list,2021-09-21 06:39:08.710488
im.5b794400.9c87b70.ads.a4cdn.contentabc.com,AVAILABILITY,domains.list,2021-09-21 06:39:12.552003
im.5b794400.33ed611.ads.a4cdn.contentabc.com,AVAILABILITY,domains.list,2021-09-21 06:39:15.437845
im.5b794400.51b4590.ads.a4cdn.contentabc.com,AVAILABILITY,domains.list,2021-09-21 06:39:18.320683
im.5b794400.39ffbe0.ads.a4cdn.contentabc.com,AVAILABILITY,domains.list,2021-09-21 06:39:21.345301
im.5b794400.63e5490.ads.a4cdn.contentabc.com,AVAILABILITY,domains.list,2021-09-21 06:39:24.272959
im.5b794400.3029c12.ads.a4cdn.contentabc.com,AVAILABILITY,domains.list,2021-09-21 06:39:27.532254
im.5b794400.70436a1.ads.a4cdn.contentabc.com,AVAILABILITY,domains.list,2021-09-21 06:39:30.780401
im.5b794400.6900570.ads.a4cdn.contentabc.com,AVAILABILITY,domains.list,2021-09-21 06:39:33.476870
im.5b794400.91899e0.ads.a4cdn.contentabc.com,AVAILABILITY,domains.list,2021-09-21 06:39:37.259354
im.5b794400.a32ee70.ads.a4cdn.contentabc.com,AVAILABILITY,domains.list,2021-09-21 06:39:39.952318
im.5b794400.b748081.ads.a4cdn.contentabc.com,AVAILABILITY,domains.list,2021-09-21 06:39:43.066061
im.5b794400.bcd31e0.ads.a4cdn.contentabc.com,AVAILABILITY,domains.list,2021-09-21 06:39:46.324609
im.5b794400.cc2b5e1.ads.a4cdn.contentabc.com,AVAILABILITY,domains.list,2021-09-21 06:39:49.070745
im.5b794400.a60ade0.ads.a4cdn.contentabc.com,AVAILABILITY,domains.list,2021-09-21 06:39:52.283123
im.5b794400.cd58cd0.ads.a4cdn.contentabc.com,AVAILABILITY,domains.list,2021-09-21 06:39:55.696929
im.5b794400.d0e3761.ads.a4cdn.contentabc.com,AVAILABILITY,domains.list,2021-09-21 06:39:58.570114
im.5b794400.d687b01.ads.a4cdn.contentabc.com,AVAILABILITY,domains.list,2021-09-21 06:40:02.227258
im.5b794400.e244112.ads.a4cdn.contentabc.com,AVAILABILITY,domains.list,2021-09-21 06:40:05.184838
im.5b794400.dbec9a0.ads.a4cdn.contentabc.com,AVAILABILITY,domains.list,2021-09-21 06:40:08.053832
im.5b794400.f7576a1.ads.a4cdn.contentabc.com,AVAILABILITY,domains.list,2021-09-21 06:40:11.237632
im.5b794400.f472891.ads.a4cdn.contentabc.com,AVAILABILITY,domains.list,2021-09-21 06:40:14.010318
im.5b794400.fc99bc0.ads.a4cdn.contentabc.com,AVAILABILITY,domains.list,2021-09-21 06:40:17.289038
im.5b794700.1b30610.ads.a4cdn.contentabc.com,AVAILABILITY,domains.list,2021-09-21 06:40:20.561626
im.5b794700.0fe9f02.ads.a4cdn.contentabc.com,AVAILABILITY,domains.list,2021-09-21 06:40:23.373608
im.5b794700.1d6c320.ads.a4cdn.contentabc.com,AVAILABILITY,domains.list,2021-09-21 06:40:27.048387
im.5b794700.1d8bc42.ads.a4cdn.contentabc.com,AVAILABILITY,domains.list,2021-09-21 06:40:30.324555
im.5b794700.1d318e1.ads.a4cdn.contentabc.com,AVAILABILITY,domains.list,2021-09-21 06:40:33.268941
im.5b794700.1fb4610.ads.a4cdn.contentabc.com,AVAILABILITY,domains.list,2021-09-21 06:40:36.614115
im.5b790f00.ed84c02.ads.a4cdn.contentabc.com,AVAILABILITY,domains.list,2021-09-21 06:40:39.461792
im.5b794700.1fb0370.ads.a4cdn.contentabc.com,AVAILABILITY,domains.list,2021-09-21 06:40:42.694937
im.5b794700.1fd5e20.ads.a4cdn.contentabc.com,AVAILABILITY,domains.list,2021-09-21 06:40:46.284570
im.5b794700.2df2db0.ads.a4cdn.contentabc.com,AVAILABILITY,domains.list,2021-09-21 06:40:48.920936
im.5b794700.3abc5e0.ads.a4cdn.contentabc.com,AVAILABILITY,domains.list,2021-09-21 06:40:52.468017
im.5b794700.4a1edd0.ads.a4cdn.contentabc.com,AVAILABILITY,domains.list,2021-09-21 06:40:55.903273
im.5b794700.2f6d742.ads.a4cdn.contentabc.com,AVAILABILITY,domains.list,2021-09-21 06:40:58.759337
im.5b794700.4cf5342.ads.a4cdn.contentabc.com,AVAILABILITY,domains.list,2021-09-21 06:41:01.911868
im.5b794700.5a1eac1.ads.a4cdn.contentabc.com,AVAILABILITY,domains.list,2021-09-21 06:41:04.860615
im.5b794700.4cc0712.ads.a4cdn.contentabc.com,AVAILABILITY,domains.list,2021-09-21 06:41:07.960578
im.5b794700.05f5101.ads.a4cdn.contentabc.com,AVAILABILITY,domains.list,2021-09-21 06:41:11.146128
im.5b794700.6b386b0.ads.a4cdn.contentabc.com,AVAILABILITY,domains.list,2021-09-21 06:41:14.088354
im.5b794700.5d75d91.ads.a4cdn.contentabc.com,AVAILABILITY,domains.list,2021-09-21 06:41:17.804786
im.5b794700.6d21f80.ads.a4cdn.contentabc.com,AVAILABILITY,domains.list,2021-09-21 06:41:20.400009
im.5b794700.6cceeb0.ads.a4cdn.contentabc.com,AVAILABILITY,domains.list,2021-09-21 06:41:23.500928
im.5b794700.7dd6271.ads.a4cdn.contentabc.com,AVAILABILITY,domains.list,2021-09-21 06:41:26.799834
im.5b794700.7d52190.ads.a4cdn.contentabc.com,AVAILABILITY,domains.list,2021-09-21 06:41:29.791091
im.5b794700.7ffa3f1.ads.a4cdn.contentabc.com,AVAILABILITY,domains.list,2021-09-21 06:41:33.182451
im.5b794700.7e541f1.ads.a4cdn.contentabc.com,AVAILABILITY,domains.list,2021-09-21 06:41:36.330268
im.5b794700.8aad5f0.ads.a4cdn.contentabc.com,AVAILABILITY,domains.list,2021-09-21 06:41:39.351005
im.5b794700.8ff34f1.ads.a4cdn.contentabc.com,AVAILABILITY,domains.list,2021-09-21 06:41:42.910720
im.5b794700.9a9f2f0.ads.a4cdn.contentabc.com,AVAILABILITY,domains.list,2021-09-21 06:41:45.589194
im.5b794700.9c5da80.ads.a4cdn.contentabc.com,AVAILABILITY,domains.list,2021-09-21 06:41:48.703898
im.5b794700.8ea0340.ads.a4cdn.contentabc.com,AVAILABILITY,domains.list,2021-09-21 06:41:51.839234
im.5b794700.9c87b70.ads.a4cdn.contentabc.com,AVAILABILITY,domains.list,2021-09-21 06:41:54.558283
im.5b794700.9fc6241.ads.a4cdn.contentabc.com,AVAILABILITY,domains.list,2021-09-21 06:41:57.876817
im.5b794700.13c1512.ads.a4cdn.contentabc.com,AVAILABILITY,domains.list,2021-09-21 06:42:00.948375
im.5b794700.20cc241.ads.a4cdn.contentabc.com,AVAILABILITY,domains.list,2021-09-21 06:42:03.960394
im.5b794700.17f7650.ads.a4cdn.contentabc.com,AVAILABILITY,domains.list,2021-09-21 06:42:07.602420
im.5b794700.33ed611.ads.a4cdn.contentabc.com,AVAILABILITY,domains.list,2021-09-21 06:42:10.354627
im.5b794700.47d1b60.ads.a4cdn.contentabc.com,AVAILABILITY,domains.list,2021-09-21 06:42:13.261850
im.5b794700.56a9912.ads.a4cdn.contentabc.com,AVAILABILITY,domains.list,2021-09-21 06:42:16.348864
im.5b794700.58f4991.ads.a4cdn.contentabc.com,AVAILABILITY,domains.list,2021-09-21 06:42:19.310575
im.5b794700.048f321.ads.a4cdn.contentabc.com,AVAILABILITY,domains.list,2021-09-21 06:42:22.782088
im.5b794700.65a3b51.ads.a4cdn.contentabc.com,AVAILABILITY,domains.list,2021-09-21 06:42:25.905064
im.5b794700.66e60d0.ads.a4cdn.contentabc.com,AVAILABILITY,domains.list,2021-09-21 06:42:28.959195
im.5b794700.68adba1.ads.a4cdn.contentabc.com,AVAILABILITY,domains.list,2021-09-21 06:42:32.650958
im.5b794700.71cc250.ads.a4cdn.contentabc.com,AVAILABILITY,domains.list,2021-09-21 06:42:35.414375
im.5b794700.2a19d00.ads.a4cdn.contentabc.com,AVAILABILITY,domains.list,2021-09-21 06:42:38.203275
im.5b794700.73e5300.ads.a4cdn.contentabc.com,AVAILABILITY,domains.list,2021-09-21 06:42:41.650593
im.5b794700.77cb711.ads.a4cdn.contentabc.com,AVAILABILITY,domains.list,2021-09-21 06:42:44.498379
im.5b794700.72ca991.ads.a4cdn.contentabc.com,AVAILABILITY,domains.list,2021-09-21 06:42:51.342549
im.5b794700.78b5ee1.ads.a4cdn.contentabc.com,AVAILABILITY,domains.list,2021-09-21 06:42:59.898952
im.5b794700.79a1812.ads.a4cdn.contentabc.com,AVAILABILITY,domains.list,2021-09-21 06:43:02.547241
im.5b794700.84febb1.ads.a4cdn.contentabc.com,AVAILABILITY,domains.list,2021-09-21 06:43:05.990779
im.5b794700.84b8d60.ads.a4cdn.contentabc.com,AVAILABILITY,domains.list,2021-09-21 06:43:09.172883
im.5b794700.92bebb1.ads.a4cdn.contentabc.com,AVAILABILITY,domains.list,2021-09-21 06:43:12.623538
im.5b794700.0246d02.ads.a4cdn.contentabc.com,AVAILABILITY,domains.list,2021-09-21 06:43:15.532795
im.5b794700.92e2100.ads.a4cdn.contentabc.com,AVAILABILITY,domains.list,2021-09-21 06:43:19.039933
im.5b794700.346a541.ads.a4cdn.contentabc.com,AVAILABILITY,domains.list,2021-09-21 06:43:21.836220
im.5b794700.409aa11.ads.a4cdn.contentabc.com,AVAILABILITY,domains.list,2021-09-21 06:43:25.473656
im.5b794700.427fa70.ads.a4cdn.contentabc.com,AVAILABILITY,domains.list,2021-09-21 06:43:28.302888
im.5b794700.467d700.ads.a4cdn.contentabc.com,AVAILABILITY,domains.list,2021-09-21 06:43:31.921951
im.5b794700.423a431.ads.a4cdn.contentabc.com,AVAILABILITY,domains.list,2021-09-21 06:43:34.790215
im.5b794700.665b771.ads.a4cdn.contentabc.com,AVAILABILITY,domains.list,2021-09-21 06:43:38.491567
im.5b794700.0641fb0.ads.a4cdn.contentabc.com,AVAILABILITY,domains.list,2021-09-21 06:43:41.210592
im.5b794700.724a750.ads.a4cdn.contentabc.com,AVAILABILITY,domains.list,2021-09-21 06:43:44.953222
im.5b794700.748be90.ads.a4cdn.contentabc.com,AVAILABILITY,domains.list,2021-09-21 06:43:47.734351
im.5b794700.823e511.ads.a4cdn.contentabc.com,AVAILABILITY,domains.list,2021-09-21 06:43:50.964426
im.5b794700.834c760.ads.a4cdn.contentabc.com,AVAILABILITY,domains.list,2021-09-21 06:43:53.524711
im.5b794700.1375cd0.ads.a4cdn.contentabc.com,AVAILABILITY,domains.list,2021-09-21 06:43:56.584047
im.5b794700.931cf31.ads.a4cdn.contentabc.com,AVAILABILITY,domains.list,2021-09-21 06:43:59.375559
im.5b794700.4864c40.ads.a4cdn.contentabc.com,AVAILABILITY,domains.list,2021-09-21 06:44:03.317600
im.5b794700.3029c12.ads.a4cdn.contentabc.com,AVAILABILITY,domains.list,2021-09-21 06:44:06.099722
im.5b794700.5597fa1.ads.a4cdn.contentabc.com,AVAILABILITY,domains.list,2021-09-21 06:44:09.841624
im.5b794700.6898a10.ads.a4cdn.contentabc.com,AVAILABILITY,domains.list,2021-09-21 06:44:12.580373
im.5b794700.7612f21.ads.a4cdn.contentabc.com,AVAILABILITY,domains.list,2021-09-21 06:44:16.144216
im.5b794700.7118ac0.ads.a4cdn.contentabc.com,AVAILABILITY,domains.list,2021-09-21 06:44:19.177160
im.5b794700.8954f81.ads.a4cdn.contentabc.com,AVAILABILITY,domains.list,2021-09-21 06:44:22.696035
im.5b794700.8818a70.ads.a4cdn.contentabc.com,AVAILABILITY,domains.list,2021-09-21 06:44:25.430430
im.5b794700.11901f0.ads.a4cdn.contentabc.com,AVAILABILITY,domains.list,2021-09-21 06:44:29.324222
im.5b794700.22580b1.ads.a4cdn.contentabc.com,AVAILABILITY,domains.list,2021-09-21 06:44:32.209833
im.5b794700.56884d1.ads.a4cdn.contentabc.com,AVAILABILITY,domains.list,2021-09-21 06:44:35.757836
im.5b794700.48832f0.ads.a4cdn.contentabc.com,AVAILABILITY,domains.list,2021-09-21 06:44:38.811828
im.5b794700.81156a0.ads.a4cdn.contentabc.com,AVAILABILITY,domains.list,2021-09-21 06:44:42.483189
im.5b794700.2115381.ads.a4cdn.contentabc.com,AVAILABILITY,domains.list,2021-09-21 06:44:45.502019
im.5b794700.1927710.ads.a4cdn.contentabc.com,AVAILABILITY,domains.list,2021-09-21 06:44:49.126532
im.5b794700.4907290.ads.a4cdn.contentabc.com,AVAILABILITY,domains.list,2021-09-21 06:44:51.827582
im.5b794700.5293332.ads.a4cdn.contentabc.com,AVAILABILITY,domains.list,2021-09-21 06:44:54.951118
im.5b794700.4910540.ads.a4cdn.contentabc.com,AVAILABILITY,domains.list,2021-09-21 06:44:57.632317
im.5b794700.5497490.ads.a4cdn.contentabc.com,AVAILABILITY,domains.list,2021-09-21 06:45:00.674771
im.5b794700.7064541.ads.a4cdn.contentabc.com,AVAILABILITY,domains.list,2021-09-21 06:45:03.313898
im.5b794700.6993500.ads.a4cdn.contentabc.com,AVAILABILITY,domains.list,2021-09-21 06:45:06.190856
im.5b794700.7185912.ads.a4cdn.contentabc.com,AVAILABILITY,domains.list,2021-09-21 06:45:09.619733
im.5b794700.9857261.ads.a4cdn.contentabc.com,AVAILABILITY,domains.list,2021-09-21 06:45:14.948787
im.5b794700.8445302.ads.a4cdn.contentabc.com,AVAILABILITY,domains.list,2021-09-21 06:45:18.740134
im.5b794700.a5a3912.ads.a4cdn.contentabc.com,AVAILABILITY,domains.list,2021-09-21 06:45:21.447226
im.5b794700.a0e9ea0.ads.a4cdn.contentabc.com,AVAILABILITY,domains.list,2021-09-21 06:45:25.240977
im.5b794700.a7dcb01.ads.a4cdn.contentabc.com,AVAILABILITY,domains.list,2021-09-21 06:45:27.953845
im.5b794700.a5c4cf0.ads.a4cdn.contentabc.com,AVAILABILITY,domains.list,2021-09-21 06:45:31.758041
im.5b794700.a8a2231.ads.a4cdn.contentabc.com,AVAILABILITY,domains.list,2021-09-21 06:45:34.608022
im.5b794700.a60ade0.ads.a4cdn.contentabc.com,AVAILABILITY,domains.list,2021-09-21 06:45:38.285889
im.5b794700.76ea922.ads.a4cdn.contentabc.com,AVAILABILITY,domains.list,2021-09-21 06:45:40.956778
im.5b794700.a61db22.ads.a4cdn.contentabc.com,AVAILABILITY,domains.list,2021-09-21 06:45:44.541322
im.5b794700.a63c191.ads.a4cdn.contentabc.com,AVAILABILITY,domains.list,2021-09-21 06:45:47.335980
im.5b794700.a579c20.ads.a4cdn.contentabc.com,AVAILABILITY,domains.list,2021-09-21 06:45:51.015881
im.5b794700.a215d90.ads.a4cdn.contentabc.com,AVAILABILITY,domains.list,2021-09-21 06:45:53.926213
im.5b794700.ab9ec40.ads.a4cdn.contentabc.com,AVAILABILITY,domains.list,2021-09-21 06:45:56.965058
im.5b794700.ae9f1d1.ads.a4cdn.contentabc.com,AVAILABILITY,domains.list,2021-09-21 06:45:59.636124
im.5b794700.adc9601.ads.a4cdn.contentabc.com,AVAILABILITY,domains.list,2021-09-21 06:46:02.689253
im.5b794700.ae118b1.ads.a4cdn.contentabc.com,AVAILABILITY,domains.list,2021-09-21 06:46:05.658075
im.5b794700.b1eea21.ads.a4cdn.contentabc.com,AVAILABILITY,domains.list,2021-09-21 06:46:09.319331
im.5b794700.b4ff7b0.ads.a4cdn.contentabc.com,AVAILABILITY,domains.list,2021-09-21 06:46:11.931887
im.5b794700.b6cfbf0.ads.a4cdn.contentabc.com,AVAILABILITY,domains.list,2021-09-21 06:46:15.577921
im.5b794700.b6e4440.ads.a4cdn.contentabc.com,AVAILABILITY,domains.list,2021-09-21 06:46:18.250913
im.5b794700.b94ae12.ads.a4cdn.contentabc.com,AVAILABILITY,domains.list,2021-09-21 06:46:21.936177
im.5b794700.b9c6b12.ads.a4cdn.contentabc.com,AVAILABILITY,domains.list,2021-09-21 06:46:24.850722
im.5b794700.be4d6b1.ads.a4cdn.contentabc.com,AVAILABILITY,domains.list,2021-09-21 06:46:28.460679
im.5b794700.b047522.ads.a4cdn.contentabc.com,AVAILABILITY,domains.list,2021-09-21 06:46:31.345723
im.5b794700.c2a9432.ads.a4cdn.contentabc.com,AVAILABILITY,domains.list,2021-09-21 06:46:34.861025
im.5b794700.be943e0.ads.a4cdn.contentabc.com,AVAILABILITY,domains.list,2021-09-21 06:46:37.699369
im.5b794700.c25e220.ads.a4cdn.contentabc.com,AVAILABILITY,domains.list,2021-09-21 06:46:41.362086
im.5b794700.c6a1f90.ads.a4cdn.contentabc.com,AVAILABILITY,domains.list,2021-09-21 06:46:44.131642
im.5b794700.c113212.ads.a4cdn.contentabc.com,AVAILABILITY,domains.list,2021-09-21 06:46:47.714366
im.5b794700.c67b771.ads.a4cdn.contentabc.com,AVAILABILITY,domains.list,2021-09-21 06:46:50.577043
im.5b794700.cb90241.ads.a4cdn.contentabc.com,AVAILABILITY,domains.list,2021-09-21 06:46:54.046895
im.5b794700.ce28840.ads.a4cdn.contentabc.com,AVAILABILITY,domains.list,2021-09-21 06:46:56.770641
im.5b794700.d9d9230.ads.a4cdn.contentabc.com,AVAILABILITY,domains.list,2021-09-21 06:47:00.151622
im.5b794700.d175f90.ads.a4cdn.contentabc.com,AVAILABILITY,domains.list,2021-09-21 06:47:03.259042
im.5b794700.d5765c1.ads.a4cdn.contentabc.com,AVAILABILITY,domains.list,2021-09-21 06:47:06.584197
im.5b794700.d14e681.ads.a4cdn.contentabc.com,AVAILABILITY,domains.list,2021-09-21 06:47:09.857875
im.5b794700.e41b302.ads.a4cdn.contentabc.com,AVAILABILITY,domains.list,2021-09-21 06:47:12.516533
im.5b794700.d031310.ads.a4cdn.contentabc.com,AVAILABILITY,domains.list,2021-09-21 06:47:15.586855
im.5b794700.e3658f1.ads.a4cdn.contentabc.com,AVAILABILITY,domains.list,2021-09-21 06:47:18.456273
im.5b794700.e46c8e1.ads.a4cdn.contentabc.com,AVAILABILITY,domains.list,2021-09-21 06:47:21.717556
im.5b794700.e9750a1.ads.a4cdn.contentabc.com,AVAILABILITY,domains.list,2021-09-21 06:47:24.553908
im.5b794700.ebb5631.ads.a4cdn.contentabc.com,AVAILABILITY,domains.list,2021-09-21 06:47:27.726353
im.5b794700.ed171b1.ads.a4cdn.contentabc.com,AVAILABILITY,domains.list,2021-09-21 06:47:30.390138
im.5b794700.ed84c02.ads.a4cdn.contentabc.com,AVAILABILITY,domains.list,2021-09-21 06:47:33.429262
im.5b794700.f1e2c10.ads.a4cdn.contentabc.com,AVAILABILITY,domains.list,2021-09-21 06:47:36.354020
im.5b794700.ef63451.ads.a4cdn.contentabc.com,AVAILABILITY,domains.list,2021-09-21 06:47:39.627972
im.5b794700.f03a521.ads.a4cdn.contentabc.com,AVAILABILITY,domains.list,2021-09-21 06:47:42.480154
im.5b794700.f24c2e0.ads.a4cdn.contentabc.com,AVAILABILITY,domains.list,2021-09-21 06:47:45.463120
im.5b794700.a74fd61.ads.a4cdn.contentabc.com,AVAILABILITY,domains.list,2021-09-21 06:47:48.185142
im.5b794700.f6f7761.ads.a4cdn.contentabc.com,AVAILABILITY,domains.list,2021-09-21 06:47:51.188582
im.5b794700.f7576a1.ads.a4cdn.contentabc.com,AVAILABILITY,domains.list,2021-09-21 06:47:53.804886
im.5b794700.f50ce50.ads.a4cdn.contentabc.com,AVAILABILITY,domains.list,2021-09-21 06:47:56.925655
im.5b794700.f473341.ads.a4cdn.contentabc.com,AVAILABILITY,domains.list,2021-09-21 06:47:59.675799
im.5b794700.fa5b711.ads.a4cdn.contentabc.com,AVAILABILITY,domains.list,2021-09-21 06:48:02.900708
im.5b794700.fa1f961.ads.a4cdn.contentabc.com,AVAILABILITY,domains.list,2021-09-21 06:48:05.342829
im.5b794700.fa7f732.ads.a4cdn.contentabc.com,AVAILABILITY,domains.list,2021-09-21 06:48:09.140633
im.5b794700.fb08ce1.ads.a4cdn.contentabc.com,AVAILABILITY,domains.list,2021-09-21 06:48:15.885227
im.5b794700.fb09fe0.ads.a4cdn.contentabc.com,AVAILABILITY,domains.list,2021-09-21 06:48:19.161546
im.5c6a8300.a0219e2.ads.a4cdn.contentabc.com,AVAILABILITY,domains.list,2021-09-21 06:48:21.914358
im.5b794700.fa16010.ads.a4cdn.contentabc.com,AVAILABILITY,domains.list,2021-09-21 06:48:25.520900
im.5f72e700.2b2439b.ads.a4cdn.contentabc.com,AVAILABILITY,domains.list,2021-09-21 06:48:28.314875
im.6c4fd200.6102d01.ads.a4cdn.contentabc.com,AVAILABILITY,domains.list,2021-09-21 06:48:31.892851
im.6bb22e00.a5c4cf0.ads.a4cdn.contentabc.com,AVAILABILITY,domains.list,2021-09-21 06:48:35.446753
im.6c4fd200.26682b0.ads.a4cdn.contentabc.com,AVAILABILITY,domains.list,2021-09-21 06:48:38.254303
im.6d42ab00.6d5b079.ads.a4cdn.contentabc.com,AVAILABILITY,domains.list,2021-09-21 06:48:45.727647
im.6d42ab00.8b74c61.ads.a4cdn.contentabc.com,AVAILABILITY,domains.list,2021-09-21 06:48:49.021366
im.6d42ab00.467a5a4.ads.a4cdn.contentabc.com,AVAILABILITY,domains.list,2021-09-21 06:48:56.180420
im.6d42ab00.b17c292.ads.a4cdn.contentabc.com,AVAILABILITY,domains.list,2021-09-21 06:49:01.780519
im.6d429b00.269570b.ads.a4cdn.contentabc.com,AVAILABILITY,domains.list,2021-09-21 06:49:05.503571
im.6d429b00.896c789.ads.a4cdn.contentabc.com,AVAILABILITY,domains.list,2021-09-21 06:49:09.016805
im.6d430800.2bea01e.ads.a4cdn.contentabc.com,AVAILABILITY,domains.list,2021-09-21 06:49:12.891398
im.6d430800.99bbbae.ads.a4cdn.contentabc.com,AVAILABILITY,domains.list,2021-09-21 06:49:16.565947
im.6d433600.1bda3cf.ads.a4cdn.contentabc.com,AVAILABILITY,domains.list,2021-09-21 06:49:19.405075
im.6d433600.c2eb5c3.ads.a4cdn.contentabc.com,AVAILABILITY,domains.list,2021-09-21 06:49:22.673198
im.6d433600.c7323af.ads.a4cdn.contentabc.com,AVAILABILITY,domains.list,2021-09-21 06:49:25.837787
im.6d433900.42c720f.ads.a4cdn.contentabc.com,AVAILABILITY,domains.list,2021-09-21 06:49:28.906409
im.8ba51f00.33ed611.ads.a4cdn.contentabc.com,AVAILABILITY,domains.list,2021-09-21 06:49:32.124499
im.6d436300.c82f53d.ads.a4cdn.contentabc.com,AVAILABILITY,domains.list,2021-09-21 06:49:35.451718
im.8de91700.19bb881.ads.a4cdn.contentabc.com,AVAILABILITY,domains.list,2021-09-21 06:49:38.601307
im.25e46a00.2e1b060.ads.a4cdn.contentabc.com,AVAILABILITY,domains.list,2021-09-21 06:49:41.487235
im.42bb9500.2723a74.ads.a4cdn.contentabc.com,AVAILABILITY,domains.list,2021-09-21 06:49:44.738316
im.36c126da.e1e1976.ads.a4cdn.contentabc.com,AVAILABILITY,domains.list,2021-09-21 06:49:47.867586
im.42bb9500.f1d9fe1.ads.a4cdn.contentabc.com,AVAILABILITY,domains.list,2021-09-21 06:49:51.685315
im.53d59500.724d51e.ads.a4cdn.contentabc.com,AVAILABILITY,domains.list,2021-09-21 06:49:54.795648
im.93ebb900.bd273d0.ads.a4cdn.contentabc.com,AVAILABILITY,domains.list,2021-09-21 06:49:58.033337
im.76a31800.e1b2e00.ads.a4cdn.contentabc.com,AVAILABILITY,domains.list,2021-09-21 06:50:01.195501
im.405d5700.1ff6a9b.ads.a4cdn.contentabc.com,AVAILABILITY,domains.list,2021-09-21 06:50:04.592621
im.5b794700.f817ba0.ads.a4cdn.contentabc.com,AVAILABILITY,domains.list,2021-09-21 06:50:07.772712
im.405d5700.8d9937e.ads.a4cdn.contentabc.com,AVAILABILITY,domains.list,2021-09-21 06:50:10.451224
im.504a6500.5dc9151.ads.a4cdn.contentabc.com,AVAILABILITY,domains.list,2021-09-21 06:50:14.026763
im.504a6500.fd22de1.ads.a4cdn.contentabc.com,AVAILABILITY,domains.list,2021-09-21 06:50:17.610872
im.3252f700.708d5ef.ads.a4cdn.contentabc.com,AVAILABILITY,domains.list,2021-09-21 06:50:21.778751
im.0566fd00.d96f320.ads.a4cdn.contentabc.com,AVAILABILITY,domains.list,2021-09-21 06:50:25.618109
im.5571ac00.1425085.ads.a4cdn.contentabc.com,AVAILABILITY,domains.list,2021-09-21 06:50:28.849484
im.76678f00.16e4034.ads.a4cdn.contentabc.com,AVAILABILITY,domains.list,2021-09-21 06:50:32.021902
im.84401ea6.5a339b0.ads.a4cdn.contentabc.com,AVAILABILITY,domains.list,2021-09-21 06:50:35.131304
im.5648c600.a135629.ads.a4cdn.contentabc.com,AVAILABILITY,domains.list,2021-09-21 06:50:39.283422
im.84402ab2.1098e32.ads.a4cdn.contentabc.com,AVAILABILITY,domains.list,2021-09-21 06:50:42.437986
im.05168100.8def740.ads.a4cdn.contentabc.com,AVAILABILITY,domains.list,2021-09-21 06:50:45.677481
im.51111900.b1aad3f.ads.a4cdn.contentabc.com,AVAILABILITY,domains.list,2021-09-21 06:50:49.024090
im.36483300.7972920.ads.a4cdn.contentabc.com,AVAILABILITY,domains.list,2021-09-21 06:50:52.597554
im.53044800.e4e7fd8.ads.a4cdn.contentabc.com,AVAILABILITY,domains.list,2021-09-21 06:50:55.776617
im.81221400.02aba00.ads.a4cdn.contentabc.com,AVAILABILITY,domains.list,2021-09-21 06:50:58.975768
im.53526400.167117b.ads.a4cdn.contentabc.com,AVAILABILITY,domains.list,2021-09-21 06:51:02.341114
im.81221400.5f63632.ads.a4cdn.contentabc.com,AVAILABILITY,domains.list,2021-09-21 06:51:05.699233
im.81221400.5fac1e1.ads.a4cdn.contentabc.com,AVAILABILITY,domains.list,2021-09-21 06:51:08.961776
im.81221400.6d89cc1.ads.a4cdn.contentabc.com,AVAILABILITY,domains.list,2021-09-21 06:51:12.528154
im.81221400.33ed611.ads.a4cdn.contentabc.com,AVAILABILITY,domains.list,2021-09-21 06:51:16.134354
im.81221400.662b0f0.ads.a4cdn.contentabc.com,AVAILABILITY,domains.list,2021-09-21 06:51:19.704024
im.81221400.f57f690.ads.a4cdn.contentabc.com,AVAILABILITY,domains.list,2021-09-21 06:51:23.289169
im.a9edb8b7.74606c0.ads.a4cdn.contentabc.com,AVAILABILITY,domains.list,2021-09-21 06:51:26.564117
im.81221400.dda2250.ads.a4cdn.contentabc.com,AVAILABILITY,domains.list,2021-09-21 06:51:29.350291
im.ad182700.3d57b33.ads.a4cdn.contentabc.com,AVAILABILITY,domains.list,2021-09-21 06:51:33.118510
im.adtechus.com,AVAILABILITY,domains.list,2021-09-21 06:51:34.135716
im.b2a2c700.e8cace3.ads.a4cdn.contentabc.com,AVAILABILITY,domains.list,2021-09-21 06:51:37.757581
im.504a6500.d234800.ads.a4cdn.contentabc.com,AVAILABILITY,domains.list,2021-09-21 06:51:41.399941
im.b2a2cd00.92bde07.ads.a4cdn.contentabc.com,AVAILABILITY,domains.list,2021-09-21 06:51:45.146967
im.b2a2c700.a80886f.ads.a4cdn.contentabc.com,AVAILABILITY,domains.list,2021-09-21 06:51:48.779043
im.c3ec6b00.14a37e1.ads.a4cdn.contentabc.com,AVAILABILITY,domains.list,2021-09-21 06:51:52.657256
im.c2134600.c836820.ads.a4cdn.contentabc.com,AVAILABILITY,domains.list,2021-09-21 06:51:56.157906
im.cf869f00.4e79d54.ads.a4cdn.contentabc.com,AVAILABILITY,domains.list,2021-09-21 06:51:59.854824
im.d5a1f700.1976d70.ads.a4cdn.contentabc.com,AVAILABILITY,domains.list,2021-09-21 06:52:03.092414
im.d812b300.be4d6b1.ads.a4cdn.contentabc.com,AVAILABILITY,domains.list,2021-09-21 06:52:06.331166
im.ecnavi.ov.yahoo.co.jp,AVAILABILITY,domains.list,2021-09-21 06:52:07.668754
im.gmo.ov.yahoo.co.jp,AVAILABILITY,domains.list,2021-09-21 06:52:09.502660
im.excite.ov.yahoo.co.jp,AVAILABILITY,domains.list,2021-09-21 06:52:11.682371
im.mainichi.ov.yahoo.co.jp,AVAILABILITY,domains.list,2021-09-21 06:52:13.323387
im.rakuten.ov.yahoo.co.jp,AVAILABILITY,domains.list,2021-09-21 06:52:14.683065
im.seesaa.ov.yahoo.co.jp,AVAILABILITY,domains.list,2021-09-21 06:52:16.529584
im.umeng.com,AVAILABILITY,domains.list,2021-09-21 06:55:37.282352
image.pubmatic.com,AVAILABILITY,domains.list,2021-09-21 06:55:38.037583
images.criteo.net,AVAILABILITY,domains.list,2021-09-21 06:55:39.114642
images.eu.criteo.net,AVAILABILITY,domains.list,2021-09-21 06:55:40.940262
images.fr.eu.criteo.net,AVAILABILITY,domains.list,2021-09-21 06:55:42.485332
images.hk.cn.criteo.net,AVAILABILITY,domains.list,2021-09-21 06:55:43.574998
images.hk.as.criteo.net,AVAILABILITY,domains.list,2021-09-21 06:55:45.288393
images.kameleoon.com,AVAILABILITY,domains.list,2021-09-21 06:55:46.098400
images.mediavine.com,AVAILABILITY,domains.list,2021-09-21 06:55:47.311590
im.b2a2cd00.885d48e.ads.a4cdn.contentabc.com,AVAILABILITY,domains.list,2021-09-21 06:55:49.437362
images.nl.eu.criteo.net,AVAILABILITY,domains.list,2021-09-21 06:55:50.987039
images.jp.as.criteo.net,AVAILABILITY,domains.list,2021-09-21 06:55:52.196200
images.ny.us.criteo.net,AVAILABILITY,domains.list,2021-09-21 06:55:53.956656
images.propellerads.com,AVAILABILITY,domains.list,2021-09-21 06:55:54.904708
images.sh.cn.criteo.net,AVAILABILITY,domains.list,2021-09-21 06:55:56.054796
images.sv.us.criteo.net,AVAILABILITY,domains.list,2021-09-21 06:55:57.432679
images-geo.outbrain.com,AVAILABILITY,domains.list,2021-09-21 06:55:58.199441
imageserv.adtech.de,AVAILABILITY,domains.list,2021-09-21 06:55:59.445583
imap.propellerads.com,AVAILABILITY,domains.list,2021-09-21 06:56:00.415664
imces.vip.lhr1.inmobi.com,AVAILABILITY,domains.list,2021-09-21 06:56:01.622639
imces.vip.dfw1.inmobi.com,AVAILABILITY,domains.list,2021-09-21 06:56:03.016409
imedia-d.openx.net,AVAILABILITY,domains.list,2021-09-21 06:56:04.112246
imf.cnzz.com,AVAILABILITY,domains.list,2021-09-21 06:56:05.136595
img-1.3lift.com,AVAILABILITY,domains.list,2021-09-21 06:56:05.993872
img1.solocpm.com,AVAILABILITY,domains.list,2021-09-21 06:56:06.796317
img-2.3lift.com,AVAILABILITY,domains.list,2021-09-21 06:56:07.581270
img2.propellerads.com,AVAILABILITY,domains.list,2021-09-21 06:56:08.363499
img-3.3lift.com,AVAILABILITY,domains.list,2021-09-21 06:56:09.268240
img-4.3lift.com,AVAILABILITY,domains.list,2021-09-21 06:56:10.095809
img-5.3lift.com,AVAILABILITY,domains.list,2021-09-21 06:56:10.982862
img-6.3lift.com,AVAILABILITY,domains.list,2021-09-21 06:56:11.841184
img-7.3lift.com,AVAILABILITY,domains.list,2021-09-21 06:56:12.721348
img-8.3lift.com,AVAILABILITY,domains.list,2021-09-21 06:56:13.540696
img-9.3lift.com,AVAILABILITY,domains.list,2021-09-21 06:56:14.381522
img.adtech.de,AVAILABILITY,domains.list,2021-09-21 06:56:15.447256
img.bizographics.com,AVAILABILITY,domains.list,2021-09-21 06:56:16.301677
img.launcher.ksmobile.com,AVAILABILITY,domains.list,2021-09-21 06:56:18.796396
img.m.cnzz.com,AVAILABILITY,domains.list,2021-09-21 06:56:20.353837
img.mediaplex.com,AVAILABILITY,domains.list,2021-09-21 06:56:21.783671
img.propellerads.com,AVAILABILITY,domains.list,2021-09-21 06:56:22.604218
img.phone.baidu.com,AVAILABILITY,domains.list,2021-09-21 06:56:24.643489
img.dynamoads.com,AVAILABILITY,domains.list,2021-09-21 06:56:25.446480
img.trafficshop.com,AVAILABILITY,domains.list,2021-09-21 06:56:26.443577
img.wp.teads.tv,AVAILABILITY,domains.list,2021-09-21 06:56:27.510062
imgad.intellitxt.com,AVAILABILITY,domains.list,2021-09-21 06:56:28.553199
imgads.media.net,AVAILABILITY,domains.list,2021-09-21 06:56:30.308119
imgblur.adkmob.com,AVAILABILITY,domains.list,2021-09-21 06:56:31.186640
img-cd.mmtcdn.com,AVAILABILITY,domains.list,2021-09-21 06:56:32.045682
img-ams5.mediaplex.com,AVAILABILITY,domains.list,2021-09-21 06:56:33.024082
img-cdn2.mediaplex.com,AVAILABILITY,domains.list,2021-09-21 06:56:34.462730
img-cdn.steepto.com,AVAILABILITY,domains.list,2021-09-21 06:56:35.288214
img-dc2.adtech.de,AVAILABILITY,domains.list,2021-09-21 06:56:36.218780
img-dc6.mediaplex.com,AVAILABILITY,domains.list,2021-09-21 06:56:37.162915
img-cdn.mediaplex.com,AVAILABILITY,domains.list,2021-09-21 06:56:38.219048
imgg1.mgid.com,AVAILABILITY,domains.list,2021-09-21 06:56:38.985845
img-iad.mediaplex.com,AVAILABILITY,domains.list,2021-09-21 06:56:39.982990
img-iad.wip.mediaplex.com,AVAILABILITY,domains.list,2021-09-21 06:56:40.956883
img-sjc.wip.mediaplex.com,AVAILABILITY,domains.list,2021-09-21 06:56:41.883777
img-sj2.mediaplex.com,AVAILABILITY,domains.list,2021-09-21 06:56:42.735640
immediatemedia-d.openx.net,AVAILABILITY,domains.list,2021-09-21 06:56:43.764387
immobilienscout24-sb-ams.adtech.de,AVAILABILITY,domains.list,2021-09-21 06:56:44.589349
imgtest.adtiming.com,AVAILABILITY,domains.list,2021-09-21 06:56:46.719093
imgtmp.adm.cnzz.com,AVAILABILITY,domains.list,2021-09-21 06:56:48.267174
i_mobistar.tealiumiq.com,AVAILABILITY,domains.list,2021-09-21 06:56:49.280357
i-mobistar.tealiumiq.com,AVAILABILITY,domains.list,2021-09-21 06:56:50.221434
imp2.bizographics.com,AVAILABILITY,domains.list,2021-09-21 06:56:51.069732
imp.bid.ace.advertising.com,AVAILABILITY,domains.list,2021-09-21 06:56:51.836853
impressions-gc.appsflyer.com,AVAILABILITY,domains.list,2021-09-21 06:56:52.747939
impramp.taboola.com,AVAILABILITY,domains.list,2021-09-21 06:56:53.475960
imspro.adtech.de,AVAILABILITY,domains.list,2021-09-21 06:56:54.457996
imspro.adtechus.com,AVAILABILITY,domains.list,2021-09-21 06:56:55.481074
in.tags.vizury.com,AVAILABILITY,domains.list,2021-09-21 06:56:56.276794
inapp.districtm.io,AVAILABILITY,domains.list,2021-09-21 06:56:57.053430
inatrx.g2afse.com,AVAILABILITY,domains.list,2021-09-21 06:56:58.035368
inbound.leadback.advertising.com,AVAILABILITY,domains.list,2021-09-21 06:56:58.840762
inc2.igexin.com,AVAILABILITY,domains.list,2021-09-21 06:57:02.686321
incrediblesugar.com,AVAILABILITY,domains.list,2021-09-21 06:57:03.665294
indailytech.moengage.com,AVAILABILITY,domains.list,2021-09-21 06:57:04.543016
indexmediapartnersltdpersonal.t.domdex.com,AVAILABILITY,domains.list,2021-09-21 06:57:05.493761
india.webanalytics.wso2telco.com,AVAILABILITY,domains.list,2021-09-21 06:57:07.033753
infinite-mobility.g2afse.com,AVAILABILITY,domains.list,2021-09-21 06:57:08.007887
info.cn.criteo.com,AVAILABILITY,domains.list,2021-09-21 06:57:09.470567
info.brightroll.com,AVAILABILITY,domains.list,2021-09-21 06:57:10.497081
info.hk.cn.criteo.com,AVAILABILITY,domains.list,2021-09-21 06:57:11.901524
info.inmobi.com,AVAILABILITY,domains.list,2021-09-21 06:57:13.043151
info.ny.us.criteo.com,AVAILABILITY,domains.list,2021-09-21 06:57:14.462451
infoltd-uncategorized.t.domdex.com,AVAILABILITY,domains.list,2021-09-21 06:57:15.266841
infospace-search.t.domdex.com,AVAILABILITY,domains.list,2021-09-21 06:57:16.097943
infrastructure-graphite-8ae8573.use.dynamicyield.com,AVAILABILITY,domains.list,2021-09-21 06:57:17.125313
ingest.advertising.com,AVAILABILITY,domains.list,2021-09-21 06:57:17.845976
ingest.crittercism.com,AVAILABILITY,domains.list,2021-09-21 06:57:18.695720
ingest.at.atwola.com,AVAILABILITY,domains.list,2021-09-21 06:57:19.912708
ingest.eu.crittercism.com,AVAILABILITY,domains.list,2021-09-21 06:57:20.799989
ingest.unbounce.com,AVAILABILITY,domains.list,2021-09-21 06:57:21.721001
init-latency-test.supersonicads.com,AVAILABILITY,domains.list,2021-09-21 06:57:22.752216
inizz.lyfd2xzauti9d8p.bapb.gdn,AVAILABILITY,domains.list,2021-09-21 06:57:25.371291
ink-d.openx.net,AVAILABILITY,domains.list,2021-09-21 06:57:26.292630
inlet1.dsp.world,AVAILABILITY,domains.list,2021-09-21 06:57:28.108326
inplay-ad03.tubemogul.com,AVAILABILITY,domains.list,2021-09-21 06:57:28.919823
inplay-rcv06.tubemogul.com,AVAILABILITY,domains.list,2021-09-21 06:57:29.656937
inplay-rcv12.tubemogul.com,AVAILABILITY,domains.list,2021-09-21 06:57:30.489360
ins1.hotjar.com,AVAILABILITY,domains.list,2021-09-21 06:57:31.432188
ins2.hotjar.com,AVAILABILITY,domains.list,2021-09-21 06:57:32.339788
ins3.hotjar.com,AVAILABILITY,domains.list,2021-09-21 06:57:33.319339
inplay-rcv01.tubemogul.com,AVAILABILITY,domains.list,2021-09-21 06:57:34.111203
ins5.hotjar.com,AVAILABILITY,domains.list,2021-09-21 06:57:34.994920
ins4.hotjar.com,AVAILABILITY,domains.list,2021-09-21 06:57:36.023164
ins6.hotjar.com,AVAILABILITY,domains.list,2021-09-21 06:57:36.965872
ins7.hotjar.com,AVAILABILITY,domains.list,2021-09-21 06:57:37.895256
ins9.hotjar.com,AVAILABILITY,domains.list,2021-09-21 06:57:38.914232
ins8.hotjar.com,AVAILABILITY,domains.list,2021-09-21 06:57:39.849783
ins10.hotjar.com,AVAILABILITY,domains.list,2021-09-21 06:57:40.779253
ins11.hotjar.com,AVAILABILITY,domains.list,2021-09-21 06:57:41.816211
ins13.hotjar.com,AVAILABILITY,domains.list,2021-09-21 06:57:42.754513
ins12.hotjar.com,AVAILABILITY,domains.list,2021-09-21 06:57:43.695252
ins14.hotjar.com,AVAILABILITY,domains.list,2021-09-21 06:57:44.633175
ins15.hotjar.com,AVAILABILITY,domains.list,2021-09-21 06:57:45.574523
ins16.hotjar.com,AVAILABILITY,domains.list,2021-09-21 06:57:46.341506
ins17.hotjar.com,AVAILABILITY,domains.list,2021-09-21 06:57:47.191763
ins18.hotjar.com,AVAILABILITY,domains.list,2021-09-21 06:57:48.189242
inserter.fitanalytics.com,AVAILABILITY,domains.list,2021-09-21 06:57:48.947982
insight.exelator.com,AVAILABILITY,domains.list,2021-09-21 06:57:49.801942
insight.narrative.io,AVAILABILITY,domains.list,2021-09-21 06:57:50.724942
insight.omtrdc.net,AVAILABILITY,domains.list,2021-09-21 06:57:51.572736
insight.ad.xiaomi.com,AVAILABILITY,domains.list,2021-09-21 06:57:53.267856
insight.zapr.in,AVAILABILITY,domains.list,2021-09-21 06:57:54.040216
insightimage-d.openx.net,AVAILABILITY,domains.list,2021-09-21 06:57:55.164321
insights.parsely.com,AVAILABILITY,domains.list,2021-09-21 06:57:56.192777
insights.sharethrough.com,AVAILABILITY,domains.list,2021-09-21 06:57:56.948153
insights.sokrati.com,AVAILABILITY,domains.list,2021-09-21 06:57:57.809215
insights-dc.hotjar.com,AVAILABILITY,domains.list,2021-09-21 06:57:58.603944
inspector.ironbeast.io,AVAILABILITY,domains.list,2021-09-21 06:57:59.551092
insights.brightroll.com,AVAILABILITY,domains.list,2021-09-21 06:58:00.549493
inspector-api-stg.ironbeast.io,AVAILABILITY,domains.list,2021-09-21 06:58:01.511386
inspector-stg.ironbeast.io,AVAILABILITY,domains.list,2021-09-21 06:58:02.289702
inspector-api.ironbeast.io,AVAILABILITY,domains.list,2021-09-21 06:58:03.092766
insight-test.magnetic.com,AVAILABILITY,domains.list,2021-09-21 06:58:03.950952
inspire-idealprice.t.domdex.com,AVAILABILITY,domains.list,2021-09-21 06:58:04.788292
inspire-reference.t.domdex.com,AVAILABILITY,domains.list,2021-09-21 06:58:05.595940
inspire-compare99.t.domdex.com,AVAILABILITY,domains.list,2021-09-21 06:58:06.351427
inspire-shopping.t.domdex.com,AVAILABILITY,domains.list,2021-09-21 06:58:07.172501
instagram.sokrati.com,AVAILABILITY,domains.list,2021-09-21 06:58:07.938259
insticator-938462-hdb.adomik.com,AVAILABILITY,domains.list,2021-09-21 06:58:08.809245
insurplan.info,AVAILABILITY,domains.list,2021-09-21 06:58:10.318573
int.propellerads.com,AVAILABILITY,domains.list,2021-09-21 06:58:11.138247
int.adgear.com,AVAILABILITY,domains.list,2021-09-21 06:58:12.231078
intbrands.t.domdex.com,AVAILABILITY,domains.list,2021-09-21 06:58:13.039024
intbrands-finance.t.domdex.com,AVAILABILITY,domains.list,2021-09-21 06:58:13.824608
intbrands-career.t.domdex.com,AVAILABILITY,domains.list,2021-09-21 06:58:14.610649
intbrands-health.t.domdex.com,AVAILABILITY,domains.list,2021-09-21 06:58:15.403769
intbrands-home.t.domdex.com,AVAILABILITY,domains.list,2021-09-21 06:58:16.202402
intbrands-shop.t.domdex.com,AVAILABILITY,domains.list,2021-09-21 06:58:17.007629
intbrands-travel.t.domdex.com,AVAILABILITY,domains.list,2021-09-21 06:58:17.797300
integ.emp.exelator.com,AVAILABILITY,domains.list,2021-09-21 06:58:18.707902
integralwall.goforandroid.com,AVAILABILITY,domains.list,2021-09-21 06:58:20.696073
integrate.mobileapptracking.com,AVAILABILITY,domains.list,2021-09-21 06:58:21.709123
integration.connatix.com,AVAILABILITY,domains.list,2021-09-21 06:58:22.786056
integration.rubiconproject.com,AVAILABILITY,domains.list,2021-09-21 06:58:23.711476
intel-dev-api.dynamicyield.com,AVAILABILITY,domains.list,2021-09-21 06:58:24.626588
intel-mock.dynamicyield.com,AVAILABILITY,domains.list,2021-09-21 06:58:25.516567
intell-media.g2afse.com,AVAILABILITY,domains.list,2021-09-21 06:58:26.483341
intellimailer.advertising.com,AVAILABILITY,domains.list,2021-09-21 06:58:27.313503
intel-mock-api.dynamicyield.com,AVAILABILITY,domains.list,2021-09-21 06:58:28.165880
interaction.permutive.com,AVAILABILITY,domains.list,2021-09-21 06:58:29.364248
interactions.permutive.com,AVAILABILITY,domains.list,2021-09-21 06:58:30.570392
interactive.teads.tv,AVAILABILITY,domains.list,2021-09-21 06:58:31.598861
interactivebrokers.adlegend.com,AVAILABILITY,domains.list,2021-09-21 06:58:32.427872
intergi-sb-ec.adtechus.com,AVAILABILITY,domains.list,2021-09-21 06:58:33.310407
intermundomedia.adlegend.com,AVAILABILITY,domains.list,2021-09-21 06:58:34.189346
intern.atlassolutions.com,AVAILABILITY,domains.list,2021-09-21 06:58:35.204490
internal.mpx.mopub.com,AVAILABILITY,domains.list,2021-09-21 06:58:36.045494
internal.teads.tv,AVAILABILITY,domains.list,2021-09-21 06:58:37.010291
internal.v3.ads.mopub.com,AVAILABILITY,domains.list,2021-09-21 06:58:37.819476
internal.intentmedia.net,AVAILABILITY,domains.list,2021-09-21 06:58:56.509409
interracialpeoplemeet.adlegend.com,AVAILABILITY,domains.list,2021-09-21 06:58:57.247917
interweave-d.openx.net,AVAILABILITY,domains.list,2021-09-21 06:58:58.333576
intext.50onred.com,AVAILABILITY,domains.list,2021-09-21 06:58:59.204701
intranet.adtech.de,AVAILABILITY,domains.list,2021-09-21 06:59:00.198526
intl.profile.ad.xiaomi.com,AVAILABILITY,domains.list,2021-09-21 06:59:00.951071
intuit.adlegend.com,AVAILABILITY,domains.list,2021-09-21 06:59:01.714387
inventorysvc.adlearnop.advertising.com,AVAILABILITY,domains.list,2021-09-21 06:59:02.510657
investingchannel.t.domdex.com,AVAILABILITY,domains.list,2021-09-21 06:59:03.282184
involved-d.openx.net,AVAILABILITY,domains.list,2021-09-21 06:59:04.300801
inyour.atlassolutions.com,AVAILABILITY,domains.list,2021-09-21 06:59:05.293341
io.tracking.justpremium.com,AVAILABILITY,domains.list,2021-09-21 06:59:21.016704
ione3preprod.moengage.com,AVAILABILITY,domains.list,2021-09-21 06:59:21.868238
iota1.rtb.appier.net,AVAILABILITY,domains.list,2021-09-21 06:59:22.802217
iota4.rtb.appier.net,AVAILABILITY,domains.list,2021-09-21 06:59:23.961784
iota5.rtb.appier.net,AVAILABILITY,domains.list,2021-09-21 06:59:25.234398
iota6.rtb.appier.net,AVAILABILITY,domains.list,2021-09-21 06:59:26.341490
iota7.rtb.appier.net,AVAILABILITY,domains.list,2021-09-21 06:59:27.328357
iota8.rtb.appier.net,AVAILABILITY,domains.list,2021-09-21 06:59:28.445099
iota9.rtb.appier.net,AVAILABILITY,domains.list,2021-09-21 06:59:29.374373
iota10.rtb.appier.net,AVAILABILITY,domains.list,2021-09-21 06:59:30.627695
iota11.rtb.appier.net,AVAILABILITY,domains.list,2021-09-21 06:59:31.693242
iota12.rtb.appier.net,AVAILABILITY,domains.list,2021-09-21 06:59:32.839621
iota13.rtb.appier.net,AVAILABILITY,domains.list,2021-09-21 06:59:33.983922
iota15.rtb.appier.net,AVAILABILITY,domains.list,2021-09-21 06:59:34.971017
iota14.rtb.appier.net,AVAILABILITY,domains.list,2021-09-21 06:59:36.048698
iponomarev.smi2.ru,AVAILABILITY,domains.list,2021-09-21 06:59:38.925851
ipreparty.info,AVAILABILITY,domains.list,2021-09-21 06:59:40.136481
internal.media.net,AVAILABILITY,domains.list,2021-09-21 07:00:22.243861
ipu4.forkcdn.com,AVAILABILITY,domains.list,2021-09-21 07:00:23.198545
iqreport.adtech.de,AVAILABILITY,domains.list,2021-09-21 07:00:24.381800
iqreport-dc1.adtech.de,AVAILABILITY,domains.list,2021-09-21 07:00:25.431256
iqreport.adtechus.com,AVAILABILITY,domains.list,2021-09-21 07:00:26.306830
iqreport-dc2.adtech.de,AVAILABILITY,domains.list,2021-09-21 07:00:27.344974
irbkobqlrbtt.com,AVAILABILITY,domains.list,2021-09-21 07:00:28.317649
irc.eu.criteo.net,AVAILABILITY,domains.list,2021-09-21 07:00:29.779002
ireland.demandbase.com,AVAILABILITY,domains.list,2021-09-21 07:00:30.699403
iridize993pf.pw,AVAILABILITY,domains.list,2021-09-21 07:00:32.038667
isp.data.cnzz.com,AVAILABILITY,domains.list,2021-09-21 07:00:33.459549
it.go.zog.link,AVAILABILITY,domains.list,2021-09-21 07:00:34.387273
it.labs.teads.tv,AVAILABILITY,domains.list,2021-09-21 07:00:35.474294
it.xs.mookie1.com,AVAILABILITY,domains.list,2021-09-21 07:00:36.372488
itest2.propellerads.com,AVAILABILITY,domains.list,2021-09-21 07:00:37.198085
itgmedia.g2afse.com,AVAILABILITY,domains.list,2021-09-21 07:00:38.154889
ivid-f1-us-ca.adhigh.net,AVAILABILITY,domains.list,2021-09-21 07:00:40.617277
ivid-f1-hk.adhigh.net,AVAILABILITY,domains.list,2021-09-21 07:00:43.239978
ivid-f1-us-va.adhigh.net,AVAILABILITY,domains.list,2021-09-21 07:00:45.470324
ivid-f2-hk.adhigh.net,AVAILABILITY,domains.list,2021-09-21 07:00:47.671574
ivid-f2-us-ca.adhigh.net,AVAILABILITY,domains.list,2021-09-21 07:00:49.515602
ivid-f2-us-va.adhigh.net,AVAILABILITY,domains.list,2021-09-21 07:00:51.889574
ivid-f3-us-ca.adhigh.net,AVAILABILITY,domains.list,2021-09-21 07:00:54.494081
ivid-f3-hk.adhigh.net,AVAILABILITY,domains.list,2021-09-21 07:00:56.895911
ivid-f3-us-va.adhigh.net,AVAILABILITY,domains.list,2021-09-21 07:00:59.320669
ivid-f4-us-ca.adhigh.net,AVAILABILITY,domains.list,2021-09-21 07:01:01.513954
ivid-f4-us-va.adhigh.net,AVAILABILITY,domains.list,2021-09-21 07:01:03.950863
ivid-f5-us-ca.adhigh.net,AVAILABILITY,domains.list,2021-09-21 07:01:06.166570
ivid-f6-us-ca.adhigh.net,AVAILABILITY,domains.list,2021-09-21 07:01:08.360032
ivid-f6-us-va.adhigh.net,AVAILABILITY,domains.list,2021-09-21 07:01:10.358415
ivid-f5-us-va.adhigh.net,AVAILABILITY,domains.list,2021-09-21 07:01:12.040123
ivid-f7-us-va.adhigh.net,AVAILABILITY,domains.list,2021-09-21 07:01:14.255821
ivid-f7-us-ca.adhigh.net,AVAILABILITY,domains.list,2021-09-21 07:01:16.360789
ivid-f8-us-va.adhigh.net,AVAILABILITY,domains.list,2021-09-21 07:01:18.192212
ivid-f9-us-ca.adhigh.net,AVAILABILITY,domains.list,2021-09-21 07:01:20.791942
ivid-f9-us-va.adhigh.net,AVAILABILITY,domains.list,2021-09-21 07:01:22.826038
ivid-f8-us-ca.adhigh.net,AVAILABILITY,domains.list,2021-09-21 07:01:24.842664
ivid-f10-us-va.adhigh.net,AVAILABILITY,domains.list,2021-09-21 07:01:27.072532
ivid-f10-us-ca.adhigh.net,AVAILABILITY,domains.list,2021-09-21 07:01:29.331060
ivid-f11-us-va.adhigh.net,AVAILABILITY,domains.list,2021-09-21 07:01:31.885884
ivid-f11-us-ca.adhigh.net,AVAILABILITY,domains.list,2021-09-21 07:01:34.668253
ivid-f12-us-ca.adhigh.net,AVAILABILITY,domains.list,2021-09-21 07:01:36.780726
ivid-f12-us-va.adhigh.net,AVAILABILITY,domains.list,2021-09-21 07:01:39.329747
ivid-f13-us-ca.adhigh.net,AVAILABILITY,domains.list,2021-09-21 07:01:41.577067
ivid-f13-us-va.adhigh.net,AVAILABILITY,domains.list,2021-09-21 07:01:43.967532
ivid-f14-us-ca.adhigh.net,AVAILABILITY,domains.list,2021-09-21 07:01:46.383621
ivid-f14-us-va.adhigh.net,AVAILABILITY,domains.list,2021-09-21 07:01:48.593109
ivid-f15-de.adhigh.net,AVAILABILITY,domains.list,2021-09-21 07:01:50.785105
ivid-f15-us-ca.adhigh.net,AVAILABILITY,domains.list,2021-09-21 07:01:52.983856
ish.atdmt.com,AVAILABILITY,domains.list,2021-09-21 07:02:34.913061
ivid-f16-de.adhigh.net,AVAILABILITY,domains.list,2021-09-21 07:02:37.217583
ivid-f15-us-va.adhigh.net,AVAILABILITY,domains.list,2021-09-21 07:02:39.416580
ivid-f17-de.adhigh.net,AVAILABILITY,domains.list,2021-09-21 07:02:41.233694
ivid-f17-us-va.adhigh.net,AVAILABILITY,domains.list,2021-09-21 07:02:43.080760
ivid-f18-us-va.adhigh.net,AVAILABILITY,domains.list,2021-09-21 07:02:45.440398
ivid-f19-de.adhigh.net,AVAILABILITY,domains.list,2021-09-21 07:02:47.809399
ivid-f16-us-va.adhigh.net,AVAILABILITY,domains.list,2021-09-21 07:02:49.835683
ivid-f19-us-va.adhigh.net,AVAILABILITY,domains.list,2021-09-21 07:02:52.422759
ivid-f21-us-ca.adhigh.net,AVAILABILITY,domains.list,2021-09-21 07:02:54.976545
ivid-f20-us-va.adhigh.net,AVAILABILITY,domains.list,2021-09-21 07:02:57.552951
ivid-f22-us-ca.adhigh.net,AVAILABILITY,domains.list,2021-09-21 07:02:59.922852
ivid-f21-us-va.adhigh.net,AVAILABILITY,domains.list,2021-09-21 07:03:01.933138
ivid-f23-us-ca.adhigh.net,AVAILABILITY,domains.list,2021-09-21 07:03:03.757912
ivid-f23-us-va.adhigh.net,AVAILABILITY,domains.list,2021-09-21 07:03:05.776025
ivid-f22-us-va.adhigh.net,AVAILABILITY,domains.list,2021-09-21 07:03:07.626570
ivid-f24-us-ca.adhigh.net,AVAILABILITY,domains.list,2021-09-21 07:03:09.636885
ivid-f24-de.adhigh.net,AVAILABILITY,domains.list,2021-09-21 07:03:11.465112
ivid-f24-us-va.adhigh.net,AVAILABILITY,domains.list,2021-09-21 07:03:13.799686
ivid-f25-us-ca.adhigh.net,AVAILABILITY,domains.list,2021-09-21 07:03:16.067641
ivid-f25-us-va.adhigh.net,AVAILABILITY,domains.list,2021-09-21 07:03:17.902183
ivid-f26-de.adhigh.net,AVAILABILITY,domains.list,2021-09-21 07:03:19.924934
ivid-f26-us-va.adhigh.net,AVAILABILITY,domains.list,2021-09-21 07:03:22.141014
ivid-f26-us-ca.adhigh.net,AVAILABILITY,domains.list,2021-09-21 07:03:23.932552
ivid-f27-us-va.adhigh.net,AVAILABILITY,domains.list,2021-09-21 07:03:25.927565
ivid-f28-de.adhigh.net,AVAILABILITY,domains.list,2021-09-21 07:03:27.964483
ivid-f27-us-ca.adhigh.net,AVAILABILITY,domains.list,2021-09-21 07:03:30.016342
ivid-f29-de.adhigh.net,AVAILABILITY,domains.list,2021-09-21 07:03:32.473310
ivid-f28-us-ca.adhigh.net,AVAILABILITY,domains.list,2021-09-21 07:03:34.657604
ivid-f28-us-va.adhigh.net,AVAILABILITY,domains.list,2021-09-21 07:03:37.180578
ivid-f29-us-ca.adhigh.net,AVAILABILITY,domains.list,2021-09-21 07:03:39.598925
ivid-f30-de.adhigh.net,AVAILABILITY,domains.list,2021-09-21 07:03:41.978556
ivid-f29-us-va.adhigh.net,AVAILABILITY,domains.list,2021-09-21 07:03:44.184215
ivid-f30-us-ca.adhigh.net,AVAILABILITY,domains.list,2021-09-21 07:03:46.534449
ivid-f30-us-va.adhigh.net,AVAILABILITY,domains.list,2021-09-21 07:03:48.757475
ivid-f31-de.adhigh.net,AVAILABILITY,domains.list,2021-09-21 07:03:50.952350
ivid-f31-us-ca.adhigh.net,AVAILABILITY,domains.list,2021-09-21 07:03:53.528753
ivid-f31-us-va.adhigh.net,AVAILABILITY,domains.list,2021-09-21 07:03:55.521111
ivid-f32-de.adhigh.net,AVAILABILITY,domains.list,2021-09-21 07:03:57.909084
ivid-f32-us-ca.adhigh.net,AVAILABILITY,domains.list,2021-09-21 07:03:59.931234
ivid-f32-us-va.adhigh.net,AVAILABILITY,domains.list,2021-09-21 07:04:02.136170
ivid-f33-de.adhigh.net,AVAILABILITY,domains.list,2021-09-21 07:04:04.362331
ivid-f33-us-ca.adhigh.net,AVAILABILITY,domains.list,2021-09-21 07:04:06.202973
ivid-f34-de.adhigh.net,AVAILABILITY,domains.list,2021-09-21 07:04:08.640965
ivid-f34-us-va.adhigh.net,AVAILABILITY,domains.list,2021-09-21 07:04:11.044233
ivid-f33-us-va.adhigh.net,AVAILABILITY,domains.list,2021-09-21 07:04:13.653562
ivid-f36-de.adhigh.net,AVAILABILITY,domains.list,2021-09-21 07:04:15.680530
ivid-f35-de.adhigh.net,AVAILABILITY,domains.list,2021-09-21 07:04:17.881181
ivid-f35-us-va.adhigh.net,AVAILABILITY,domains.list,2021-09-21 07:04:20.172263
ivid-f37-de.adhigh.net,AVAILABILITY,domains.list,2021-09-21 07:04:22.361276
ivid-f38-de.adhigh.net,AVAILABILITY,domains.list,2021-09-21 07:04:24.357117
ivid-f40-de.adhigh.net,AVAILABILITY,domains.list,2021-09-21 07:04:26.748811
ivid-f39-de.adhigh.net,AVAILABILITY,domains.list,2021-09-21 07:04:28.593029
ivid-f41-de.adhigh.net,AVAILABILITY,domains.list,2021-09-21 07:04:30.840035
ivid-f42-de.adhigh.net,AVAILABILITY,domains.list,2021-09-21 07:04:33.062180
ivid-f51-de-tmp.adhigh.net,AVAILABILITY,domains.list,2021-09-21 07:04:35.309971
ivid-f53-de-tmp.adhigh.net,AVAILABILITY,domains.list,2021-09-21 07:04:37.365510
ivid-f52-de-tmp.adhigh.net,AVAILABILITY,domains.list,2021-09-21 07:04:39.962224
ivid-f54-de-tmp.adhigh.net,AVAILABILITY,domains.list,2021-09-21 07:04:42.177578
ivid-f57-de-tmp.adhigh.net,AVAILABILITY,domains.list,2021-09-21 07:04:44.610786
ivid-f55-de-tmp.adhigh.net,AVAILABILITY,domains.list,2021-09-21 07:04:47.025138
ivid-f56-de-tmp.adhigh.net,AVAILABILITY,domains.list,2021-09-21 07:04:49.038929
ivid-ft1-hk.adhigh.net,AVAILABILITY,domains.list,2021-09-21 07:04:51.623004
iw3.a.mobimagic.com,AVAILABILITY,domains.list,2021-09-21 07:04:52.594276
iw.a.mobimagic.com,AVAILABILITY,domains.list,2021-09-21 07:04:53.477797
ixel.adsafeprotected.com,AVAILABILITY,domains.list,2021-09-21 07:04:54.297214
j2.mouseflow.com,AVAILABILITY,domains.list,2021-09-21 07:04:55.464064
j23io4x6gy.mentalist.kameleoon.com,AVAILABILITY,domains.list,2021-09-21 07:04:56.297412
j50zz.lyfd2xzauti9d8p.bapb.gdn,AVAILABILITY,domains.list,2021-09-21 07:04:58.183506
jabber.dotomi.com,AVAILABILITY,domains.list,2021-09-21 07:04:59.465947
jackspade.adlegend.com,AVAILABILITY,domains.list,2021-09-21 07:05:00.264694
jammyads.go2affise.com,AVAILABILITY,domains.list,2021-09-21 07:05:01.105489
janeair.g2afse.com,AVAILABILITY,domains.list,2021-09-21 07:05:02.206177
jap.taboola.com,AVAILABILITY,domains.list,2021-09-21 07:05:03.011702
jcrew.btttag.com,AVAILABILITY,domains.list,2021-09-21 07:05:03.822450
jcrewfactory.btttag.com,AVAILABILITY,domains.list,2021-09-21 07:05:04.663420
jbonlinemedia-electronics.t.domdex.com,AVAILABILITY,domains.list,2021-09-21 07:05:05.487713
jdelta2.rtb.appier.net,AVAILABILITY,domains.list,2021-09-21 07:05:06.974944
jdelta3.rtb.appier.net,AVAILABILITY,domains.list,2021-09-21 07:05:08.804583
jdpower.t.domdex.com,AVAILABILITY,domains.list,2021-09-21 07:05:09.736642
jeoiaddbrpontoneer.review,AVAILABILITY,domains.list,2021-09-21 07:05:11.726329
jepzz.ouasflpydty21tf.bapb.gdn,AVAILABILITY,domains.list,2021-09-21 07:05:14.333280
jewelcheese.com,AVAILABILITY,domains.list,2021-09-21 07:05:15.219718
jflog5qdut.mentalist.kameleoon.com,AVAILABILITY,domains.list,2021-09-21 07:05:16.058137
jhh51twx1b.mentalist.kameleoon.com,AVAILABILITY,domains.list,2021-09-21 07:05:16.845419
ji3ney80w0.mentalist.kameleoon.com,AVAILABILITY,domains.list,2021-09-21 07:05:17.665466
jiasu.c.cnzz.com,AVAILABILITY,domains.list,2021-09-21 07:05:19.194251
jjxsdkphpcwu.com,AVAILABILITY,domains.list,2021-09-21 07:05:20.132643
jizvehd.misosoup.io,AVAILABILITY,domains.list,2021-09-21 07:05:21.226626
jnlcom-d.openx.net,AVAILABILITY,domains.list,2021-09-21 07:05:22.293502
jobs.outbrain.com,AVAILABILITY,domains.list,2021-09-21 07:05:23.217507
jobs.advertising.com,AVAILABILITY,domains.list,2021-09-21 07:05:24.049101
johnvarvatos.adlegend.com,AVAILABILITY,domains.list,2021-09-21 07:05:24.807094
join.contentdef.com,AVAILABILITY,domains.list,2021-09-21 07:05:25.595713
jovnjehyzu.mentalist.kameleoon.com,AVAILABILITY,domains.list,2021-09-21 07:05:26.401005
joyme.adsame.com,AVAILABILITY,domains.list,2021-09-21 07:05:28.842824
jp1-bid-hap.adsrvr.org,AVAILABILITY,domains.list,2021-09-21 07:05:29.643813
jp.adlearnop.advertising.com,AVAILABILITY,domains.list,2021-09-21 07:05:30.497677
jp.advertising.com,AVAILABILITY,domains.list,2021-09-21 07:05:31.321867
jp.as.criteo.net,AVAILABILITY,domains.list,2021-09-21 07:05:32.810873
jp.as.criteo.com,AVAILABILITY,domains.list,2021-09-21 07:05:34.118096
jp.doubleclick.net,AVAILABILITY,domains.list,2021-09-21 07:05:35.065278
jp.go.zog.link,AVAILABILITY,domains.list,2021-09-21 07:05:35.955260
jpgolimited.go2affise.com,AVAILABILITY,domains.list,2021-09-21 07:05:36.951868
jp-tags.vizury.com,AVAILABILITY,domains.list,2021-09-21 07:05:37.777284
js10.adlooxtracking.com,AVAILABILITY,domains.list,2021-09-21 07:05:38.912243
js08.adlooxtracking.com,AVAILABILITY,domains.list,2021-09-21 07:05:40.441881
js.cleancentertours.com,AVAILABILITY,domains.list,2021-09-21 07:05:41.449462
js.eyeviewads.com,AVAILABILITY,domains.list,2021-09-21 07:05:42.593182
js.mobojoy.baidu.com,AVAILABILITY,domains.list,2021-09-21 07:05:48.416544
js.stats.g.doubleclick.net,AVAILABILITY,domains.list,2021-09-21 07:05:49.529711
jsc1.mgid.com,AVAILABILITY,domains.list,2021-09-21 07:05:50.353150
jsc-cdn.mgid.com,AVAILABILITY,domains.list,2021-09-21 07:05:51.124090
js-cd.mmtcdn.com,AVAILABILITY,domains.list,2021-09-21 07:05:52.050386
jsd.supersonicads.com,AVAILABILITY,domains.list,2021-09-21 07:05:53.190831
jugmedia-6.t.domdex.com,AVAILABILITY,domains.list,2021-09-21 07:05:54.112401
jugmedia-3.t.domdex.com,AVAILABILITY,domains.list,2021-09-21 07:05:55.002904
junemedia-d.openx.net,AVAILABILITY,domains.list,2021-09-21 07:05:56.185499
junkmail-d.openx.net,AVAILABILITY,domains.list,2021-09-21 07:05:57.260599
justclick-d.openx.net,AVAILABILITY,domains.list,2021-09-21 07:05:58.262938
jwmeyhexne.mentalist.kameleoon.com,AVAILABILITY,domains.list,2021-09-21 07:05:59.136414
jzgtnetghdc.com,AVAILABILITY,domains.list,2021-09-21 07:06:00.163492
jzuzz.ymaqdv.bapb.gdn,AVAILABILITY,domains.list,2021-09-21 07:06:01.514479
justfly.partner.intentmedia.net,AVAILABILITY,domains.list,2021-09-21 07:06:16.633820
k7uyxw5gc1.mentalist.kameleoon.com,AVAILABILITY,domains.list,2021-09-21 07:06:17.476288
k.teads.tv,AVAILABILITY,domains.list,2021-09-21 07:06:18.301417
kabam-d.openx.net,AVAILABILITY,domains.list,2021-09-21 07:06:19.403660
kabbage.adlegend.com,AVAILABILITY,domains.list,2021-09-21 07:06:20.179910
kamadenumagazine.moengage.com,AVAILABILITY,domains.list,2021-09-21 07:06:21.164069
kappa2.rtb.appier.net,AVAILABILITY,domains.list,2021-09-21 07:06:22.311820
kappa1.rtb.appier.net,AVAILABILITY,domains.list,2021-09-21 07:06:23.755758
kappa6.rtb.appier.net,AVAILABILITY,domains.list,2021-09-21 07:06:24.888346
kappa7.rtb.appier.net,AVAILABILITY,domains.list,2021-09-21 07:06:26.169199
kappa9.rtb.appier.net,AVAILABILITY,domains.list,2021-09-21 07:06:27.466465
kappa10.rtb.appier.net,AVAILABILITY,domains.list,2021-09-21 07:06:28.788329
kappa0.rtb.appier.net,AVAILABILITY,domains.list,2021-09-21 07:06:30.000203
kappa12.rtb.appier.net,AVAILABILITY,domains.list,2021-09-21 07:06:31.339632
kappa8.rtb.appier.net,AVAILABILITY,domains.list,2021-09-21 07:06:32.663812
katespade.adlegend.com,AVAILABILITY,domains.list,2021-09-21 07:06:33.474135
kappa11.rtb.appier.net,AVAILABILITY,domains.list,2021-09-21 07:06:34.606059
kb.criteo.com,AVAILABILITY,domains.list,2021-09-21 07:06:36.017058
kb.sokrati.com,AVAILABILITY,domains.list,2021-09-21 07:06:36.921040
kd4vjeef9h.mentalist.kameleoon.com,AVAILABILITY,domains.list,2021-09-21 07:06:37.775197
kdjzz.lyfd2xzauti9d8p.bapb.gdn,AVAILABILITY,domains.list,2021-09-21 07:06:38.840352
keebaliruby-gaming.t.domdex.com,AVAILABILITY,domains.list,2021-09-21 07:06:39.762102
keebali.t.domdex.com,AVAILABILITY,domains.list,2021-09-21 07:06:40.695193
keebali-telecom.t.domdex.com,AVAILABILITY,domains.list,2021-09-21 07:06:41.572038
kelkoo-gbr.t.domdex.com,AVAILABILITY,domains.list,2021-09-21 07:06:42.451622
kelkoo-fra.t.domdex.com,AVAILABILITY,domains.list,2021-09-21 07:06:43.402543
kf07oezg09.mentalist.kameleoon.com,AVAILABILITY,domains.list,2021-09-21 07:06:44.266284
kftzz.ouasflpydty21tf.bapb.gdn,AVAILABILITY,domains.list,2021-09-21 07:06:45.319155
kgnrmyec1s.mentalist.kameleoon.com,AVAILABILITY,domains.list,2021-09-21 07:06:46.130371
khonosta.info,AVAILABILITY,domains.list,2021-09-21 07:06:47.373820
kinoli-fixyourownprinter.t.domdex.com,AVAILABILITY,domains.list,2021-09-21 07:06:48.226899
kinoli-freeshipping.t.domdex.com,AVAILABILITY,domains.list,2021-09-21 07:06:49.061316
kinoli-freeshippingday.t.domdex.com,AVAILABILITY,domains.list,2021-09-21 07:06:49.961217
kinoli-mrfreestuff.t.domdex.com,AVAILABILITY,domains.list,2021-09-21 07:06:50.869827
kiplinger-finance.t.domdex.com,AVAILABILITY,domains.list,2021-09-21 07:06:51.729194
kmart.btttag.com,AVAILABILITY,domains.list,2021-09-21 07:06:52.487693
knofun-d.openx.net,AVAILABILITY,domains.list,2021-09-21 07:06:53.672363
know.appnexus.com,AVAILABILITY,domains.list,2021-09-21 07:06:54.698381
kodeemedia.g2afse.com,AVAILABILITY,domains.list,2021-09-21 07:06:55.718268
knowledge.tapjoy.com,AVAILABILITY,domains.list,2021-09-21 07:06:56.680831
kong.impactradius.com,AVAILABILITY,domains.list,2021-09-21 07:06:57.695976
kr-tags.vizury.com,AVAILABILITY,domains.list,2021-09-21 07:06:58.480564
krush-d.openx.net,AVAILABILITY,domains.list,2021-09-21 07:06:59.552718
ks.vizury.com,AVAILABILITY,domains.list,2021-09-21 07:07:00.351875
kvsapp.propellerads.com,AVAILABILITY,domains.list,2021-09-21 07:07:01.350642
kvs-maintenance.propellerads.com,AVAILABILITY,domains.list,2021-09-21 07:07:02.365204
kwick-d.openx.net,AVAILABILITY,domains.list,2021-09-21 07:07:03.431566
kwzme.net,AVAILABILITY,domains.list,2021-09-21 07:07:04.458089
l2.visiblemeasures.com,AVAILABILITY,domains.list,2021-09-21 07:07:05.434390
l3-assets.applovin.com,AVAILABILITY,domains.list,2021-09-21 07:07:06.655862
l3-img.applovin.com,AVAILABILITY,domains.list,2021-09-21 07:07:07.799087
l3-pdn.applovin.com,AVAILABILITY,domains.list,2021-09-21 07:07:08.782682
l3-vid.applovin.com,AVAILABILITY,domains.list,2021-09-21 07:07:09.823716
l2pdus.mookie1.com,AVAILABILITY,domains.list,2021-09-21 07:07:10.661589
l5.adsplay.in,AVAILABILITY,domains.list,2021-09-21 07:07:11.548942
l6tyxhefwl.mentalist.kameleoon.com,AVAILABILITY,domains.list,2021-09-21 07:07:12.377140
l.cpmstar.com,AVAILABILITY,domains.list,2021-09-21 07:07:13.510059
l.inmobi.com,AVAILABILITY,domains.list,2021-09-21 07:07:14.713860
l.xxcdn.pw,AVAILABILITY,domains.list,2021-09-21 07:07:15.827046
lab.petametrics.com,AVAILABILITY,domains.list,2021-09-21 07:07:16.862030
labs.teads.tv,AVAILABILITY,domains.list,2021-09-21 07:07:17.639580
labs-s1.revcontent.com,AVAILABILITY,domains.list,2021-09-21 07:07:18.497652
labs-stg.revcontent.com,AVAILABILITY,domains.list,2021-09-21 07:07:19.411638
la-chi.outbrain.com,AVAILABILITY,domains.list,2021-09-21 07:07:20.265170
la-gw.clickability.com,AVAILABILITY,domains.list,2021-09-21 07:07:21.953354
lampenwelttracksdk.optimove.net,AVAILABILITY,domains.list,2021-09-21 07:07:23.132055
landing.tubemogul.com,AVAILABILITY,domains.list,2021-09-21 07:07:23.976650
landings.admitad.com,AVAILABILITY,domains.list,2021-09-21 07:07:24.911840
laonly.outbrain.com,AVAILABILITY,domains.list,2021-09-21 07:07:25.789860
la-only.outbrain.com,AVAILABILITY,domains.list,2021-09-21 07:07:26.649452
lapresse.adgear.com,AVAILABILITY,domains.list,2021-09-21 07:07:27.677281
laraza.moengage.com,AVAILABILITY,domains.list,2021-09-21 07:07:28.747536
la-secure-origin-c.clickability.com,AVAILABILITY,domains.list,2021-09-21 07:07:30.175284
latest-454322.shemirta.info,AVAILABILITY,domains.list,2021-09-21 07:07:31.388231
latest.atlassolutions.com,AVAILABILITY,domains.list,2021-09-21 07:07:32.460623
kushat.roboinside.me,AVAILABILITY,domains.list,2021-09-21 07:08:15.548210
launcher.baidu.com,AVAILABILITY,domains.list,2021-09-21 07:08:18.101259
launchmedia-d.openx.net,AVAILABILITY,domains.list,2021-09-21 07:08:19.338254
lavanda.go2affise.com,AVAILABILITY,domains.list,2021-09-21 07:08:20.512251
lax-1.media.net,AVAILABILITY,domains.list,2021-09-21 07:08:22.244243
lax.rtb.adsrvr.org,AVAILABILITY,domains.list,2021-09-21 07:08:23.029175
lax-delivery-3.sys.adgear.com,AVAILABILITY,domains.list,2021-09-21 07:08:24.439130
lax-delivery-1.sys.adgear.com,AVAILABILITY,domains.list,2021-09-21 07:08:25.799848
laxwww.addthis.com,AVAILABILITY,domains.list,2021-09-21 07:08:26.629347
layer.carambo.la,AVAILABILITY,domains.list,2021-09-21 07:08:27.560539
lb1.www.ms.akadns.net,AVAILABILITY,domains.list,2021-09-21 07:08:28.504532
lb02.casalemedia.com,AVAILABILITY,domains.list,2021-09-21 07:08:29.543694
lb03.casalemedia.com,AVAILABILITY,domains.list,2021-09-21 07:08:30.760003
lb4.a-ads.com,AVAILABILITY,domains.list,2021-09-21 07:08:31.563412
lb.smrtb.com,AVAILABILITY,domains.list,2021-09-21 07:08:32.429305
lb.leads.demandbase.com,AVAILABILITY,domains.list,2021-09-21 07:08:33.420890
lbip1170.nym2.appnexus.com,AVAILABILITY,domains.list,2021-09-21 07:08:34.496221
lbip1194.nym2.appnexus.com,AVAILABILITY,domains.list,2021-09-21 07:08:35.481377
lbip1192.nym2.appnexus.com,AVAILABILITY,domains.list,2021-09-21 07:08:36.588426
lbip1201.nym2.appnexus.com,AVAILABILITY,domains.list,2021-09-21 07:08:37.689228
lbip1201-old.nym2.appnexus.com,AVAILABILITY,domains.list,2021-09-21 07:08:38.598351
lb04.casalemedia.com,AVAILABILITY,domains.list,2021-09-21 07:08:39.557363
lbip1211-old.nym2.appnexus.com,AVAILABILITY,domains.list,2021-09-21 07:08:40.547542
lbip1410-old.lax1.appnexus.com,AVAILABILITY,domains.list,2021-09-21 07:08:41.754426
lbip1410.lax1.appnexus.com,AVAILABILITY,domains.list,2021-09-21 07:08:42.899477
lbip1412-old.lax1.appnexus.com,AVAILABILITY,domains.list,2021-09-21 07:08:44.116565
lbip1412.lax1.appnexus.com,AVAILABILITY,domains.list,2021-09-21 07:08:45.157961
lbip1599.lax1.appnexus.com,AVAILABILITY,domains.list,2021-09-21 07:08:46.416821
lbip2793.nym2.appnexus.com,AVAILABILITY,domains.list,2021-09-21 07:08:47.530870
lbip1211.nym2.appnexus.com,AVAILABILITY,domains.list,2021-09-21 07:08:48.626640
lbip228592.sin1.appnexus.com,AVAILABILITY,domains.list,2021-09-21 07:08:49.670635
lbip767013.nym2.appnexus.com,AVAILABILITY,domains.list,2021-09-21 07:08:50.700001
lbip2955.nym2.appnexus.com,AVAILABILITY,domains.list,2021-09-21 07:08:51.710156
lbs.igexin.com,AVAILABILITY,domains.list,2021-09-21 07:08:53.909456
lct-fast.addthis.com,AVAILABILITY,domains.list,2021-09-21 07:08:54.721235
ld1.criteo.com,AVAILABILITY,domains.list,2021-09-21 07:08:56.430070
ld2.criteo.com,AVAILABILITY,domains.list,2021-09-21 07:08:57.779833
ldap4.corp.flurry.com,AVAILABILITY,domains.list,2021-09-21 07:08:58.940586
ldap3.corp.flurry.com,AVAILABILITY,domains.list,2021-09-21 07:09:00.125980
ldsplanet.adlegend.com,AVAILABILITY,domains.list,2021-09-21 07:09:00.985264
lead.adsplay.in,AVAILABILITY,domains.list,2021-09-21 07:09:01.815609
leadback.advertising.com,AVAILABILITY,domains.list,2021-09-21 07:09:02.669545
leadback.hotelsjp.db.advertising.com,AVAILABILITY,domains.list,2021-09-21 07:09:03.567101
leadback.firstchoice.db.advertising.com,AVAILABILITY,domains.list,2021-09-21 07:09:04.604711
leadback.daysinn.db.advertising.com,AVAILABILITY,domains.list,2021-09-21 07:09:05.441013
leadback.ihg.db.advertising.com,AVAILABILITY,domains.list,2021-09-21 07:09:06.411303
leadback.ihg2.db.advertising.com,AVAILABILITY,domains.list,2021-09-21 07:09:07.348772
leadback.hotwire.db.advertising.com,AVAILABILITY,domains.list,2021-09-21 07:09:08.197387
leadback.petmeds.db.advertising.com,AVAILABILITY,domains.list,2021-09-21 07:09:09.112957
leadback.ticketsnow.db.advertising.com,AVAILABILITY,domains.list,2021-09-21 07:09:10.033169
leadback.jetsetter.db.advertising.com,AVAILABILITY,domains.list,2021-09-21 07:09:10.994182
leadback.tmobile.db.advertising.com,AVAILABILITY,domains.list,2021-09-21 07:09:11.989293
leadback.tradera.db.advertising.com,AVAILABILITY,domains.list,2021-09-21 07:09:12.838385
leadback.tui.db.advertising.com,AVAILABILITY,domains.list,2021-09-21 07:09:13.613673
leadback.wellpack.db.advertising.com,AVAILABILITY,domains.list,2021-09-21 07:09:14.451516
leads3.albacross.com,AVAILABILITY,domains.list,2021-09-21 07:09:15.424452
leads.demandbase.com,AVAILABILITY,domains.list,2021-09-21 07:09:16.373133
leadingoffers.t.domdex.com,AVAILABILITY,domains.list,2021-09-21 07:09:17.273925
legacy.acuityads.com,AVAILABILITY,domains.list,2021-09-21 07:09:18.185098
legacy-sb-ec.adtechus.com,AVAILABILITY,domains.list,2021-09-21 07:09:19.306650
legacy-sb-wc.adtechus.com,AVAILABILITY,domains.list,2021-09-21 07:09:20.206130
legendaryspeed-d.openx.net,AVAILABILITY,domains.list,2021-09-21 07:09:21.496968
leguidegroup-leguidecom-fra.t.domdex.com,AVAILABILITY,domains.list,2021-09-21 07:09:22.350079
leisureprotracksdk.optimove.net,AVAILABILITY,domains.list,2021-09-21 07:09:23.552369
lemondrone.moengage.com,AVAILABILITY,domains.list,2021-09-21 07:09:24.608500
leovegastrack.optimove.net,AVAILABILITY,domains.list,2021-09-21 07:09:25.641004
lesnouvelleseditions.t.domdex.com,AVAILABILITY,domains.list,2021-09-21 07:09:26.552326
letitbit.propellerads.com,AVAILABILITY,domains.list,2021-09-21 07:09:27.707766
letsflycheaper.moengage.com,AVAILABILITY,domains.list,2021-09-21 07:09:28.650336
lex-kravetski.smi2.ru,AVAILABILITY,domains.list,2021-09-21 07:09:31.957169
lflb001.batmobi.net,AVAILABILITY,domains.list,2021-09-21 07:09:33.095187
lg3x.brandreachsys.com,AVAILABILITY,domains.list,2021-09-21 07:09:34.228504
lga2-a.applovin.com,AVAILABILITY,domains.list,2021-09-21 07:09:35.308330
lga2-d.applovin.com,AVAILABILITY,domains.list,2021-09-21 07:09:36.336749
lga2-rtbprod.applovin.com,AVAILABILITY,domains.list,2021-09-21 07:09:37.238512
lga2stage-rtb.applovin.com,AVAILABILITY,domains.list,2021-09-21 07:09:38.314818
lga.contextweb.com,AVAILABILITY,domains.list,2021-09-21 07:09:39.106658
lga-ads-bgp.contextweb.com,AVAILABILITY,domains.list,2021-09-21 07:09:39.912366
lg4x.brandreachsys.com,AVAILABILITY,domains.list,2021-09-21 07:09:41.056669
lga-tag-stage00.contextweb.com,AVAILABILITY,domains.list,2021-09-21 07:09:41.841538
lga-tag-bgp.contextweb.com,AVAILABILITY,domains.list,2021-09-21 07:09:42.715576
lga-delivery-10.sys.adgear.com,AVAILABILITY,domains.list,2021-09-21 07:09:43.720473
li.pxl.ace.advertising.com,AVAILABILITY,domains.list,2021-09-21 07:09:44.634562
lick.startappservice.com,AVAILABILITY,domains.list,2021-09-21 07:09:45.440564
lifed.media.net,AVAILABILITY,domains.list,2021-09-21 07:09:47.345351
lifeproof.btttag.com,AVAILABILITY,domains.list,2021-09-21 07:09:48.198433
lifematters.moengage.com,AVAILABILITY,domains.list,2021-09-21 07:09:49.219852
liftdnartb-d.openx.net,AVAILABILITY,domains.list,2021-09-21 07:09:50.339650
limpingline.com,AVAILABILITY,domains.list,2021-09-21 07:09:51.406094
linear-tv-count.adsrvr.org,AVAILABILITY,domains.list,2021-09-21 07:09:52.141243
lindenlab.activate.ensighten.com,AVAILABILITY,domains.list,2021-09-21 07:09:52.884303
lingualeo.go2affise.com,AVAILABILITY,domains.list,2021-09-21 07:09:53.817138
links.solocpm.com,AVAILABILITY,domains.list,2021-09-21 07:09:54.661173
linksys.btttag.com,AVAILABILITY,domains.list,2021-09-21 07:09:55.446064
liligo.partner.intentmedia.net,AVAILABILITY,domains.list,2021-09-21 07:10:11.079853
listingbook-d.openx.net,AVAILABILITY,domains.list,2021-09-21 07:10:12.265552
listat.biz,AVAILABILITY,domains.list,2021-09-21 07:10:13.129262
listverse-d.openx.net,AVAILABILITY,domains.list,2021-09-21 07:10:14.282963
lists.vertamedia.com,AVAILABILITY,domains.list,2021-09-21 07:10:15.037920
liuyan.cnzz.com,AVAILABILITY,domains.list,2021-09-21 07:10:16.926009
littlesheep.adsame.com,AVAILABILITY,domains.list,2021-09-21 07:10:18.807618
live.sokrati.com,AVAILABILITY,domains.list,2021-09-21 07:10:19.606345
liverail.demand.go.sonobi.com,AVAILABILITY,domains.list,2021-09-21 07:10:20.434285
livingsocial-d.openx.net,AVAILABILITY,domains.list,2021-09-21 07:10:21.774106
lkhrms621t.mentalist.kameleoon.com,AVAILABILITY,domains.list,2021-09-21 07:10:22.563013
ll.startappservice.com,AVAILABILITY,domains.list,2021-09-21 07:10:23.397753
ln1-g008.intellitxt.com,AVAILABILITY,domains.list,2021-09-21 07:10:24.361158
ln1-g015.intellitxt.com,AVAILABILITY,domains.list,2021-09-21 07:10:25.261763
ln1-g018.intellitxt.com,AVAILABILITY,domains.list,2021-09-21 07:10:26.146061
llpstream.atdmt.com,AVAILABILITY,domains.list,2021-09-21 07:10:27.094770
load.adlegend.com,AVAILABILITY,domains.list,2021-09-21 07:10:27.841012
load.batmobi.net,AVAILABILITY,domains.list,2021-09-21 07:10:28.861625
load.tubemogul.com,AVAILABILITY,domains.list,2021-09-21 07:10:29.693241
loader-io.districtm.io,AVAILABILITY,domains.list,2021-09-21 07:10:30.472562
loadm.tm.ssl.exelator.com,AVAILABILITY,domains.list,2021-09-21 07:10:31.385377
loadvxny.exelator.com,AVAILABILITY,domains.list,2021-09-21 07:10:32.320586
loadxl.exelator.com,AVAILABILITY,domains.list,2021-09-21 07:11:31.018505
loadvxsc.exelator.com,AVAILABILITY,domains.list,2021-09-21 07:11:32.116031
local.t.domdex.com,AVAILABILITY,domains.list,2021-09-21 07:11:33.107571
locker.data.ksmobile.net,AVAILABILITY,domains.list,2021-09-21 07:11:34.246110
location.data.cnzz.com,AVAILABILITY,domains.list,2021-09-21 07:11:36.055464
lodef.api.naiadsystems.com,AVAILABILITY,domains.list,2021-09-21 07:11:37.037273
log101.rmd.admob.com,AVAILABILITY,domains.list,2021-09-21 07:11:38.082252
log102.rmd.admob.com,AVAILABILITY,domains.list,2021-09-21 07:11:39.225968
log103.rmd.admob.com,AVAILABILITY,domains.list,2021-09-21 07:11:40.256406
log105.rmd.admob.com,AVAILABILITY,domains.list,2021-09-21 07:11:41.464173
log104.rmd.admob.com,AVAILABILITY,domains.list,2021-09-21 07:11:42.583192
log.dmtry.commagnetic.t.domdex.com,AVAILABILITY,domains.list,2021-09-21 07:11:43.572057
log.hiido.com,AVAILABILITY,domains.list,2021-09-21 07:11:44.755968
log.thevideo.me,AVAILABILITY,domains.list,2021-09-21 07:11:45.949108
log.worldnewsfeed.org,AVAILABILITY,domains.list,2021-09-21 07:11:48.539191
logger-04.vty.dailymotion.com,AVAILABILITY,domains.list,2021-09-21 07:11:49.674355
logging5.truecaller.com,AVAILABILITY,domains.list,2021-09-21 07:11:50.651074
logging.adrecover.com,AVAILABILITY,domains.list,2021-09-21 07:11:51.719546
logging.ar.atwola.com,AVAILABILITY,domains.list,2021-09-21 07:11:52.907465
logging.at.atwola.com,AVAILABILITY,domains.list,2021-09-21 07:11:53.845469
logging.glogging.ar.atwola.com,AVAILABILITY,domains.list,2021-09-21 07:11:54.890066
logging.trakingpixel.com,AVAILABILITY,domains.list,2021-09-21 07:11:55.885442
logging.vungle.com,AVAILABILITY,domains.list,2021-09-21 07:11:56.987183
log-live.direct.ly,AVAILABILITY,domains.list,2021-09-21 07:11:58.574387
logo.demandbase.com,AVAILABILITY,domains.list,2021-09-21 07:11:59.625673
logos.outbrain.com,AVAILABILITY,domains.list,2021-09-21 07:12:00.564273
logoole.yahoo.co.jp,AVAILABILITY,domains.list,2021-09-21 07:12:02.754554
log-rts24-iad01.devices.nest.com,AVAILABILITY,domains.list,2021-09-21 07:12:03.899601
logs2.appsflyer.com,AVAILABILITY,domains.list,2021-09-21 07:12:04.988478
logs.ennexa.com,AVAILABILITY,domains.list,2021-09-21 07:12:06.000981
logs.connatix.com,AVAILABILITY,domains.list,2021-09-21 07:12:07.030135
log.split.mmstat.com,AVAILABILITY,domains.list,2021-09-21 07:12:44.176065
lol.vungle.com,AVAILABILITY,domains.list,2021-09-21 07:12:45.305231
lombard18.rtb.appier.net,AVAILABILITY,domains.list,2021-09-21 07:12:46.698059
lookbookhq.demandbase.com,AVAILABILITY,domains.list,2021-09-21 07:12:47.711448
looksmart.t.domdex.com,AVAILABILITY,domains.list,2021-09-21 07:12:48.725216
looksmart-finance.t.domdex.com,AVAILABILITY,domains.list,2021-09-21 07:12:49.704762
looksmart-shopping.t.domdex.com,AVAILABILITY,domains.list,2021-09-21 07:12:50.630909
looksmart-travel.t.domdex.com,AVAILABILITY,domains.list,2021-09-21 07:12:51.577659
looppay.adlegend.com,AVAILABILITY,domains.list,2021-09-21 07:12:52.495178
loot.t.domdex.com,AVAILABILITY,domains.list,2021-09-21 07:12:53.459754
lootltd-homepage.t.domdex.com,AVAILABILITY,domains.list,2021-09-21 07:12:54.388358
lopsidedspoon.com,AVAILABILITY,domains.list,2021-09-21 07:12:55.531670
loozz.lyfd2xzauti9d8p.bapb.gdn,AVAILABILITY,domains.list,2021-09-21 07:12:56.694282
louisianapublishing-d.openx.net,AVAILABILITY,domains.list,2021-09-21 07:12:58.103664
loveandseek.adlegend.com,AVAILABILITY,domains.list,2021-09-21 07:12:59.078592
lovethispic-d.openx.net,AVAILABILITY,domains.list,2021-09-21 07:13:00.381105
lowermybills.adlegend.com,AVAILABILITY,domains.list,2021-09-21 07:13:01.251083
lozo-cpg.t.domdex.com,AVAILABILITY,domains.list,2021-09-21 07:13:02.127739
lozo-cpg-general.t.domdex.com,AVAILABILITY,domains.list,2021-09-21 07:13:03.056440
lp.supersonic.com,AVAILABILITY,domains.list,2021-09-21 07:13:04.149883
lpx2lp56l2.mentalist.kameleoon.com,AVAILABILITY,domains.list,2021-09-21 07:13:05.127952
ltm.xs.mookie1.com,AVAILABILITY,domains.list,2021-09-21 07:13:06.022349
lp.xapads.com,AVAILABILITY,domains.list,2021-09-21 07:13:21.321175
lukir.info,AVAILABILITY,domains.list,2021-09-21 07:13:22.696446
luminamedia-d.openx.net,AVAILABILITY,domains.list,2021-09-21 07:13:23.920703
lumpyleaf.com,AVAILABILITY,domains.list,2021-09-21 07:13:24.941771
lunkydkokpg.bid,AVAILABILITY,domains.list,2021-09-21 07:13:25.949092
lve3zn9ock.mentalist.kameleoon.com,AVAILABILITY,domains.list,2021-09-21 07:13:26.880251
lw2cdn.cpmstar.com,AVAILABILITY,domains.list,2021-09-21 07:13:27.947300
lvpajtautophony.review,AVAILABILITY,domains.list,2021-09-21 07:13:28.899130
lw3cdn.cpmstar.com,AVAILABILITY,domains.list,2021-09-21 07:13:29.892683
lwcdn.cpmstar.com,AVAILABILITY,domains.list,2021-09-21 07:13:30.851156
luxurylink.adlegend.com,AVAILABILITY,domains.list,2021-09-21 07:13:31.737130
lyncdiscover.vertamedia.com,AVAILABILITY,domains.list,2021-09-21 07:13:32.599522
lyncdiscoverinternal.vertamedia.com,AVAILABILITY,domains.list,2021-09-21 07:13:33.495096
lyncdiscover.revcontent.com,AVAILABILITY,domains.list,2021-09-21 07:13:34.512872
m3.doubleclick.net,AVAILABILITY,domains.list,2021-09-21 07:13:35.587035
m4lzz.lyfd2xzauti9d8p.bapb.gdn,AVAILABILITY,domains.list,2021-09-21 07:13:37.023297
m34zz.lyfd2xzauti9d8p.bapb.gdn,AVAILABILITY,domains.list,2021-09-21 07:13:38.437370
m.adcolony.com,AVAILABILITY,domains.list,2021-09-21 07:13:39.444065
m.adkmob.com,AVAILABILITY,domains.list,2021-09-21 07:13:40.470071
m.adsplay.in,AVAILABILITY,domains.list,2021-09-21 07:13:41.369582
m.contextweb.com,AVAILABILITY,domains.list,2021-09-21 07:13:42.323342
m.cdn.intentmedia.net,AVAILABILITY,domains.list,2021-09-21 07:13:55.798588
m.media.net,AVAILABILITY,domains.list,2021-09-21 07:13:57.270227
m.intentmedia.net,AVAILABILITY,domains.list,2021-09-21 07:14:11.191109
m.w55c.net,AVAILABILITY,domains.list,2021-09-21 07:14:12.123073
m.webtrends.com,AVAILABILITY,domains.list,2021-09-21 07:14:13.097965
ma.deliveryengine.adswizz.com,AVAILABILITY,domains.list,2021-09-21 07:14:14.094437
ma.adswizz.com,AVAILABILITY,domains.list,2021-09-21 07:14:15.107280
ma.inmobi.com,AVAILABILITY,domains.list,2021-09-21 07:14:16.279792
ma.spartan.contentdef.com,AVAILABILITY,domains.list,2021-09-21 07:14:17.171710
ma.googleads.g.doubleclick.net,AVAILABILITY,domains.list,2021-09-21 07:14:18.165005
madamenoire.moengage.com,AVAILABILITY,domains.list,2021-09-21 07:14:19.393189
madewell.btttag.com,AVAILABILITY,domains.list,2021-09-21 07:14:20.257226
madmin.propellerads.com,AVAILABILITY,domains.list,2021-09-21 07:14:21.393247
madseu.advertising.com,AVAILABILITY,domains.list,2021-09-21 07:14:22.677309
mads.at.atwola.com,AVAILABILITY,domains.list,2021-09-21 07:14:23.641991
mads-eu.amazon-adsystem.com,AVAILABILITY,domains.list,2021-09-21 07:14:24.513867
mads-fe.amazon-adsystem.com,AVAILABILITY,domains.list,2021-09-21 07:14:25.396028
mag-con.t.domdex.com,AVAILABILITY,domains.list,2021-09-21 07:14:26.297375
magnetic.domdex.com,AVAILABILITY,domains.list,2021-09-21 07:14:27.216855
magnetis.t.domdex.com,AVAILABILITY,domains.list,2021-09-21 07:14:28.179137
magnetic.t.domdex.com,AVAILABILITY,domains.list,2021-09-21 07:14:29.177613
magneto01.ifd.vip.ev1.inmobi.com,AVAILABILITY,domains.list,2021-09-21 07:14:30.544600
madsuk.at.atwola.com,AVAILABILITY,domains.list,2021-09-21 07:14:31.567549
mahrez.alphonso.tv,AVAILABILITY,domains.list,2021-09-21 07:14:33.067069
mail.admob.com,AVAILABILITY,domains.list,2021-09-21 07:14:34.252723
maigw01.amobee.com,AVAILABILITY,domains.list,2021-09-21 07:14:35.410232
main.dynsrvaba.com,AVAILABILITY,domains.list,2021-09-21 07:14:36.436865
maintenance.flurry.com,AVAILABILITY,domains.list,2021-09-21 07:14:37.603705
maintenance.criteo.com,AVAILABILITY,domains.list,2021-09-21 07:14:39.182124
majorgeeks-d.openx.net,AVAILABILITY,domains.list,2021-09-21 07:14:40.423644
mamsy.go2affise.com,AVAILABILITY,domains.list,2021-09-21 07:14:41.504900
manage.carbonads.com,AVAILABILITY,domains.list,2021-09-21 07:14:42.620804
manage-beta.ensighten.com,AVAILABILITY,domains.list,2021-09-21 07:14:43.637009
manage.igexin.com,AVAILABILITY,domains.list,2021-09-21 07:14:45.529528
manager.alfa.smartlook.com,AVAILABILITY,domains.list,2021-09-21 07:15:00.374800
manager.wazuh.53.localytics.com,AVAILABILITY,domains.list,2021-09-21 07:15:01.468062
manager.yieldoptimizer.com,AVAILABILITY,domains.list,2021-09-21 07:15:02.343014
manager-cdn.teads.tv,AVAILABILITY,domains.list,2021-09-21 07:15:03.275384
manager.wazuh.sandbox53.localytics.com,AVAILABILITY,domains.list,2021-09-21 07:15:04.477974
manifest.da2.auditude.com,AVAILABILITY,domains.list,2021-09-21 07:15:05.472205
manifest.or1.auditude.com,AVAILABILITY,domains.list,2021-09-21 07:15:06.411881
manifest.pcw1.auditude.com,AVAILABILITY,domains.list,2021-09-21 07:15:07.323173
manta-finance.t.domdex.com,AVAILABILITY,domains.list,2021-09-21 07:15:08.231403
manta-uncategorized.t.domdex.com,AVAILABILITY,domains.list,2021-09-21 07:15:09.101507
marafon.admitad.com,AVAILABILITY,domains.list,2021-09-21 07:15:10.004444
marble-entertainment.t.domdex.com,AVAILABILITY,domains.list,2021-09-21 07:15:10.940513
marble.t.domdex.com,AVAILABILITY,domains.list,2021-09-21 07:15:11.934962
marble-parenting.t.domdex.com,AVAILABILITY,domains.list,2021-09-21 07:15:12.789839
marble-health.t.domdex.com,AVAILABILITY,domains.list,2021-09-21 07:15:13.707749
marble-lifestyle.t.domdex.com,AVAILABILITY,domains.list,2021-09-21 07:15:14.646510
marieclairechina.adsame.com,AVAILABILITY,domains.list,2021-09-21 07:15:16.450549
marble-travel.t.domdex.com,AVAILABILITY,domains.list,2021-09-21 07:15:17.321327
marketers.dotomi.com,AVAILABILITY,domains.list,2021-09-21 07:15:18.649127
marketing.brightroll.com,AVAILABILITY,domains.list,2021-09-21 07:15:20.034350
marketing.demandbase.com,AVAILABILITY,domains.list,2021-09-21 07:15:20.971635
marketing.kissmetrics.com,AVAILABILITY,domains.list,2021-09-21 07:15:21.835989
marketing.heapanalytics.com,AVAILABILITY,domains.list,2021-09-21 07:15:22.876554
marketingb.modcloth.com,AVAILABILITY,domains.list,2021-09-21 07:15:23.780810
marketingc.modcloth.com,AVAILABILITY,domains.list,2021-09-21 07:15:24.613334
marketingd.modcloth.com,AVAILABILITY,domains.list,2021-09-21 07:15:25.470790
marmoset.user-segment.mathtag.com,AVAILABILITY,domains.list,2021-09-21 07:15:26.491620
martony.ittest.33across.com,AVAILABILITY,domains.list,2021-09-21 07:15:27.338943
massaudience-d.openx.net,AVAILABILITY,domains.list,2021-09-21 07:15:28.520550
mataharirama.xyz,AVAILABILITY,domains.list,2021-09-21 07:15:29.905530
master-ads-g2.3d.amobee.com,AVAILABILITY,domains.list,2021-09-21 07:15:43.294423
match.adlegend.com,AVAILABILITY,domains.list,2021-09-21 07:15:44.181135
matchcows.com,AVAILABILITY,domains.list,2021-09-21 07:15:45.199643
match-ap-southeast-1.sharethrough.com,AVAILABILITY,domains.list,2021-09-21 07:15:46.109361
matcher.bidder8.mookie1.com,AVAILABILITY,domains.list,2021-09-21 07:15:47.062975
matcher.bidder9.mookie1.com,AVAILABILITY,domains.list,2021-09-21 07:15:47.928409
matcher-adx.bidder7.mookie1.com,AVAILABILITY,domains.list,2021-09-21 07:15:48.878855
matcher.bidder7.mookie1.com,AVAILABILITY,domains.list,2021-09-21 07:15:49.718835
matcher.bidder10.mookie1.com,AVAILABILITY,domains.list,2021-09-21 07:15:50.635173
matcher-apx.bidder7.mookie1.com,AVAILABILITY,domains.list,2021-09-21 07:15:51.469757
matcher-cwb.bidder7.mookie1.com,AVAILABILITY,domains.list,2021-09-21 07:15:52.323202
matcher-apx.bidder9.mookie1.com,AVAILABILITY,domains.list,2021-09-21 07:15:53.163797
matcher-fb.bidder7.mookie1.com,AVAILABILITY,domains.list,2021-09-21 07:15:54.006792
matcher-opx.bidder7.mookie1.com,AVAILABILITY,domains.list,2021-09-21 07:15:54.832647
matcher-pbm.bidder7.mookie1.com,AVAILABILITY,domains.list,2021-09-21 07:15:55.664735
matcher-pbm.bidder9.mookie1.com,AVAILABILITY,domains.list,2021-09-21 07:15:56.506876
matcher-rbc.bidder7.mookie1.com,AVAILABILITY,domains.list,2021-09-21 07:15:57.464769
matcher-rbc.bidder9.mookie1.com,AVAILABILITY,domains.list,2021-09-21 07:15:58.332306
matcher-rmx.bidder7.mookie1.com,AVAILABILITY,domains.list,2021-09-21 07:15:59.251692
match-eu-central-1.sharethrough.com,AVAILABILITY,domains.list,2021-09-21 07:16:00.173383
matchflow-31.t.domdex.com,AVAILABILITY,domains.list,2021-09-21 07:16:01.067633
matchflow38-entertainment.t.domdex.com,AVAILABILITY,domains.list,2021-09-21 07:16:02.012118
matchflow40-health.t.domdex.com,AVAILABILITY,domains.list,2021-09-21 07:16:02.975919
matchflow50-business.t.domdex.com,AVAILABILITY,domains.list,2021-09-21 07:16:03.893672
matcher-aml.bidder7.mookie1.com,AVAILABILITY,domains.list,2021-09-21 07:16:04.873729
matchflow-54.t.domdex.com,AVAILABILITY,domains.list,2021-09-21 07:16:05.845576
matchflow56-government.t.domdex.com,AVAILABILITY,domains.list,2021-09-21 07:16:06.780613
matchflow-59.t.domdex.com,AVAILABILITY,domains.list,2021-09-21 07:16:07.779927
matchflow61-homeandgarden.t.domdex.com,AVAILABILITY,domains.list,2021-09-21 07:16:08.699729
matchflow60-automotive.t.domdex.com,AVAILABILITY,domains.list,2021-09-21 07:16:09.684443
matchflow-64.t.domdex.com,AVAILABILITY,domains.list,2021-09-21 07:16:10.634151
matchflow66-education.t.domdex.com,AVAILABILITY,domains.list,2021-09-21 07:16:11.599366
matchflow-69.t.domdex.com,AVAILABILITY,domains.list,2021-09-21 07:16:12.517713
matchflow71-finance.t.domdex.com,AVAILABILITY,domains.list,2021-09-21 07:16:13.409628
matchflow72-electronic.t.domdex.com,AVAILABILITY,domains.list,2021-09-21 07:16:14.458071
matchflow-76.t.domdex.com,AVAILABILITY,domains.list,2021-09-21 07:16:15.449996
matchflow43-news.t.domdex.com,AVAILABILITY,domains.list,2021-09-21 07:16:16.418362
matchflow76-health.t.domdex.com,AVAILABILITY,domains.list,2021-09-21 07:16:17.389523
matchflow-79.t.domdex.com,AVAILABILITY,domains.list,2021-09-21 07:16:18.366280
matchflow81-finance.t.domdex.com,AVAILABILITY,domains.list,2021-09-21 07:16:19.296800
matchflow-84.t.domdex.com,AVAILABILITY,domains.list,2021-09-21 07:16:20.264475
matchflow84-style.t.domdex.com,AVAILABILITY,domains.list,2021-09-21 07:16:21.195265
matchflow-998.t.domdex.com,AVAILABILITY,domains.list,2021-09-21 07:16:22.179550
matchflow-artsandentertainment.t.domdex.com,AVAILABILITY,domains.list,2021-09-21 07:16:23.129349
matchflow-automotive.t.domdex.com,AVAILABILITY,domains.list,2021-09-21 07:16:24.089755
matchflow-business.t.domdex.com,AVAILABILITY,domains.list,2021-09-21 07:16:25.010493
matchflow-finance.t.domdex.com,AVAILABILITY,domains.list,2021-09-21 07:16:25.942451
matchflow-68.t.domdex.com,AVAILABILITY,domains.list,2021-09-21 07:16:26.917297
matchflow-foodanddrink.t.domdex.com,AVAILABILITY,domains.list,2021-09-21 07:16:27.841135
matchflow-internetandtelecom.t.domdex.com,AVAILABILITY,domains.list,2021-09-21 07:16:28.761010
matchflow-health.t.domdex.com,AVAILABILITY,domains.list,2021-09-21 07:16:29.681544
matchflow-law.t.domdex.com,AVAILABILITY,domains.list,2021-09-21 07:16:30.607486
matchflow-lifestyle.t.domdex.com,AVAILABILITY,domains.list,2021-09-21 07:16:31.485559
matchflow-realestate.t.domdex.com,AVAILABILITY,domains.list,2021-09-21 07:16:32.396042
matchflow-news.t.domdex.com,AVAILABILITY,domains.list,2021-09-21 07:16:33.315370
matchflow-sciences.t.domdex.com,AVAILABILITY,domains.list,2021-09-21 07:16:34.227795
matchflow-shopping.t.domdex.com,AVAILABILITY,domains.list,2021-09-21 07:16:35.149909
matchflow-travel.t.domdex.com,AVAILABILITY,domains.list,2021-09-21 07:16:36.068413
matchflow-sports.t.domdex.com,AVAILABILITY,domains.list,2021-09-21 07:16:37.058477
matchflow-uncategorized.t.domdex.com,AVAILABILITY,domains.list,2021-09-21 07:16:38.018461
match-us-east-1.sharethrough.com,AVAILABILITY,domains.list,2021-09-21 07:16:39.011513
matchflow-careers.t.domdex.com,AVAILABILITY,domains.list,2021-09-21 07:16:39.948716
matrix.avatar.ad.xiaomi.com,AVAILABILITY,domains.list,2021-09-21 07:16:42.052662
maxcdn.quantserve.com,AVAILABILITY,domains.list,2021-09-21 07:16:43.059271
mayrondigital.g2afse.com,AVAILABILITY,domains.list,2021-09-21 07:16:44.363408
mayrondigital.go2affise.com,AVAILABILITY,domains.list,2021-09-21 07:16:45.577363
maxthon.igexin.com,AVAILABILITY,domains.list,2021-09-21 07:16:47.999623
maziynjxjdoe.com,AVAILABILITY,domains.list,2021-09-21 07:16:49.073667
mb.hiido.com,AVAILABILITY,domains.list,2021-09-21 07:16:50.665276
mb.propellerads.com,AVAILABILITY,domains.list,2021-09-21 07:16:51.666381
mbe-cdn-rtb.fyber.com,AVAILABILITY,domains.list,2021-09-21 07:16:52.675508
mc.propellerads.com,AVAILABILITY,domains.list,2021-09-21 07:16:53.729995
mc.viglink.com,AVAILABILITY,domains.list,2021-09-21 07:16:54.572151
mccormick.adlegend.com,AVAILABILITY,domains.list,2021-09-21 07:16:55.507642
mcdata.coremetrics.com,AVAILABILITY,domains.list,2021-09-21 07:16:56.514286
mcdata.de.coremetrics.com,AVAILABILITY,domains.list,2021-09-21 07:16:57.702047
mbe-monitoring.fyber.com,AVAILABILITY,domains.list,2021-09-21 07:17:11.757465
me1.vip.rmd.admob.com,AVAILABILITY,domains.list,2021-09-21 07:17:12.919381
mds.mistat.xiaomi.com,AVAILABILITY,domains.list,2021-09-21 07:17:14.370211
md.apptrknow.com,AVAILABILITY,domains.list,2021-09-21 07:17:29.576282
measure.coremetrics.com,AVAILABILITY,domains.list,2021-09-21 07:17:30.727768
measure.mobileapptracking.com,AVAILABILITY,domains.list,2021-09-21 07:17:31.794553
mea-tags.vizury.com,AVAILABILITY,domains.list,2021-09-21 07:17:32.781738
mebed.dm.gg,AVAILABILITY,domains.list,2021-09-21 07:17:34.110291
media1.adlegend.com,AVAILABILITY,domains.list,2021-09-21 07:17:34.981001
media2.adlegend.com,AVAILABILITY,domains.list,2021-09-21 07:17:35.853326
media3.adlegend.com,AVAILABILITY,domains.list,2021-09-21 07:17:36.699467
media4.adlegend.com,AVAILABILITY,domains.list,2021-09-21 07:17:37.567872
media5.adlegend.com,AVAILABILITY,domains.list,2021-09-21 07:17:38.433933
media6.adlegend.com,AVAILABILITY,domains.list,2021-09-21 07:17:39.296507
media7.adlegend.com,AVAILABILITY,domains.list,2021-09-21 07:17:40.180590
media8.adlegend.com,AVAILABILITY,domains.list,2021-09-21 07:17:41.079859
media9.adlegend.com,AVAILABILITY,domains.list,2021-09-21 07:17:41.960608
media10.adlegend.com,AVAILABILITY,domains.list,2021-09-21 07:17:42.837783
media12.adlegend.com,AVAILABILITY,domains.list,2021-09-21 07:17:43.719036
media122-d.openx.net,AVAILABILITY,domains.list,2021-09-21 07:17:44.757072
media.adlegend.com,AVAILABILITY,domains.list,2021-09-21 07:17:45.635187
media.adtech.de,AVAILABILITY,domains.list,2021-09-21 07:17:47.394829
media.adtechus.com,AVAILABILITY,domains.list,2021-09-21 07:17:48.356227
media.propellerads.com,AVAILABILITY,domains.list,2021-09-21 07:17:49.359728
media.quantserve.com,AVAILABILITY,domains.list,2021-09-21 07:17:50.360851
media.sharethrough.com,AVAILABILITY,domains.list,2021-09-21 07:17:51.258580
mediahuis-762987-hdb.adomik.com,AVAILABILITY,domains.list,2021-09-21 07:17:52.346204
medianash.g2afse.com,AVAILABILITY,domains.list,2021-09-21 07:17:53.487021
mediaparade.net,AVAILABILITY,domains.list,2021-09-21 07:17:54.559121
medias.sushis.kim,AVAILABILITY,domains.list,2021-09-21 07:17:55.743069
media-static.adsafeprotected.com,AVAILABILITY,domains.list,2021-09-21 07:17:56.644710
mediation.adsnative.com,AVAILABILITY,domains.list,2021-09-21 07:17:57.645569
mediation.batmobi.net,AVAILABILITY,domains.list,2021-09-21 07:17:58.692685
mediatrk.in,AVAILABILITY,domains.list,2021-09-21 07:18:00.115826
mediaxds.go2affise.com,AVAILABILITY,domains.list,2021-09-21 07:18:01.123187
mediaxpedia.g2afse.com,AVAILABILITY,domains.list,2021-09-21 07:18:02.273107
medifast1.adlegend.com,AVAILABILITY,domains.list,2021-09-21 07:18:03.167760
medyanet.sdk.beemray.com,AVAILABILITY,domains.list,2021-09-21 07:18:04.115795
meet.vertamedia.com,AVAILABILITY,domains.list,2021-09-21 07:18:05.021978
meihua.adsame.com,AVAILABILITY,domains.list,2021-09-21 07:18:10.862588
med.heyzap.com,AVAILABILITY,domains.list,2021-09-21 07:18:20.966068
member-zone-dev.adtelligent.com,AVAILABILITY,domains.list,2021-09-21 07:18:21.806062
menomedia.go2affise.com,AVAILABILITY,domains.list,2021-09-21 07:18:22.758391
merion-d.openx.net,AVAILABILITY,domains.list,2021-09-21 07:18:23.927871
merriamwebster.sl.advertising.com,AVAILABILITY,domains.list,2021-09-21 07:18:25.027884
merriam-webster.sl.advertising.com,AVAILABILITY,domains.list,2021-09-21 07:18:25.984434
meshopea4.info,AVAILABILITY,domains.list,2021-09-21 07:18:27.450706
meta1.adlegend.com,AVAILABILITY,domains.list,2021-09-21 07:18:28.352937
meta2.adlegend.com,AVAILABILITY,domains.list,2021-09-21 07:18:29.239446
meta.hrblock.adlegend.com,AVAILABILITY,domains.list,2021-09-21 07:18:30.111649
meta.intuit.adlegend.com,AVAILABILITY,domains.list,2021-09-21 07:18:30.983342
meta.metropcs.adlegend.com,AVAILABILITY,domains.list,2021-09-21 07:18:31.864431
meta.exelator.com,AVAILABILITY,domains.list,2021-09-21 07:18:32.720100
meta.openx.net,AVAILABILITY,domains.list,2021-09-21 07:18:33.991181
meta.turbotax.adlegend.com,AVAILABILITY,domains.list,2021-09-21 07:18:34.864012
metabase.data.districtm.io,AVAILABILITY,domains.list,2021-09-21 07:18:35.780991
metacafe-d.openx.net,AVAILABILITY,domains.list,2021-09-21 07:18:37.275292
metapelite.com,AVAILABILITY,domains.list,2021-09-21 07:18:38.277600
metrics.admob.com,AVAILABILITY,domains.list,2021-09-21 07:18:39.444179
metrics.api.xiaomi.com,AVAILABILITY,domains.list,2021-09-21 07:18:41.550251
metok-ccc.intl.xiaomi.com,AVAILABILITY,domains.list,2021-09-21 07:18:42.814224
metrics-collector-global-accelerator.s-onetag.com,AVAILABILITY,domains.list,2021-09-21 07:18:43.792676
metrics-node-nl.fitanalytics.com,AVAILABILITY,domains.list,2021-09-21 07:18:44.752989
metrics-trotsky.fitanalytics.com,AVAILABILITY,domains.list,2021-09-21 07:18:45.637728
metrics-us.fitanalytics.com,AVAILABILITY,domains.list,2021-09-21 07:18:46.552837
metrique.myntrainfo.com,AVAILABILITY,domains.list,2021-09-21 07:18:47.838899
metropcs.adlegend.com,AVAILABILITY,domains.list,2021-09-21 07:18:48.654242
mf.adsymptotic.com,AVAILABILITY,domains.list,2021-09-21 07:18:49.497509
mf.contentdef.com,AVAILABILITY,domains.list,2021-09-21 07:18:50.380480
mgmt01.eu-west-1a.tubemogul.com,AVAILABILITY,domains.list,2021-09-21 07:18:51.297576
mgmt01.ap-southeast-1a.tubemogul.com,AVAILABILITY,domains.list,2021-09-21 07:18:52.211234
mgmt01.lqweb.tubemogul.com,AVAILABILITY,domains.list,2021-09-21 07:18:53.130279
mgmt01.dbp.us-east-1d.tubemogul.com,AVAILABILITY,domains.list,2021-09-21 07:18:54.005681
mgmt01.linode.tubemogul.com,AVAILABILITY,domains.list,2021-09-21 07:18:54.878174
mgmt01.rtb2.us-east-1a.tubemogul.com,AVAILABILITY,domains.list,2021-09-21 07:18:55.811941
mgmt01.rtb2.ap-southeast-1a.tubemogul.com,AVAILABILITY,domains.list,2021-09-21 07:18:56.760469
mgmt01.rtb2.eu-west-1a.tubemogul.com,AVAILABILITY,domains.list,2021-09-21 07:18:57.645002
mgmt01.rtb.ap-southeast-1a.tubemogul.com,AVAILABILITY,domains.list,2021-09-21 07:18:58.534981
mgmt01.rtb.eu-west-1a.tubemogul.com,AVAILABILITY,domains.list,2021-09-21 07:18:59.463334
mgmt01.rtb.tm-sjc-1a.tubemogul.com,AVAILABILITY,domains.list,2021-09-21 07:19:00.353447
mgmt01.rtb.tm-iad-1a.tubemogul.com,AVAILABILITY,domains.list,2021-09-21 07:19:01.322713
mgmt01.rtb.us-west-1a.tubemogul.com,AVAILABILITY,domains.list,2021-09-21 07:19:02.298779
mgmt01.rtb.us-east-1a.tubemogul.com,AVAILABILITY,domains.list,2021-09-21 07:19:03.314004
mgmt01.rts.us-east-1a.tubemogul.com,AVAILABILITY,domains.list,2021-09-21 07:19:04.203318
mgmt01.udb.ap-southeast-1a.tubemogul.com,AVAILABILITY,domains.list,2021-09-21 07:19:05.117275
mgmt01.us-east-1a.tubemogul.com,AVAILABILITY,domains.list,2021-09-21 07:19:06.048298
mgmt01.us-west-1a.tubemogul.com,AVAILABILITY,domains.list,2021-09-21 07:19:06.999782
mgmt01.us-east-1b.tubemogul.com,AVAILABILITY,domains.list,2021-09-21 07:19:07.956175
mgmt01.us-east-1d.tubemogul.com,AVAILABILITY,domains.list,2021-09-21 07:19:08.897064
mgmt02.us-east-1b.tubemogul.com,AVAILABILITY,domains.list,2021-09-21 07:19:09.864030
mgmt02.us-east-1a.tubemogul.com,AVAILABILITY,domains.list,2021-09-21 07:19:10.821205
mh.adsupply.com,AVAILABILITY,domains.list,2021-09-21 07:19:11.769985
mhext-21.btrll.com,AVAILABILITY,domains.list,2021-09-21 07:19:13.208636
microsoft.btttag.com,AVAILABILITY,domains.list,2021-09-21 07:19:14.094074
microsoftb.btttag.com,AVAILABILITY,domains.list,2021-09-21 07:19:15.017139
microsoftstore.btttag.com,AVAILABILITY,domains.list,2021-09-21 07:19:15.888338
microsoftstore.activate.ensighten.com,AVAILABILITY,domains.list,2021-09-21 07:19:16.843122
microsoftstorejp.btttag.com,AVAILABILITY,domains.list,2021-09-21 07:19:17.748058
microsoftstoresg.btttag.com,AVAILABILITY,domains.list,2021-09-21 07:19:18.684510
mid101.rmd.admob.com,AVAILABILITY,domains.list,2021-09-21 07:19:19.882891
mid102.rmd.admob.com,AVAILABILITY,domains.list,2021-09-21 07:19:21.058469
mid103.rmd.admob.com,AVAILABILITY,domains.list,2021-09-21 07:19:22.183800
millennialmedia-d.openx.net,AVAILABILITY,domains.list,2021-09-21 07:19:23.349979
mimg.mediaplex.com,AVAILABILITY,domains.list,2021-09-21 07:19:24.722149
mimg-snv.mediaplex.com,AVAILABILITY,domains.list,2021-09-21 07:19:25.896678
minexmr.pooldd.com,AVAILABILITY,domains.list,2021-09-21 07:19:26.801441
mine-soft-software-store.pw,AVAILABILITY,domains.list,2021-09-21 07:19:28.393382
mint.polarmobile.com,AVAILABILITY,domains.list,2021-09-21 07:19:30.085959
mirrordigital-d.openx.net,AVAILABILITY,domains.list,2021-09-21 07:19:31.208210
mirtesen.smi2.ru,AVAILABILITY,domains.list,2021-09-21 07:19:35.030370
mishlohatracksdk-stg.optimove.net,AVAILABILITY,domains.list,2021-09-21 07:19:36.211922
mishlohatracksdk.optimove.net,AVAILABILITY,domains.list,2021-09-21 07:19:37.436759
missomatracksdk.optimove.net,AVAILABILITY,domains.list,2021-09-21 07:19:38.577592
mistat.intl.xiaomi.com,AVAILABILITY,domains.list,2021-09-21 07:19:40.867395
missomoms.t.domdex.com,AVAILABILITY,domains.list,2021-09-21 07:19:41.855510
mithiads.g2afse.com,AVAILABILITY,domains.list,2021-09-21 07:19:43.033746
mistat.xiaomi.com,AVAILABILITY,domains.list,2021-09-21 07:19:44.648915
miuiboot.tracking.miui.com,AVAILABILITY,domains.list,2021-09-21 07:19:46.777632
miuiboot.tracking.intl.miui.com,AVAILABILITY,domains.list,2021-09-21 07:19:48.726872
mk08gc12ah.mentalist.kameleoon.com,AVAILABILITY,domains.list,2021-09-21 07:19:49.679733
mlg-d.openx.net,AVAILABILITY,domains.list,2021-09-21 07:19:50.992235
mm1.vip.rmd.admob.com,AVAILABILITY,domains.list,2021-09-21 07:19:52.204599
mm1.vip.sc1.admob.com,AVAILABILITY,domains.list,2021-09-21 07:19:53.362760
mm1x-d.openx.net,AVAILABILITY,domains.list,2021-09-21 07:19:54.493303
mm2.propellerads.com,AVAILABILITY,domains.list,2021-09-21 07:19:55.480349
mm3.propellerads.com,AVAILABILITY,domains.list,2021-09-21 07:19:56.552587
mm.a-ads.com,AVAILABILITY,domains.list,2021-09-21 07:19:57.483083
mm.admob.com,AVAILABILITY,domains.list,2021-09-21 07:19:58.483445
mm4.propellerads.com,AVAILABILITY,domains.list,2021-09-21 07:19:59.642045
mment.g2afse.com,AVAILABILITY,domains.list,2021-09-21 07:20:00.792617
mm.brightroll.com,AVAILABILITY,domains.list,2021-09-21 07:20:02.478623
mmex.pxl.ace.advertising.com,AVAILABILITY,domains.list,2021-09-21 07:20:03.516512
mmo2de.amobee.com,AVAILABILITY,domains.list,2021-09-21 07:20:04.771947
mmv.admob.com,AVAILABILITY,domains.list,2021-09-21 07:20:05.923165
mnetrtbcdn.media.net,AVAILABILITY,domains.list,2021-09-21 07:20:07.241396
moat.pxl.ace.advertising.com,AVAILABILITY,domains.list,2021-09-21 07:20:08.186493
moattest.contextweb.com,AVAILABILITY,domains.list,2021-09-21 07:20:09.094805
mob.s.360safe.com,AVAILABILITY,domains.list,2021-09-21 07:20:11.051716
mobidiscover.g2afse.com,AVAILABILITY,domains.list,2021-09-21 07:20:12.115900
mobidiscover.go2affise.com,AVAILABILITY,domains.list,2021-09-21 07:20:13.129866
mobile4fun.g2afse.com,AVAILABILITY,domains.list,2021-09-21 07:20:14.208876
mobile.ace.advertising.com,AVAILABILITY,domains.list,2021-09-21 07:20:15.111964
mobile.btrll.com,AVAILABILITY,domains.list,2021-09-21 07:20:16.490263
mobile.brightroll.com,AVAILABILITY,domains.list,2021-09-21 07:20:17.654346
mobile.vrtzads.com,AVAILABILITY,domains.list,2021-09-21 07:20:18.786034
mobileanalytics.us-east-2.amazonaws.com,AVAILABILITY,domains.list,2021-09-21 07:20:19.708884
mobileanalytics.us-west-1.amazonaws.com,AVAILABILITY,domains.list,2021-09-21 07:20:20.536909
mobileanalytics.us-west-2.amazonaws.com,AVAILABILITY,domains.list,2021-09-21 07:20:21.511238
mobile-service.segment.com,AVAILABILITY,domains.list,2021-09-21 07:20:22.682040
mobileunlimited-d.openx.net,AVAILABILITY,domains.list,2021-09-21 07:20:23.802986
mobile-imps.brightroll.com,AVAILABILITY,domains.list,2021-09-21 07:20:24.998327
mobilithium.g2afse.com,AVAILABILITY,domains.list,2021-09-21 07:20:26.210721
mobixu.go2affise.com,AVAILABILITY,domains.list,2021-09-21 07:20:27.203884
mobsai.g2afse.com,AVAILABILITY,domains.list,2021-09-21 07:20:28.302577
mobsai.go2affise.com,AVAILABILITY,domains.list,2021-09-21 07:20:29.306037
mockdsp.cluster.pubnative.net,AVAILABILITY,domains.list,2021-09-21 07:20:30.515754
modelmayhem.t.domdex.com,AVAILABILITY,domains.list,2021-09-21 07:20:31.522628
modern.watson.data.microsoft.com,AVAILABILITY,domains.list,2021-09-21 07:20:32.714533
mojo.mediaplex.com,AVAILABILITY,domains.list,2021-09-21 07:20:34.066078
mojofarm.mediaplex.com,AVAILABILITY,domains.list,2021-09-21 07:20:35.295531
mojoworks.mediaplex.com,AVAILABILITY,domains.list,2021-09-21 07:20:36.730166
momonitor.mopub.com,AVAILABILITY,domains.list,2021-09-21 07:20:37.743330
mon.01l.xyz,AVAILABILITY,domains.list,2021-09-21 07:20:39.216044
mon24.l2pdus.mookie1.com,AVAILABILITY,domains.list,2021-09-21 07:20:40.143597
monadvert.g2afse.com,AVAILABILITY,domains.list,2021-09-21 07:20:41.240462
monditomasks.co,AVAILABILITY,domains.list,2021-09-21 07:20:42.625790
monero.tugae2.com,AVAILABILITY,domains.list,2021-09-21 07:20:43.691608
monetization-d.openx.net,AVAILABILITY,domains.list,2021-09-21 07:20:44.956726
moneyning-finance.t.domdex.com,AVAILABILITY,domains.list,2021-09-21 07:20:45.975125
monetization.appsamurai.com,AVAILABILITY,domains.list,2021-09-21 07:20:47.163180
moneytalksnews-finance.t.domdex.com,AVAILABILITY,domains.list,2021-09-21 07:20:48.103217
monitor.datafirst.io,AVAILABILITY,domains.list,2021-09-21 07:21:00.849294
monitoring.teads.tv,AVAILABILITY,domains.list,2021-09-21 07:21:01.782777
monster.adlegend.com,AVAILABILITY,domains.list,2021-09-21 07:21:02.636378
monster.ca.adlegend.com,AVAILABILITY,domains.list,2021-09-21 07:21:03.553739
montesque.t.domdex.com,AVAILABILITY,domains.list,2021-09-21 07:21:04.576893
more.vizury.com,AVAILABILITY,domains.list,2021-09-21 07:21:05.511268
more.tubemogul.com,AVAILABILITY,domains.list,2021-09-21 07:21:06.422407
m-origin-redirect.addthis.com,AVAILABILITY,domains.list,2021-09-21 07:21:07.274168
mottcp.go2affise.com,AVAILABILITY,domains.list,2021-09-21 07:21:08.235644
movoto-d.openx.net,AVAILABILITY,domains.list,2021-09-21 07:21:09.511515
mp.brightroll.com,AVAILABILITY,domains.list,2021-09-21 07:21:10.633721
mpb-winners-us-east-1-rtb.adroll.com,AVAILABILITY,domains.list,2021-09-21 07:21:11.522600
mplxtest.mediaplex.com,AVAILABILITY,domains.list,2021-09-21 07:21:12.851905
mp-sh5.dotomi.com,AVAILABILITY,domains.list,2021-09-21 07:21:14.063093
mp.advertising.com,AVAILABILITY,domains.list,2021-09-21 07:21:15.118118
mps-ws.adtechus.com,AVAILABILITY,domains.list,2021-09-21 07:21:15.979981
mq101.rmd.admob.com,AVAILABILITY,domains.list,2021-09-21 07:21:17.071628
mq102.rmd.admob.com,AVAILABILITY,domains.list,2021-09-21 07:21:18.121723
mrp.rubiconproject.com,AVAILABILITY,domains.list,2021-09-21 07:21:19.467759
mrpdisplay.rubiconproject.com,AVAILABILITY,domains.list,2021-09-21 07:21:20.769036
mrpsandbox.rubiconproject.com,AVAILABILITY,domains.list,2021-09-21 07:21:22.109433
mrptrack-e.rubiconproject.com,AVAILABILITY,domains.list,2021-09-21 07:21:23.327168
msg.kingoapp.com,AVAILABILITY,domains.list,2021-09-21 07:21:24.257197
msg.i.dotomi.com,AVAILABILITY,domains.list,2021-09-21 07:21:25.615517
msnbot-65-55-108-23.search.msn.com,AVAILABILITY,domains.list,2021-09-21 07:21:26.648283
msjzz.7jtalqshjo.firc.gdn,AVAILABILITY,domains.list,2021-09-21 07:21:29.292085
mt0h9r4021.mentalist.kameleoon.com,AVAILABILITY,domains.list,2021-09-21 07:21:30.250754
mt2.t.domdex.com,AVAILABILITY,domains.list,2021-09-21 07:21:31.288788
mt1.t.domdex.com,AVAILABILITY,domains.list,2021-09-21 07:21:32.302043
mta.propellerads.com,AVAILABILITY,domains.list,2021-09-21 07:21:33.447535
mtauto2.t.domdex.com,AVAILABILITY,domains.list,2021-09-21 07:21:34.419723
mtcmed01.nexage.com,AVAILABILITY,domains.list,2021-09-21 07:21:35.389130
mtrack-mrp.rubiconproject.com,AVAILABILITY,domains.list,2021-09-21 07:21:36.541943
mug.criteo.net,AVAILABILITY,domains.list,2021-09-21 07:21:37.849913
multistore.getsocial.io,AVAILABILITY,domains.list,2021-09-21 07:21:39.386284
munki-report.it.unbounce.com,AVAILABILITY,domains.list,2021-09-21 07:21:40.507676
musclerku.com,AVAILABILITY,domains.list,2021-09-21 07:21:41.525282
music.cooltoad.com,AVAILABILITY,domains.list,2021-09-21 07:21:42.571295
multiregionca.intentmedia.net,AVAILABILITY,domains.list,2021-09-21 07:21:56.459226
musiciansfriend.btttag.com,AVAILABILITY,domains.list,2021-09-21 07:21:57.385980
mvctracksdk.optimove.net,AVAILABILITY,domains.list,2021-09-21 07:21:58.515169
mvmtwatches.adlegend.com,AVAILABILITY,domains.list,2021-09-21 07:21:59.416151
mw01.casalemedia.com,AVAILABILITY,domains.list,2021-09-21 07:22:00.403268
mw.casalemedia.com,AVAILABILITY,domains.list,2021-09-21 07:22:01.389115
mw02.casalemedia.com,AVAILABILITY,domains.list,2021-09-21 07:22:02.281512
mwyprleeb2.mentalist.kameleoon.com,AVAILABILITY,domains.list,2021-09-21 07:22:03.133811
mx1.blockadblock.com,AVAILABILITY,domains.list,2021-09-21 07:22:04.149001
mx9zyqg65u.mentalist.kameleoon.com,AVAILABILITY,domains.list,2021-09-21 07:22:05.010151
mx.labs.teads.tv,AVAILABILITY,domains.list,2021-09-21 07:22:06.052214
my6wjj0u6m.mentalist.kameleoon.com,AVAILABILITY,domains.list,2021-09-21 07:22:06.977249
my.mgid.com,AVAILABILITY,domains.list,2021-09-21 07:22:07.863095
my.smaato.com,AVAILABILITY,domains.list,2021-09-21 07:22:09.071463
mybinding.btttag.com,AVAILABILITY,domains.list,2021-09-21 07:22:09.992580
mybuys-artsentertainment.t.domdex.com,AVAILABILITY,domains.list,2021-09-21 07:22:10.980427
mybuys-homeandgarden.t.domdex.com,AVAILABILITY,domains.list,2021-09-21 07:22:11.812496
mybuys-misc.t.domdex.com,AVAILABILITY,domains.list,2021-09-21 07:22:12.735097
mybuys-styleandfashion.t.domdex.com,AVAILABILITY,domains.list,2021-09-21 07:22:13.700140
mybuys-sports.t.domdex.com,AVAILABILITY,domains.list,2021-09-21 07:22:14.649119
mybuys-uncategorized.t.domdex.com,AVAILABILITY,domains.list,2021-09-21 07:22:15.540553
myb.statcounter.com,AVAILABILITY,domains.list,2021-09-21 07:22:16.450093
mydreamstorein.moengage.com,AVAILABILITY,domains.list,2021-09-21 07:22:17.575112
myglobaladz.g2afse.com,AVAILABILITY,domains.list,2021-09-21 07:22:18.554645
myhealthyliving.mayoclinic.org.ssl.d1.sc.omtrdc.net,AVAILABILITY,domains.list,2021-09-21 07:22:19.473491
myflaviaus.adlegend.com,AVAILABILITY,domains.list,2021-09-21 07:22:20.383882
myperfectresume.adlegend.com,AVAILABILITY,domains.list,2021-09-21 07:22:21.274875
myron.btttag.com,AVAILABILITY,domains.list,2021-09-21 07:22:22.106010
myshopify-admin-privacy.ml,AVAILABILITY,domains.list,2021-09-21 07:22:24.954674
mysubber.redirdvi.online,AVAILABILITY,domains.list,2021-09-21 07:22:25.958158
myszz.zdebc.hico.gdn,AVAILABILITY,domains.list,2021-09-21 07:22:28.166457
mzvxlpf76f.mentalist.kameleoon.com,AVAILABILITY,domains.list,2021-09-21 07:22:29.061626
n1-aux-log.unoadsrv.com,AVAILABILITY,domains.list,2021-09-21 07:22:29.983914
n1-aux-log.vertamedia.com,AVAILABILITY,domains.list,2021-09-21 07:22:30.926796
n2-aux-log.vertamedia.com,AVAILABILITY,domains.list,2021-09-21 07:22:31.775055
n3-aux-log.vertamedia.com,AVAILABILITY,domains.list,2021-09-21 07:22:32.656365
n3-aux-log.unoadsrv.com,AVAILABILITY,domains.list,2021-09-21 07:22:33.546302
n4-aux-log.unoadsrv.com,AVAILABILITY,domains.list,2021-09-21 07:22:34.425200
n4-aux-log.vertamedia.com,AVAILABILITY,domains.list,2021-09-21 07:22:35.282617
n5-aux-log.unoadsrv.com,AVAILABILITY,domains.list,2021-09-21 07:22:36.140803
n5-aux-log.vertamedia.com,AVAILABILITY,domains.list,2021-09-21 07:22:36.997529
n6-aux-log.vertamedia.com,AVAILABILITY,domains.list,2021-09-21 07:22:37.901570
n6-aux-log.unoadsrv.com,AVAILABILITY,domains.list,2021-09-21 07:22:38.700873
n7-aux-log.unoadsrv.com,AVAILABILITY,domains.list,2021-09-21 07:22:39.538614
n7-aux-log.vertamedia.com,AVAILABILITY,domains.list,2021-09-21 07:22:40.394749
n2-aux-log.unoadsrv.com,AVAILABILITY,domains.list,2021-09-21 07:22:41.247198
n8dy84xuwt.mentalist.kameleoon.com,AVAILABILITY,domains.list,2021-09-21 07:22:42.199184
n8-aux-log.unoadsrv.com,AVAILABILITY,domains.list,2021-09-21 07:22:43.040341
n8-aux-log.vertamedia.com,AVAILABILITY,domains.list,2021-09-21 07:22:43.914978
n9-aux-log.unoadsrv.com,AVAILABILITY,domains.list,2021-09-21 07:22:44.768740
n9-aux-log.vertamedia.com,AVAILABILITY,domains.list,2021-09-21 07:22:45.622189
n3285ad.doubleclick.net,AVAILABILITY,domains.list,2021-09-21 07:22:46.647099
n1326adserv.xyz,AVAILABILITY,domains.list,2021-09-21 07:22:48.075235
na-gateway.supersonicads.com,AVAILABILITY,domains.list,2021-09-21 07:22:49.086451
nagios.sc1.admob.com,AVAILABILITY,domains.list,2021-09-21 07:22:50.173505
nagios.sc9.admob.com,AVAILABILITY,domains.list,2021-09-21 07:22:51.169975
nai.adsrvr.org,AVAILABILITY,domains.list,2021-09-21 07:22:52.047667
nami.t.domdex.com,AVAILABILITY,domains.list,2021-09-21 07:22:52.978938
namo-e-tab.govt-yojna.com,AVAILABILITY,domains.list,2021-09-21 07:22:53.902906
narjesmedia.g2afse.com,AVAILABILITY,domains.list,2021-09-21 07:22:54.984104
na-qa.marketo.com,AVAILABILITY,domains.list,2021-09-21 07:22:56.220172
narvatex.g2afse.com,AVAILABILITY,domains.list,2021-09-21 07:22:57.068530
nat1.wc1.inmobi.com,AVAILABILITY,domains.list,2021-09-21 07:22:58.245385
nat.rmd.admob.com,AVAILABILITY,domains.list,2021-09-21 07:22:59.406321
nat1.ir1.inmobi.com,AVAILABILITY,domains.list,2021-09-21 07:23:00.533715
nationalfurnituresupply.moengage.com,AVAILABILITY,domains.list,2021-09-21 07:23:01.569479
native.andbeyond.media,AVAILABILITY,domains.list,2021-09-21 07:23:15.401327
navalny.smi2.ru,AVAILABILITY,domains.list,2021-09-21 07:23:18.862768
nawy.media.net,AVAILABILITY,domains.list,2021-09-21 07:23:20.090532
nbpzz.lyfd2xzauti9d8p.bapb.gdn,AVAILABILITY,domains.list,2021-09-21 07:23:22.525504
nbrmungojjggt.bid,AVAILABILITY,domains.list,2021-09-21 07:23:23.489861
ncpzz.ouasflpydty21tf.bapb.gdn,AVAILABILITY,domains.list,2021-09-21 07:23:25.465019
ncyclocorpsbx.sbx1.2o7.net,AVAILABILITY,domains.list,2021-09-21 07:23:26.331404
neowin-electronics.t.domdex.com,AVAILABILITY,domains.list,2021-09-21 07:23:27.284474
neostats.pri.pagefair.com,AVAILABILITY,domains.list,2021-09-21 07:23:28.478466
nerdwallet.adlegend.com,AVAILABILITY,domains.list,2021-09-21 07:23:29.332906
nervora-d.openx.net,AVAILABILITY,domains.list,2021-09-21 07:23:30.741849
nesn-d.openx.net,AVAILABILITY,domains.list,2021-09-21 07:23:32.087168
net-am1.casalemedia.com,AVAILABILITY,domains.list,2021-09-21 07:23:33.104730
netbar.cnzz.com,AVAILABILITY,domains.list,2021-09-21 07:23:34.023344
netezines.advertising.com,AVAILABILITY,domains.list,2021-09-21 07:23:34.875678
netline-d.openx.net,AVAILABILITY,domains.list,2021-09-21 07:23:36.276195
netfinamru.dev.smi2.net,AVAILABILITY,domains.list,2021-09-21 07:23:39.005466
netseer-d.openx.net,AVAILABILITY,domains.list,2021-09-21 07:23:40.277319
netstoragetest.media.net,AVAILABILITY,domains.list,2021-09-21 07:23:41.509136
network.admob.com,AVAILABILITY,domains.list,2021-09-21 07:23:42.684261
network.ingest.crittercism.com,AVAILABILITY,domains.list,2021-09-21 07:23:43.935787
networkpixel-auto.t.domdex.com,AVAILABILITY,domains.list,2021-09-21 07:23:44.854382
neurality.g2afse.com,AVAILABILITY,domains.list,2021-09-21 07:23:45.842782
nevs.smi2.ru,AVAILABILITY,domains.list,2021-09-21 07:23:48.675324
new.api.ad.xiaomi.com,AVAILABILITY,domains.list,2021-09-21 07:23:50.381201
new.flurry.com,AVAILABILITY,domains.list,2021-09-21 07:23:51.740807
new.hotjar.com,AVAILABILITY,domains.list,2021-09-21 07:23:52.783362
new.smi2.ru,AVAILABILITY,domains.list,2021-09-21 07:23:55.207986
newadmaster.adsame.com,AVAILABILITY,domains.list,2021-09-21 07:23:57.747358
new-iq.adtechus.com,AVAILABILITY,domains.list,2021-09-21 07:23:58.756913
news.mgid.com,AVAILABILITY,domains.list,2021-09-21 07:23:59.627982
news.mediaplex.com,AVAILABILITY,domains.list,2021-09-21 07:24:00.896110
newsite.yieldmo.com,AVAILABILITY,domains.list,2021-09-21 07:24:01.884603
newsmax.bevo.adsnative.com,AVAILABILITY,domains.list,2021-09-21 07:24:02.829234
newsletter.rubiconproject.com,AVAILABILITY,domains.list,2021-09-21 07:24:04.240903
newsmax.cdn.adsnative.com,AVAILABILITY,domains.list,2021-09-21 07:24:05.149904
newsone.moengage.com,AVAILABILITY,domains.list,2021-09-21 07:24:06.245147
newstore.batmobil.net,AVAILABILITY,domains.list,2021-09-21 07:24:07.491454
newtonrunning.adlegend.com,AVAILABILITY,domains.list,2021-09-21 07:24:08.345712
nextag-d.openx.net,AVAILABILITY,domains.list,2021-09-21 07:24:09.639162
next-assets.chartboost.com,AVAILABILITY,domains.list,2021-09-21 07:24:10.860748
nextag-shopping.t.domdex.com,AVAILABILITY,domains.list,2021-09-21 07:24:11.937752
nextmobileltd-d.openx.net,AVAILABILITY,domains.list,2021-09-21 07:24:13.396506
nexus2.ensighten.com,AVAILABILITY,domains.list,2021-09-21 07:24:14.416562
nexus.districtm.net,AVAILABILITY,domains.list,2021-09-21 07:24:15.335441
nexus-us.ensighten.com,AVAILABILITY,domains.list,2021-09-21 07:24:16.246275
nexus-us-midwest.ensighten.com,AVAILABILITY,domains.list,2021-09-21 07:24:17.210447
ng001.batmobi.net,AVAILABILITY,domains.list,2021-09-21 07:24:18.330193
ngozz.lyfd2xzauti9d8p.bapb.gdn,AVAILABILITY,domains.list,2021-09-21 07:24:20.181442
nhiot97i90.mentalist.kameleoon.com,AVAILABILITY,domains.list,2021-09-21 07:24:21.133743
nicego-h5.batmobi.net,AVAILABILITY,domains.list,2021-09-21 07:24:22.208267
nicmasolutions.g2afse.com,AVAILABILITY,domains.list,2021-09-21 07:24:23.235812
nicoclub-auto.t.domdex.com,AVAILABILITY,domains.list,2021-09-21 07:24:24.167578
nimei2tu5n.mentalist.kameleoon.com,AVAILABILITY,domains.list,2021-09-21 07:24:25.111684
nirhs39ec0.mentalist.kameleoon.com,AVAILABILITY,domains.list,2021-09-21 07:24:26.012281
niyzz.lyfd2xzauti9d8p.bapb.gdn,AVAILABILITY,domains.list,2021-09-21 07:24:27.457325
nj.akamai.startappservice.com,AVAILABILITY,domains.list,2021-09-21 07:24:28.517606
nj.facebook-info.co,AVAILABILITY,domains.list,2021-09-21 07:24:29.391441
njexp001.exelator.com,AVAILABILITY,domains.list,2021-09-21 07:24:30.389947
nkrealtorscom.moengage.com,AVAILABILITY,domains.list,2021-09-21 07:24:31.511518
nl1.clickability.com,AVAILABILITY,domains.list,2021-09-21 07:24:33.023605
nl.eu.criteo.com,AVAILABILITY,domains.list,2021-09-21 07:24:34.880099
nl.go.zog.link,AVAILABILITY,domains.list,2021-09-21 07:24:35.902979
nl.eu.criteo.net,AVAILABILITY,domains.list,2021-09-21 07:24:37.723962
nm.contextweb.com,AVAILABILITY,domains.list,2021-09-21 07:24:38.631451
nn.advertising.com,AVAILABILITY,domains.list,2021-09-21 07:24:39.579542
nnezz.qlvfyxtzjh5.bapb.gdn,AVAILABILITY,domains.list,2021-09-21 07:24:40.999990
nnrcjzith.bid,AVAILABILITY,domains.list,2021-09-21 07:24:41.939719
nnzkabsgmfjn.bid,AVAILABILITY,domains.list,2021-09-21 07:24:42.927708
node.mgid.com,AVAILABILITY,domains.list,2021-09-21 07:24:43.819656
noahedu.adsame.com,AVAILABILITY,domains.list,2021-09-21 07:24:45.826524
nomadmusic-d.openx.net,AVAILABILITY,domains.list,2021-09-21 07:24:47.154422
nonprod.flurry.com,AVAILABILITY,domains.list,2021-09-21 07:24:48.638837
notification.crittercism.com,AVAILABILITY,domains.list,2021-09-21 07:24:49.963053
notifications-a1.veinteractive.com,AVAILABILITY,domains.list,2021-09-21 07:24:50.966029
notifications-u2.veinteractive.com,AVAILABILITY,domains.list,2021-09-21 07:24:51.960320
notifications-e1.veinteractive.com,AVAILABILITY,domains.list,2021-09-21 07:24:52.946853
not-useast.connectad.io,AVAILABILITY,domains.list,2021-09-21 07:24:53.860750
noveltymedia-d.openx.net,AVAILABILITY,domains.list,2021-09-21 07:24:55.196822
noumic6hk7.mentalist.kameleoon.com,AVAILABILITY,domains.list,2021-09-21 07:24:56.058548
novelty-media-d.openx.net,AVAILABILITY,domains.list,2021-09-21 07:24:57.298939
npbzz.ouasflpydty21tf.bapb.gdn,AVAILABILITY,domains.list,2021-09-21 07:24:59.130293
novo1.adriver.ru,AVAILABILITY,domains.list,2021-09-21 07:25:01.260320
nqs-euc-c1.youboranqs01.com,AVAILABILITY,domains.list,2021-09-21 07:25:02.329045
nqs-euc-c3.youboranqs01.com,AVAILABILITY,domains.list,2021-09-21 07:25:03.363287
nqs-euc-c2.youboranqs01.com,AVAILABILITY,domains.list,2021-09-21 07:25:04.378887
nqs-gc1.youboranqs01.com,AVAILABILITY,domains.list,2021-09-21 07:25:05.344315
nqs-euc-c4.youboranqs01.com,AVAILABILITY,domains.list,2021-09-21 07:25:06.316798
nqs-usc1-gc1.youboranqs01.com,AVAILABILITY,domains.list,2021-09-21 07:25:07.324105
nqs-nl-c14.youboranqs01.com,AVAILABILITY,domains.list,2021-09-21 07:25:08.204207
nqs-usc1-gc2.youboranqs01.com,AVAILABILITY,domains.list,2021-09-21 07:25:09.141829
nqs-usc1-gc3.youboranqs01.com,AVAILABILITY,domains.list,2021-09-21 07:25:10.167182
nread-experience.teads.tv,AVAILABILITY,domains.list,2021-09-21 07:25:11.102245
nrtprod-rtbwin.applovin.com,AVAILABILITY,domains.list,2021-09-21 07:25:12.183304
ns1.adlegend.com,AVAILABILITY,domains.list,2021-09-21 07:25:13.069543
nrtstage-rtbwin.applovin.com,AVAILABILITY,domains.list,2021-09-21 07:25:14.091827
ns1.advertising.com,AVAILABILITY,domains.list,2021-09-21 07:25:15.051400
ns1.contextweb.com,AVAILABILITY,domains.list,2021-09-21 07:25:16.018328
ns1.media.net,AVAILABILITY,domains.list,2021-09-21 07:25:17.381060
ns2.a-ads.com,AVAILABILITY,domains.list,2021-09-21 07:25:18.320324
ns2.adlegend.com,AVAILABILITY,domains.list,2021-09-21 07:25:19.181091
ns2.adroll.com,AVAILABILITY,domains.list,2021-09-21 07:25:20.190603
ns2.advertising.com,AVAILABILITY,domains.list,2021-09-21 07:25:21.077253
ns2.media.net,AVAILABILITY,domains.list,2021-09-21 07:25:22.478829
ns2.steepto.com,AVAILABILITY,domains.list,2021-09-21 07:25:23.425733
ns3.adlegend.com,AVAILABILITY,domains.list,2021-09-21 07:25:24.295327
ns3.criteo.com,AVAILABILITY,domains.list,2021-09-21 07:25:25.710084
ns4.adlegend.com,AVAILABILITY,domains.list,2021-09-21 07:25:26.581021
ns4.criteo.com,AVAILABILITY,domains.list,2021-09-21 07:25:27.909354
ns4.adsame.com,AVAILABILITY,domains.list,2021-09-21 07:25:29.960004
ns5.adlegend.com,AVAILABILITY,domains.list,2021-09-21 07:25:30.845708
ns7.criteo.com,AVAILABILITY,domains.list,2021-09-21 07:25:32.199313
ns21.adlegend.com,AVAILABILITY,domains.list,2021-09-21 07:25:33.060940
ns22.adlegend.com,AVAILABILITY,domains.list,2021-09-21 07:25:33.897040
ns24.adlegend.com,AVAILABILITY,domains.list,2021-09-21 07:25:34.748558
ns.steepto.com,AVAILABILITY,domains.list,2021-09-21 07:25:35.639878
nsc3.contextweb.com,AVAILABILITY,domains.list,2021-09-21 07:25:36.518237
nsc1.contextweb.com,AVAILABILITY,domains.list,2021-09-21 07:25:37.475503
nt.criteo.com,AVAILABILITY,domains.list,2021-09-21 07:25:38.978558
nt.jp.as.criteo.com,AVAILABILITY,domains.list,2021-09-21 07:25:40.795506
nt.ny.us.criteo.com,AVAILABILITY,domains.list,2021-09-21 07:25:42.601942
ntmaf.g2afse.com,AVAILABILITY,domains.list,2021-09-21 07:25:43.702035
nu3-chfrtracksdk.optimove.net,AVAILABILITY,domains.list,2021-09-21 07:25:44.742292
nu3-chtracksdk.optimove.net,AVAILABILITY,domains.list,2021-09-21 07:25:45.752097
nu3-detracksdk.optimove.net,AVAILABILITY,domains.list,2021-09-21 07:25:46.904982
nu3-frtracksdk.optimove.net,AVAILABILITY,domains.list,2021-09-21 07:25:48.020987
nuco.adgear.com,AVAILABILITY,domains.list,2021-09-21 07:25:49.493858
nuezz.ouasflpydty21tf.bapb.gdn,AVAILABILITY,domains.list,2021-09-21 07:25:51.042561
null-ads108.rmd.admob.com,AVAILABILITY,domains.list,2021-09-21 07:25:52.091853
null-db201.rmd.admob.com,AVAILABILITY,domains.list,2021-09-21 07:25:53.311474
null-db207.rmd.admob.com,AVAILABILITY,domains.list,2021-09-21 07:25:54.257758
null-dev101.rmd.admob.com,AVAILABILITY,domains.list,2021-09-21 07:25:55.214033
null-df101.rmd.admob.com,AVAILABILITY,domains.list,2021-09-21 07:25:56.330106
nt.sv.us.criteo.com,AVAILABILITY,domains.list,2021-09-21 07:25:58.034601
null-mid104.rmd.admob.com,AVAILABILITY,domains.list,2021-09-21 07:25:59.252346
null-sw6.rmd.admob.com,AVAILABILITY,domains.list,2021-09-21 07:26:00.114820
null-tap102.rmd.admob.com,AVAILABILITY,domains.list,2021-09-21 07:26:01.168691
nume.moengage.com,AVAILABILITY,domains.list,2021-09-21 07:26:02.212459
ny1-g007.intellitxt.com,AVAILABILITY,domains.list,2021-09-21 07:26:03.232964
ny1-g012.intellitxt.com,AVAILABILITY,domains.list,2021-09-21 07:26:04.210914
ny1-g013.intellitxt.com,AVAILABILITY,domains.list,2021-09-21 07:26:05.260265
ny1-g014.intellitxt.com,AVAILABILITY,domains.list,2021-09-21 07:26:06.221972
ny1-g020.intellitxt.com,AVAILABILITY,domains.list,2021-09-21 07:26:07.099950
ny1-g024.intellitxt.com,AVAILABILITY,domains.list,2021-09-21 07:26:08.023270
ny1-g032.intellitxt.com,AVAILABILITY,domains.list,2021-09-21 07:26:08.971907
ny1-g031.intellitxt.com,AVAILABILITY,domains.list,2021-09-21 07:26:09.930160
ny1-k001.intellitxt.com,AVAILABILITY,domains.list,2021-09-21 07:26:10.940827
ny.contextweb.com,AVAILABILITY,domains.list,2021-09-21 07:26:11.904581
nycns1-ext1.fwmrm.net,AVAILABILITY,domains.list,2021-09-21 07:26:12.840608
nydc1vr.outbrain.com,AVAILABILITY,domains.list,2021-09-21 07:26:13.764327
nyjexp001.exelator.com,AVAILABILITY,domains.list,2021-09-21 07:26:14.747892
nyla.outbrain.com,AVAILABILITY,domains.list,2021-09-21 07:26:15.741119
nysnb001.exelator.com,AVAILABILITY,domains.list,2021-09-21 07:26:16.621675
nytimes.activate.ensighten.com,AVAILABILITY,domains.list,2021-09-21 07:26:23.136495
nyvzz.ouasflpydty21tf.bapb.gdn,AVAILABILITY,domains.list,2021-09-21 07:26:25.100420
o0.b0b1o.bid,AVAILABILITY,domains.list,2021-09-21 07:26:26.021253
o7i9jl.of5h8n.link,AVAILABILITY,domains.list,2021-09-21 07:26:26.984457
o8urya7fkq.mentalist.kameleoon.com,AVAILABILITY,domains.list,2021-09-21 07:26:27.825838
o48kfrlhr0.mentalist.kameleoon.com,AVAILABILITY,domains.list,2021-09-21 07:26:28.744164
o63.go.teads.tv,AVAILABILITY,domains.list,2021-09-21 07:27:24.605011
o.ballertrk100000.xyz,AVAILABILITY,domains.list,2021-09-21 07:27:25.490015
o.dev.criteo.com,AVAILABILITY,domains.list,2021-09-21 07:27:26.598492
oas-techwiki.corp.appnexus.com,AVAILABILITY,domains.list,2021-09-21 07:27:27.487487
oauth.getadmiral.com,AVAILABILITY,domains.list,2021-09-21 07:27:28.293000
obi.addesk.advertising.com,AVAILABILITY,domains.list,2021-09-21 07:27:29.100470
obi.dev.advertising.com,AVAILABILITY,domains.list,2021-09-21 07:27:29.923750
obi.adportal.advertising.com,AVAILABILITY,domains.list,2021-09-21 07:27:30.667792
obi.qat.addesk.advertising.com,AVAILABILITY,domains.list,2021-09-21 07:27:31.474621
o.xoxknct.com,AVAILABILITY,domains.list,2021-09-21 07:27:33.470295
obs01.lax1.appnexus.com,AVAILABILITY,domains.list,2021-09-21 07:27:34.323686
obs02.lax1.appnexus.com,AVAILABILITY,domains.list,2021-09-21 07:27:35.154133
obs02.nym2.appnexus.com,AVAILABILITY,domains.list,2021-09-21 07:27:36.029037
obt.outbrain.com,AVAILABILITY,domains.list,2021-09-21 07:27:36.836023
oc.adsrvr.org,AVAILABILITY,domains.list,2021-09-21 07:27:37.661407
oca.telemetry.microsoft.com.nsatc.net,AVAILABILITY,domains.list,2021-09-21 07:27:38.605407
ocm.revcontent.com,AVAILABILITY,domains.list,2021-09-21 07:27:39.412360
od2.mookie1.com,AVAILABILITY,domains.list,2021-09-21 07:27:40.182057
odb-nydc1.outbrain.com,AVAILABILITY,domains.list,2021-09-21 07:27:40.931044
odb-ladc1-level3.outbrain.com,AVAILABILITY,domains.list,2021-09-21 07:27:41.753206
odvzz.lyfd2xzauti9d8p.bapb.gdn,AVAILABILITY,domains.list,2021-09-21 07:27:44.766576
offers.bamazon.in,AVAILABILITY,domains.list,2021-09-21 07:27:45.600111
offers.hotjar.com,AVAILABILITY,domains.list,2021-09-21 07:27:46.394502
offersplus.g2afse.com,AVAILABILITY,domains.list,2021-09-21 07:27:47.260659
offertracking.adacts.com,AVAILABILITY,domains.list,2021-09-21 07:27:48.161589
office.smaato.com,AVAILABILITY,domains.list,2021-09-21 07:27:49.036292
office.magnetic.com,AVAILABILITY,domains.list,2021-09-21 07:27:49.827397
og1-iad2.adsymptotic.com,AVAILABILITY,domains.list,2021-09-21 07:27:50.603265
og-ams1.adsymptotic.com,AVAILABILITY,domains.list,2021-09-21 07:27:51.376400
og-images.segment.com,AVAILABILITY,domains.list,2021-09-21 07:27:52.204615
ohc6eiy.bid,AVAILABILITY,domains.list,2021-09-21 07:27:53.470702
ojlrlwuq8b.mentalist.kameleoon.com,AVAILABILITY,domains.list,2021-09-21 07:27:54.368205
okeyletsgo.ml,AVAILABILITY,domains.list,2021-09-21 07:27:56.674045
okstrade.go2affise.com,AVAILABILITY,domains.list,2021-09-21 07:27:57.471787
ol.mmstat.com,AVAILABILITY,domains.list,2021-09-21 07:27:58.323387
old.smi2.net,AVAILABILITY,domains.list,2021-09-21 07:28:00.646786
oldsite.yieldmo.com,AVAILABILITY,domains.list,2021-09-21 07:28:01.447851
olgjzpgp.com,AVAILABILITY,domains.list,2021-09-21 07:28:02.341425
olivesoftware-d.openx.net,AVAILABILITY,domains.list,2021-09-21 07:28:03.209823
oncampusweb-d.openx.net,AVAILABILITY,domains.list,2021-09-21 07:28:04.133596
onclick.dashboard.propellerads.com,AVAILABILITY,domains.list,2021-09-21 07:28:05.033751
one.advertising.com,AVAILABILITY,domains.list,2021-09-21 07:28:05.754806
oneapi-qa.advertising.com,AVAILABILITY,domains.list,2021-09-21 07:28:06.485609
onecreative.advertising.com,AVAILABILITY,domains.list,2021-09-21 07:28:07.164497
onlinemediadiva.t.domdex.com,AVAILABILITY,domains.list,2021-09-21 07:28:08.116506
onlinesubphonesoft.win,AVAILABILITY,domains.list,2021-09-21 07:28:09.850231
onshow.admob.com,AVAILABILITY,domains.list,2021-09-21 07:28:10.719512
onthemoveltd-homesgofast.t.domdex.com,AVAILABILITY,domains.list,2021-09-21 07:28:11.601440
onthemoveltd-propertyo.t.domdex.com,AVAILABILITY,domains.list,2021-09-21 07:28:12.457799
onthemoveltd-globalproperty.t.domdex.com,AVAILABILITY,domains.list,2021-09-21 07:28:13.340548
oodle-auto.t.domdex.com,AVAILABILITY,domains.list,2021-09-21 07:28:14.375097
oodle-homepage.t.domdex.com,AVAILABILITY,domains.list,2021-09-21 07:28:15.245306
oodle-pets.t.domdex.com,AVAILABILITY,domains.list,2021-09-21 07:28:16.271052
oops.lijit.com,AVAILABILITY,domains.list,2021-09-21 07:28:17.020906
open.plugin.tui.cnzz.com,AVAILABILITY,domains.list,2021-09-21 07:28:18.492697
opendsp.rubiconproject.com,AVAILABILITY,domains.list,2021-09-21 07:28:19.455549
openldap.corp.sin1.appnexus.com,AVAILABILITY,domains.list,2021-09-21 07:28:20.314090
openrtb.brealtime.com,AVAILABILITY,domains.list,2021-09-21 07:28:21.187067
openim.hiido.com,AVAILABILITY,domains.list,2021-09-21 07:28:23.239390
openxjapan-d.openx.net,AVAILABILITY,domains.list,2021-09-21 07:28:24.045091
opera1-servedby.advertising.com,AVAILABILITY,domains.list,2021-09-21 07:28:24.777102
opgg-d.openx.net,AVAILABILITY,domains.list,2021-09-21 07:28:25.615504
opsllc360-d.openx.net,AVAILABILITY,domains.list,2021-09-21 07:28:26.518766
ops-self-service.adsrvr.org,AVAILABILITY,domains.list,2021-09-21 07:28:27.267751
opswiki.optimove.net,AVAILABILITY,domains.list,2021-09-21 07:28:28.108136
optimatic-match.dotomi.com,AVAILABILITY,domains.list,2021-09-21 07:28:28.973211
optimized-by.aws.rubiconproject.com,AVAILABILITY,domains.list,2021-09-21 07:28:29.807110
optimized-rtp-us-west.rubiconproject.com,AVAILABILITY,domains.list,2021-09-21 07:28:30.663101
optimized-by-adv.rubiconproject.com,AVAILABILITY,domains.list,2021-09-21 07:28:31.505432
optimumresponse.adlegend.com,AVAILABILITY,domains.list,2021-09-21 07:28:32.379449
optout3.adaptv.advertising.com,AVAILABILITY,domains.list,2021-09-21 07:28:33.198499
optout3.adtechjp.com,AVAILABILITY,domains.list,2021-09-21 07:28:34.033712
optout3.adtechus.com,AVAILABILITY,domains.list,2021-09-21 07:28:35.197942
optout3.adtech.de,AVAILABILITY,domains.list,2021-09-21 07:28:36.029599
optout3.advertising.com,AVAILABILITY,domains.list,2021-09-21 07:28:36.772298
optout3.convertro.com,AVAILABILITY,domains.list,2021-09-21 07:28:38.284595
optout3.tacoda.at.atwola.com,AVAILABILITY,domains.list,2021-09-21 07:28:39.484832
optout3.ar.atwola.com,AVAILABILITY,domains.list,2021-09-21 07:28:40.356868
optout.ad.us-ec.adtechus.com,AVAILABILITY,domains.list,2021-09-21 07:28:41.246626
optout.adaptv.advertising.com,AVAILABILITY,domains.list,2021-09-21 07:28:42.112722
optout.adserver.adtechus.com,AVAILABILITY,domains.list,2021-09-21 07:28:42.909054
optout.adserverec.adtechus.com,AVAILABILITY,domains.list,2021-09-21 07:28:44.459220
optout.adtech.de,AVAILABILITY,domains.list,2021-09-21 07:28:45.541345
optout.adserverwc.adtechus.com,AVAILABILITY,domains.list,2021-09-21 07:28:46.379604
optout.advertising.com,AVAILABILITY,domains.list,2021-09-21 07:28:47.120009
optout.glb.adtechus.com,AVAILABILITY,domains.list,2021-09-21 07:28:47.876919
optout.inmobi.com,AVAILABILITY,domains.list,2021-09-21 07:28:48.755885
optout.tacoda.at.atwola.com,AVAILABILITY,domains.list,2021-09-21 07:28:49.904325
opx-winners-ap-southeast-1-rtb.adroll.com,AVAILABILITY,domains.list,2021-09-21 07:28:51.696477
orddiltnmmlu.com,AVAILABILITY,domains.list,2021-09-21 07:28:52.607249
ord-dtmpub.dotomi.com,AVAILABILITY,domains.list,2021-09-21 07:28:53.515473
ord-res.dotomi.com,AVAILABILITY,domains.list,2021-09-21 07:28:54.491920
oreck.adlegend.com,AVAILABILITY,domains.list,2021-09-21 07:28:55.280594
oqnzz.lyfd2xzauti9d8p.bapb.gdn,AVAILABILITY,domains.list,2021-09-21 07:28:57.702213
orf2.advertising.com,AVAILABILITY,domains.list,2021-09-21 07:28:58.462050
origin.adlegend.com,AVAILABILITY,domains.list,2021-09-21 07:28:59.231359
origin.uac.advertising.com,AVAILABILITY,domains.list,2021-09-21 07:28:59.915773
origin-stage-app.scorecardresearch.com,AVAILABILITY,domains.list,2021-09-21 07:29:00.647169
origin-static.exosrv.com,AVAILABILITY,domains.list,2021-09-21 07:29:01.659649
origintemp.veinteractive.com,AVAILABILITY,domains.list,2021-09-21 07:29:02.461637
origin-ui.revcontent.com,AVAILABILITY,domains.list,2021-09-21 07:29:03.326616
origin-vlibs.advertising.com,AVAILABILITY,domains.list,2021-09-21 07:29:04.000389
orionimg.adkmob.com,AVAILABILITY,domains.list,2021-09-21 07:29:04.824749
or-web1.act-on.com,AVAILABILITY,domains.list,2021-09-21 07:29:05.636202
or-web2.act-on.com,AVAILABILITY,domains.list,2021-09-21 07:29:06.475232
oscar0.rtb.appier.net,AVAILABILITY,domains.list,2021-09-21 07:29:07.724071
oscae119.rtb.appier.net,AVAILABILITY,domains.list,2021-09-21 07:29:09.008192
oscar2.rtb.appier.net,AVAILABILITY,domains.list,2021-09-21 07:29:10.186877
oscar1.rtb.appier.net,AVAILABILITY,domains.list,2021-09-21 07:29:11.432873
oscar4.rtb.appier.net,AVAILABILITY,domains.list,2021-09-21 07:29:12.622191
oscar5.rtb.appier.net,AVAILABILITY,domains.list,2021-09-21 07:29:13.838645
oscar7.rtb.appier.net,AVAILABILITY,domains.list,2021-09-21 07:29:14.709730
oscar9.rtb.appier.net,AVAILABILITY,domains.list,2021-09-21 07:29:15.715544
oscar14.rtb.appier.net,AVAILABILITY,domains.list,2021-09-21 07:29:16.939409
oscar15.rtb.appier.net,AVAILABILITY,domains.list,2021-09-21 07:29:17.985156
oscar16.rtb.appier.net,AVAILABILITY,domains.list,2021-09-21 07:29:19.105049
oscar17.rtb.appier.net,AVAILABILITY,domains.list,2021-09-21 07:29:20.135709
oscar3.rtb.appier.net,AVAILABILITY,domains.list,2021-09-21 07:29:21.224340
oscar19.rtb.appier.net,AVAILABILITY,domains.list,2021-09-21 07:29:22.312767
oscar18.rtb.appier.net,AVAILABILITY,domains.list,2021-09-21 07:29:23.431828
oscar20.rtb.appier.net,AVAILABILITY,domains.list,2021-09-21 07:29:24.367932
oscar22.rtb.appier.net,AVAILABILITY,domains.list,2021-09-21 07:29:25.424880
oscar24.rtb.appier.net,AVAILABILITY,domains.list,2021-09-21 07:29:26.345067
oscar11.rtb.appier.net,AVAILABILITY,domains.list,2021-09-21 07:29:27.420913
oscar25.rtb.appier.net,AVAILABILITY,domains.list,2021-09-21 07:29:28.498342
oscar26.rtb.appier.net,AVAILABILITY,domains.list,2021-09-21 07:29:29.442610
oscar28.rtb.appier.net,AVAILABILITY,domains.list,2021-09-21 07:29:30.501494
oscar29.rtb.appier.net,AVAILABILITY,domains.list,2021-09-21 07:29:31.473915
oscar31.rtb.appier.net,AVAILABILITY,domains.list,2021-09-21 07:29:32.517241
oscar32.rtb.appier.net,AVAILABILITY,domains.list,2021-09-21 07:29:33.524950
oscar35.rtb.appier.net,AVAILABILITY,domains.list,2021-09-21 07:29:34.430817
oscar40.rtb.appier.net,AVAILABILITY,domains.list,2021-09-21 07:29:35.492982
oscar48.rtb.appier.net,AVAILABILITY,domains.list,2021-09-21 07:29:36.672164
oscar51.rtb.appier.net,AVAILABILITY,domains.list,2021-09-21 07:29:37.818721
oscar55.rtb.appier.net,AVAILABILITY,domains.list,2021-09-21 07:29:38.887245
oscar61.rtb.appier.net,AVAILABILITY,domains.list,2021-09-21 07:29:40.027038
oscar58.rtb.appier.net,AVAILABILITY,domains.list,2021-09-21 07:29:41.177651
oscar63.rtb.appier.net,AVAILABILITY,domains.list,2021-09-21 07:29:42.261555
oscar64.rtb.appier.net,AVAILABILITY,domains.list,2021-09-21 07:29:43.086986
oscar65.rtb.appier.net,AVAILABILITY,domains.list,2021-09-21 07:29:43.991726
oscar66.rtb.appier.net,AVAILABILITY,domains.list,2021-09-21 07:29:45.000308
oscar69.rtb.appier.net,AVAILABILITY,domains.list,2021-09-21 07:29:46.117932
oscar67.rtb.appier.net,AVAILABILITY,domains.list,2021-09-21 07:29:47.127127
oscar71.rtb.appier.net,AVAILABILITY,domains.list,2021-09-21 07:29:48.110698
oscar70.rtb.appier.net,AVAILABILITY,domains.list,2021-09-21 07:29:49.160380
oscar72.rtb.appier.net,AVAILABILITY,domains.list,2021-09-21 07:29:50.177846
oscar77.rtb.appier.net,AVAILABILITY,domains.list,2021-09-21 07:29:51.273589
oscar78.rtb.appier.net,AVAILABILITY,domains.list,2021-09-21 07:29:52.380125
oscar88.rtb.appier.net,AVAILABILITY,domains.list,2021-09-21 07:29:53.568590
oscar74.rtb.appier.net,AVAILABILITY,domains.list,2021-09-21 07:29:54.577462
oscar90.rtb.appier.net,AVAILABILITY,domains.list,2021-09-21 07:29:55.637102
oscar79.rtb.appier.net,AVAILABILITY,domains.list,2021-09-21 07:29:56.846569
oscar99.rtb.appier.net,AVAILABILITY,domains.list,2021-09-21 07:29:58.118991
oscar101.rtb.appier.net,AVAILABILITY,domains.list,2021-09-21 07:29:59.142096
oscar105.rtb.appier.net,AVAILABILITY,domains.list,2021-09-21 07:30:00.251169
oscar106.rtb.appier.net,AVAILABILITY,domains.list,2021-09-21 07:30:01.269845
oscar108.rtb.appier.net,AVAILABILITY,domains.list,2021-09-21 07:30:02.349276
oscar110.rtb.appier.net,AVAILABILITY,domains.list,2021-09-21 07:30:03.352727
oscar111.rtb.appier.net,AVAILABILITY,domains.list,2021-09-21 07:30:04.451989
oscar113.rtb.appier.net,AVAILABILITY,domains.list,2021-09-21 07:30:10.766112
oscar116.rtb.appier.net,AVAILABILITY,domains.list,2021-09-21 07:30:11.985742
oscar118.rtb.appier.net,AVAILABILITY,domains.list,2021-09-21 07:30:13.029459
oscar.alphonso.tv,AVAILABILITY,domains.list,2021-09-21 07:30:14.114292
oscar-server.sharethrough.com,AVAILABILITY,domains.list,2021-09-21 07:30:14.961122
oscar-client.sharethrough.com,AVAILABILITY,domains.list,2021-09-21 07:30:15.764490
ospf1-apac-sg.stickyadstv.com,AVAILABILITY,domains.list,2021-09-21 07:30:16.570578
otava.sdk.beemray.com,AVAILABILITY,domains.list,2021-09-21 07:30:17.510730
otterbox.btttag.com,AVAILABILITY,domains.list,2021-09-21 07:30:18.273203
otterboxie.btttag.com,AVAILABILITY,domains.list,2021-09-21 07:30:19.087011
otto-online.jp.102.112.2o7.net,AVAILABILITY,domains.list,2021-09-21 07:30:20.001824
ouasflpydty21tf.bapb.gdn,AVAILABILITY,domains.list,2021-09-21 07:30:21.085679
ounaihekw.bid,AVAILABILITY,domains.list,2021-09-21 07:30:22.276926
oursplce.club,AVAILABILITY,domains.list,2021-09-21 07:30:23.403660
ourtabta133.club,AVAILABILITY,domains.list,2021-09-21 07:30:24.347369
ourtime.adlegend.com,AVAILABILITY,domains.list,2021-09-21 07:30:25.168220
otvzz.qlvfyxtzjh5.bapb.gdn,AVAILABILITY,domains.list,2021-09-21 07:30:27.201875
outside.hotjar.com,AVAILABILITY,domains.list,2021-09-21 07:30:28.007666
ovalpigs.com,AVAILABILITY,domains.list,2021-09-21 07:30:28.837983
overdrive-d.openx.net,AVAILABILITY,domains.list,2021-09-21 07:30:29.757074
ovqzz.lyfd2xzauti9d8p.bapb.gdn,AVAILABILITY,domains.list,2021-09-21 07:30:30.522319
ow0wwbhk8b.mentalist.kameleoon.com,AVAILABILITY,domains.list,2021-09-21 07:30:31.354541
owa.amobee.com,AVAILABILITY,domains.list,2021-09-21 07:30:32.466466
owa.dotomi.com,AVAILABILITY,domains.list,2021-09-21 07:30:33.403282
owa.vertamedia.com,AVAILABILITY,domains.list,2021-09-21 07:30:34.264670
ox.pxl.ace.advertising.com,AVAILABILITY,domains.list,2021-09-21 07:30:35.036370
oxdemo-d.openx.net,AVAILABILITY,domains.list,2021-09-21 07:30:35.946438
oxjapan-d.openx.net,AVAILABILITY,domains.list,2021-09-21 07:30:37.275523
ox-rtb-fkb-2.connexity.net,AVAILABILITY,domains.list,2021-09-21 07:30:38.125545
oz.ministryofads.com,AVAILABILITY,domains.list,2021-09-21 07:30:39.014912
ozil.alphonso.tv,AVAILABILITY,domains.list,2021-09-21 07:30:39.889994
p1.vip.sc9.admob.com,AVAILABILITY,domains.list,2021-09-21 07:30:40.816889
p3.server.cpmstar.com,AVAILABILITY,domains.list,2021-09-21 07:30:41.605502
p291922.ecdoz.club,AVAILABILITY,domains.list,2021-09-21 07:30:42.398275
p.ace.advertising.com,AVAILABILITY,domains.list,2021-09-21 07:30:43.214252
p.admob.com,AVAILABILITY,domains.list,2021-09-21 07:30:44.106291
p.datafirst.io,AVAILABILITY,domains.list,2021-09-21 07:30:50.469553
p.media.net,AVAILABILITY,domains.list,2021-09-21 07:30:51.324959
p.t.dps-reach.com,AVAILABILITY,domains.list,2021-09-21 07:30:52.445496
pacho.yo.immo,AVAILABILITY,domains.list,2021-09-21 07:30:53.340067
p-ads24.eu.adsymptotic.com,AVAILABILITY,domains.list,2021-09-21 07:30:54.156700
p-ads34.eu.adsymptotic.com,AVAILABILITY,domains.list,2021-09-21 07:30:54.988248
p-ads44.eu.adsymptotic.com,AVAILABILITY,domains.list,2021-09-21 07:30:55.799837
p-ads54.eu.adsymptotic.com,AVAILABILITY,domains.list,2021-09-21 07:30:56.528256
p-ads74.eu.adsymptotic.com,AVAILABILITY,domains.list,2021-09-21 07:30:57.362143
padsquad-d.openx.net,AVAILABILITY,domains.list,2021-09-21 07:30:58.219704
pakistanelevators.pk,AVAILABILITY,domains.list,2021-09-21 07:30:59.367578
pandora-d.openx.net,AVAILABILITY,domains.list,2021-09-21 07:31:00.184225
pantheon.heapanalytics.com,AVAILABILITY,domains.list,2021-09-21 07:31:00.986292
p-apac.adsymptotic.com,AVAILABILITY,domains.list,2021-09-21 07:31:01.750230
parkdia.adlegend.com,AVAILABILITY,domains.list,2021-09-21 07:31:02.511327
partner-plumdistrict-com.customtraffic.impactradius.com,AVAILABILITY,domains.list,2021-09-21 07:31:03.348401
partnerprogram.atlassolutions.com,AVAILABILITY,domains.list,2021-09-21 07:31:04.104455
partnerrudishumpert.sbx1.2o7.net,AVAILABILITY,domains.list,2021-09-21 07:31:05.000314
partners.content-ad.net,AVAILABILITY,domains.list,2021-09-21 07:31:05.877652
partners.crittercism.com,AVAILABILITY,domains.list,2021-09-21 07:31:06.702398
partners.mobileapptracking.com,AVAILABILITY,domains.list,2021-09-21 07:31:07.536452
partners-jawbone-com.customtraffic.impactradius.com,AVAILABILITY,domains.list,2021-09-21 07:31:08.380824
partners-wynnlasvegas-com.customtraffic.impactradius.com,AVAILABILITY,domains.list,2021-09-21 07:31:09.148914
partnerzzqcorp.sbx1.2o7.net,AVAILABILITY,domains.list,2021-09-21 07:31:10.197768
pas-api.rubiconproject.com,AVAILABILITY,domains.list,2021-09-21 07:31:10.995768
pascal.datafirst.io,AVAILABILITY,domains.list,2021-09-21 07:31:13.373117
passback.propellerads.com,AVAILABILITY,domains.list,2021-09-21 07:31:14.210497
passport.mobogenie.com,AVAILABILITY,domains.list,2021-09-21 07:31:15.006185
partner.intentmedia.net,AVAILABILITY,domains.list,2021-09-21 07:31:26.147959
paste-d.openx.net,AVAILABILITY,domains.list,2021-09-21 07:31:27.000669
pastepb-d.openx.net,AVAILABILITY,domains.list,2021-09-21 07:31:27.891189
patelmagnets.moengage.com,AVAILABILITY,domains.list,2021-09-21 07:31:28.738551
pc1-collect.tealiumiq.com,AVAILABILITY,domains.list,2021-09-21 07:31:29.515859
pc1-collect-us-east-1.tealiumiq.com,AVAILABILITY,domains.list,2021-09-21 07:31:30.411519
pc1-visitor-service.tealiumiq.com,AVAILABILITY,domains.list,2021-09-21 07:31:31.237531
pc.sharethrough.com,AVAILABILITY,domains.list,2021-09-21 07:31:32.139909
pc1-visitor-service-us-east-1.tealiumiq.com,AVAILABILITY,domains.list,2021-09-21 07:31:32.918553
pcca1.manifest.auditude.com,AVAILABILITY,domains.list,2021-09-21 07:31:33.758068
pcca2.manifest.auditude.com,AVAILABILITY,domains.list,2021-09-21 07:31:34.679773
pcca4.manifest.auditude.com,AVAILABILITY,domains.list,2021-09-21 07:31:35.550988
pcca3.manifest.auditude.com,AVAILABILITY,domains.list,2021-09-21 07:31:36.560249
pce2.manifest.auditude.com,AVAILABILITY,domains.list,2021-09-21 07:31:37.462312
pcor1.manifest.auditude.com,AVAILABILITY,domains.list,2021-09-21 07:31:38.325199
pcor2.manifest.auditude.com,AVAILABILITY,domains.list,2021-09-21 07:31:39.141671
pcva2.manifest.auditude.com,AVAILABILITY,domains.list,2021-09-21 07:31:39.960258
pcva1.manifest.auditude.com,AVAILABILITY,domains.list,2021-09-21 07:31:40.905615
pdb.adsnative.com,AVAILABILITY,domains.list,2021-09-21 07:31:41.698133
pdm8kxw7.website,AVAILABILITY,domains.list,2021-09-21 07:31:42.964188
pdt01.c.appier.net,AVAILABILITY,domains.list,2021-09-21 07:31:43.752086
pele.alphonso.tv,AVAILABILITY,domains.list,2021-09-21 07:31:44.709498
pepperfrytracksdk.optimove.net,AVAILABILITY,domains.list,2021-09-21 07:31:45.530462
pepperfrymobiletracksdk.optimove.net,AVAILABILITY,domains.list,2021-09-21 07:31:46.249283
perf.logsss.com,AVAILABILITY,domains.list,2021-09-21 07:31:47.134981
perfmedia-d.openx.net,AVAILABILITY,domains.list,2021-09-21 07:31:47.959410
performer.api.naiadsystems.comm,AVAILABILITY,domains.list,2021-09-21 07:31:48.856128
performance.intentmedia.net,AVAILABILITY,domains.list,2021-09-21 07:31:59.839732
pet.adsafeprotected.com,AVAILABILITY,domains.list,2021-09-21 07:32:00.652232
pets.t.domdex.com,AVAILABILITY,domains.list,2021-09-21 07:32:01.523217
phabricator.leanplum.com,AVAILABILITY,domains.list,2021-09-21 07:32:02.494180
pharmaca.adlegend.com,AVAILABILITY,domains.list,2021-09-21 07:32:03.312152
pcookie.split.cnzz.com,AVAILABILITY,domains.list,2021-09-21 07:32:37.432200
phoenix.polarmobile.com,AVAILABILITY,domains.list,2021-09-21 07:32:38.703586
phoenix-cdn.polarmobile.com,AVAILABILITY,domains.list,2021-09-21 07:32:39.775305
phone.igexin.com,AVAILABILITY,domains.list,2021-09-21 07:32:43.850325
phoneapi.igexin.com,AVAILABILITY,domains.list,2021-09-21 07:32:46.516525
phonedog-electronics.t.domdex.com,AVAILABILITY,domains.list,2021-09-21 07:32:47.624571
photobucket-d.openx.net,AVAILABILITY,domains.list,2021-09-21 07:32:48.715653
pictela-sb-ec.adtechus.com,AVAILABILITY,domains.list,2021-09-21 07:32:49.762181
pilatus.connectad.io,AVAILABILITY,domains.list,2021-09-21 07:32:50.460327
ping.mtraction.com,AVAILABILITY,domains.list,2021-09-21 07:32:51.210640
pinkmedia.g2afse.com,AVAILABILITY,domains.list,2021-09-21 07:32:51.943797
pistats-lib-analytics.pi-stats.com,AVAILABILITY,domains.list,2021-09-21 07:32:52.655561
piwik.tackl.it,AVAILABILITY,domains.list,2021-09-21 07:32:53.977938
pix2.eu.criteo.net,AVAILABILITY,domains.list,2021-09-21 07:32:54.983965
piwik.shenghuo.xiaomi.com,AVAILABILITY,domains.list,2021-09-21 07:32:57.108026
pix2.as.criteo.net,AVAILABILITY,domains.list,2021-09-21 07:32:58.850067
pix3.eu.criteo.net,AVAILABILITY,domains.list,2021-09-21 07:32:59.890741
pix3.as.criteo.net,AVAILABILITY,domains.list,2021-09-21 07:33:01.273326
pix4.as.criteo.net,AVAILABILITY,domains.list,2021-09-21 07:33:02.499484
pix.btrll.com,AVAILABILITY,domains.list,2021-09-21 07:33:03.748257
pix4.eu.criteo.net,AVAILABILITY,domains.list,2021-09-21 07:33:09.872548
pix.dco.advertising.com,AVAILABILITY,domains.list,2021-09-21 07:33:10.619387
pix.ny.us.criteo.net,AVAILABILITY,domains.list,2021-09-21 07:33:11.650236
pix.sh.cn.criteo.net,AVAILABILITY,domains.list,2021-09-21 07:33:12.530740
pix.sv.us.criteo.net,AVAILABILITY,domains.list,2021-09-21 07:33:13.816657
pix.tracking.justpremium.com,AVAILABILITY,domains.list,2021-09-21 07:33:29.654131
pixel.adadvisor.net,AVAILABILITY,domains.list,2021-09-21 07:33:30.642792
pixel.andalbrighth.pro,AVAILABILITY,domains.list,2021-09-21 07:33:31.589520
pixel.bild.de,AVAILABILITY,domains.list,2021-09-21 07:33:33.066951
pixel.criteo.net,AVAILABILITY,domains.list,2021-09-21 07:33:34.528037
pixel.criteo.com,AVAILABILITY,domains.list,2021-09-21 07:33:35.887835
pixel.ingest.at.atwola.com,AVAILABILITY,domains.list,2021-09-21 07:33:36.915573
pixel.parsely.com,AVAILABILITY,domains.list,2021-09-21 07:33:37.875029
pixel.webeyemob.com,AVAILABILITY,domains.list,2021-09-21 07:33:38.946698
pixel.redditmedia.com,AVAILABILITY,domains.list,2021-09-21 07:33:39.730018
pixel-apc.adsymptotic.com,AVAILABILITY,domains.list,2021-09-21 07:33:40.572099
pixfuture-d.openx.net,AVAILABILITY,domains.list,2021-09-21 07:33:41.506243
placement-networks.sharethrough.com,AVAILABILITY,domains.list,2021-09-21 07:33:42.348593
placewise.t.domdex.com,AVAILABILITY,domains.list,2021-09-21 07:33:43.247781
plated.adlegend.com,AVAILABILITY,domains.list,2021-09-21 07:33:44.081262
platform.adbrain.com,AVAILABILITY,domains.list,2021-09-21 07:33:45.026910
platform.mobileapptracking.com,AVAILABILITY,domains.list,2021-09-21 07:33:45.953525
platform.ifc.inmobi.com,AVAILABILITY,domains.list,2021-09-21 07:33:47.206207
platform.sharethrough.com,AVAILABILITY,domains.list,2021-09-21 07:33:48.193512
playbill-d.openx.net,AVAILABILITY,domains.list,2021-09-21 07:33:49.153102
playbook.segment.com,AVAILABILITY,domains.list,2021-09-21 07:33:50.115008
player.alfa.smartlook.com,AVAILABILITY,domains.list,2021-09-21 07:34:01.344643
player.beta.smartlook.com,AVAILABILITY,domains.list,2021-09-21 07:34:02.277667
player.smartlook.com,AVAILABILITY,domains.list,2021-09-21 07:34:03.191721
playtika-api.optimove.net,AVAILABILITY,domains.list,2021-09-21 07:34:03.947004
p-lb1.eu.adsymptotic.com,AVAILABILITY,domains.list,2021-09-21 07:34:04.794534
p-lb3.eu.adsymptotic.com,AVAILABILITY,domains.list,2021-09-21 07:34:05.601563
p-lb2.eu.adsymptotic.com,AVAILABILITY,domains.list,2021-09-21 07:34:06.495442
p-lb3-vip0.eu.adsymptotic.com,AVAILABILITY,domains.list,2021-09-21 07:34:07.329751
p-lb4.eu.adsymptotic.com,AVAILABILITY,domains.list,2021-09-21 07:34:08.226772
p-lb6.eu.adsymptotic.com,AVAILABILITY,domains.list,2021-09-21 07:34:09.035224
p-lb5.eu.adsymptotic.com,AVAILABILITY,domains.list,2021-09-21 07:34:09.839323
p-lb7.eu.adsymptotic.com,AVAILABILITY,domains.list,2021-09-21 07:34:10.725888
p-lb9.eu.adsymptotic.com,AVAILABILITY,domains.list,2021-09-21 07:34:11.514204
p-lb8.eu.adsymptotic.com,AVAILABILITY,domains.list,2021-09-21 07:34:12.360443
p-lb11.eu.adsymptotic.com,AVAILABILITY,domains.list,2021-09-21 07:34:13.252561
p-lb10.eu.adsymptotic.com,AVAILABILITY,domains.list,2021-09-21 07:34:14.036304
p-lb12.eu.adsymptotic.com,AVAILABILITY,domains.list,2021-09-21 07:34:14.927946
p-lb13.eu.adsymptotic.com,AVAILABILITY,domains.list,2021-09-21 07:34:15.829438
p-lb14.eu.adsymptotic.com,AVAILABILITY,domains.list,2021-09-21 07:34:16.628799
p-lb15.eu.adsymptotic.com,AVAILABILITY,domains.list,2021-09-21 07:34:17.423198
p-lb16.eu.adsymptotic.com,AVAILABILITY,domains.list,2021-09-21 07:34:18.272924
p-lb17.eu.adsymptotic.com,AVAILABILITY,domains.list,2021-09-21 07:34:19.052523
p-lb18.eu.adsymptotic.com,AVAILABILITY,domains.list,2021-09-21 07:34:19.906868
p-lb19.eu.adsymptotic.com,AVAILABILITY,domains.list,2021-09-21 07:34:20.790796
plocking.win,AVAILABILITY,domains.list,2021-09-21 07:34:22.140211
plugin.batmobi.net,AVAILABILITY,domains.list,2021-09-21 07:34:22.954902
plvmvowbnt.mentalist.kameleoon.com,AVAILABILITY,domains.list,2021-09-21 07:34:23.878908
pm.glbp.w55c.net,AVAILABILITY,domains.list,2021-09-21 07:34:24.747129
pmailtest.advertising.com,AVAILABILITY,domains.list,2021-09-21 07:34:25.569037
pma.nz.igexin.com,AVAILABILITY,domains.list,2021-09-21 07:34:31.246249
pmp.sharethrough.com,AVAILABILITY,domains.list,2021-09-21 07:34:32.075823
pm-rtb-fkb-2.connexity.net,AVAILABILITY,domains.list,2021-09-21 07:34:32.971721
pocket-lintltd.t.domdex.com,AVAILABILITY,domains.list,2021-09-21 07:34:34.039349
pointshop.t.domdex.com,AVAILABILITY,domains.list,2021-09-21 07:34:35.048261
pokkt.g2afse.com,AVAILABILITY,domains.list,2021-09-21 07:34:35.934244
pools.tugae2.com,AVAILABILITY,domains.list,2021-09-21 07:34:36.935198
poopourri-comtracksdk.optimove.net,AVAILABILITY,domains.list,2021-09-21 07:34:37.837444
poopourri-comtracksdk-stg.optimove.net,AVAILABILITY,domains.list,2021-09-21 07:34:38.622476
pop.blockadblock.com,AVAILABILITY,domains.list,2021-09-21 07:34:39.531596
pop.trafficshop.com,AVAILABILITY,domains.list,2021-09-21 07:34:40.412226
poppin.adlegend.com,AVAILABILITY,domains.list,2021-09-21 07:34:41.255514
popsugar.marfeel.com,AVAILABILITY,domains.list,2021-09-21 07:34:42.234777
portal.appsflyer.com,AVAILABILITY,domains.list,2021-09-21 07:34:43.085511
portal.dynamicyield.com,AVAILABILITY,domains.list,2021-09-21 07:34:43.893291
portal-help.touchcommerce.com,AVAILABILITY,domains.list,2021-09-21 07:34:44.866102
post.7p.com,AVAILABILITY,domains.list,2021-09-21 07:34:45.854398
post.update.criteo.com,AVAILABILITY,domains.list,2021-09-21 07:34:47.469318
postlog.supersonic.com,AVAILABILITY,domains.list,2021-09-21 07:34:48.470247
potential-usd-d.openx.net,AVAILABILITY,domains.list,2021-09-21 07:34:49.375581
powertradeprofit.com,AVAILABILITY,domains.list,2021-09-21 07:34:50.251411
pp.alphonso.tv,AVAILABILITY,domains.list,2021-09-21 07:34:51.148685
pp-rtb-fkb-2.connexity.net,AVAILABILITY,domains.list,2021-09-21 07:34:52.174450
pqvwtddbpvoq.bid,AVAILABILITY,domains.list,2021-09-21 07:34:53.280182
pr.atwola.com,AVAILABILITY,domains.list,2021-09-21 07:34:54.159041
pr.safedk.com,AVAILABILITY,domains.list,2021-09-21 07:34:55.122262
practicetoothpaste.com,AVAILABILITY,domains.list,2021-09-21 07:34:56.131946
prclick.inmobi.com,AVAILABILITY,domains.list,2021-09-21 07:34:57.047847
pr-a.adtechus.com,AVAILABILITY,domains.list,2021-09-21 07:34:57.818733
prebid.appnexus.com,AVAILABILITY,domains.list,2021-09-21 07:34:58.737742
prebid.aws.rubiconproject.com,AVAILABILITY,domains.list,2021-09-21 07:34:59.672350
premium.pubnative.net,AVAILABILITY,domains.list,2021-09-21 07:35:00.547015
premium.criteo.com,AVAILABILITY,domains.list,2021-09-21 07:35:01.683297
preply.go2affise.com,AVAILABILITY,domains.list,2021-09-21 07:35:02.649819
preprod.login.adgebra.in,AVAILABILITY,domains.list,2021-09-21 07:35:08.727388
preprod.criteo.net,AVAILABILITY,domains.list,2021-09-21 07:35:10.070743
pressplaytv.moengage.com,AVAILABILITY,domains.list,2021-09-21 07:35:10.994630
preview.adsnative.com,AVAILABILITY,domains.list,2021-09-21 07:35:11.911217
preview.atlassolutions.com,AVAILABILITY,domains.list,2021-09-21 07:35:12.796372
preview.qualaroo.com,AVAILABILITY,domains.list,2021-09-21 07:35:13.614406
preview.quantserve.com,AVAILABILITY,domains.list,2021-09-21 07:35:14.613226
preview-sv6.criteo.com,AVAILABILITY,domains.list,2021-09-21 07:35:15.857271
priceline-travel.t.domdex.com,AVAILABILITY,domains.list,2021-09-21 07:35:16.775514
pricegrabber.t.domdex.com,AVAILABILITY,domains.list,2021-09-21 07:35:17.613980
priceline-travel.t.domdex.compriceline-travel.t.domdex.com,AVAILABILITY,domains.list,2021-09-21 07:35:18.500842
primepublishing-food.t.domdex.com,AVAILABILITY,domains.list,2021-09-21 07:35:19.561160
primepublishing-home.t.domdex.com,AVAILABILITY,domains.list,2021-09-21 07:35:20.521774
printvenue.moengage.com,AVAILABILITY,domains.list,2021-09-21 07:35:21.494155
prioritizer.hotjar.com,AVAILABILITY,domains.list,2021-09-21 07:35:22.452844
private-branded.mediaplex.com,AVAILABILITY,domains.list,2021-09-21 07:35:23.538618
privoy.doublepimp.com,AVAILABILITY,domains.list,2021-09-21 07:35:24.363195
private-branded-sj2.mediaplex.com,AVAILABILITY,domains.list,2021-09-21 07:35:25.506904
prize3976.pps-solution-server81.loan,AVAILABILITY,domains.list,2021-09-21 07:35:26.595800
prod.apptimize.com,AVAILABILITY,domains.list,2021-09-21 07:35:27.534954
prod.e.singular.net,AVAILABILITY,domains.list,2021-09-21 07:35:28.616540
prod-europe-spop1-openx.spotad.co,AVAILABILITY,domains.list,2021-09-21 07:35:29.502165
productlistings.media.net,AVAILABILITY,domains.list,2021-09-21 07:35:30.654417
productivity.brightroll.com,AVAILABILITY,domains.list,2021-09-21 07:35:36.634142
prod-uswest-spop1-openx.spotad.co,AVAILABILITY,domains.list,2021-09-21 07:35:37.356178
prof.landp.website,AVAILABILITY,domains.list,2021-09-21 07:35:38.477819
profile.bee.mistat.intl.xiaomi.com,AVAILABILITY,domains.list,2021-09-21 07:35:41.171258
profile.bee.mistat.xiaomi.com,AVAILABILITY,domains.list,2021-09-21 07:35:43.636873
promediagrp-d.openx.net,AVAILABILITY,domains.list,2021-09-21 07:35:44.542064
prom-central.infra.voodoo-ads.io,AVAILABILITY,domains.list,2021-09-21 07:35:45.502601
promo4.brandreachsys.com,AVAILABILITY,domains.list,2021-09-21 07:35:46.573845
promo3.brandreachsys.com,AVAILABILITY,domains.list,2021-09-21 07:35:47.543675
promo.amplitude.com,AVAILABILITY,domains.list,2021-09-21 07:35:48.458574
promo.enatimedia.com,AVAILABILITY,domains.list,2021-09-21 07:35:49.270889
protechminds.g2afse.com,AVAILABILITY,domains.list,2021-09-21 07:35:50.182283
provideplant.com,AVAILABILITY,domains.list,2021-09-21 07:35:51.164927
prowage10.com,AVAILABILITY,domains.list,2021-09-21 07:35:52.017370
proxy.dynamicyield.com,AVAILABILITY,domains.list,2021-09-21 07:35:52.846895
proxy.smartlook.com,AVAILABILITY,domains.list,2021-09-21 07:35:53.698882
proxy-beta.smartlook.com,AVAILABILITY,domains.list,2021-09-21 07:35:54.573638
prpsjeans.btttag.com,AVAILABILITY,domains.list,2021-09-21 07:35:55.373250
prt.windowscentral.com,AVAILABILITY,domains.list,2021-09-21 07:35:56.329922
ps.mangotv.gt.igexin.com,AVAILABILITY,domains.list,2021-09-21 07:36:00.733823
pst.adsrvr.org,AVAILABILITY,domains.list,2021-09-21 07:36:01.527626
pstream.atdmt.com,AVAILABILITY,domains.list,2021-09-21 07:36:02.341215
pt.usefomo.com,AVAILABILITY,domains.list,2021-09-21 07:36:03.314417
pt-br.statcounter.com,AVAILABILITY,domains.list,2021-09-21 07:36:04.230630
promo.do-analytics.net,AVAILABILITY,domains.list,2021-09-21 07:36:05.515412
pub.adkmob.com,AVAILABILITY,domains.list,2021-09-21 07:36:06.331820
pub.adzmedia.com,AVAILABILITY,domains.list,2021-09-21 07:36:07.180348
pub.grandonmedia.com,AVAILABILITY,domains.list,2021-09-21 07:36:08.037409
pub.pxl.ace.advertising.com,AVAILABILITY,domains.list,2021-09-21 07:36:08.817431
pubaccess.advertising.com,AVAILABILITY,domains.list,2021-09-21 07:36:09.614107
publisher.advertising.com,AVAILABILITY,domains.list,2021-09-21 07:36:10.382755
publisher.brightroll.com,AVAILABILITY,domains.list,2021-09-21 07:36:16.693772
publisher.criteo.com,AVAILABILITY,domains.list,2021-09-21 07:36:17.909002
publisher.permutive.com,AVAILABILITY,domains.list,2021-09-21 07:36:18.787286
publisher.vertamedia.com,AVAILABILITY,domains.list,2021-09-21 07:36:19.659195
publisherhub.plaimedia.com,AVAILABILITY,domains.list,2021-09-21 07:36:20.657116
publishers.criteo.com,AVAILABILITY,domains.list,2021-09-21 07:36:22.380921
publishersbeta.teads.tv,AVAILABILITY,domains.list,2021-09-21 07:36:23.356345
publista-d.openx.net,AVAILABILITY,domains.list,2021-09-21 07:36:24.284930
pubmatic-winners-ap-southeast-1-rtb.adroll.com,AVAILABILITY,domains.list,2021-09-21 07:36:25.017953
pubportal.advertising.com,AVAILABILITY,domains.list,2021-09-21 07:36:25.843152
pubs.smrtb.com,AVAILABILITY,domains.list,2021-09-21 07:36:26.618889
pudads.g.doubleclick.net,AVAILABILITY,domains.list,2021-09-21 07:36:27.485965
pubstage.redtrack.io,AVAILABILITY,domains.list,2021-09-21 07:36:28.624859
pug44000.pubmatic.com,AVAILABILITY,domains.list,2021-09-21 07:36:29.504222
pug44000c.pubmatic.com,AVAILABILITY,domains.list,2021-09-21 07:36:30.376227
pug44000n.pubmatic.com,AVAILABILITY,domains.list,2021-09-21 07:36:31.203583
pug44000nc.pubmatic.com,AVAILABILITY,domains.list,2021-09-21 07:36:32.057265
pulp.media.net,AVAILABILITY,domains.list,2021-09-21 07:36:33.295436
pulse.smi2.ru,AVAILABILITY,domains.list,2021-09-21 07:36:36.444395
punchbowl.t.domdex.com,AVAILABILITY,domains.list,2021-09-21 07:36:37.484240
puqzz.jmojh8fc6x.bapb.gdn,AVAILABILITY,domains.list,2021-09-21 07:36:38.393685
purchasepulse.catalina.com,AVAILABILITY,domains.list,2021-09-21 07:36:39.278123
purch-electronics.t.domdex.com,AVAILABILITY,domains.list,2021-09-21 07:36:40.201654
push.aralego.com,AVAILABILITY,domains.list,2021-09-21 07:36:41.204270
push.mobogenie.com,AVAILABILITY,domains.list,2021-09-21 07:36:42.207985
push.netcoresmartech.com,AVAILABILITY,domains.list,2021-09-21 07:36:43.302075
pushapi.batmobi.net,AVAILABILITY,domains.list,2021-09-21 07:36:44.132497
push-dmp.aralego.com,AVAILABILITY,domains.list,2021-09-21 07:36:45.077670
push.zeusadx.com,AVAILABILITY,domains.list,2021-09-21 07:36:46.069217
puzzles.segment.com,AVAILABILITY,domains.list,2021-09-21 07:36:47.022978
pv4rpvkkkp.mentalist.kameleoon.com,AVAILABILITY,domains.list,2021-09-21 07:36:48.045751
pv.tacoda.at.atwola.com,AVAILABILITY,domains.list,2021-09-21 07:36:49.197301
pw7zz.ouasflpydty21tf.bapb.gdn,AVAILABILITY,domains.list,2021-09-21 07:36:50.917655
pwoem.cnzz.com,AVAILABILITY,domains.list,2021-09-21 07:36:52.269605
px3.adhigh.net,AVAILABILITY,domains.list,2021-09-21 07:36:54.124900
px.at.atwola.com,AVAILABILITY,domains.list,2021-09-21 07:36:55.233373
px.c1exchange.com,AVAILABILITY,domains.list,2021-09-21 07:36:56.410472
px.contextweb.com,AVAILABILITY,domains.list,2021-09-21 07:36:57.130054
pxl2.connexity.net,AVAILABILITY,domains.list,2021-09-21 07:36:58.056229
pxl3.connexity.net,AVAILABILITY,domains.list,2021-09-21 07:36:58.911857
pxl4.connexity.net,AVAILABILITY,domains.list,2021-09-21 07:36:59.870051
pxl.ace.advertising.com,AVAILABILITY,domains.list,2021-09-21 07:37:00.700143
px-us.adhigh.net,AVAILABILITY,domains.list,2021-09-21 07:37:02.884312
px-us-ca.adhigh.net,AVAILABILITY,domains.list,2021-09-21 07:37:05.314322
q1-media-d.openx.net,AVAILABILITY,domains.list,2021-09-21 07:37:06.216148
q1media-entertainment.t.domdex.com,AVAILABILITY,domains.list,2021-09-21 07:37:07.140751
px-us-va.adhigh.net,AVAILABILITY,domains.list,2021-09-21 07:37:09.075464
q2media-auto.t.domdex.com,AVAILABILITY,domains.list,2021-09-21 07:37:10.161587
q.aa.online-metrix.net,AVAILABILITY,domains.list,2021-09-21 07:37:11.463112
qa.ace.advertising.com,AVAILABILITY,domains.list,2021-09-21 07:37:12.394594
qa.adbrain.com,AVAILABILITY,domains.list,2021-09-21 07:37:13.291943
qa.atwola.com,AVAILABILITY,domains.list,2021-09-21 07:37:14.134192
qa.conf.dco.advertising.com,AVAILABILITY,domains.list,2021-09-21 07:37:15.151697
q.zx.getui.com,AVAILABILITY,domains.list,2021-09-21 07:37:17.843067
qa.config.dco.advertising.com,AVAILABILITY,domains.list,2021-09-21 07:37:18.771950
qa.lijit.com,AVAILABILITY,domains.list,2021-09-21 07:37:19.570060
qa.rubiconproject.com,AVAILABILITY,domains.list,2021-09-21 07:37:20.559900
qa.pix.dco.advertising.com,AVAILABILITY,domains.list,2021-09-21 07:37:21.426186
qa.srv.dco.advertising.com,AVAILABILITY,domains.list,2021-09-21 07:37:22.341558
qa.tacoda.at.atwola.com,AVAILABILITY,domains.list,2021-09-21 07:37:23.322200
qa.us.rmevent.advertising.com,AVAILABILITY,domains.list,2021-09-21 07:37:24.148357
qa.us.rmcontent.advertising.com,AVAILABILITY,domains.list,2021-09-21 07:37:25.007640
qa-ads-integration.advertising.com,AVAILABILITY,domains.list,2021-09-21 07:37:25.827142
qa-ads-ban.advertising.com,AVAILABILITY,domains.list,2021-09-21 07:37:26.676688
qa-ads-web.advertising.com,AVAILABILITY,domains.list,2021-09-21 07:37:27.511449
qadynamics.marketo.com,AVAILABILITY,domains.list,2021-09-21 07:37:28.551633
qai-uk.adlearnop.advertising.com,AVAILABILITY,domains.list,2021-09-21 07:37:29.466489
qasite.revcontent.com,AVAILABILITY,domains.list,2021-09-21 07:37:30.455849
qa-uk.adlearnop.advertising.com,AVAILABILITY,domains.list,2021-09-21 07:37:31.210459
qelg44ki6t.mentalist.kameleoon.com,AVAILABILITY,domains.list,2021-09-21 07:37:32.046310
qbr.sharethrough.com,AVAILABILITY,domains.list,2021-09-21 07:37:32.856177
qg.quantumgraph.com,AVAILABILITY,domains.list,2021-09-21 07:37:33.735840
qidian.adsame.com,AVAILABILITY,domains.list,2021-09-21 07:37:36.950188
qitmcz33c8.mentalist.kameleoon.com,AVAILABILITY,domains.list,2021-09-21 07:37:37.711856
qjazz.lyfd2xzauti9d8p.bapb.gdn,AVAILABILITY,domains.list,2021-09-21 07:37:39.254723
qmobi.go2affise.com,AVAILABILITY,domains.list,2021-09-21 07:37:40.143520
qidian.i.adsame.com,AVAILABILITY,domains.list,2021-09-21 07:37:52.497355
q-origin-test.addthis.com,AVAILABILITY,domains.list,2021-09-21 07:37:53.265760
qs4x82jtcp.mentalist.kameleoon.com,AVAILABILITY,domains.list,2021-09-21 07:37:54.195377
qs-lw3-lb2.youboranqs01.com,AVAILABILITY,domains.list,2021-09-21 07:37:55.023808
q.split.cnzz.com,AVAILABILITY,domains.list,2021-09-21 07:38:30.556862
q-test.addthis.com,AVAILABILITY,domains.list,2021-09-21 07:38:31.398609
quark.plaimedia.com,AVAILABILITY,domains.list,2021-09-21 07:38:32.351385
query-us-east-1.petametrics.com,AVAILABILITY,domains.list,2021-09-21 07:38:33.267934
queuer-elb.sandbox53.localytics.com,AVAILABILITY,domains.list,2021-09-21 07:38:34.117405
qvc.adlegend.com,AVAILABILITY,domains.list,2021-09-21 07:38:34.950021
qx8grdsvgh.mentalist.kameleoon.com,AVAILABILITY,domains.list,2021-09-21 07:38:35.760656
qyozz.lyfd2xzauti9d8p.bapb.gdn,AVAILABILITY,domains.list,2021-09-21 07:38:37.091594
qz7p2l5d8c.mentalist.kameleoon.com,AVAILABILITY,domains.list,2021-09-21 07:38:37.977638
qzadueyzyto.bid,AVAILABILITY,domains.list,2021-09-21 07:38:39.363752
r1.ace.advertising.com,AVAILABILITY,domains.list,2021-09-21 07:38:40.491272
r1.beta.ace.advertising.com,AVAILABILITY,domains.list,2021-09-21 07:38:41.261222
r1-ads.ace.advertising.com,AVAILABILITY,domains.list,2021-09-21 07:38:42.086891
r2.ace.advertising.com,AVAILABILITY,domains.list,2021-09-21 07:38:43.288179
r7afeuehsl.mentalist.kameleoon.com,AVAILABILITY,domains.list,2021-09-21 07:38:44.228638
r9u0567aww.tracker02.kameleoon.com,AVAILABILITY,domains.list,2021-09-21 07:38:45.069838
r9u0567aww.mentalist.kameleoon.com,AVAILABILITY,domains.list,2021-09-21 07:38:45.931201
r9z3dqv.t0r.download,AVAILABILITY,domains.list,2021-09-21 07:38:47.388156
r101.rmd.admob.com,AVAILABILITY,domains.list,2021-09-21 07:38:48.283758
r102.rmd.admob.com,AVAILABILITY,domains.list,2021-09-21 07:38:49.148206
r103.rmd.admob.com,AVAILABILITY,domains.list,2021-09-21 07:38:50.059134
r.admob.com,AVAILABILITY,domains.list,2021-09-21 07:38:50.941854
r.appsflyer.com,AVAILABILITY,domains.list,2021-09-21 07:38:51.799192
r.clubi15.date,AVAILABILITY,domains.list,2021-09-21 07:38:52.979286
r.boole.datafirst.io,AVAILABILITY,domains.list,2021-09-21 07:39:04.944428
r.criteo.com,AVAILABILITY,domains.list,2021-09-21 07:39:06.385741
r.dlx.addthis.com,AVAILABILITY,domains.list,2021-09-21 07:39:07.209866
r.pubnative.net,AVAILABILITY,domains.list,2021-09-21 07:39:08.120417
r.vip.rmd.admob.com,AVAILABILITY,domains.list,2021-09-21 07:39:09.086888
racinguk-d.openx.net,AVAILABILITY,domains.list,2021-09-21 07:39:09.965112
rackonsmarket.moengage.com,AVAILABILITY,domains.list,2021-09-21 07:39:10.944797
rad.msn.com,AVAILABILITY,domains.list,2021-09-21 07:39:11.810273
rad.rad.atdmt.com,AVAILABILITY,domains.list,2021-09-21 07:39:13.801954
ragnarrelay.adlegend.com,AVAILABILITY,domains.list,2021-09-21 07:39:14.583602
rakuten.adroll.com,AVAILABILITY,domains.list,2021-09-21 07:39:15.431619
rater.localytics.com,AVAILABILITY,domains.list,2021-09-21 07:39:16.355220
raycom-d.openx.net,AVAILABILITY,domains.list,2021-09-21 07:39:17.375879
rawrdenim.t.domdex.com,AVAILABILITY,domains.list,2021-09-21 07:39:18.349562
rb4rmsc2gk.mentalist.kameleoon.com,AVAILABILITY,domains.list,2021-09-21 07:39:19.229230
rbmedia-d.openx.net,AVAILABILITY,domains.list,2021-09-21 07:39:20.204014
rbl.adsplay.in,AVAILABILITY,domains.list,2021-09-21 07:39:21.087631
rc.adlegend.com,AVAILABILITY,domains.list,2021-09-21 07:39:21.861374
rc2.tr.blismedia.com,AVAILABILITY,domains.list,2021-09-21 07:39:22.797524
rcm-cn.amazon-adsystem.com,AVAILABILITY,domains.list,2021-09-21 07:39:23.627437
rd.advertising.com,AVAILABILITY,domains.list,2021-09-21 07:39:24.614685
rd.cnzz.com,AVAILABILITY,domains.list,2021-09-21 07:39:25.649650
rd.media.net,AVAILABILITY,domains.list,2021-09-21 07:39:26.629922
re.adroll.com,AVAILABILITY,domains.list,2021-09-21 07:39:27.486602
realty.smi2.ru,AVAILABILITY,domains.list,2021-09-21 07:39:30.263015
rec2.smartlook.com,AVAILABILITY,domains.list,2021-09-21 07:39:31.155815
rec.alfa.smartlook.com,AVAILABILITY,domains.list,2021-09-21 07:39:42.504882
rec-beta.smartlook.com,AVAILABILITY,domains.list,2021-09-21 07:39:43.423705
receive.inplay.tubemogul.com,AVAILABILITY,domains.list,2021-09-21 07:39:44.917176
recombu.t.domdex.com,AVAILABILITY,domains.list,2021-09-21 07:39:45.961081
records.segment.com,AVAILABILITY,domains.list,2021-09-21 07:39:46.979193
reddoorzmoetest.moengage.com,AVAILABILITY,domains.list,2021-09-21 07:39:47.845921
rec-server-dev.smartlook.com,AVAILABILITY,domains.list,2021-09-21 07:39:48.676162
redirector.whosthat.mobi,AVAILABILITY,domains.list,2021-09-21 07:39:50.950731
ref.amplitude.com,AVAILABILITY,domains.list,2021-09-21 07:39:51.863151
reevoo.t.domdex.com,AVAILABILITY,domains.list,2021-09-21 07:39:52.963987
regioncheck.amplitude.com,AVAILABILITY,domains.list,2021-09-21 07:39:53.870500
register.clickcease.com,AVAILABILITY,domains.list,2021-09-21 07:39:54.960555
registerguard-d.openx.net,AVAILABILITY,domains.list,2021-09-21 07:39:55.842425
registry.segment.io,AVAILABILITY,domains.list,2021-09-21 07:39:56.704821
rekket.go2affise.com,AVAILABILITY,domains.list,2021-09-21 07:39:57.559175
release.admin-zone-dev.adtelligent.com,AVAILABILITY,domains.list,2021-09-21 07:39:58.439491
remarketing.doubleclick.net,AVAILABILITY,domains.list,2021-09-21 07:39:59.333839
rendermedia-d.openx.net,AVAILABILITY,domains.list,2021-09-21 07:40:00.328384
rep-ibi.adtechus.com,AVAILABILITY,domains.list,2021-09-21 07:40:01.270599
repo.adsymptotic.com,AVAILABILITY,domains.list,2021-09-21 07:40:02.080825
repo2.apxor.com,AVAILABILITY,domains.list,2021-09-21 07:40:03.410494
repoaz.apxor.com,AVAILABILITY,domains.list,2021-09-21 07:40:04.793662
report.360yield.com,AVAILABILITY,domains.list,2021-09-21 07:40:10.807855
reporting-01.adomik.com,AVAILABILITY,domains.list,2021-09-21 07:40:11.780975
reporting-02.adomik.com,AVAILABILITY,domains.list,2021-09-21 07:40:12.527569
reporting-03.adomik.com,AVAILABILITY,domains.list,2021-09-21 07:40:13.506933
reporting.cossette.adgear.com,AVAILABILITY,domains.list,2021-09-21 07:40:14.589204
reporting.lapresse.adgear.com,AVAILABILITY,domains.list,2021-09-21 07:40:15.707673
reporting.lapresse-integration.adgear.com,AVAILABILITY,domains.list,2021-09-21 07:40:17.064313
reporting.mopub.com,AVAILABILITY,domains.list,2021-09-21 07:40:17.952964
reporting.nuco.adgear.com,AVAILABILITY,domains.list,2021-09-21 07:40:18.902007
reporting.torontostar.adgear.com,AVAILABILITY,domains.list,2021-09-21 07:40:19.915616
reporting.torontostar-uat.adgear.com,AVAILABILITY,domains.list,2021-09-21 07:40:20.828142
reports.admanmedia.com,AVAILABILITY,domains.list,2021-09-21 07:40:21.600434
reports.advertising.com,AVAILABILITY,domains.list,2021-09-21 07:40:22.663518
reports.crashlytics.com,AVAILABILITY,domains.list,2021-09-21 07:40:23.461866
reports.appsflyer.com,AVAILABILITY,domains.list,2021-09-21 07:40:24.968993
reports.sem.advertising.com,AVAILABILITY,domains.list,2021-09-21 07:40:25.730421
reports.jp.advertising.com,AVAILABILITY,domains.list,2021-09-21 07:40:26.574707
res.native.andbeyond.media,AVAILABILITY,domains.list,2021-09-21 07:40:38.156966
reservations.partner.intentmedia.net,AVAILABILITY,domains.list,2021-09-21 07:40:49.571079
resource.inmobi.com,AVAILABILITY,domains.list,2021-09-21 07:40:50.469029
rentalhomes.partner.intentmedia.net,AVAILABILITY,domains.list,2021-09-21 07:41:01.628530
resources.inmobi.com,AVAILABILITY,domains.list,2021-09-21 07:41:02.563363
restapi2.actonsoftware.com,AVAILABILITY,domains.list,2021-09-21 07:41:03.603698
ret.solocpm.com,AVAILABILITY,domains.list,2021-09-21 07:41:04.480688
retention.appsflyer.com,AVAILABILITY,domains.list,2021-09-21 07:41:05.325475
revforecasting.advertising.com,AVAILABILITY,domains.list,2021-09-21 07:41:06.173329
reveal.apxy.io,AVAILABILITY,domains.list,2021-09-21 07:41:07.177059
reviewcentre.t.domdex.com,AVAILABILITY,domains.list,2021-09-21 07:41:08.070630
reviewscouk-shopping.t.domdex.com,AVAILABILITY,domains.list,2021-09-21 07:41:08.993897
revv.rubiconproject.com,AVAILABILITY,domains.list,2021-09-21 07:41:09.994406
rewardstyle-d.openx.net,AVAILABILITY,domains.list,2021-09-21 07:41:11.003269
rfm.rubiconproject.com,AVAILABILITY,domains.list,2021-09-21 07:41:12.101124
rfvzz.lyfd2xzauti9d8p.bapb.gdn,AVAILABILITY,domains.list,2021-09-21 07:41:13.841146
rg.contentdef.com,AVAILABILITY,domains.list,2021-09-21 07:41:14.839918
resolver.gslb.mi-idc.com,AVAILABILITY,domains.list,2021-09-21 07:41:30.332573
richard.ittest.33across.com,AVAILABILITY,domains.list,2021-09-21 07:41:31.193773
riju.ittest.33across.com,AVAILABILITY,domains.list,2021-09-21 07:41:32.059813
ris-gateway.supersonicads.com,AVAILABILITY,domains.list,2021-09-21 07:41:32.859548
ritzysponge.com,AVAILABILITY,domains.list,2021-09-21 07:41:33.689211
rlec-use.dynamicyield.com,AVAILABILITY,domains.list,2021-09-21 07:41:44.597263
r-ltvp.inmobi.com,AVAILABILITY,domains.list,2021-09-21 07:41:45.542230
rma.adcolony.com,AVAILABILITY,domains.list,2021-09-21 07:41:46.476413
rm.pxl.ace.advertising.com,AVAILABILITY,domains.list,2021-09-21 07:41:47.405015
rmd.atdmt.com,AVAILABILITY,domains.list,2021-09-21 07:41:48.385341
rmx.pxl.ace.advertising.com,AVAILABILITY,domains.list,2021-09-21 07:41:49.235975
rmxbid-dc1.yieldoptimizer.com,AVAILABILITY,domains.list,2021-09-21 07:41:50.142599
rmevent.advertising.com,AVAILABILITY,domains.list,2021-09-21 07:41:50.947009
rnd.01l.xyz,AVAILABILITY,domains.list,2021-09-21 07:41:52.192298
ro.go.zog.link,AVAILABILITY,domains.list,2021-09-21 07:41:53.224161
roadmappdigital.go2affise.com,AVAILABILITY,domains.list,2021-09-21 07:41:54.118021
roadtrippers-travel.t.domdex.com,AVAILABILITY,domains.list,2021-09-21 07:41:55.112023
rocketindustrial.btttag.com,AVAILABILITY,domains.list,2021-09-21 07:41:55.911982
rodale-d.openx.net,AVAILABILITY,domains.list,2021-09-21 07:41:56.907564
rocketchat.adriver.ru,AVAILABILITY,domains.list,2021-09-21 07:41:59.528232
roi.mediaplex.com,AVAILABILITY,domains.list,2021-09-21 07:42:00.548159
ron.vrtzads.com,AVAILABILITY,domains.list,2021-09-21 07:42:01.456214
roomertravel.adlegend.com,AVAILABILITY,domains.list,2021-09-21 07:42:02.299061
rosselgroup.sdk.beemray.com,AVAILABILITY,domains.list,2021-09-21 07:42:03.249095
rotatix.go2affise.com,AVAILABILITY,domains.list,2021-09-21 07:42:04.130613
roughted.com,AVAILABILITY,domains.list,2021-09-21 07:42:05.070713
rotoqltracksdk.optimove.net,AVAILABILITY,domains.list,2021-09-21 07:42:05.945262
rovicorp-d.openx.net,AVAILABILITY,domains.list,2021-09-21 07:42:06.889830
routard.partner.intentmedia.net,AVAILABILITY,domains.list,2021-09-21 07:42:18.156246
rpt.contextweb.com,AVAILABILITY,domains.list,2021-09-21 07:42:19.010943
rpt.rad.atdmt.com,AVAILABILITY,domains.list,2021-09-21 07:42:19.876087
rs2.nexus.ensighten.com,AVAILABILITY,domains.list,2021-09-21 07:42:20.737620
rs3.nexus.ensighten.com,AVAILABILITY,domains.list,2021-09-21 07:42:21.599763
rs4.nexus.ensighten.com,AVAILABILITY,domains.list,2021-09-21 07:42:22.411487
rs5zz.lyfd2xzauti9d8p.bapb.gdn,AVAILABILITY,domains.list,2021-09-21 07:42:24.070053
rs.nexus.ensighten.com,AVAILABILITY,domains.list,2021-09-21 07:43:12.491726
rsdzz.6hqk9cjhg.bapb.gdn,AVAILABILITY,domains.list,2021-09-21 07:43:13.607973
r-ssl.casalemedia.com,AVAILABILITY,domains.list,2021-09-21 07:43:14.616259
rsvp.qualaroo.com,AVAILABILITY,domains.list,2021-09-21 07:43:15.697768
rt.appsflyer.com,AVAILABILITY,domains.list,2021-09-21 07:43:16.719328
rt.adsame.com,AVAILABILITY,domains.list,2021-09-21 07:43:18.903632
rta.criteo.com,AVAILABILITY,domains.list,2021-09-21 07:43:20.397419
rtas-20.btrll.com,AVAILABILITY,domains.list,2021-09-21 07:43:21.821184
rtas-adx-20.btrll.com,AVAILABILITY,domains.list,2021-09-21 07:43:23.515750
rtas-21.btrll.com,AVAILABILITY,domains.list,2021-09-21 07:43:24.930150
rtas-adx-21.btrll.com,AVAILABILITY,domains.list,2021-09-21 07:43:26.410446
rtas-atm-20.btrll.com,AVAILABILITY,domains.list,2021-09-21 07:43:27.644909
rtas-atm-21.btrll.com,AVAILABILITY,domains.list,2021-09-21 07:43:28.826044
rtatcpflhg.mentalist.kameleoon.com,AVAILABILITY,domains.list,2021-09-21 07:43:29.817579
rtas-s2s-21.btrll.com,AVAILABILITY,domains.list,2021-09-21 07:43:31.068756
rtas-s2s-20.btrll.com,AVAILABILITY,domains.list,2021-09-21 07:43:32.145748
rtax.hk.cn.criteo.com,AVAILABILITY,domains.list,2021-09-21 07:43:33.994296
rtb3.media.net,AVAILABILITY,domains.list,2021-09-21 07:43:34.959178
rtax.ny.us.criteo.com,AVAILABILITY,domains.list,2021-09-21 07:43:36.639448
rtax.sv.us.criteo.com,AVAILABILITY,domains.list,2021-09-21 07:43:38.151311
rtb.connatix.com,AVAILABILITY,domains.list,2021-09-21 07:43:39.242006
rtb.districtm.io,AVAILABILITY,domains.list,2021-09-21 07:43:40.135759
rtb.quantserve.com,AVAILABILITY,domains.list,2021-09-21 07:43:41.141809
rtb.serverbid.com,AVAILABILITY,domains.list,2021-09-21 07:43:42.237071
rtb-ap.vizury.com,AVAILABILITY,domains.list,2021-09-21 07:43:43.164078
rtb-apac.adsymptotic.com,AVAILABILITY,domains.list,2021-09-21 07:43:44.039710
rtb-china-1.vizury.com,AVAILABILITY,domains.list,2021-09-21 07:43:44.938046
rtbdserv-20.btrll.com,AVAILABILITY,domains.list,2021-09-21 07:43:46.310464
rtbdserv-21.btrll.com,AVAILABILITY,domains.list,2021-09-21 07:43:47.445539
rtb-fe-us-e2.content-ad.net,AVAILABILITY,domains.list,2021-09-21 07:43:48.317620
rtb-fe-us-e1.content-ad.net,AVAILABILITY,domains.list,2021-09-21 07:43:49.222949
rtb-fe-us-e4.content-ad.net,AVAILABILITY,domains.list,2021-09-21 07:43:50.115115
rtb-fe-us-e5.content-ad.net,AVAILABILITY,domains.list,2021-09-21 07:43:51.024120
rtb-fe-us-e3.content-ad.net,AVAILABILITY,domains.list,2021-09-21 07:43:51.953601
rtb-fe-us-e6.content-ad.net,AVAILABILITY,domains.list,2021-09-21 07:43:52.850322
rtb-fe-us-w2.content-ad.net,AVAILABILITY,domains.list,2021-09-21 07:43:53.742897
rtb-fe-us-w1.content-ad.net,AVAILABILITY,domains.list,2021-09-21 07:43:54.651860
rtb-jp-1.vizury.com,AVAILABILITY,domains.list,2021-09-21 07:43:55.539411
rtb-lb2-vip0.eu.adsymptotic.com,AVAILABILITY,domains.list,2021-09-21 07:43:56.462236
rtb-lb.us-east.tubemogul.com,AVAILABILITY,domains.list,2021-09-21 07:43:57.363722
rtb-lb-event-us-east-1a.tubemogul.com,AVAILABILITY,domains.list,2021-09-21 07:43:58.275353
rtb-lb-event-us-east-1d.tubemogul.com,AVAILABILITY,domains.list,2021-09-21 07:43:59.173014
rtblbtr.alphonso.tv,AVAILABILITY,domains.list,2021-09-21 07:44:00.445645
rtb-lb-us-east-aws.tubemogul.com,AVAILABILITY,domains.list,2021-09-21 07:44:01.369861
rtbplus.smartadserver.com,AVAILABILITY,domains.list,2021-09-21 07:44:02.728961
rtb-px.content-ad.net,AVAILABILITY,domains.list,2021-09-21 07:44:03.623695
rtb-tools.sharethrough.com,AVAILABILITY,domains.list,2021-09-21 07:44:04.617527
rtb-trk.adcolony.com,AVAILABILITY,domains.list,2021-09-21 07:44:05.615546
rtb-useast-1.vizury.com,AVAILABILITY,domains.list,2021-09-21 07:44:06.531944
rtb-us-ca.adhigh.net,AVAILABILITY,domains.list,2021-09-21 07:44:08.649938
rtb-uswest-1.vizury.com,AVAILABILITY,domains.list,2021-09-21 07:44:09.535674
rtb-us-va.adhigh.net,AVAILABILITY,domains.list,2021-09-21 07:44:12.130388
rtcc.fyber.com,AVAILABILITY,domains.list,2021-09-21 07:44:13.033352
rtg010.solocpm.com,AVAILABILITY,domains.list,2021-09-21 07:44:14.079402
rtg.solocpm.com,AVAILABILITY,domains.list,2021-09-21 07:44:14.974458
rtm-d.openx.net,AVAILABILITY,domains.list,2021-09-21 07:44:16.109345
rt-old.lax1.appnexus.com,AVAILABILITY,domains.list,2021-09-21 07:44:17.721765
rt-old.nym2.appnexus.com,AVAILABILITY,domains.list,2021-09-21 07:44:18.957635
rtr21adc.download,AVAILABILITY,domains.list,2021-09-21 07:44:20.921328
rtr24adc.download,AVAILABILITY,domains.list,2021-09-21 07:44:22.084660
rtr-am3-01-jointtransit.casalemedia.com,AVAILABILITY,domains.list,2021-09-21 07:44:22.964575
rtr-am3-02-jointtransit.casalemedia.com,AVAILABILITY,domains.list,2021-09-21 07:44:24.070111
rtr-dc3-01a-gtt.casalemedia.com,AVAILABILITY,domains.list,2021-09-21 07:44:25.080212
rtr-fr4-01-level3.casalemedia.com,AVAILABILITY,domains.list,2021-09-21 07:44:25.958967
rtr-dc3-01b-gtt.casalemedia.com,AVAILABILITY,domains.list,2021-09-21 07:44:26.834222
rtr-ny2-01-nlayer.casalemedia.com,AVAILABILITY,domains.list,2021-09-21 07:44:27.945326
rtr-sv3-01-nlayer.casalemedia.com,AVAILABILITY,domains.list,2021-09-21 07:44:29.035533
rtrgks7.download,AVAILABILITY,domains.list,2021-09-21 07:44:30.007461
rts-lga-lb.contextweb.com,AVAILABILITY,domains.list,2021-09-21 07:44:30.903942
rts-stage.contextweb.com,AVAILABILITY,domains.list,2021-09-21 07:44:31.831012
rtxsupport.50onred.com,AVAILABILITY,domains.list,2021-09-21 07:44:32.938202
ru.usefomo.com,AVAILABILITY,domains.list,2021-09-21 07:44:34.027812
ru.xs.mookie1.com,AVAILABILITY,domains.list,2021-09-21 07:44:35.056349
rubibid.rubiconproject.com,AVAILABILITY,domains.list,2021-09-21 07:44:36.358186
rubick.gameanalytics.com,AVAILABILITY,domains.list,2021-09-21 07:44:37.343919
rubicon-dc1.yieldoptimizer.com,AVAILABILITY,domains.list,2021-09-21 07:44:38.234990
rubicon-dc3.yieldoptimizer.com,AVAILABILITY,domains.list,2021-09-21 07:44:39.098433
rubicon-dc2.yieldoptimizer.com,AVAILABILITY,domains.list,2021-09-21 07:44:39.989484
rudy-eu-west-1.adsnative.com,AVAILABILITY,domains.list,2021-09-21 07:44:40.917726
rudy.adsnative.com,AVAILABILITY,domains.list,2021-09-21 07:44:41.847575
rules1.addapptr.com,AVAILABILITY,domains.list,2021-09-21 07:44:43.135405
rules-ltvp.inmobi.com,AVAILABILITY,domains.list,2021-09-21 07:44:44.305441
rum.logsss.com,AVAILABILITY,domains.list,2021-09-21 07:44:45.399752
ru-rtb-fkb-2.connexity.net,AVAILABILITY,domains.list,2021-09-21 07:44:46.389259
rvca.btttag.com,AVAILABILITY,domains.list,2021-09-21 07:44:47.325589
rvrd1.01l.xyz,AVAILABILITY,domains.list,2021-09-21 07:44:48.594790
rwco.btttag.com,AVAILABILITY,domains.list,2021-09-21 07:44:49.479727
s1a.dynamicyield.com,AVAILABILITY,domains.list,2021-09-21 07:44:50.592544
s2s.msas.media.net,AVAILABILITY,domains.list,2021-09-21 07:44:51.945489
s3.vuukle.com,AVAILABILITY,domains.list,2021-09-21 07:44:52.842600
s3-fast.addthis.com,AVAILABILITY,domains.list,2021-09-21 07:44:53.709374
s4udash2.alphonso.tv,AVAILABILITY,domains.list,2021-09-21 07:44:55.120837
s5-fast.addthis.com,AVAILABILITY,domains.list,2021-09-21 07:44:55.944851
s7m8tid.pl4y.download,AVAILABILITY,domains.list,2021-09-21 07:44:56.893496
s7t.teads.tv,AVAILABILITY,domains.list,2021-09-21 07:44:57.905408
s7-uat-fast.addthis.com,AVAILABILITY,domains.list,2021-09-21 07:44:58.764688
s9-fast.addthis.com,AVAILABILITY,domains.list,2021-09-21 07:44:59.661640
s18.pixxxels.org,AVAILABILITY,domains.list,2021-09-21 07:45:00.836171
s42.vshare.io,AVAILABILITY,domains.list,2021-09-21 07:45:11.942068
s.a-ads.com,AVAILABILITY,domains.list,2021-09-21 07:45:12.811955
s103.vshare.io,AVAILABILITY,domains.list,2021-09-21 07:45:23.961587
s.affinitymatrix.com,AVAILABILITY,domains.list,2021-09-21 07:45:25.187953
s.dlx.addthis.com,AVAILABILITY,domains.list,2021-09-21 07:45:26.176827
s.fwmrm.net,AVAILABILITY,domains.list,2021-09-21 07:45:27.125774
s.smi2.ru,AVAILABILITY,domains.list,2021-09-21 07:45:30.282755
s.teads.tv,AVAILABILITY,domains.list,2021-09-21 07:45:31.406759
s.update.criteo.com,AVAILABILITY,domains.list,2021-09-21 07:45:32.984835
sa.criteo.net,AVAILABILITY,domains.list,2021-09-21 07:45:34.326013
sa.perimeterx.net,AVAILABILITY,domains.list,2021-09-21 07:45:35.425453
sa.data.xk.miui.com,AVAILABILITY,domains.list,2021-09-21 07:45:37.809456
sac-h-homeaway2.online-metrix.net,AVAILABILITY,domains.list,2021-09-21 07:45:38.738252
sadalskij.smi2.ru,AVAILABILITY,domains.list,2021-09-21 07:45:40.751278
saksmobile.btttag.com,AVAILABILITY,domains.list,2021-09-21 07:45:41.608959
saksoff5thmobile.btttag.com,AVAILABILITY,domains.list,2021-09-21 07:45:42.472936
salemove.moengage.com,AVAILABILITY,domains.list,2021-09-21 07:45:43.431656
sales.appsflyer.com,AVAILABILITY,domains.list,2021-09-21 07:45:44.409472
saleksashenko.smi2.ru,AVAILABILITY,domains.list,2021-09-21 07:45:46.424775
sales-live-events1.use.dynamicyield.com,AVAILABILITY,domains.list,2021-09-21 07:45:47.341840
salon.umeng.com,AVAILABILITY,domains.list,2021-09-21 07:45:48.720302
samcm.ksmobile.com,AVAILABILITY,domains.list,2021-09-21 07:45:50.381372
samcmsec.ksmobile.com,AVAILABILITY,domains.list,2021-09-21 07:45:52.128787
samecm.adsame.com,AVAILABILITY,domains.list,2021-09-21 07:45:54.525738
sammax.adsame.com,AVAILABILITY,domains.list,2021-09-21 07:45:56.136954
samples.adxxx.com,AVAILABILITY,domains.list,2021-09-21 07:45:57.188619
san.casalemedia.com,AVAILABILITY,domains.list,2021-09-21 07:45:58.176896
san.fyber.com,AVAILABILITY,domains.list,2021-09-21 07:45:59.001839
samedemo.adsame.com,AVAILABILITY,domains.list,2021-09-21 07:46:02.270894
sandbox3.auditude.com,AVAILABILITY,domains.list,2021-09-21 07:46:03.178632
sandbox.actonsoftware.com,AVAILABILITY,domains.list,2021-09-21 07:46:04.148098
sandbox.api.360yield.com,AVAILABILITY,domains.list,2021-09-21 07:46:05.080862
sandbox2.auditude.com,AVAILABILITY,domains.list,2021-09-21 07:46:06.010884
sand.api.appnexus.com,AVAILABILITY,domains.list,2021-09-21 07:46:07.297693
sandbox.brightroll.com,AVAILABILITY,domains.list,2021-09-21 07:46:09.036847
sandbox.vip.uj1.inmobi.com,AVAILABILITY,domains.list,2021-09-21 07:46:10.146696
sand-console-cdn.appnexus.com,AVAILABILITY,domains.list,2021-09-21 07:46:11.107246
sanoma-346822-hdb.adomik.com,AVAILABILITY,domains.list,2021-09-21 07:46:12.246900
sanuk.btttag.com,AVAILABILITY,domains.list,2021-09-21 07:46:13.108330
sap.adriver.ru,AVAILABILITY,domains.list,2021-09-21 07:46:20.770629
sa-only.outbrain.com,AVAILABILITY,domains.list,2021-09-21 07:46:21.877211
sassets.ebz.io,AVAILABILITY,domains.list,2021-09-21 07:46:23.290277
saturday.adlegend.com,AVAILABILITY,domains.list,2021-09-21 07:46:24.249981
saymedia.t.domdex.com,AVAILABILITY,domains.list,2021-09-21 07:46:25.235441
sazze-fashion.t.domdex.com,AVAILABILITY,domains.list,2021-09-21 07:46:26.173379
s-beta.amazon-adsystem.com,AVAILABILITY,domains.list,2021-09-21 07:46:27.054296
s-beta-opf.amazon-adsystem.com,AVAILABILITY,domains.list,2021-09-21 07:46:27.946084
savethis.clickability.com,AVAILABILITY,domains.list,2021-09-21 07:46:29.515249
sbox1-bevo.adsnative.com,AVAILABILITY,domains.list,2021-09-21 07:46:30.431447
sbinv.brightroll.com,AVAILABILITY,domains.list,2021-09-21 07:46:31.969037
sbpixel1.adtechus.com,AVAILABILITY,domains.list,2021-09-21 07:46:32.943807
sbx1.2o7.net,AVAILABILITY,domains.list,2021-09-21 07:46:33.951561
sc.mgid.com,AVAILABILITY,domains.list,2021-09-21 07:46:34.949326
scd.ingest.at.atwola.com,AVAILABILITY,domains.list,2021-09-21 07:46:36.075788
scavenger.localytics.com,AVAILABILITY,domains.list,2021-09-21 07:46:37.004798
scdn.mm.atwola.com,AVAILABILITY,domains.list,2021-09-21 07:46:38.057008
scexp001.exelator.com,AVAILABILITY,domains.list,2021-09-21 07:46:38.991050
scmspain-d.openx.net,AVAILABILITY,domains.list,2021-09-21 07:46:40.250854
scootco.t.domdex.com,AVAILABILITY,domains.list,2021-09-21 07:46:41.192046
scp.chartboost.com,AVAILABILITY,domains.list,2021-09-21 07:46:42.262341
scrubsky.com,AVAILABILITY,domains.list,2021-09-21 07:46:48.366210
sdata.captifymedia.com,AVAILABILITY,domains.list,2021-09-21 07:46:49.556476
sdk.batmobi.net,AVAILABILITY,domains.list,2021-09-21 07:46:50.810857
sdk.hr.amp.igexin.com,AVAILABILITY,domains.list,2021-09-21 07:46:54.128508
sdk.open.inc2.igexin.com,AVAILABILITY,domains.list,2021-09-21 07:46:58.197240
sdk.open.incdl2.igexin.com,AVAILABILITY,domains.list,2021-09-21 07:47:07.457609
sdk.rubiconproject.com,AVAILABILITY,domains.list,2021-09-21 07:47:08.866763
sdk.qa.phone.igexin.com,AVAILABILITY,domains.list,2021-09-21 07:47:11.302225
sdk.slave.phone.igexin.com,AVAILABILITY,domains.list,2021-09-21 07:47:14.381236
sdk.tracksummer.com,AVAILABILITY,domains.list,2021-09-21 07:47:15.594629
sdk.w.inmobi.com,AVAILABILITY,domains.list,2021-09-21 07:47:16.682011
sdklogger.zeropark.com,AVAILABILITY,domains.list,2021-09-21 07:47:17.889948
sdklogs.avocarrot.com,AVAILABILITY,domains.list,2021-09-21 07:47:19.087747
sdktm.vip.dfw1.inmobi.com,AVAILABILITY,domains.list,2021-09-21 07:47:20.407744
sdnrofcd2d.mentalist.kameleoon.com,AVAILABILITY,domains.list,2021-09-21 07:47:21.398766
sds.btttag.com,AVAILABILITY,domains.list,2021-09-21 07:47:22.373697
sdk.api.kaffnet.com,AVAILABILITY,domains.list,2021-09-21 07:47:37.058807
se.gcp.msas.media.net,AVAILABILITY,domains.list,2021-09-21 07:47:38.559257
sea1b-edge-28.naiadsystems.com,AVAILABILITY,domains.list,2021-09-21 07:47:39.548020
sea1a-ls.naiadsystems.com,AVAILABILITY,domains.list,2021-09-21 07:47:40.457733
sean.ittest.33across.com,AVAILABILITY,domains.list,2021-09-21 07:47:41.400779
search.atlassolutions.com,AVAILABILITY,domains.list,2021-09-21 07:47:42.657680
search.at.atwola.com,AVAILABILITY,domains.list,2021-09-21 07:47:43.823755
search.cnzz.com,AVAILABILITY,domains.list,2021-09-21 07:47:45.475557
search.batmobi.net,AVAILABILITY,domains.list,2021-09-21 07:47:46.641584
searchignition.t.domdex.com,AVAILABILITY,domains.list,2021-09-21 07:47:47.696009
searchtempest-auto.t.domdex.com,AVAILABILITY,domains.list,2021-09-21 07:47:48.675817
searchlock.media.net,AVAILABILITY,domains.list,2021-09-21 07:47:49.828584
sears.btttag.com,AVAILABILITY,domains.list,2021-09-21 07:47:50.758578
sea-tags.vizury.com,AVAILABILITY,domains.list,2021-09-21 07:47:51.682081
seaworldparks.adlegend.com,AVAILABILITY,domains.list,2021-09-21 07:47:52.612462
sec1.liveperson.net,AVAILABILITY,domains.list,2021-09-21 07:47:53.522076
sec2.liveperson.net,AVAILABILITY,domains.list,2021-09-21 07:47:54.501096
sec3.liveperson.net,AVAILABILITY,domains.list,2021-09-21 07:47:55.504181
sec.cnzz.com,AVAILABILITY,domains.list,2021-09-21 07:47:56.949436
secondmedia-d.openx.net,AVAILABILITY,domains.list,2021-09-21 07:47:58.178651
sebder.roboinside.me,AVAILABILITY,domains.list,2021-09-21 07:48:24.234645
secure.ace1.advertising.com,AVAILABILITY,domains.list,2021-09-21 07:48:25.420141
secure.ace-lb.advertising.com,AVAILABILITY,domains.list,2021-09-21 07:48:26.568887
secure.admob.com,AVAILABILITY,domains.list,2021-09-21 07:48:27.684034
secure.ace-tag.advertising.com,AVAILABILITY,domains.list,2021-09-21 07:48:28.597947
secure.advertising.com,AVAILABILITY,domains.list,2021-09-21 07:48:29.734502
secure.bannerfarm.advertising.com,AVAILABILITY,domains.list,2021-09-21 07:48:30.808734
secure.calch.gdn,AVAILABILITY,domains.list,2021-09-21 07:48:32.734220
secure.bannerfarm.ace.advertising.com,AVAILABILITY,domains.list,2021-09-21 07:48:33.695775
secure.img-cdn.mediaplex.com,AVAILABILITY,domains.list,2021-09-21 07:48:35.176632
secure.img-cdn2.mediaplex.com,AVAILABILITY,domains.list,2021-09-21 07:48:36.845389
secure-app.mediaplex.com,AVAILABILITY,domains.list,2021-09-21 07:48:38.707587
secure-api.gravity.com,AVAILABILITY,domains.list,2021-09-21 07:48:40.484031
secure-cdn.mm.atwola.com,AVAILABILITY,domains.list,2021-09-21 07:48:41.834692
secure.widget.dynamic.advertising.com,AVAILABILITY,domains.list,2021-09-21 07:48:43.158591
securedr.33across.com,AVAILABILITY,domains.list,2021-09-21 07:48:44.037428
secure-fast.addthis.com,AVAILABILITY,domains.list,2021-09-21 07:48:44.989828
secure-leadback.asda.db.advertising.com,AVAILABILITY,domains.list,2021-09-21 07:48:46.088348
secured-by.rubiconproject.com,AVAILABILITY,domains.list,2021-09-21 07:48:47.443722
secure-leadback.bmi.db.advertising.com,AVAILABILITY,domains.list,2021-09-21 07:48:48.672018
secure-leadback.buycom.db.advertising.com,AVAILABILITY,domains.list,2021-09-21 07:48:50.007502
secure-leadback.callme.db.advertising.com,AVAILABILITY,domains.list,2021-09-21 07:48:50.963192
secure-leadback.drugstore.db.advertising.com,AVAILABILITY,domains.list,2021-09-21 07:48:51.818537
secure-leadback.firstchoice.db.advertising.com,AVAILABILITY,domains.list,2021-09-21 07:48:52.790460
secure-leadback.fossil.db.advertising.com,AVAILABILITY,domains.list,2021-09-21 07:48:54.059023
secure-leadback.ihg.db.advertising.com,AVAILABILITY,domains.list,2021-09-21 07:48:55.157810
secure-leadback.pccity.db.advertising.com,AVAILABILITY,domains.list,2021-09-21 07:48:56.173500
secure-leadback.petmeds.db.advertising.com,AVAILABILITY,domains.list,2021-09-21 07:48:57.282904
secure-leadback.stubhub.db.advertising.com,AVAILABILITY,domains.list,2021-09-21 07:48:58.332607
secure-leadback.ticketsnow.db.advertising.com,AVAILABILITY,domains.list,2021-09-21 07:48:59.693284
secure-leadback.tradera.db.advertising.com,AVAILABILITY,domains.list,2021-09-21 07:49:00.686900
secure-leadback.tui.db.advertising.com,AVAILABILITY,domains.list,2021-09-21 07:49:01.857057
secure-leadback.jet2.db.advertising.com,AVAILABILITY,domains.list,2021-09-21 07:49:03.149824
secure-leadback.rumbo.db.advertising.com,AVAILABILITY,domains.list,2021-09-21 07:49:04.275288
secure-msg.dotomi.com,AVAILABILITY,domains.list,2021-09-21 07:49:05.929905
secure-uat.addthis.com,AVAILABILITY,domains.list,2021-09-21 07:49:06.862112
security-alert.4g6u0qk9st.top,AVAILABILITY,domains.list,2021-09-21 07:49:08.389697
sedo.t.domdex.com,AVAILABILITY,domains.list,2021-09-21 07:49:09.329628
segserv-21.btrll.com,AVAILABILITY,domains.list,2021-09-21 07:49:10.613083
segserv-20.btrll.com,AVAILABILITY,domains.list,2021-09-21 07:49:12.221936
sekindo-d.openx.net,AVAILABILITY,domains.list,2021-09-21 07:49:13.611101
selfserve.rubiconproject.com,AVAILABILITY,domains.list,2021-09-21 07:49:14.848686
sem.advertising.com,AVAILABILITY,domains.list,2021-09-21 07:49:16.007019
sell.brightroll.com,AVAILABILITY,domains.list,2021-09-21 07:49:17.581602
seniorpeoplemeet.adlegend.com,AVAILABILITY,domains.list,2021-09-21 07:49:18.505686
seniorsmeet.adlegend.com,AVAILABILITY,domains.list,2021-09-21 07:49:19.444701
sense.clickcease.com,AVAILABILITY,domains.list,2021-09-21 07:49:20.546556
sentry.connatix.com,AVAILABILITY,domains.list,2021-09-21 07:49:21.626505
sentry.hotjar.com,AVAILABILITY,domains.list,2021-09-21 07:49:22.724514
sentry.getadmiral.com,AVAILABILITY,domains.list,2021-09-21 07:49:23.792511
sephora.adlegend.com,AVAILABILITY,domains.list,2021-09-21 07:49:24.666913
sermo-d.openx.net,AVAILABILITY,domains.list,2021-09-21 07:49:26.124980
serv2.ad.mobogenie.com,AVAILABILITY,domains.list,2021-09-21 07:49:27.465406
serv99.vizury.com,AVAILABILITY,domains.list,2021-09-21 07:49:28.382106
serve.domdex.com,AVAILABILITY,domains.list,2021-09-21 07:49:29.376629
serve.eyeviewads.com,AVAILABILITY,domains.list,2021-09-21 07:49:30.656287
servedby2.advertising.com,AVAILABILITY,domains.list,2021-09-21 07:49:31.664621
servedby1.advertising.com,AVAILABILITY,domains.list,2021-09-21 07:49:32.857480
servedby3.advertising.com,AVAILABILITY,domains.list,2021-09-21 07:49:33.763417
server1.activescript.kameleoon.com,AVAILABILITY,domains.list,2021-09-21 07:49:34.744205
server1.analyst.kameleoon.com,AVAILABILITY,domains.list,2021-09-21 07:49:35.704141
server1.counter.kameleoon.com,AVAILABILITY,domains.list,2021-09-21 07:49:36.656898
server1.heatmap.kameleoon.com,AVAILABILITY,domains.list,2021-09-21 07:49:37.607765
server2.adsplay.in,AVAILABILITY,domains.list,2021-09-21 07:49:38.526742
server3.adsplay.in,AVAILABILITY,domains.list,2021-09-21 07:49:39.423066
server4.adsplay.in,AVAILABILITY,domains.list,2021-09-21 07:49:40.387754
servedby.advertising.com,AVAILABILITY,domains.list,2021-09-21 07:49:41.314712
server19149.exchange4media.com,AVAILABILITY,domains.list,2021-09-21 07:49:42.965099
server161164.exchange4media.com,AVAILABILITY,domains.list,2021-09-21 07:49:44.331351
servedby.revcontent.com,AVAILABILITY,domains.list,2021-09-21 07:49:45.432901
server.blis.com,AVAILABILITY,domains.list,2021-09-21 07:49:46.739932
server.blismedia.com,AVAILABILITY,domains.list,2021-09-21 07:49:47.910581
server.ind.liveperson.net,AVAILABILITY,domains.list,2021-09-21 07:49:48.892664
server.mobogenie.com,AVAILABILITY,domains.list,2021-09-21 07:49:49.966787
serverdby.advertising.com,AVAILABILITY,domains.list,2021-09-21 07:49:51.132579
serve-staging.eyeviewads.com,AVAILABILITY,domains.list,2021-09-21 07:49:52.282534
service.face2trade.com,AVAILABILITY,domains.list,2021-09-21 07:49:53.338534
services.cmp.advertising.com,AVAILABILITY,domains.list,2021-09-21 07:49:54.540826
sesschen.win,AVAILABILITY,domains.list,2021-09-21 07:49:56.632691
settings-1475741074.mtraction.com,AVAILABILITY,domains.list,2021-09-21 07:49:57.932807
settings-1476442757.mtraction.com,AVAILABILITY,domains.list,2021-09-21 07:49:59.064744
settings.crashlytics.com,AVAILABILITY,domains.list,2021-09-21 07:50:00.094670
settings.outbrain.com,AVAILABILITY,domains.list,2021-09-21 07:50:01.240153
settings-1479276883.mtraction.com,AVAILABILITY,domains.list,2021-09-21 07:50:02.476914
sf.mm.vungle.com,AVAILABILITY,domains.list,2021-09-21 07:50:03.710888
sfa5.smi2.net,AVAILABILITY,domains.list,2021-09-21 07:50:05.980928
sfa12.smi2.net,AVAILABILITY,domains.list,2021-09-21 07:50:08.050039
sf.mmccint.com,AVAILABILITY,domains.list,2021-09-21 07:50:09.219722
sfa19.smi2.net,AVAILABILITY,domains.list,2021-09-21 07:50:11.033663
sfa18.smi2.net,AVAILABILITY,domains.list,2021-09-21 07:50:13.231913
sfa21.smi2.net,AVAILABILITY,domains.list,2021-09-21 07:50:16.199849
sfa23.smi2.net,AVAILABILITY,domains.list,2021-09-21 07:50:18.940651
sfa30.smi2.net,AVAILABILITY,domains.list,2021-09-21 07:50:21.163949
sfa38.smi2.net,AVAILABILITY,domains.list,2021-09-21 07:50:23.955167
sfa15.smi2.net,AVAILABILITY,domains.list,2021-09-21 07:50:27.121633
sfp-cdn.sharethrough.com,AVAILABILITY,domains.list,2021-09-21 07:50:28.066604
sg.akamai.startappservice.com,AVAILABILITY,domains.list,2021-09-21 07:50:29.050793
sg.origin.startappservice.com,AVAILABILITY,domains.list,2021-09-21 07:50:30.060578
sg-adserver.vizury.com,AVAILABILITY,domains.list,2021-09-21 07:50:30.981948
sgc.urbanairship.com,AVAILABILITY,domains.list,2021-09-21 07:50:32.524260
sg-pl-844.vizury.com,AVAILABILITY,domains.list,2021-09-21 07:50:33.452085
sg-mtrack.rayjump.com,AVAILABILITY,domains.list,2021-09-21 07:50:34.541873
sg-pl-d-c.vizury.com,AVAILABILITY,domains.list,2021-09-21 07:50:35.475097
sg-pr.vizury.com,AVAILABILITY,domains.list,2021-09-21 07:50:36.395084
sgsdata.adtechus.com,AVAILABILITY,domains.list,2021-09-21 07:50:37.398064
sh.cn.criteo.com,AVAILABILITY,domains.list,2021-09-21 07:50:38.865646
sh.cn.criteo.net,AVAILABILITY,domains.list,2021-09-21 07:50:40.445344
shaneco.btttag.com,AVAILABILITY,domains.list,2021-09-21 07:50:41.433729
shareaholics.t.domdex.com,AVAILABILITY,domains.list,2021-09-21 07:50:42.408088
sharebar-fast.addthis.com,AVAILABILITY,domains.list,2021-09-21 07:50:43.367553
shareyourcontents.com,AVAILABILITY,domains.list,2021-09-21 07:50:44.613162
shefindsmedia-lifestyle.t.domdex.com,AVAILABILITY,domains.list,2021-09-21 07:50:45.584645
she.said.districtm.io,AVAILABILITY,domains.list,2021-09-21 07:50:46.505549
sheknows-stylecaster.t.domdex.com,AVAILABILITY,domains.list,2021-09-21 07:50:47.483367
sheknows-uncategorized.t.domdex.com,AVAILABILITY,domains.list,2021-09-21 07:50:48.454828
sheknows-affiliate.t.domdex.com,AVAILABILITY,domains.list,2021-09-21 07:50:49.414036
shelterstraw.com,AVAILABILITY,domains.list,2021-09-21 07:50:50.456755
shemirta.info,AVAILABILITY,domains.list,2021-09-21 07:50:52.080172
shiek1ph.com,AVAILABILITY,domains.list,2021-09-21 07:50:53.072740
shiny.fitanalytics.com,AVAILABILITY,domains.list,2021-09-21 07:50:54.033857
shiveringsail.com,AVAILABILITY,domains.list,2021-09-21 07:50:55.141560
shockingswing.com,AVAILABILITY,domains.list,2021-09-21 07:50:56.168742
shoonyeah.g2afse.com,AVAILABILITY,domains.list,2021-09-21 07:50:57.283576
shopathome.t.domdex.com,AVAILABILITY,domains.list,2021-09-21 07:50:58.257161
shopathome-uncategorized1.t.domdex.com,AVAILABILITY,domains.list,2021-09-21 07:50:59.224601
shopbop.sp1.convertro.com,AVAILABILITY,domains.list,2021-09-21 07:51:00.944501
shopbrand.t.domdex.com,AVAILABILITY,domains.list,2021-09-21 07:51:01.904261
shopcom.btttag.com,AVAILABILITY,domains.list,2021-09-21 07:51:02.844816
shopify.smartlook.com,AVAILABILITY,domains.list,2021-09-21 07:51:03.984135
shopperschoice.btttag.com,AVAILABILITY,domains.list,2021-09-21 07:51:04.882642
shopping.t.domdex.com,AVAILABILITY,domains.list,2021-09-21 07:51:05.838331
shadow.cloud.fyber.com,AVAILABILITY,domains.list,2021-09-21 07:51:20.499756
show-jp1.c.appier.net,AVAILABILITY,domains.list,2021-09-21 07:51:21.598915
show-sg0.c.appier.net,AVAILABILITY,domains.list,2021-09-21 07:51:22.784433
show-sg1.c.appier.net,AVAILABILITY,domains.list,2021-09-21 07:51:23.887831
show-sg7.c.appier.net,AVAILABILITY,domains.list,2021-09-21 07:51:24.925560
show-sg5.c.appier.net,AVAILABILITY,domains.list,2021-09-21 07:51:26.044731
show-sg11.c.appier.net,AVAILABILITY,domains.list,2021-09-21 07:51:27.191626
show-sg8.c.appier.net,AVAILABILITY,domains.list,2021-09-21 07:51:28.308589
show-sg13.c.appier.net,AVAILABILITY,domains.list,2021-09-21 07:51:29.313762
show-sg12.c.appier.net,AVAILABILITY,domains.list,2021-09-21 07:51:30.399922
show-sg15.c.appier.net,AVAILABILITY,domains.list,2021-09-21 07:51:31.394088
show-sg17.c.appier.net,AVAILABILITY,domains.list,2021-09-21 07:51:32.529936
shubertorg-entertainment.t.domdex.com,AVAILABILITY,domains.list,2021-09-21 07:51:33.488228
show-sg10.c.appier.net,AVAILABILITY,domains.list,2021-09-21 07:51:34.607787
show-sg16.c.appier.net,AVAILABILITY,domains.list,2021-09-21 07:51:35.764720
si1.cnzz.com,AVAILABILITY,domains.list,2021-09-21 07:51:37.297203
sidzz.6hqk9cjhg.bapb.gdn,AVAILABILITY,domains.list,2021-09-21 07:51:38.516557
sigma11.rtb.appier.net,AVAILABILITY,domains.list,2021-09-21 07:51:40.133899
sigma13.rtb.appier.net,AVAILABILITY,domains.list,2021-09-21 07:51:41.402854
sigma18.rtb.appier.net,AVAILABILITY,domains.list,2021-09-21 07:51:42.724169
sigma19.rtb.appier.net,AVAILABILITY,domains.list,2021-09-21 07:51:44.194284
sigma20.rtb.appier.net,AVAILABILITY,domains.list,2021-09-21 07:51:45.812181
sigma1.rtb.appier.net,AVAILABILITY,domains.list,2021-09-21 07:51:47.124205
sigma0.rtb.appier.net,AVAILABILITY,domains.list,2021-09-21 07:51:48.373853
sigma23.rtb.appier.net,AVAILABILITY,domains.list,2021-09-21 07:51:49.811514
sigma28.rtb.appier.net,AVAILABILITY,domains.list,2021-09-21 07:51:51.303878
sigma27.rtb.appier.net,AVAILABILITY,domains.list,2021-09-21 07:51:52.856817
sigma30.rtb.appier.net,AVAILABILITY,domains.list,2021-09-21 07:51:54.186473
sigma51.rtb.appier.net,AVAILABILITY,domains.list,2021-09-21 07:51:55.589521
sigma52.rtb.appier.net,AVAILABILITY,domains.list,2021-09-21 07:51:57.000462
sigma53.rtb.appier.net,AVAILABILITY,domains.list,2021-09-21 07:51:58.380142
sigma54.rtb.appier.net,AVAILABILITY,domains.list,2021-09-21 07:51:59.340214
sigma61.rtb.appier.net,AVAILABILITY,domains.list,2021-09-21 07:52:00.680025
sigma63.rtb.appier.net,AVAILABILITY,domains.list,2021-09-21 07:52:02.197216
sigma62.rtb.appier.net,AVAILABILITY,domains.list,2021-09-21 07:52:03.554972
sigma64.rtb.appier.net,AVAILABILITY,domains.list,2021-09-21 07:52:04.784613
sigma65.rtb.appier.net,AVAILABILITY,domains.list,2021-09-21 07:52:06.092470
sigma66.rtb.appier.net,AVAILABILITY,domains.list,2021-09-21 07:52:07.606118
sigma67.rtb.appier.net,AVAILABILITY,domains.list,2021-09-21 07:52:09.138308
sigma68.rtb.appier.net,AVAILABILITY,domains.list,2021-09-21 07:52:10.595890
sigma69.rtb.appier.net,AVAILABILITY,domains.list,2021-09-21 07:52:12.054831
sigma70.rtb.appier.net,AVAILABILITY,domains.list,2021-09-21 07:52:13.431030
sigma71.rtb.appier.net,AVAILABILITY,domains.list,2021-09-21 07:52:14.677985
sigma72.rtb.appier.net,AVAILABILITY,domains.list,2021-09-21 07:52:16.087441
sigma73.rtb.appier.net,AVAILABILITY,domains.list,2021-09-21 07:52:17.991087
sigma74.rtb.appier.net,AVAILABILITY,domains.list,2021-09-21 07:52:19.370062
sigma22.rtb.appier.net,AVAILABILITY,domains.list,2021-09-21 07:52:20.790301
sigma75.rtb.appier.net,AVAILABILITY,domains.list,2021-09-21 07:52:22.111894
sigma76.rtb.appier.net,AVAILABILITY,domains.list,2021-09-21 07:52:23.354017
sigma77.rtb.appier.net,AVAILABILITY,domains.list,2021-09-21 07:52:24.727450
sigma79.rtb.appier.net,AVAILABILITY,domains.list,2021-09-21 07:52:27.692459
sigma81.rtb.appier.net,AVAILABILITY,domains.list,2021-09-21 07:52:28.949935
sigma83.rtb.appier.net,AVAILABILITY,domains.list,2021-09-21 07:52:30.319768
sigma84.rtb.appier.net,AVAILABILITY,domains.list,2021-09-21 07:52:31.672806
sigma85.rtb.appier.net,AVAILABILITY,domains.list,2021-09-21 07:52:33.137619
sigma86.rtb.appier.net,AVAILABILITY,domains.list,2021-09-21 07:52:34.972708
sigma87.rtb.appier.net,AVAILABILITY,domains.list,2021-09-21 07:52:36.420898
sigma89.rtb.appier.net,AVAILABILITY,domains.list,2021-09-21 07:52:37.887008
sigma91.rtb.appier.net,AVAILABILITY,domains.list,2021-09-21 07:52:39.348522
sigma90.rtb.appier.net,AVAILABILITY,domains.list,2021-09-21 07:52:41.014862
sigma93.rtb.appier.net,AVAILABILITY,domains.list,2021-09-21 07:52:42.547536
sigma78.rtb.appier.net,AVAILABILITY,domains.list,2021-09-21 07:52:44.207324
sigma92.rtb.appier.net,AVAILABILITY,domains.list,2021-09-21 07:52:45.598747
sigma94.rtb.appier.net,AVAILABILITY,domains.list,2021-09-21 07:52:46.917934
sigma96.rtb.appier.net,AVAILABILITY,domains.list,2021-09-21 07:52:48.428317
sigma97.rtb.appier.net,AVAILABILITY,domains.list,2021-09-21 07:52:49.840092
sigma99.rtb.appier.net,AVAILABILITY,domains.list,2021-09-21 07:52:51.319500
sigma100.rtb.appier.net,AVAILABILITY,domains.list,2021-09-21 07:52:52.848299
sigma101.rtb.appier.net,AVAILABILITY,domains.list,2021-09-21 07:52:54.478013
sigma105.rtb.appier.net,AVAILABILITY,domains.list,2021-09-21 07:52:56.123366
sigma107.rtb.appier.net,AVAILABILITY,domains.list,2021-09-21 07:52:57.411695
sigma109.rtb.appier.net,AVAILABILITY,domains.list,2021-09-21 07:52:58.848635
sigma110.rtb.appier.net,AVAILABILITY,domains.list,2021-09-21 07:53:00.344834
sigma111.rtb.appier.net,AVAILABILITY,domains.list,2021-09-21 07:53:01.860056
sigma113.rtb.appier.net,AVAILABILITY,domains.list,2021-09-21 07:53:03.299556
sigma114.rtb.appier.net,AVAILABILITY,domains.list,2021-09-21 07:53:04.643494
sigma117.rtb.appier.net,AVAILABILITY,domains.list,2021-09-21 07:53:05.987698
sigma121.rtb.appier.net,AVAILABILITY,domains.list,2021-09-21 07:53:07.291074
sigma123.rtb.appier.net,AVAILABILITY,domains.list,2021-09-21 07:53:08.542876
sigma126.rtb.appier.net,AVAILABILITY,domains.list,2021-09-21 07:53:10.023144
sigma124.rtb.appier.net,AVAILABILITY,domains.list,2021-09-21 07:53:11.388052
sigma129.rtb.appier.net,AVAILABILITY,domains.list,2021-09-21 07:53:12.861316
sigma130.rtb.appier.net,AVAILABILITY,domains.list,2021-09-21 07:53:14.077667
sigma134.rtb.appier.net,AVAILABILITY,domains.list,2021-09-21 07:53:15.448845
sigma137.rtb.appier.net,AVAILABILITY,domains.list,2021-09-21 07:53:16.871545
sigma115.rtb.appier.net,AVAILABILITY,domains.list,2021-09-21 07:53:18.324504
sigma138.rtb.appier.net,AVAILABILITY,domains.list,2021-09-21 07:53:19.602300
sigma139.rtb.appier.net,AVAILABILITY,domains.list,2021-09-21 07:53:20.906903
sigma140.rtb.appier.net,AVAILABILITY,domains.list,2021-09-21 07:53:22.257110
sigma141.rtb.appier.net,AVAILABILITY,domains.list,2021-09-21 07:53:23.544728
sigma142.rtb.appier.net,AVAILABILITY,domains.list,2021-09-21 07:53:24.838421
sigma143.rtb.appier.net,AVAILABILITY,domains.list,2021-09-21 07:53:26.162375
sigma131.rtb.appier.net,AVAILABILITY,domains.list,2021-09-21 07:53:27.542018
sigma144.rtb.appier.net,AVAILABILITY,domains.list,2021-09-21 07:53:29.022546
sigma145.rtb.appier.net,AVAILABILITY,domains.list,2021-09-21 07:53:30.693958
sigma146.rtb.appier.net,AVAILABILITY,domains.list,2021-09-21 07:53:32.090580
sigma147.rtb.appier.net,AVAILABILITY,domains.list,2021-09-21 07:53:33.318849
sigma148.rtb.appier.net,AVAILABILITY,domains.list,2021-09-21 07:53:34.680233
sigma151.rtb.appier.net,AVAILABILITY,domains.list,2021-09-21 07:53:36.000037
sigma152.rtb.appier.net,AVAILABILITY,domains.list,2021-09-21 07:53:37.559164
sigma154.rtb.appier.net,AVAILABILITY,domains.list,2021-09-21 07:53:38.880449
sigma155.rtb.appier.net,AVAILABILITY,domains.list,2021-09-21 07:53:40.420366
sigma156.rtb.appier.net,AVAILABILITY,domains.list,2021-09-21 07:53:41.761427
silverline.t.domdex.com,AVAILABILITY,domains.list,2021-09-21 07:53:42.666687
silva.alphonso.tv,AVAILABILITY,domains.list,2021-09-21 07:53:44.111148
simplisticnose.com,AVAILABILITY,domains.list,2021-09-21 07:53:45.306653
sinceresofa.com,AVAILABILITY,domains.list,2021-09-21 07:53:46.435847
singapore.adsrvr.org,AVAILABILITY,domains.list,2021-09-21 07:53:47.380415
sinisterdiesel.btttag.com,AVAILABILITY,domains.list,2021-09-21 07:53:48.348403
singleparentmeet.adlegend.com,AVAILABILITY,domains.list,2021-09-21 07:53:49.343289
sina.igexin.com,AVAILABILITY,domains.list,2021-09-21 07:53:51.775916
sip.revcontent.com,AVAILABILITY,domains.list,2021-09-21 07:53:52.882599
sip.snoobi.com,AVAILABILITY,domains.list,2021-09-21 07:53:54.344186
sip.vertamedia.com,AVAILABILITY,domains.list,2021-09-21 07:53:55.397314
sirdata-auto.t.domdex.com,AVAILABILITY,domains.list,2021-09-21 07:53:56.353439
sirdata-finance.t.domdex.com,AVAILABILITY,domains.list,2021-09-21 07:53:57.314132
sirdata-shopping.t.domdex.com,AVAILABILITY,domains.list,2021-09-21 07:53:58.304199
sirdata-travel.t.domdex.com,AVAILABILITY,domains.list,2021-09-21 07:53:59.288820
sirian.dumedia.ru,AVAILABILITY,domains.list,2021-09-21 07:54:01.401158
site.albacross.com,AVAILABILITY,domains.list,2021-09-21 07:54:02.648618
sitemapper-02.kameleoon.com,AVAILABILITY,domains.list,2021-09-21 07:54:03.659294
sitemapper-01.kameleoon.com,AVAILABILITY,domains.list,2021-09-21 07:54:04.628261
sitemapper-03.kameleoon.com,AVAILABILITY,domains.list,2021-09-21 07:54:05.564045
sitemapper-04.kameleoon.com,AVAILABILITY,domains.list,2021-09-21 07:54:06.462703
sitetracking.sokrati.com,AVAILABILITY,domains.list,2021-09-21 07:54:07.491510
sjc-ads-bgp.contextweb.com,AVAILABILITY,domains.list,2021-09-21 07:54:08.488790
sjc.contextweb.com,AVAILABILITY,domains.list,2021-09-21 07:54:09.533268
sjc-ads-weighted.contextweb.com,AVAILABILITY,domains.list,2021-09-21 07:54:10.554476
sjc-delivery-10.sys.adgear.com,AVAILABILITY,domains.list,2021-09-21 07:54:12.149987
sjc-tag-bgp.contextweb.com,AVAILABILITY,domains.list,2021-09-21 07:54:13.162292
sj-nagios.clickability.com,AVAILABILITY,domains.list,2021-09-21 07:54:14.735100
sjszz.jmojh8fc6x.bapb.gdn,AVAILABILITY,domains.list,2021-09-21 07:54:15.924872
skye-d.openx.net,AVAILABILITY,domains.list,2021-09-21 07:54:17.252561
sl4.clicktale.net,AVAILABILITY,domains.list,2021-09-21 07:54:18.150065
sl6.clicktale.net,AVAILABILITY,domains.list,2021-09-21 07:54:19.128752
sl7.clicktale.net,AVAILABILITY,domains.list,2021-09-21 07:54:20.024291
sl22.clicktale.net,AVAILABILITY,domains.list,2021-09-21 07:54:20.938842
sl23.clicktale.net,AVAILABILITY,domains.list,2021-09-21 07:54:21.884828
sl26.clicktale.net,AVAILABILITY,domains.list,2021-09-21 07:54:22.852116
sl.advertising.com,AVAILABILITY,domains.list,2021-09-21 07:54:23.862343
slai01.clicktale.net,AVAILABILITY,domains.list,2021-09-21 07:54:24.791861
slalgo01.clicktale.net,AVAILABILITY,domains.list,2021-09-21 07:54:25.699635
slbus1.clicktale.net,AVAILABILITY,domains.list,2021-09-21 07:54:26.650263
slbus2.clicktale.net,AVAILABILITY,domains.list,2021-09-21 07:54:27.580630
slbus3.clicktale.net,AVAILABILITY,domains.list,2021-09-21 07:54:28.466623
sleeptrain.adlegend.com,AVAILABILITY,domains.list,2021-09-21 07:54:29.433115
slgraph01.clicktale.net,AVAILABILITY,domains.list,2021-09-21 07:54:30.328280
slinkjeans.btttag.com,AVAILABILITY,domains.list,2021-09-21 07:54:31.260404
sloanreview-d.openx.net,AVAILABILITY,domains.list,2021-09-21 07:54:32.671082
sloadus.exelator.com,AVAILABILITY,domains.list,2021-09-21 07:54:33.669706
slsrs01.clicktale.net,AVAILABILITY,domains.list,2021-09-21 07:54:34.664411
smaato-d.openx.net,AVAILABILITY,domains.list,2021-09-21 07:54:35.924260
smaato.mads.advertising.com,AVAILABILITY,domains.list,2021-09-21 07:54:36.894550
smart.scexp.exelator.com,AVAILABILITY,domains.list,2021-09-21 07:54:37.915339
smart.txexp.exelator.com,AVAILABILITY,domains.list,2021-09-21 07:54:38.898742
smartlink.propellerads.com,AVAILABILITY,domains.list,2021-09-21 07:54:40.116020
smartyads.g2afse.com,AVAILABILITY,domains.list,2021-09-21 07:54:41.295714
smd.hiido.com,AVAILABILITY,domains.list,2021-09-21 07:54:42.814842
smetrics.gettyimages.com,AVAILABILITY,domains.list,2021-09-21 07:54:43.896428
smibk.mookie1.com,AVAILABILITY,domains.list,2021-09-21 07:54:44.896120
smilingsock.com,AVAILABILITY,domains.list,2021-09-21 07:54:46.152226
smm.outbrain.com,AVAILABILITY,domains.list,2021-09-21 07:54:47.355174
smoketest-data.insert.io,AVAILABILITY,domains.list,2021-09-21 07:54:48.372904
smoketest-device.insert.io,AVAILABILITY,domains.list,2021-09-21 07:54:49.632466
smoketest-ws.insert.io,AVAILABILITY,domains.list,2021-09-21 07:54:50.703986
sn5wcs89.science,AVAILABILITY,domains.list,2021-09-21 07:54:53.116979
snagajob-d.openx.net,AVAILABILITY,domains.list,2021-09-21 07:54:54.438964
snakesort.com,AVAILABILITY,domains.list,2021-09-21 07:54:55.482967
snap.adsrvr.org,AVAILABILITY,domains.list,2021-09-21 07:54:56.483396
sneaklevel.com,AVAILABILITY,domains.list,2021-09-21 07:54:57.625355
sng-d.openx.net,AVAILABILITY,domains.list,2021-09-21 07:54:59.077741
sn-vgqs7n76.c.googlesyndication.com,AVAILABILITY,domains.list,2021-09-21 07:55:00.293272
soccerloco.btttag.com,AVAILABILITY,domains.list,2021-09-21 07:55:01.305304
social.sokrati.com,AVAILABILITY,domains.list,2021-09-21 07:55:02.291107
socialholic-d.openx.net,AVAILABILITY,domains.list,2021-09-21 07:55:03.545086
social-stream-tag.3lift.com,AVAILABILITY,domains.list,2021-09-21 07:55:04.674560
socrates.alphonso.tv,AVAILABILITY,domains.list,2021-09-21 07:55:06.240234
sodimac.vizury.com,AVAILABILITY,domains.list,2021-09-21 07:55:07.210689
soda-finance.t.domdex.com,AVAILABILITY,domains.list,2021-09-21 07:55:08.191726
softinvest.g2afse.com,AVAILABILITY,domains.list,2021-09-21 07:55:09.320140
soju.openx.net,AVAILABILITY,domains.list,2021-09-21 07:55:10.628491
sol1.smi2.ru,AVAILABILITY,domains.list,2021-09-21 07:55:15.388525
soledadmedia-d.openx.net,AVAILABILITY,domains.list,2021-09-21 07:55:16.660754
solegingly.co,AVAILABILITY,domains.list,2021-09-21 07:55:18.081577
solutionswide2-d.openx.net,AVAILABILITY,domains.list,2021-09-21 07:55:19.374889
solutionswide-d.openx.net,AVAILABILITY,domains.list,2021-09-21 07:55:20.740622
soma.adlegend.com,AVAILABILITY,domains.list,2021-09-21 07:55:21.651205
soma-assets-weighted.smaato.net,AVAILABILITY,domains.list,2021-09-21 07:55:22.837396
soma-fix-ap-southeast-1.smaato.net,AVAILABILITY,domains.list,2021-09-21 07:55:23.927937
soma-fix-eu-west-1.smaato.net,AVAILABILITY,domains.list,2021-09-21 07:55:25.019458
soma-fix-us-east-1.smaato.net,AVAILABILITY,domains.list,2021-09-21 07:55:26.125329
soma-transition.smaato.net,AVAILABILITY,domains.list,2021-09-21 07:55:27.088052
soma-live-load.smaato.net,AVAILABILITY,domains.list,2021-09-21 07:55:28.172849
sonarclick.go2affise.com,AVAILABILITY,domains.list,2021-09-21 07:55:29.177328
sonarqube.stickyadstv.com,AVAILABILITY,domains.list,2021-09-21 07:55:30.170966
sonic.rubiconproject.com,AVAILABILITY,domains.list,2021-09-21 07:55:31.363388
sonic-dev.supersonicads.com,AVAILABILITY,domains.list,2021-09-21 07:55:32.492970
sonic-us.supersonicads.com,AVAILABILITY,domains.list,2021-09-21 07:55:33.540593
sonypicturesnetworksindia.device.insert.io,AVAILABILITY,domains.list,2021-09-21 07:55:34.736969
sonypicturesnetworksindia.data.insert.io,AVAILABILITY,domains.list,2021-09-21 07:55:35.826675
sophia.trustx.org,AVAILABILITY,domains.list,2021-09-21 07:55:37.480136
soundhound-d.openx.net,AVAILABILITY,domains.list,2021-09-21 07:55:38.889772
soundofferscom.t.domdex.com,AVAILABILITY,domains.list,2021-09-21 07:55:39.865789
sourceforgemedia-computing.t.domdex.com,AVAILABILITY,domains.list,2021-09-21 07:55:40.796743
sourcemedia-d.openx.net,AVAILABILITY,domains.list,2021-09-21 07:55:42.247077
southwest.adlegend.com,AVAILABILITY,domains.list,2021-09-21 07:55:43.214646
sovrn.demand.go.sonobi.com,AVAILABILITY,domains.list,2021-09-21 07:55:44.176171
sovrn-auto.t.domdex.com,AVAILABILITY,domains.list,2021-09-21 07:55:45.124615
sovrn-finance.t.domdex.com,AVAILABILITY,domains.list,2021-09-21 07:55:46.108043
sovrn-foodanddrink.t.domdex.com,AVAILABILITY,domains.list,2021-09-21 07:55:47.071102
sovrn-merge.openx.net,AVAILABILITY,domains.list,2021-09-21 07:55:48.543978
sovrn-travel.t.domdex.com,AVAILABILITY,domains.list,2021-09-21 07:55:49.489565
sovrn.digitru.st,AVAILABILITY,domains.list,2021-09-21 07:55:50.915113
sp.adsrvr.org,AVAILABILITY,domains.list,2021-09-21 07:55:51.901406
sp-active.adsrvr.org,AVAILABILITY,domains.list,2021-09-21 07:55:52.836369
spade.twitch.com,AVAILABILITY,domains.list,2021-09-21 07:55:54.222489
spanfeller-foodanddrink.t.domdex.com,AVAILABILITY,domains.list,2021-09-21 07:55:55.129304
spanfeller-sports.t.domdex.com,AVAILABILITY,domains.list,2021-09-21 07:55:56.071486
sp-backup.adsrvr.org,AVAILABILITY,domains.list,2021-09-21 07:55:57.005735
spd.atdmt.com,AVAILABILITY,domains.list,2021-09-21 07:55:58.204170
spd.browser.miui.com,AVAILABILITY,domains.list,2021-09-21 07:56:00.180861
spdy-lb2.adsymptotic.com,AVAILABILITY,domains.list,2021-09-21 07:56:01.110723
spdy-lb4.adsymptotic.com,AVAILABILITY,domains.list,2021-09-21 07:56:02.057072
spdy-lb5.adsymptotic.com,AVAILABILITY,domains.list,2021-09-21 07:56:03.029997
spdy-lb11.adsymptotic.com,AVAILABILITY,domains.list,2021-09-21 07:56:03.933633
spe.atdmt.com,AVAILABILITY,domains.list,2021-09-21 07:56:05.013506
specifications.albacross.com,AVAILABILITY,domains.list,2021-09-21 07:56:06.027248
spectacularsnail.com,AVAILABILITY,domains.list,2021-09-21 07:56:07.112599
speed.trkmobile.xyz,AVAILABILITY,domains.list,2021-09-21 07:56:08.224671
spectrum.adlegend.com,AVAILABILITY,domains.list,2021-09-21 07:56:09.151246
spermcheck.btttag.com,AVAILABILITY,domains.list,2021-09-21 07:56:10.037165
speroll.g2afse.com,AVAILABILITY,domains.list,2021-09-21 07:56:11.139173
spherecontent.outbrain.com,AVAILABILITY,domains.list,2021-09-21 07:56:12.094484
spinmedia-artsandentertainment.t.domdex.com,AVAILABILITY,domains.list,2021-09-21 07:56:13.062395
splash.getadmiral.com,AVAILABILITY,domains.list,2021-09-21 07:56:14.069601
splash-screen.voodoo-ads.io,AVAILABILITY,domains.list,2021-09-21 07:56:15.211482
spilgames-562189-hdb.adomik.com,AVAILABILITY,domains.list,2021-09-21 07:56:16.478119
spinmedia-d.openx.net,AVAILABILITY,domains.list,2021-09-21 07:56:17.789445
sports.rubiconproject.com,AVAILABILITY,domains.list,2021-09-21 07:56:19.136810
sports.mgid.com,AVAILABILITY,domains.list,2021-09-21 07:56:20.052537
sportsauthority.btttag.com,AVAILABILITY,domains.list,2021-09-21 07:56:20.982680
sportschatplace-d.openx.net,AVAILABILITY,domains.list,2021-09-21 07:56:22.330918
spotify.mopub.com,AVAILABILITY,domains.list,2021-09-21 07:56:23.411803
spottysense.com,AVAILABILITY,domains.list,2021-09-21 07:56:24.437906
spotxchange-d.openx.net,AVAILABILITY,domains.list,2021-09-21 07:56:25.736790
spotify.deliveryengine.adswizz.com,AVAILABILITY,domains.list,2021-09-21 07:56:26.931194
spp.adriver.ru,AVAILABILITY,domains.list,2021-09-21 07:56:29.486889
spreadshirt.at.102.112.2o7.net,AVAILABILITY,domains.list,2021-09-21 07:56:30.553259
spreadshirt.be.102.112.2o7.net,AVAILABILITY,domains.list,2021-09-21 07:56:31.677363
spreadshirt.de.102.112.2o7.net,AVAILABILITY,domains.list,2021-09-21 07:56:32.791632
spreadshirt.ie.102.112.2o7.net,AVAILABILITY,domains.list,2021-09-21 07:56:33.827889
spuul.g2afse.com,AVAILABILITY,domains.list,2021-09-21 07:56:34.950026
sp-west.adsrvr.org,AVAILABILITY,domains.list,2021-09-21 07:56:35.861053
spx.smaato.net,AVAILABILITY,domains.list,2021-09-21 07:56:36.965313
spyoff.dislo.cloud,AVAILABILITY,domains.list,2021-09-21 07:56:39.058046
sqnzz.ouasflpydty21tf.bapb.gdn,AVAILABILITY,domains.list,2021-09-21 07:56:40.356104
squeamishscarecrow.com,AVAILABILITY,domains.list,2021-09-21 07:56:41.505974
sr.01l.xyz,AVAILABILITY,domains.list,2021-09-21 07:56:42.880759
sr.mads.advertising.com,AVAILABILITY,domains.list,2021-09-21 07:56:43.836665
sri.jsintegrity.com,AVAILABILITY,domains.list,2021-09-21 07:56:44.954143
sr-r3.ace.advertising.com,AVAILABILITY,domains.list,2021-09-21 07:56:45.888400
srv-001.aff-track.online,AVAILABILITY,domains.list,2021-09-21 07:56:47.107459
srv3.tw.appier.net,AVAILABILITY,domains.list,2021-09-21 07:56:48.265012
srv2.tw.appier.net,AVAILABILITY,domains.list,2021-09-21 07:56:49.721338
srv03-ex.vertamedia.com,AVAILABILITY,domains.list,2021-09-21 07:56:50.666606
srv05-sk.vertamedia.com,AVAILABILITY,domains.list,2021-09-21 07:56:51.587570
srv04-ex.vertamedia.com,AVAILABILITY,domains.list,2021-09-21 07:56:52.541845
srv.exchange4media.com,AVAILABILITY,domains.list,2021-09-21 07:56:53.861400
srv.media.net,AVAILABILITY,domains.list,2021-09-21 07:56:54.870849
srv.dco.advertising.com,AVAILABILITY,domains.list,2021-09-21 07:56:55.836010
srvcce.media.net,AVAILABILITY,domains.list,2021-09-21 07:56:56.919775
srv-eu-ldn-5.buysellads.com,AVAILABILITY,domains.list,2021-09-21 07:56:58.195252
srv-eu-nl-6.buysellads.com,AVAILABILITY,domains.list,2021-09-21 07:56:59.358645
srv-eu-nl-5.buysellads.com,AVAILABILITY,domains.list,2021-09-21 07:57:00.908386
srvjs.media.net,AVAILABILITY,domains.list,2021-09-21 07:57:01.973323
srvjse.media.net,AVAILABILITY,domains.list,2021-09-21 07:57:03.017992
srv-sg-sgp-2.buysellads.com,AVAILABILITY,domains.list,2021-09-21 07:57:04.155162
srv-sg-sgp-3.buysellads.com,AVAILABILITY,domains.list,2021-09-21 07:57:05.295357
srv-us-ny-7.buysellads.com,AVAILABILITY,domains.list,2021-09-21 07:57:06.378003
srv-us-ny-8.buysellads.com,AVAILABILITY,domains.list,2021-09-21 07:57:07.646278
ss.buysellads.com,AVAILABILITY,domains.list,2021-09-21 07:57:09.091386
s-s.spyoff.dislo.cloud,AVAILABILITY,domains.list,2021-09-21 07:57:11.769077
ssd.adriver.ru,AVAILABILITY,domains.list,2021-09-21 07:57:14.461615
ssh.mi61l.cn,AVAILABILITY,domains.list,2021-09-21 07:57:16.072428
ssl.vungle.com,AVAILABILITY,domains.list,2021-09-21 07:57:17.339867
sso.growthrx.in,AVAILABILITY,domains.list,2021-09-21 07:57:18.363221
ssp.ad.xiaomi.com,AVAILABILITY,domains.list,2021-09-21 07:57:20.482823
ssp.content-ad.net,AVAILABILITY,domains.list,2021-09-21 07:57:21.483397
ssp.deployads.com,AVAILABILITY,domains.list,2021-09-21 07:57:22.686360
ssp.face2trade.com,AVAILABILITY,domains.list,2021-09-21 07:57:23.746814
ssp-fe-us-e2.content-ad.net,AVAILABILITY,domains.list,2021-09-21 07:57:24.733568
ssp-px.content-ad.net,AVAILABILITY,domains.list,2021-09-21 07:57:25.649361
ssp-service.vertamedia.com,AVAILABILITY,domains.list,2021-09-21 07:57:26.534888
ssq.tr.blismedia.com,AVAILABILITY,domains.list,2021-09-21 07:57:27.780844
sspt.smi2.ru,AVAILABILITY,domains.list,2021-09-21 07:57:32.722242
st.smi2.ru,AVAILABILITY,domains.list,2021-09-21 07:57:34.988956
sta.yabidos.com,AVAILABILITY,domains.list,2021-09-21 07:57:35.958602
stab.lax1.appnexus.com,AVAILABILITY,domains.list,2021-09-21 07:57:37.235051
stab.nym2.appnexus.com,AVAILABILITY,domains.list,2021-09-21 07:57:38.553718
stager2.53.localytics.com,AVAILABILITY,domains.list,2021-09-21 07:57:39.626242
standardpublishing-d.openx.net,AVAILABILITY,domains.list,2021-09-21 07:57:40.925321
stanza-d.openx.net,AVAILABILITY,domains.list,2021-09-21 07:57:42.386851
stage-www.brightroll.com,AVAILABILITY,domains.list,2021-09-21 07:57:44.144772
starpulse-d.openx.net,AVAILABILITY,domains.list,2021-09-21 07:57:45.663209
start.adrecover.com,AVAILABILITY,domains.list,2021-09-21 07:57:46.856027
start.corp.exoclick.com,AVAILABILITY,domains.list,2021-09-21 07:57:48.028708
stars.carambo.la,AVAILABILITY,domains.list,2021-09-21 07:57:49.233049
starwoodhotels.102.112.2o7.net,AVAILABILITY,domains.list,2021-09-21 07:57:50.308107
stat.flashget.com,AVAILABILITY,domains.list,2021-09-21 07:57:52.615234
stat.fromfactory.club,AVAILABILITY,domains.list,2021-09-21 07:57:53.882425
stat.mediation.batmobi.net,AVAILABILITY,domains.list,2021-09-21 07:57:55.125176
stat.dsp.batmobi.net,AVAILABILITY,domains.list,2021-09-21 07:57:56.368604
stat-cruncher01.addapptr.com,AVAILABILITY,domains.list,2021-09-21 07:57:57.789718
stat-cruncher02.addapptr.com,AVAILABILITY,domains.list,2021-09-21 07:57:59.178649
stat-cruncher03.addapptr.com,AVAILABILITY,domains.list,2021-09-21 07:58:00.543371
stat-cruncher04.addapptr.com,AVAILABILITY,domains.list,2021-09-21 07:58:01.908845
static0.smi2.net,AVAILABILITY,domains.list,2021-09-21 07:58:04.472789
static02.adsafeprotected.com,AVAILABILITY,domains.list,2021-09-21 07:58:05.417424
static-2.3lift.com,AVAILABILITY,domains.list,2021-09-21 07:58:06.583435
static2.sharethrough.com,AVAILABILITY,domains.list,2021-09-21 07:58:07.610261
static2.umeng.com,AVAILABILITY,domains.list,2021-09-21 07:58:09.402855
static2.ebz.io,AVAILABILITY,domains.list,2021-09-21 07:58:10.669775
static.5terpt.com,AVAILABILITY,domains.list,2021-09-21 07:59:04.629529
static2-bz-join.contentdef.com,AVAILABILITY,domains.list,2021-09-21 07:59:05.599976
static.acceptance.sharethrough.com,AVAILABILITY,domains.list,2021-09-21 07:59:06.517309
static.adpushup.com,AVAILABILITY,domains.list,2021-09-21 07:59:07.483120
static.adsnative.com,AVAILABILITY,domains.list,2021-09-21 07:59:08.504478
static.carbonads.com,AVAILABILITY,domains.list,2021-09-21 07:59:09.393924
static.dynamicyield.com,AVAILABILITY,domains.list,2021-09-21 07:59:10.355715
static.ebz.io,AVAILABILITY,domains.list,2021-09-21 07:59:11.613155
static.exdynsrv.com,AVAILABILITY,domains.list,2021-09-21 07:59:12.643516
static.exoclick.com,AVAILABILITY,domains.list,2021-09-21 07:59:13.513695
static.exosrv.com,AVAILABILITY,domains.list,2021-09-21 07:59:14.430053
static.eyeviewads.com,AVAILABILITY,domains.list,2021-09-21 07:59:15.524000
static.hk.cn.criteo.net,AVAILABILITY,domains.list,2021-09-21 07:59:17.134680
static.mmtcdn.com,AVAILABILITY,domains.list,2021-09-21 07:59:18.224688
static.ny.us.criteo.net,AVAILABILITY,domains.list,2021-09-21 07:59:20.192805
static.propellerads.com,AVAILABILITY,domains.list,2021-09-21 07:59:21.218925
static.reasedoper.pw,AVAILABILITY,domains.list,2021-09-21 07:59:22.435354
static.sv.us.criteo.net,AVAILABILITY,domains.list,2021-09-21 07:59:23.993291
static.umeng.com,AVAILABILITY,domains.list,2021-09-21 07:59:25.229816
static.unoadsrv.com,AVAILABILITY,domains.list,2021-09-21 07:59:26.143368
static.stg.yieldmo.com,AVAILABILITY,domains.list,2021-09-21 07:59:27.379709
static-acceptance.sharethrough.com,AVAILABILITY,domains.list,2021-09-21 07:59:28.252029
static-cdn.unoadsrv.com,AVAILABILITY,domains.list,2021-09-21 07:59:29.077876
static-hwcdn.exoclick.com,AVAILABILITY,domains.list,2021-09-21 07:59:29.945541
static-lon1.dynamicyield.com,AVAILABILITY,domains.list,2021-09-21 07:59:30.892778
static-new.vertamedia.com,AVAILABILITY,domains.list,2021-09-21 07:59:31.730667
statics.hdocdn.ru,AVAILABILITY,domains.list,2021-09-21 07:59:33.137187
static-ssl.exoclick.com,AVAILABILITY,domains.list,2021-09-21 07:59:34.005969
static-us.vertamedia.com,AVAILABILITY,domains.list,2021-09-21 07:59:34.832632
static-website.teads.tv,AVAILABILITY,domains.list,2021-09-21 07:59:35.822062
statravel.t.domdex.com,AVAILABILITY,domains.list,2021-09-21 07:59:36.750012
stats1.stickyadstv.com,AVAILABILITY,domains.list,2021-09-21 07:59:37.656790
stats11.stickyadstv.com,AVAILABILITY,domains.list,2021-09-21 07:59:38.577174
stats10.stickyadstv.com,AVAILABILITY,domains.list,2021-09-21 07:59:39.426236
stats20.stickyadstv.com,AVAILABILITY,domains.list,2021-09-21 07:59:40.333269
stats12.stickyadstv.com,AVAILABILITY,domains.list,2021-09-21 07:59:41.178799
stats22.stickyadstv.com,AVAILABILITY,domains.list,2021-09-21 07:59:42.030741
stats21.stickyadstv.com,AVAILABILITY,domains.list,2021-09-21 07:59:42.917095
stats31.stickyadstv.com,AVAILABILITY,domains.list,2021-09-21 07:59:43.786041
stats30.stickyadstv.com,AVAILABILITY,domains.list,2021-09-21 07:59:44.622359
stats32.stickyadstv.com,AVAILABILITY,domains.list,2021-09-21 07:59:45.491359
stats40.stickyadstv.com,AVAILABILITY,domains.list,2021-09-21 07:59:46.343260
stats41.stickyadstv.com,AVAILABILITY,domains.list,2021-09-21 07:59:47.194365
stats50.stickyadstv.com,AVAILABILITY,domains.list,2021-09-21 07:59:48.110680
stats42.stickyadstv.com,AVAILABILITY,domains.list,2021-09-21 07:59:48.972717
stats51.stickyadstv.com,AVAILABILITY,domains.list,2021-09-21 07:59:49.841023
stats61.stickyadstv.com,AVAILABILITY,domains.list,2021-09-21 07:59:50.701108
stats60.stickyadstv.com,AVAILABILITY,domains.list,2021-09-21 07:59:51.563880
stats52.stickyadstv.com,AVAILABILITY,domains.list,2021-09-21 07:59:52.463562
stats62.stickyadstv.com,AVAILABILITY,domains.list,2021-09-21 07:59:53.367360
stats.aws.rubiconproject.comedata.ndtv.com,AVAILABILITY,domains.list,2021-09-21 07:59:54.385638
stats.dmx.districtm.io,AVAILABILITY,domains.list,2021-09-21 07:59:55.234137
stats.exoclick.com,AVAILABILITY,domains.list,2021-09-21 07:59:56.096867
stats.redditmedia.com,AVAILABILITY,domains.list,2021-09-21 07:59:57.114712
stats.searchanise.com,AVAILABILITY,domains.list,2021-09-21 07:59:58.032277
stats.tracksummer.com,AVAILABILITY,domains.list,2021-09-21 07:59:59.105396
stats.unity3d.com,AVAILABILITY,domains.list,2021-09-21 08:00:00.345196
stats.video.search.yahoo.com,AVAILABILITY,domains.list,2021-09-21 08:00:01.728040
stats.wittyfeed.com,AVAILABILITY,domains.list,2021-09-21 08:00:02.681816
statsevent.tracksummer.com,AVAILABILITY,domains.list,2021-09-21 08:00:03.783846
statsgoogle.appsflyer.com,AVAILABILITY,domains.list,2021-09-21 08:00:04.768764
stats-us-tx-2.buysellads.com,AVAILABILITY,domains.list,2021-09-21 08:00:05.973396
status.addthis.com,AVAILABILITY,domains.list,2021-09-21 08:00:06.972865
status.adsnative.com,AVAILABILITY,domains.list,2021-09-21 08:00:07.966207
status.revcontent.com,AVAILABILITY,domains.list,2021-09-21 08:00:09.038315
statusdevops.appsflyer.com,AVAILABILITY,domains.list,2021-09-21 08:00:10.066014
status-fast.addthis.com,AVAILABILITY,domains.list,2021-09-21 08:00:10.959846
steinmart.adlegend.com,AVAILABILITY,domains.list,2021-09-21 08:00:11.969127
stencef.com,AVAILABILITY,domains.list,2021-09-21 08:00:12.995867
sterling.alphonso.tv,AVAILABILITY,domains.list,2021-09-21 08:00:14.298782
stg.auditude.com,AVAILABILITY,domains.list,2021-09-21 08:00:15.265640
stg.oem.inmobi.com,AVAILABILITY,domains.list,2021-09-21 08:00:16.483763
stillavin.smi2.ru,AVAILABILITY,domains.list,2021-09-21 08:00:19.946782
stitchfixtracksdk.optimove.net,AVAILABILITY,domains.list,2021-09-21 08:00:20.951786
stmediagroup-d.openx.net,AVAILABILITY,domains.list,2021-09-21 08:00:22.201690
storm01.ifd.vip.ev1.inmobi.com,AVAILABILITY,domains.list,2021-09-21 08:00:23.488366
str1.naiadsystems.com,AVAILABILITY,domains.list,2021-09-21 08:00:24.524577
str2.naiadsystems.com,AVAILABILITY,domains.list,2021-09-21 08:00:25.441786
str4.naiadsystems.com,AVAILABILITY,domains.list,2021-09-21 08:00:26.301849
str5.naiadsystems.com,AVAILABILITY,domains.list,2021-09-21 08:00:27.187444
str13.naiadsystems.com,AVAILABILITY,domains.list,2021-09-21 08:00:28.082510
str12.naiadsystems.com,AVAILABILITY,domains.list,2021-09-21 08:00:29.070971
str14.naiadsystems.com,AVAILABILITY,domains.list,2021-09-21 08:00:29.955896
str15.naiadsystems.com,AVAILABILITY,domains.list,2021-09-21 08:00:30.877951
str16.naiadsystems.com,AVAILABILITY,domains.list,2021-09-21 08:00:31.790070
str18.naiadsystems.com,AVAILABILITY,domains.list,2021-09-21 08:00:32.855526
str21.naiadsystems.com,AVAILABILITY,domains.list,2021-09-21 08:00:33.771047
str24.naiadsystems.com,AVAILABILITY,domains.list,2021-09-21 08:00:34.691186
str42.naiadsystems.com,AVAILABILITY,domains.list,2021-09-21 08:00:35.570576
strategy.batmobi.net,AVAILABILITY,domains.list,2021-09-21 08:00:36.703118
streamate.doublepimp.com,AVAILABILITY,domains.list,2021-09-21 08:00:37.574481
strm.atdmt.com,AVAILABILITY,domains.list,2021-09-21 08:00:38.646410
struq.quantserve.com,AVAILABILITY,domains.list,2021-09-21 08:00:39.704210
struq-emea.quantserve.com,AVAILABILITY,domains.list,2021-09-21 08:00:40.753418
struq-uswest.quantserve.com,AVAILABILITY,domains.list,2021-09-21 08:00:41.741742
sts.atlassolutions.com,AVAILABILITY,domains.list,2021-09-21 08:00:42.793656
structuresofa.com,AVAILABILITY,domains.list,2021-09-21 08:00:43.745220
studio8.teads.tv,AVAILABILITY,domains.list,2021-09-21 08:00:44.797402
studio8-beta.teads.tv,AVAILABILITY,domains.list,2021-09-21 08:00:45.862354
studio8-dev.teads.tv,AVAILABILITY,domains.list,2021-09-21 08:00:46.848581
studio8tags.teads.tv,AVAILABILITY,domains.list,2021-09-21 08:00:47.813718
studio8tags-dev.teads.tv,AVAILABILITY,domains.list,2021-09-21 08:00:48.785099
studio8tags-beta.teads.tv,AVAILABILITY,domains.list,2021-09-21 08:00:49.803672
studio-alfa.teads.tv,AVAILABILITY,domains.list,2021-09-21 08:00:50.826671
studio-beta.teads.tv,AVAILABILITY,domains.list,2021-09-21 08:00:51.711889
studio-hunting.voodoo-tech.io,AVAILABILITY,domains.list,2021-09-21 08:00:52.892022
studio-service.voodoo-tech.io,AVAILABILITY,domains.list,2021-09-21 08:00:53.857517
studiot.teads.tv,AVAILABILITY,domains.list,2021-09-21 08:00:54.952759
studio.inmobi.com,AVAILABILITY,domains.list,2021-09-21 08:00:56.071759
stw.adgear.com,AVAILABILITY,domains.list,2021-09-21 08:00:57.205914
style.vemba.com,AVAILABILITY,domains.list,2021-09-21 08:00:58.358946
stylecaster.t.domdex.com,AVAILABILITY,domains.list,2021-09-21 08:00:59.265419
style-recommender.fitanalytics.com,AVAILABILITY,domains.list,2021-09-21 08:01:00.161272
superduck.vemba.com,AVAILABILITY,domains.list,2021-09-21 08:01:01.186488
superficialsink.com,AVAILABILITY,domains.list,2021-09-21 08:01:02.232387
superga.btttag.com,AVAILABILITY,domains.list,2021-09-21 08:01:03.107626
supergaminatornew.optimove.net,AVAILABILITY,domains.list,2021-09-21 08:01:04.143197
survey1.umeng.com,AVAILABILITY,domains.list,2021-09-21 08:01:05.185381
sv1-g018.intellitxt.com,AVAILABILITY,domains.list,2021-09-21 08:01:06.241786
sv1.cnzz.com,AVAILABILITY,domains.list,2021-09-21 08:01:07.776266
sv.us.criteo.net,AVAILABILITY,domains.list,2021-09-21 08:01:08.950652
sv.us.criteo.com,AVAILABILITY,domains.list,2021-09-21 08:01:10.324203
svn.tubemogul.com,AVAILABILITY,domains.list,2021-09-21 08:01:11.177550
svr161170.exchange4media.com,AVAILABILITY,domains.list,2021-09-21 08:01:12.655949
sw8.rmd.admob.com,AVAILABILITY,domains.list,2021-09-21 08:01:13.861331
swagbucks.t.domdex.com,AVAILABILITY,domains.list,2021-09-21 08:01:14.825374
swagbucks-homepage.t.domdex.com,AVAILABILITY,domains.list,2021-09-21 08:01:15.749352
swoop.media.net,AVAILABILITY,domains.list,2021-09-21 08:01:16.979275
syn.torlock.com,AVAILABILITY,domains.list,2021-09-21 08:01:17.893027
sync.company-target.com,AVAILABILITY,domains.list,2021-09-21 08:01:18.877497
sync.mobojoy.baidu.com,AVAILABILITY,domains.list,2021-09-21 08:01:20.593648
sync.content.intl.miui.com,AVAILABILITY,domains.list,2021-09-21 08:01:22.486218
sync.teads.tvsync.teads.tv,AVAILABILITY,domains.list,2021-09-21 08:01:23.587801
sync-ovh.adotmob.com,AVAILABILITY,domains.list,2021-09-21 08:01:24.623578
syndication-dyn.exoclick.com,AVAILABILITY,domains.list,2021-09-21 08:01:25.568860
sys.intl.xiaomi.com,AVAILABILITY,domains.list,2021-09-21 08:01:27.319371
t1.webengage.com,AVAILABILITY,domains.list,2021-09-21 08:01:28.237487
t2.c.appier.net,AVAILABILITY,domains.list,2021-09-21 08:01:29.467339
t5jzz.qlvfyxtzjh5.bapb.gdn,AVAILABILITY,domains.list,2021-09-21 08:01:31.051346
t.admitad.com,AVAILABILITY,domains.list,2021-09-21 08:01:32.053401
t.admob.com,AVAILABILITY,domains.list,2021-09-21 08:01:33.048961
t.atdmt.com,AVAILABILITY,domains.list,2021-09-21 08:01:34.107209
t.cnzz.com,AVAILABILITY,domains.list,2021-09-21 08:01:35.763364
t.cqq5id8n.com,AVAILABILITY,domains.list,2021-09-21 08:01:36.671892
t.cwkuki.com,AVAILABILITY,domains.list,2021-09-21 08:01:37.693341
t.domdex.com,AVAILABILITY,domains.list,2021-09-21 08:01:38.577628
t.ebz.io,AVAILABILITY,domains.list,2021-09-21 08:01:39.910687
t.lga.contextweb.com,AVAILABILITY,domains.list,2021-09-21 08:01:40.891360
t.purch.com,AVAILABILITY,domains.list,2021-09-21 08:01:42.018684
t.pubnative.net,AVAILABILITY,domains.list,2021-09-21 08:01:43.083401
t.trfpump.com,AVAILABILITY,domains.list,2021-09-21 08:01:44.153948
t.nz.igexin.com,AVAILABILITY,domains.list,2021-09-21 08:01:50.081832
t.webengage.com,AVAILABILITY,domains.list,2021-09-21 08:01:50.953659
tacticalrepublic-d.openx.net,AVAILABILITY,domains.list,2021-09-21 08:01:52.259766
tacoda.at.atwola.com,AVAILABILITY,domains.list,2021-09-21 08:01:53.200159
tag.ams.contextweb.com,AVAILABILITY,domains.list,2021-09-21 08:01:54.136785
taezz.lyfd2xzauti9d8p.bapb.gdn,AVAILABILITY,domains.list,2021-09-21 08:01:56.664194
tag.domdex.com,AVAILABILITY,domains.list,2021-09-21 08:01:57.601568
tag.triplelift.com,AVAILABILITY,domains.list,2021-09-21 08:01:58.890037
tag-admin.demandbase.com,AVAILABILITY,domains.list,2021-09-21 08:01:59.930367
tag-direct.ams.contextweb.com,AVAILABILITY,domains.list,2021-09-21 08:02:00.912253
tag-direct.sjc.contextweb.com,AVAILABILITY,domains.list,2021-09-21 08:02:01.819811
tag-eu.rubiconproject.com,AVAILABILITY,domains.list,2021-09-21 08:02:03.045484
tag-direct.lga.contextweb.com,AVAILABILITY,domains.list,2021-09-21 08:02:04.048496
tag-mediation.supersonic.com,AVAILABILITY,domains.list,2021-09-21 08:02:05.214156
tagqa2.contextweb.com,AVAILABILITY,domains.list,2021-09-21 08:02:06.163310
tags.brightroll.com,AVAILABILITY,domains.list,2021-09-21 08:02:07.943233
tags-akamai-test.addthis.com,AVAILABILITY,domains.list,2021-09-21 08:02:08.900674
tag-us-sjc1.rubiconproject.com,AVAILABILITY,domains.list,2021-09-21 08:02:10.178200
talk.igexin.com,AVAILABILITY,domains.list,2021-09-21 08:02:15.242706
tango58.rtb.appier.net,AVAILABILITY,domains.list,2021-09-21 08:02:16.590434
tango70.rtb.appier.net,AVAILABILITY,domains.list,2021-09-21 08:02:18.052469
tango72.rtb.appier.net,AVAILABILITY,domains.list,2021-09-21 08:02:19.334486
tan.lpf.life,AVAILABILITY,domains.list,2021-09-21 08:02:21.845341
tango150.rtb.appier.net,AVAILABILITY,domains.list,2021-09-21 08:02:23.228034
tango174.rtb.appier.net,AVAILABILITY,domains.list,2021-09-21 08:02:24.423811
tango229.rtb.appier.net,AVAILABILITY,domains.list,2021-09-21 08:02:25.929110
tango-d.openx.net,AVAILABILITY,domains.list,2021-09-21 08:02:27.132883
tango263.rtb.appier.net,AVAILABILITY,domains.list,2021-09-21 08:02:28.620014
taobuy-api.batmobi.net,AVAILABILITY,domains.list,2021-09-21 08:02:29.772075
tap1.vip.rmd.admob.com,AVAILABILITY,domains.list,2021-09-21 08:02:30.960219
tap.rubiconproject.com,AVAILABILITY,domains.list,2021-09-21 08:02:32.234459
tap2-cdn.rubiconproject.com,AVAILABILITY,domains.list,2021-09-21 08:02:33.425219
tap-cdn.rubiconproject.com,AVAILABILITY,domains.list,2021-09-21 08:02:34.667522
tapadsbx.sbx1.2o7.net,AVAILABILITY,domains.list,2021-09-21 08:02:35.606737
tapmad.g2afse.com,AVAILABILITY,domains.list,2021-09-21 08:02:36.836030
taosvhdstorage.blob.core.windows.net,AVAILABILITY,domains.list,2021-09-21 08:02:38.017480
tap-s.rubiconproject.com,AVAILABILITY,domains.list,2021-09-21 08:02:39.089240
tap-secure.rubiconproject.com,AVAILABILITY,domains.list,2021-09-21 08:02:40.357139
tap-t.rubiconproject.com,AVAILABILITY,domains.list,2021-09-21 08:02:41.551123
tataskycom.moengage.com,AVAILABILITY,domains.list,2021-09-21 08:02:42.658935
tats.g.doubleclick.net,AVAILABILITY,domains.list,2021-09-21 08:02:43.553785
tauntonpress-foodanddrink.t.domdex.com,AVAILABILITY,domains.list,2021-09-21 08:02:44.524347
tc.internal.connatix.com,AVAILABILITY,domains.list,2021-09-21 08:02:45.531872
td.dyn.crwdcntrl.net,AVAILABILITY,domains.list,2021-09-21 08:02:46.505539
td-click.sonic-us.supersonicads.com,AVAILABILITY,domains.list,2021-09-21 08:02:47.539488
td-click-haproxy.supersonicads.com,AVAILABILITY,domains.list,2021-09-21 08:02:48.591435
t-dgm-nz-com.customtraffic.impactradius.com,AVAILABILITY,domains.list,2021-09-21 08:02:49.678091
team.datafirst.io,AVAILABILITY,domains.list,2021-09-21 08:02:51.002460
tech.contextweb.com,AVAILABILITY,domains.list,2021-09-21 08:02:51.985846
tech.flurry.com,AVAILABILITY,domains.list,2021-09-21 08:02:53.155407
techblog.adomik.com,AVAILABILITY,domains.list,2021-09-21 08:02:54.321754
technorati-auto.t.domdex.com,AVAILABILITY,domains.list,2021-09-21 08:02:55.352874
technorati-business.t.domdex.com,AVAILABILITY,domains.list,2021-09-21 08:02:56.330821
technorati-finance.t.domdex.com,AVAILABILITY,domains.list,2021-09-21 08:02:57.234047
technoratimedia-d.openx.net,AVAILABILITY,domains.list,2021-09-21 08:02:58.531422
technorati-tech.t.domdex.com,AVAILABILITY,domains.list,2021-09-21 08:02:59.451086
tech-recipes.t.domdex.com,AVAILABILITY,domains.list,2021-09-21 08:03:00.392117
technorati-shopping.t.domdex.com,AVAILABILITY,domains.list,2021-09-21 08:03:01.366640
techspot-computers.t.domdex.com,AVAILABILITY,domains.list,2021-09-21 08:03:02.362111
techweb.adsame.com,AVAILABILITY,domains.list,2021-09-21 08:03:04.641207
telecommand.telemetry.microsoft.com.nsatc.net,AVAILABILITY,domains.list,2021-09-21 08:03:05.737268
telegraph.sdk.beemray.com,AVAILABILITY,domains.list,2021-09-21 08:03:06.938544
telemetry.layer.com,AVAILABILITY,domains.list,2021-09-21 08:03:07.951742
telemetry.microsoft.com.nsatc.net,AVAILABILITY,domains.list,2021-09-21 08:03:09.001425
telenor-analytics.localytics.com,AVAILABILITY,domains.list,2021-09-21 08:03:10.047700
telenor-creatives.53.localytics.com,AVAILABILITY,domains.list,2021-09-21 08:03:11.043212
telenor-profile.localytics.com,AVAILABILITY,domains.list,2021-09-21 08:03:12.046632
telepictures.sl.advertising.com,AVAILABILITY,domains.list,2021-09-21 08:03:13.020866
temp15.rtb.appier.net,AVAILABILITY,domains.list,2021-09-21 08:03:14.426476
temp12.rtb.appier.net,AVAILABILITY,domains.list,2021-09-21 08:03:15.771365
temporary.kameleoon.com,AVAILABILITY,domains.list,2021-09-21 08:03:16.667942
temp-p2.eu.adsymptotic.com,AVAILABILITY,domains.list,2021-09-21 08:03:17.590620
temp-p1.eu.adsymptotic.com,AVAILABILITY,domains.list,2021-09-21 08:03:18.464926
temp-p3.eu.adsymptotic.com,AVAILABILITY,domains.list,2021-09-21 08:03:19.329638
temp-p4.eu.adsymptotic.com,AVAILABILITY,domains.list,2021-09-21 08:03:20.189979
ten-auto.t.domdex.com,AVAILABILITY,domains.list,2021-09-21 08:03:21.146929
terribleturkey.com,AVAILABILITY,domains.list,2021-09-21 08:03:22.249575
teschenite.com,AVAILABILITY,domains.list,2021-09-21 08:03:23.204538
test.amobee.com,AVAILABILITY,domains.list,2021-09-21 08:03:24.336911
test.districtm.io,AVAILABILITY,domains.list,2021-09-21 08:03:25.266322
test.datafirst.io,AVAILABILITY,domains.list,2021-09-21 08:03:31.134304
test.marfeel.com,AVAILABILITY,domains.list,2021-09-21 08:03:32.408346
test.new.api.ad.xiaomi.com,AVAILABILITY,domains.list,2021-09-21 08:03:34.092282
testapn.igexin.com,AVAILABILITY,domains.list,2021-09-21 08:03:43.696341
testdata.cn.coremetrics.com,AVAILABILITY,domains.list,2021-09-21 08:03:44.788186
testle.media.net,AVAILABILITY,domains.list,2021-09-21 08:03:45.728131
test-www.taboola.com,AVAILABILITY,domains.list,2021-09-21 08:03:46.614899
tg.admitad.com,AVAILABILITY,domains.list,2021-09-21 08:03:47.563398
tflcar-auto.t.domdex.com,AVAILABILITY,domains.list,2021-09-21 08:03:48.553695
tgpzz.ouasflpydty21tf.bapb.gdn,AVAILABILITY,domains.list,2021-09-21 08:03:50.616514
tgl.mookie1.com,AVAILABILITY,domains.list,2021-09-21 08:03:51.613914
thales.adsrvr.org,AVAILABILITY,domains.list,2021-09-21 08:03:52.571814
thecontrolgroupnewtracksdk.optimove.net,AVAILABILITY,domains.list,2021-09-21 08:03:53.609960
thecontrolgroupnewtracksdk-stg.optimove.net,AVAILABILITY,domains.list,2021-09-21 08:03:54.718988
theexaminer-auto.t.domdex.com,AVAILABILITY,domains.list,2021-09-21 08:03:55.742371
theexaminer-entertainment.t.domdex.com,AVAILABILITY,domains.list,2021-09-21 08:03:56.732028
theexaminer-finance.t.domdex.com,AVAILABILITY,domains.list,2021-09-21 08:03:57.715299
theexaminer-fooddrink.t.domdex.com,AVAILABILITY,domains.list,2021-09-21 08:03:58.768241
theexaminer-health.t.domdex.com,AVAILABILITY,domains.list,2021-09-21 08:03:59.785027
theexaminer-home.t.domdex.com,AVAILABILITY,domains.list,2021-09-21 08:04:00.756333
theexaminer-style.t.domdex.com,AVAILABILITY,domains.list,2021-09-21 08:04:01.769516
theexaminer-pets.t.domdex.com,AVAILABILITY,domains.list,2021-09-21 08:04:02.762004
theexaminer-tech.t.domdex.com,AVAILABILITY,domains.list,2021-09-21 08:04:03.792477
theexaminer-travel.t.domdex.com,AVAILABILITY,domains.list,2021-09-21 08:04:04.702154
thegadgeteer-electronics.t.domdex.com,AVAILABILITY,domains.list,2021-09-21 08:04:05.650625
thegrio-d.openx.net,AVAILABILITY,domains.list,2021-09-21 08:04:06.950626
theinternetworks-entertainment.t.domdex.com,AVAILABILITY,domains.list,2021-09-21 08:04:07.935707
theinternetworksltd-electron.t.domdex.com,AVAILABILITY,domains.list,2021-09-21 08:04:08.858483
theinternetworksltd-community.t.domdex.com,AVAILABILITY,domains.list,2021-09-21 08:04:09.825718
theinternetworksltd-news.t.domdex.com,AVAILABILITY,domains.list,2021-09-21 08:04:10.772310
thelabellifetracksdk.optimove.net,AVAILABILITY,domains.list,2021-09-21 08:04:11.895020
theinternetworksltd-business.t.domdex.com,AVAILABILITY,domains.list,2021-09-21 08:04:12.828743
theinternetworksltd-technology.t.domdex.com,AVAILABILITY,domains.list,2021-09-21 08:04:13.808536
theta32.rtb.appier.net,AVAILABILITY,domains.list,2021-09-21 08:04:15.297305
thesun.stream1.fyre.co,AVAILABILITY,domains.list,2021-09-21 08:04:16.485873
theta33.rtb.appier.net,AVAILABILITY,domains.list,2021-09-21 08:04:17.860706
theta34.rtb.appier.net,AVAILABILITY,domains.list,2021-09-21 08:04:19.795979
theta35.rtb.appier.net,AVAILABILITY,domains.list,2021-09-21 08:04:21.136083
theta37.rtb.appier.net,AVAILABILITY,domains.list,2021-09-21 08:04:22.528275
theta38.rtb.appier.net,AVAILABILITY,domains.list,2021-09-21 08:04:24.006835
theta47.rtb.appier.net,AVAILABILITY,domains.list,2021-09-21 08:04:25.684824
theta39.rtb.appier.net,AVAILABILITY,domains.list,2021-09-21 08:04:27.194451
theta44.rtb.appier.net,AVAILABILITY,domains.list,2021-09-21 08:04:28.468317
theta49.rtb.appier.net,AVAILABILITY,domains.list,2021-09-21 08:04:29.922162
theta50.rtb.appier.net,AVAILABILITY,domains.list,2021-09-21 08:04:31.368759
theta51.rtb.appier.net,AVAILABILITY,domains.list,2021-09-21 08:04:32.969284
theta53.rtb.appier.net,AVAILABILITY,domains.list,2021-09-21 08:04:34.522549
theta54.rtb.appier.net,AVAILABILITY,domains.list,2021-09-21 08:04:35.967499
theta52.rtb.appier.net,AVAILABILITY,domains.list,2021-09-21 08:04:37.272376
theta55.rtb.appier.net,AVAILABILITY,domains.list,2021-09-21 08:04:38.755434
theta57.rtb.appier.net,AVAILABILITY,domains.list,2021-09-21 08:04:40.278610
theta58.rtb.appier.net,AVAILABILITY,domains.list,2021-09-21 08:04:41.698124
theta59.rtb.appier.net,AVAILABILITY,domains.list,2021-09-21 08:04:43.525149
theta60.rtb.appier.net,AVAILABILITY,domains.list,2021-09-21 08:04:44.776537
theta61.rtb.appier.net,AVAILABILITY,domains.list,2021-09-21 08:04:45.886600
theta62.rtb.appier.net,AVAILABILITY,domains.list,2021-09-21 08:04:47.101775
theta63.rtb.appier.net,AVAILABILITY,domains.list,2021-09-21 08:04:48.747433
theta66.rtb.appier.net,AVAILABILITY,domains.list,2021-09-21 08:04:50.492971
theta64.rtb.appier.net,AVAILABILITY,domains.list,2021-09-21 08:04:51.825677
theta67.rtb.appier.net,AVAILABILITY,domains.list,2021-09-21 08:04:53.507496
theta68.rtb.appier.net,AVAILABILITY,domains.list,2021-09-21 08:04:55.080212
theta69.rtb.appier.net,AVAILABILITY,domains.list,2021-09-21 08:04:56.557282
theta56.rtb.appier.net,AVAILABILITY,domains.list,2021-09-21 08:04:58.077205
theta72.rtb.appier.net,AVAILABILITY,domains.list,2021-09-21 08:04:59.602020
theta73.rtb.appier.net,AVAILABILITY,domains.list,2021-09-21 08:05:01.031449
theta75.rtb.appier.net,AVAILABILITY,domains.list,2021-09-21 08:05:02.554359
theta76.rtb.appier.net,AVAILABILITY,domains.list,2021-09-21 08:05:03.917079
theta116.rtb.appier.net,AVAILABILITY,domains.list,2021-09-21 08:05:05.224391
theta117.rtb.appier.net,AVAILABILITY,domains.list,2021-09-21 08:05:06.707490
theta118.rtb.appier.net,AVAILABILITY,domains.list,2021-09-21 08:05:08.156876
theta119.rtb.appier.net,AVAILABILITY,domains.list,2021-09-21 08:05:09.615240
theta120.rtb.appier.net,AVAILABILITY,domains.list,2021-09-21 08:05:10.961968
theta121.rtb.appier.net,AVAILABILITY,domains.list,2021-09-21 08:05:12.506159
theta122.rtb.appier.net,AVAILABILITY,domains.list,2021-09-21 08:05:13.916440
theta70.rtb.appier.net,AVAILABILITY,domains.list,2021-09-21 08:05:15.308592
theta123.rtb.appier.net,AVAILABILITY,domains.list,2021-09-21 08:05:16.589154
theta124.rtb.appier.net,AVAILABILITY,domains.list,2021-09-21 08:05:17.766747
theta125.rtb.appier.net,AVAILABILITY,domains.list,2021-09-21 08:05:19.484355
theta126.rtb.appier.net,AVAILABILITY,domains.list,2021-09-21 08:05:20.888515
theta127.rtb.appier.net,AVAILABILITY,domains.list,2021-09-21 08:05:22.413373
theta128.rtb.appier.net,AVAILABILITY,domains.list,2021-09-21 08:05:23.721439
theta129.rtb.appier.net,AVAILABILITY,domains.list,2021-09-21 08:05:25.242101
theta130.rtb.appier.net,AVAILABILITY,domains.list,2021-09-21 08:05:26.806302
theta131.rtb.appier.net,AVAILABILITY,domains.list,2021-09-21 08:05:28.250369
theta132.rtb.appier.net,AVAILABILITY,domains.list,2021-09-21 08:05:29.749079
theta134.rtb.appier.net,AVAILABILITY,domains.list,2021-09-21 08:05:31.184933
theta133.rtb.appier.net,AVAILABILITY,domains.list,2021-09-21 08:05:32.398166
theta135.rtb.appier.net,AVAILABILITY,domains.list,2021-09-21 08:05:33.748547
theta136.rtb.appier.net,AVAILABILITY,domains.list,2021-09-21 08:05:35.148347
theta138.rtb.appier.net,AVAILABILITY,domains.list,2021-09-21 08:05:36.425286
theta137.rtb.appier.net,AVAILABILITY,domains.list,2021-09-21 08:05:38.129038
theta140.rtb.appier.net,AVAILABILITY,domains.list,2021-09-21 08:05:39.762105
theta142.rtb.appier.net,AVAILABILITY,domains.list,2021-09-21 08:05:41.231391
theta143.rtb.appier.net,AVAILABILITY,domains.list,2021-09-21 08:05:43.405437
theta144.rtb.appier.net,AVAILABILITY,domains.list,2021-09-21 08:05:45.129566
theta145.rtb.appier.net,AVAILABILITY,domains.list,2021-09-21 08:05:46.582581
theta146.rtb.appier.net,AVAILABILITY,domains.list,2021-09-21 08:05:48.069989
theta147.rtb.appier.net,AVAILABILITY,domains.list,2021-09-21 08:05:49.253326
theta149.rtb.appier.net,AVAILABILITY,domains.list,2021-09-21 08:05:50.728277
theta139.rtb.appier.net,AVAILABILITY,domains.list,2021-09-21 08:05:51.955476
thewrap-d.openx.net,AVAILABILITY,domains.list,2021-09-21 08:05:53.500788
thirdrose-lifestyle.t.domdex.com,AVAILABILITY,domains.list,2021-09-21 08:05:54.410250
thirtyone.g2afse.com,AVAILABILITY,domains.list,2021-09-21 08:05:55.684292
thm.aws.rubiconproject.com,AVAILABILITY,domains.list,2021-09-21 08:05:56.942525
thm-east.aws.rubiconproject.com,AVAILABILITY,domains.list,2021-09-21 08:05:57.869594
thirdrose-family.t.domdex.com,AVAILABILITY,domains.list,2021-09-21 08:05:58.954398
thm-west.aws.rubiconproject.com,AVAILABILITY,domains.list,2021-09-21 08:05:59.986917
thngw1.doubleclick.net,AVAILABILITY,domains.list,2021-09-21 08:06:01.044101
thngw2.doubleclick.net,AVAILABILITY,domains.list,2021-09-21 08:06:02.101929
thngw.doubleclick.net,AVAILABILITY,domains.list,2021-09-21 08:06:03.137713
tianmuhu.adsame.com,AVAILABILITY,domains.list,2021-09-21 08:06:05.186097
tiffany.ie.102.112.2o7.net,AVAILABILITY,domains.list,2021-09-21 08:06:06.109234
tigerlilyswimwear.btttag.com,AVAILABILITY,domains.list,2021-09-21 08:06:07.028625
timeinc-d.openx.net,AVAILABILITY,domains.list,2021-09-21 08:06:08.147634
timera-d.openx.net,AVAILABILITY,domains.list,2021-09-21 08:06:09.346084
tirebuyer.btttag.com,AVAILABILITY,domains.list,2021-09-21 08:06:10.248724
titangate-d.openx.net,AVAILABILITY,domains.list,2021-09-21 08:06:11.746472
tlp-01.kameleoon.com,AVAILABILITY,domains.list,2021-09-21 08:06:12.741415
tlg.mookie1.com,AVAILABILITY,domains.list,2021-09-21 08:06:13.758005
tlp-03.kameleoon.com,AVAILABILITY,domains.list,2021-09-21 08:06:14.733417
tlp-02.kameleoon.com,AVAILABILITY,domains.list,2021-09-21 08:06:15.626597
tlp-04.kameleoon.com,AVAILABILITY,domains.list,2021-09-21 08:06:16.553558
tm02.tubemogul.com,AVAILABILITY,domains.list,2021-09-21 08:06:17.537744
tm.inmobi.com,AVAILABILITY,domains.list,2021-09-21 08:06:18.589351
tmo99.t-mobile.com.cns.coremetrics.com,AVAILABILITY,domains.list,2021-09-21 08:06:19.563419
tmp-heliosiq.adtechus.com,AVAILABILITY,domains.list,2021-09-21 08:06:20.967147
tmu-datacloud.tealiumiq.com,AVAILABILITY,domains.list,2021-09-21 08:06:21.961494
tmu-collect.tealiumiq.com,AVAILABILITY,domains.list,2021-09-21 08:06:22.870302
tmu-my.tealiumiq.com,AVAILABILITY,domains.list,2021-09-21 08:06:23.814461
tmx-api.ams.online-metrix.net,AVAILABILITY,domains.list,2021-09-21 08:06:24.878683
tmx-fp.online-metrix.net,AVAILABILITY,domains.list,2021-09-21 08:06:25.864304
tmz.sl.advertising.com,AVAILABILITY,domains.list,2021-09-21 08:06:26.885183
tneiojnqbh.mentalist.kameleoon.com,AVAILABILITY,domains.list,2021-09-21 08:06:27.774447
to101.rmd.admob.com,AVAILABILITY,domains.list,2021-09-21 08:06:28.844594
toastmasters.rubiconproject.com,AVAILABILITY,domains.list,2021-09-21 08:06:30.012123
todaymediainc-d.openx.net,AVAILABILITY,domains.list,2021-09-21 08:06:31.420000
toc.googlesyndication.com,AVAILABILITY,domains.list,2021-09-21 08:06:32.616521
todays-big-rewards.club,AVAILABILITY,domains.list,2021-09-21 08:06:33.701172
tokopediaprod.moengage.com,AVAILABILITY,domains.list,2021-09-21 08:06:34.755041
tool1.rmd.admob.com,AVAILABILITY,domains.list,2021-09-21 08:06:35.766386
tool2.rmd.admob.com,AVAILABILITY,domains.list,2021-09-21 08:06:36.864625
tool4.rmd.admob.com,AVAILABILITY,domains.list,2021-09-21 08:06:37.890799
tool.cnzz.com,AVAILABILITY,domains.list,2021-09-21 08:06:39.392339
toolbox-bj.getui.com,AVAILABILITY,domains.list,2021-09-21 08:06:41.282188
tools.brightroll.com,AVAILABILITY,domains.list,2021-09-21 08:06:42.665057
top.nash-kovcheg.ru,AVAILABILITY,domains.list,2021-09-21 08:06:44.514514
topbestsite.bargains,AVAILABILITY,domains.list,2021-09-21 08:06:45.821693
topblock.mgid.com,AVAILABILITY,domains.list,2021-09-21 08:06:46.734643
topcashback-shopping.t.domdex.com,AVAILABILITY,domains.list,2021-09-21 08:06:47.776429
tor.adsrvr.org,AVAILABILITY,domains.list,2021-09-21 08:06:48.753036
tor.rtb.adsrvr.org,AVAILABILITY,domains.list,2021-09-21 08:06:49.687683
torontostar.adgear.com,AVAILABILITY,domains.list,2021-09-21 08:06:51.029117
torontostar-uat.adgear.com,AVAILABILITY,domains.list,2021-09-21 08:06:52.461151
toryburch.btttag.com,AVAILABILITY,domains.list,2021-09-21 08:06:53.391503
totalgymdirect.adlegend.com,AVAILABILITY,domains.list,2021-09-21 08:06:54.406509
total-media-d.openx.net,AVAILABILITY,domains.list,2021-09-21 08:06:55.676245
tourneau.bounceexchange.com,AVAILABILITY,domains.list,2021-09-21 08:06:57.104245
toysrus.adlegend.com,AVAILABILITY,domains.list,2021-09-21 08:06:58.114077
toysrus.btttag.com,AVAILABILITY,domains.list,2021-09-21 08:06:59.081055
toysrus.de.102.112.2o7.net,AVAILABILITY,domains.list,2021-09-21 08:07:00.115631
tp1.clicktale.net,AVAILABILITY,domains.list,2021-09-21 08:07:01.130697
tp6.clicktale.net,AVAILABILITY,domains.list,2021-09-21 08:07:02.025163
tp7.clicktale.net,AVAILABILITY,domains.list,2021-09-21 08:07:02.964728
tp9.clicktale.net,AVAILABILITY,domains.list,2021-09-21 08:07:03.896451
tp8.clicktale.net,AVAILABILITY,domains.list,2021-09-21 08:07:04.790828
tp10.clicktale.net,AVAILABILITY,domains.list,2021-09-21 08:07:05.653078
tp11.clicktale.net,AVAILABILITY,domains.list,2021-09-21 08:07:06.561549
tpa-d.openx.net,AVAILABILITY,domains.list,2021-09-21 08:07:07.592887
tpb.brightroll.com,AVAILABILITY,domains.list,2021-09-21 08:07:08.663833
tr.admitad.com,AVAILABILITY,domains.list,2021-09-21 08:07:09.694459
tr.back.re,AVAILABILITY,domains.list,2021-09-21 08:07:10.852616
tr.ams.contextweb.com,AVAILABILITY,domains.list,2021-09-21 08:07:11.949871
tr.connatix.com,AVAILABILITY,domains.list,2021-09-21 08:07:12.933290
tr.fuuko.net,AVAILABILITY,domains.list,2021-09-21 08:07:13.875378
tracedesire.com,AVAILABILITY,domains.list,2021-09-21 08:07:15.011961
track1.adsplay.in,AVAILABILITY,domains.list,2021-09-21 08:07:16.020250
tracfonewireless2.adlegend.com,AVAILABILITY,domains.list,2021-09-21 08:07:16.933113
track2.adsplay.in,AVAILABILITY,domains.list,2021-09-21 08:07:18.207978
track4.adsplay.in,AVAILABILITY,domains.list,2021-09-21 08:07:19.175508
track3.adsplay.in,AVAILABILITY,domains.list,2021-09-21 08:07:20.117543
track6.adsplay.in,AVAILABILITY,domains.list,2021-09-21 08:07:21.049910
track5.adsplay.in,AVAILABILITY,domains.list,2021-09-21 08:07:21.989985
track7.adsplay.in,AVAILABILITY,domains.list,2021-09-21 08:07:22.924519
track11.solocpm.com,AVAILABILITY,domains.list,2021-09-21 08:07:23.968421
track12.solocpm.com,AVAILABILITY,domains.list,2021-09-21 08:07:25.023391
track71.solocpm.com,AVAILABILITY,domains.list,2021-09-21 08:07:25.979118
track13.solocpm.com,AVAILABILITY,domains.list,2021-09-21 08:07:26.832515
track72.solocpm.com,AVAILABILITY,domains.list,2021-09-21 08:07:27.683295
track.01l.xyz,AVAILABILITY,domains.list,2021-09-21 08:07:29.209338
track.adxxx.com,AVAILABILITY,domains.list,2021-09-21 08:07:30.275051
track.aimtell.com,AVAILABILITY,domains.list,2021-09-21 08:07:31.300180
track.buysellads.com,AVAILABILITY,domains.list,2021-09-21 08:07:32.359776
track.catfaclick.com,AVAILABILITY,domains.list,2021-09-21 08:07:33.382839
track.cmdelivery.pw,AVAILABILITY,domains.list,2021-09-21 08:07:34.495262
track.dmp.yyapi.net,AVAILABILITY,domains.list,2021-09-21 08:07:35.736095
track.dumedia.ru,AVAILABILITY,domains.list,2021-09-21 08:07:37.326916
track.eyeviewads.com,AVAILABILITY,domains.list,2021-09-21 08:07:38.297870
track.ai.xiaomi.com,AVAILABILITY,domains.list,2021-09-21 08:07:40.481492
track.gxb.cnzz.com,AVAILABILITY,domains.list,2021-09-21 08:07:42.484283
track.loox.io,AVAILABILITY,domains.list,2021-09-21 08:07:43.404937
track.mobi-haterz.com,AVAILABILITY,domains.list,2021-09-21 08:07:44.357818
track.mobird.co,AVAILABILITY,domains.list,2021-09-21 08:07:45.306002
track.solocpm.com,AVAILABILITY,domains.list,2021-09-21 08:07:46.235571
track.spots.im,AVAILABILITY,domains.list,2021-09-21 08:07:47.908644
track.umeng.com,AVAILABILITY,domains.list,2021-09-21 08:07:49.440385
track.voluum.bid,AVAILABILITY,domains.list,2021-09-21 08:07:50.734347
trackback.g2afse.com,AVAILABILITY,domains.list,2021-09-21 08:07:51.791299
tracker-02.kameleoon.com,AVAILABILITY,domains.list,2021-09-21 08:07:52.661612
tracker.clickopon.com,AVAILABILITY,domains.list,2021-09-21 08:07:53.723024
tracker.kameleoon.com,AVAILABILITY,domains.list,2021-09-21 08:07:54.607883
tracker.hits.io,AVAILABILITY,domains.list,2021-09-21 08:07:55.845152
tracker-cnv.bidder9.mookie1.com,AVAILABILITY,domains.list,2021-09-21 08:07:56.726087
tracker-cnv.bidder7.mookie1.com,AVAILABILITY,domains.list,2021-09-21 08:07:57.591587
tracker-cnv.bidder10.mookie1.com,AVAILABILITY,domains.list,2021-09-21 08:07:58.563540
tracker-us-west.adotmob.com,AVAILABILITY,domains.list,2021-09-21 08:07:59.716305
tracking.acceptance.justpremium.com,AVAILABILITY,domains.list,2021-09-21 08:08:00.917727
tracking.adxxx.com,AVAILABILITY,domains.list,2021-09-21 08:08:01.826781
tracking.adkmob.com,AVAILABILITY,domains.list,2021-09-21 08:08:02.895298
tracking.analyticsindiamag.com,AVAILABILITY,domains.list,2021-09-21 08:08:03.833800
tracking.a-mo.net,AVAILABILITY,domains.list,2021-09-21 08:08:04.780732
tracking.datafirst.io,AVAILABILITY,domains.list,2021-09-21 08:08:16.362266
tracking.fyber.com,AVAILABILITY,domains.list,2021-09-21 08:08:17.396414
tracksongs.dhingana.com,AVAILABILITY,domains.list,2021-09-21 08:08:18.394920
trackwebtrekk.net,AVAILABILITY,domains.list,2021-09-21 08:08:19.453721
tradex-d.openx.net,AVAILABILITY,domains.list,2021-09-21 08:08:20.883190
trafficima.g2afse.com,AVAILABILITY,domains.list,2021-09-21 08:08:22.072795
trafficz.t.domdex.com,AVAILABILITY,domains.list,2021-09-21 08:08:23.090327
travelsmith.btttag.com,AVAILABILITY,domains.list,2021-09-21 08:08:23.972123
travelport-travel.t.domdex.com,AVAILABILITY,domains.list,2021-09-21 08:08:24.925514
travelyaari.moengage.com,AVAILABILITY,domains.list,2021-09-21 08:08:26.141985
trc-cc.taboola.com,AVAILABILITY,domains.list,2021-09-21 08:08:27.011298
trck.clks003-glaze.online,AVAILABILITY,domains.list,2021-09-21 08:08:28.147464
tre.admitad.com,AVAILABILITY,domains.list,2021-09-21 08:08:29.051471
treffwerk.net,AVAILABILITY,domains.list,2021-09-21 08:08:30.012343
treksandtrailsindia.moengage.com,AVAILABILITY,domains.list,2021-09-21 08:08:31.053895
trelo.t.domdex.com,AVAILABILITY,domains.list,2021-09-21 08:08:31.999164
trending.revcontent.com,AVAILABILITY,domains.list,2021-09-21 08:08:33.024504
trends-s1.revcontent.com,AVAILABILITY,domains.list,2021-09-21 08:08:34.110856
triolit.go2affise.com,AVAILABILITY,domains.list,2021-09-21 08:08:35.126012
trion-d.openx.net,AVAILABILITY,domains.list,2021-09-21 08:08:36.409567
trinitymirror.sdk.beemray.com,AVAILABILITY,domains.list,2021-09-21 08:08:37.515735
triplelift.pxl.ace.advertising.com,AVAILABILITY,domains.list,2021-09-21 08:08:38.633773
tritetongue.com,AVAILABILITY,domains.list,2021-09-21 08:08:39.565520
triponlinesa-travel.t.domdex.com,AVAILABILITY,domains.list,2021-09-21 08:08:40.650347
trk.adsplay.in,AVAILABILITY,domains.list,2021-09-21 08:08:41.555791
trk.adtwbjs.com,AVAILABILITY,domains.list,2021-09-21 08:08:42.684695
tripping.adlegend.com,AVAILABILITY,domains.list,2021-09-21 08:08:43.589396
trivago.partner.intentmedia.net,AVAILABILITY,domains.list,2021-09-21 08:08:59.196459
trk.connatix.com,AVAILABILITY,domains.list,2021-09-21 08:09:00.243729
trk.chn.impactradius.com,AVAILABILITY,domains.list,2021-09-21 08:09:01.406510
trk.sleepyhighway.com,AVAILABILITY,domains.list,2021-09-21 08:09:02.465974
trk.yjp.kissmetrics.com,AVAILABILITY,domains.list,2021-09-21 08:09:03.381234
trkcmp.g2afse.com,AVAILABILITY,domains.list,2021-09-21 08:09:04.476922
trueffect.adlegend.com,AVAILABILITY,domains.list,2021-09-21 08:09:05.430022
truemonetize.g2afse.com,AVAILABILITY,domains.list,2021-09-21 08:09:06.529736
trunkstable.atlassolutions.com,AVAILABILITY,domains.list,2021-09-21 08:09:07.606046
truthfulturn.com,AVAILABILITY,domains.list,2021-09-21 08:09:08.791732
ts.flurry.com,AVAILABILITY,domains.list,2021-09-21 08:09:10.004852
tszzz.lyfd2xzauti9d8p.bapb.gdn,AVAILABILITY,domains.list,2021-09-21 08:09:11.732478
tt1.oload.win,AVAILABILITY,domains.list,2021-09-21 08:09:13.208724
tt2.oload.win,AVAILABILITY,domains.list,2021-09-21 08:09:14.582321
trk.appthis.io,AVAILABILITY,domains.list,2021-09-21 08:09:28.956365
ttegjzxzxyetf.com,AVAILABILITY,domains.list,2021-09-21 08:09:29.915540
tu.hiido.com,AVAILABILITY,domains.list,2021-09-21 08:09:31.639668
tui.cnzz.com,AVAILABILITY,domains.list,2021-09-21 08:09:33.097105
tulatracksdk.optimove.net,AVAILABILITY,domains.list,2021-09-21 08:09:34.134547
tumblr.moengage.com,AVAILABILITY,domains.list,2021-09-21 08:09:35.151219
turbotax.adlegend.com,AVAILABILITY,domains.list,2021-09-21 08:09:36.013955
turf-digital-d.openx.net,AVAILABILITY,domains.list,2021-09-21 08:09:37.230611
turner-1.demdex.net,AVAILABILITY,domains.list,2021-09-21 08:09:38.139812
turing.datafirst.io,AVAILABILITY,domains.list,2021-09-21 08:09:39.361954
tutor.adlegend.com,AVAILABILITY,domains.list,2021-09-21 08:09:40.268649
tvguide-uk-d.openx.net,AVAILABILITY,domains.list,2021-09-21 08:09:41.632353
tw1-lb.rtb.appier.net,AVAILABILITY,domains.list,2021-09-21 08:09:42.705690
twc.demdex.net,AVAILABILITY,domains.list,2021-09-21 08:09:43.628447
tweaktown.t.domdex.com,AVAILABILITY,domains.list,2021-09-21 08:09:44.561129
twentyfourhourcampfire-d.openx.net,AVAILABILITY,domains.list,2021-09-21 08:09:45.832103
twcn.adsame.com,AVAILABILITY,domains.list,2021-09-21 08:09:47.564555
twi69.01l.xyz,AVAILABILITY,domains.list,2021-09-21 08:09:48.706990
twitter-srv.buysellads.com,AVAILABILITY,domains.list,2021-09-21 08:09:49.737659
tw-tags.vizury.com,AVAILABILITY,domains.list,2021-09-21 08:09:50.615000
txch.media.net,AVAILABILITY,domains.list,2021-09-21 08:09:52.172573
txsnb001.exelator.com,AVAILABILITY,domains.list,2021-09-21 08:09:53.180206
tylog.hiido.com,AVAILABILITY,domains.list,2021-09-21 08:09:54.698251
u9o59glm10.mentalist.kameleoon.com,AVAILABILITY,domains.list,2021-09-21 08:09:55.606807
ua-campaign-creation-api.voodoo.io,AVAILABILITY,domains.list,2021-09-21 08:09:56.696354
ua-campaign-creation-ui.voodoo.io,AVAILABILITY,domains.list,2021-09-21 08:09:57.658997
uat.adbrain.com,AVAILABILITY,domains.list,2021-09-21 08:09:58.833293
uat-console.mtraction.com,AVAILABILITY,domains.list,2021-09-21 08:09:59.827225
uat-d.mtraction.com,AVAILABILITY,domains.list,2021-09-21 08:10:00.804906
ubfqgbqdbw.mentalist.kameleoon.com,AVAILABILITY,domains.list,2021-09-21 08:10:01.736024
ubiqqzmldivih.bid,AVAILABILITY,domains.list,2021-09-21 08:10:03.279662
ucb.global,AVAILABILITY,domains.list,2021-09-21 08:10:04.518310
ucnzz.lyfd2xzauti9d8p.bapb.gdn,AVAILABILITY,domains.list,2021-09-21 08:10:05.678320
udv.batmobi.net,AVAILABILITY,domains.list,2021-09-21 08:10:06.779809
ufs.adkmob.com,AVAILABILITY,domains.list,2021-09-21 08:10:07.829765
ugbzz.lyfd2xzauti9d8p.bapb.gdn,AVAILABILITY,domains.list,2021-09-21 08:10:08.990762
uggaustralia.btttag.com,AVAILABILITY,domains.list,2021-09-21 08:10:09.889381
uh1.inmobi.com,AVAILABILITY,domains.list,2021-09-21 08:10:11.089989
ui1-lu.adhigh.net,AVAILABILITY,domains.list,2021-09-21 08:10:14.053563
ui.adomik.com,AVAILABILITY,domains.list,2021-09-21 08:10:15.092029
ui.qa.appsamurai.com,AVAILABILITY,domains.list,2021-09-21 08:10:16.294143
uiservices.adtech.de,AVAILABILITY,domains.list,2021-09-21 08:10:17.796596
uiservices.adtechus.com,AVAILABILITY,domains.list,2021-09-21 08:10:19.367991
uj1.inmobi.com,AVAILABILITY,domains.list,2021-09-21 08:10:20.529143
uid.ksosoft.com,AVAILABILITY,domains.list,2021-09-21 08:10:27.713448
uk.adlearnop.advertising.com,AVAILABILITY,domains.list,2021-09-21 08:10:28.765925
uk.doubleclick.net,AVAILABILITY,domains.list,2021-09-21 08:10:29.807172
uk.labs.teads.tv,AVAILABILITY,domains.list,2021-09-21 08:10:30.921985
uk.xs.mookie1.com,AVAILABILITY,domains.list,2021-09-21 08:10:31.945300
ukdialup.advertising.com,AVAILABILITY,domains.list,2021-09-21 08:10:32.915808
ukmail.advertising.com,AVAILABILITY,domains.list,2021-09-21 08:10:33.819154
ugcdata.vmate.in,AVAILABILITY,domains.list,2021-09-21 08:10:34.874500
ukp.rtb.adsrvr.org,AVAILABILITY,domains.list,2021-09-21 08:10:35.911760
um-21.btrll.com,AVAILABILITY,domains.list,2021-09-21 08:10:37.170394
ums.adtech.de,AVAILABILITY,domains.list,2021-09-21 08:10:38.760649
ums.adtechjp.com,AVAILABILITY,domains.list,2021-09-21 08:10:39.932722
ums.glb.adtech.de,AVAILABILITY,domains.list,2021-09-21 08:10:41.008777
ums-sb-ec.adtechus.com,AVAILABILITY,domains.list,2021-09-21 08:10:42.145152
ums-sb-wc.adtechus.com,AVAILABILITY,domains.list,2021-09-21 08:10:43.384942
ums-toy.adtechjp.com,AVAILABILITY,domains.list,2021-09-21 08:10:44.366713
unconf.adkmob.com,AVAILABILITY,domains.list,2021-09-21 08:10:45.368985
uncategorized.t.domdex.com,AVAILABILITY,domains.list,2021-09-21 08:10:46.363188
underers.info,AVAILABILITY,domains.list,2021-09-21 08:10:47.781808
unibet.moengage.com,AVAILABILITY,domains.list,2021-09-21 08:10:48.812818
unifi.corp.exoclick.com,AVAILABILITY,domains.list,2021-09-21 08:10:49.715512
uniquevintage.btttag.com,AVAILABILITY,domains.list,2021-09-21 08:10:50.614679
unitedmax.g2afse.com,AVAILABILITY,domains.list,2021-09-21 08:10:51.876379
unit.content-ad.net,AVAILABILITY,domains.list,2021-09-21 08:10:52.945342
unity.amobee.com,AVAILABILITY,domains.list,2021-09-21 08:10:54.362012
universal-d.openx.net,AVAILABILITY,domains.list,2021-09-21 08:10:55.650842
universalcard.liveperson.net,AVAILABILITY,domains.list,2021-09-21 08:10:56.667262
unpaid-20.btrll.com,AVAILABILITY,domains.list,2021-09-21 08:10:57.840166
unpaid-21.btrll.com,AVAILABILITY,domains.list,2021-09-21 08:10:58.784636
uoarbhxfyygn.com,AVAILABILITY,domains.list,2021-09-21 08:11:00.009037
uop.umeng.com,AVAILABILITY,domains.list,2021-09-21 08:11:01.378684
uoxbotvrs.bid,AVAILABILITY,domains.list,2021-09-21 08:11:02.446257
update.connectad.io,AVAILABILITY,domains.list,2021-09-21 08:11:03.400221
update.sdk.batmobi.net,AVAILABILITY,domains.list,2021-09-21 08:11:04.572331
uploads.contextweb.com,AVAILABILITY,domains.list,2021-09-21 08:11:05.556600
upsource.internal.connatix.com,AVAILABILITY,domains.list,2021-09-21 08:11:06.515273
uqbdpdzowq.mentalist.kameleoon.com,AVAILABILITY,domains.list,2021-09-21 08:11:07.481906
urijswfbgh.com,AVAILABILITY,domains.list,2021-09-21 08:11:08.515981
us3rtb.adtiming.com,AVAILABILITY,domains.list,2021-09-21 08:11:10.469669
us2rtb.adtiming.com,AVAILABILITY,domains.list,2021-09-21 08:11:12.476571
us4rtb.adtiming.com,AVAILABILITY,domains.list,2021-09-21 08:11:14.659700
us.content.cmp.advertising.com,AVAILABILITY,domains.list,2021-09-21 08:11:15.714254
us.criteo.com,AVAILABILITY,domains.list,2021-09-21 08:11:16.830099
us.criteo.net,AVAILABILITY,domains.list,2021-09-21 08:11:18.351268
us.gmads.mookie1.com,AVAILABILITY,domains.list,2021-09-21 08:11:19.336745
us.heisenberg.inmobi.com,AVAILABILITY,domains.list,2021-09-21 08:11:20.686247
us.labs.teads.tv,AVAILABILITY,domains.list,2021-09-21 08:11:21.732590
us.rmevent.advertising.com,AVAILABILITY,domains.list,2021-09-21 08:11:22.831369
us.rmcontent.advertising.com,AVAILABILITY,domains.list,2021-09-21 08:11:24.061446
us.xs.mookie1.com,AVAILABILITY,domains.list,2021-09-21 08:11:25.021628
us-ads2.openx.net,AVAILABILITY,domains.list,2021-09-21 08:11:26.179723
usdk.batmobi.net,AVAILABILITY,domains.list,2021-09-21 08:11:27.338245
us-east-1.rtb.districtm.io,AVAILABILITY,domains.list,2021-09-21 08:11:28.274809
use.adsrvr.org,AVAILABILITY,domains.list,2021-09-21 08:11:43.043559
us-east1.serve.enatimedia.com,AVAILABILITY,domains.list,2021-09-21 08:11:44.048971
us-east.tlx.3lift.com,AVAILABILITY,domains.list,2021-09-21 08:11:45.149646
us-east.pulsepoint.rtb.quantserve.com,AVAILABILITY,domains.list,2021-09-21 08:11:46.173142
us-east-pulsepoint-rtb.quantserve.com,AVAILABILITY,domains.list,2021-09-21 08:11:47.237246
us-east-rtb-new.ak.quantserve.com,AVAILABILITY,domains.list,2021-09-21 08:11:48.193553
us-east-rtb.ak.quantserve.com,AVAILABILITY,domains.list,2021-09-21 08:11:49.179609
us-ec.adtechus.com,AVAILABILITY,domains.list,2021-09-21 08:11:50.089403
usell.t.domdex.com,AVAILABILITY,domains.list,2021-09-21 08:11:51.068774
userdblb.tubemogul.com,AVAILABILITY,domains.list,2021-09-21 08:11:51.981449
userflows.ingest.crittercism.com,AVAILABILITY,domains.list,2021-09-21 08:11:52.936976
user-service.voodoo-tech.io,AVAILABILITY,domains.list,2021-09-21 08:11:54.141264
usersync.criteo.com,AVAILABILITY,domains.list,2021-09-21 08:11:55.842119
usetting.lau1.uae.uc.cn,AVAILABILITY,domains.list,2021-09-21 08:12:01.973619
usignal01.app.vip.hkg1.inmobi.com,AVAILABILITY,domains.list,2021-09-21 08:12:03.285848
usignal01.app.vip.lhr1.inmobi.com,AVAILABILITY,domains.list,2021-09-21 08:12:04.615652
usignal01.app.vip.uh1.inmobi.com,AVAILABILITY,domains.list,2021-09-21 08:12:06.014153
usignal01.app.vip.uj1.inmobi.com,AVAILABILITY,domains.list,2021-09-21 08:12:07.578382
us-pl-d-c.vizury.com,AVAILABILITY,domains.list,2021-09-21 08:12:08.519438
usr.mgid.com,AVAILABILITY,domains.list,2021-09-21 08:12:09.437286
ustat.batmobi.net,AVAILABILITY,domains.list,2021-09-21 08:12:10.445021
us-west-1.rtb.districtm.io,AVAILABILITY,domains.list,2021-09-21 08:12:11.390977
us-west-2.rtb.districtm.io,AVAILABILITY,domains.list,2021-09-21 08:12:12.304934
us-west-2-prodfb-t.singular.net,AVAILABILITY,domains.list,2021-09-21 08:12:13.368676
us-west-2-prod-t.singular.net,AVAILABILITY,domains.list,2021-09-21 08:12:14.382698
us-west.pulsepoint.rtb.quantserve.com,AVAILABILITY,domains.list,2021-09-21 08:12:15.418663
us-west-ca-ad-track.aralego.com,AVAILABILITY,domains.list,2021-09-21 08:12:16.639287
us-west-pulsepoint-rtb.quantserve.com,AVAILABILITY,domains.list,2021-09-21 08:12:17.569969
usw-monitor001.adsrvr.org,AVAILABILITY,domains.list,2021-09-21 08:12:18.616846
usw-monitor002.adsrvr.org,AVAILABILITY,domains.list,2021-09-21 08:12:19.592576
usync.aws.rubiconproject.com,AVAILABILITY,domains.list,2021-09-21 08:12:20.487446
utdzz.lyfd2xzauti9d8p.bapb.gdn,AVAILABILITY,domains.list,2021-09-21 08:12:21.977819
utils.dotomi.com,AVAILABILITY,domains.list,2021-09-21 08:12:23.630141
uts.advertising.com,AVAILABILITY,domains.list,2021-09-21 08:12:24.675517
us-east-1.a.intentmedia.net,AVAILABILITY,domains.list,2021-09-21 08:12:38.674379
uts-api.at.atwola.com,AVAILABILITY,domains.list,2021-09-21 08:12:40.092446
utym4s6bmy.mentalist.kameleoon.com,AVAILABILITY,domains.list,2021-09-21 08:12:41.029913
uu101.rmd.admob.com,AVAILABILITY,domains.list,2021-09-21 08:12:42.241122
uu102.rmd.admob.com,AVAILABILITY,domains.list,2021-09-21 08:12:43.228367
uu103.rmd.admob.com,AVAILABILITY,domains.list,2021-09-21 08:12:44.315592
uvazz.ouasflpydty21tf.bapb.gdn,AVAILABILITY,domains.list,2021-09-21 08:12:45.624404
uwesmeagey.mentalist.kameleoon.com,AVAILABILITY,domains.list,2021-09-21 08:12:46.519623
ux3zz.lyfd2xzauti9d8p.bapb.gdn,AVAILABILITY,domains.list,2021-09-21 08:12:47.741968
uwinittest.moengage.com,AVAILABILITY,domains.list,2021-09-21 08:12:48.741265
uxamhbifcl.mentalist.kameleoon.com,AVAILABILITY,domains.list,2021-09-21 08:12:49.690273
uxeclrwtyk.mentalist.kameleoon.com,AVAILABILITY,domains.list,2021-09-21 08:12:50.597338
uxkzz.lyfd2xzauti9d8p.bapb.gdn,AVAILABILITY,domains.list,2021-09-21 08:12:52.056782
uxozz.lyfd2xzauti9d8p.bapb.gdn,AVAILABILITY,domains.list,2021-09-21 08:12:53.209732
uyqzlnmdtfpnqskyyvidmllmzauitvaijcgqjldwcwvewjgwfj.com,AVAILABILITY,domains.list,2021-09-21 08:12:54.349953
v1ad.adlegend.com,AVAILABILITY,domains.list,2021-09-21 08:12:55.257716
v1-tr.ams.contextweb.com,AVAILABILITY,domains.list,2021-09-21 08:12:56.219441
v2.revcontent.com,AVAILABILITY,domains.list,2021-09-21 08:12:57.332914
v2ad.adlegend.com,AVAILABILITY,domains.list,2021-09-21 08:12:58.282183
v2asr-54-152-198-0.prod.vungle.com,AVAILABILITY,domains.list,2021-09-21 08:12:59.598905
v3.ads.mopub.com,AVAILABILITY,domains.list,2021-09-21 08:13:00.550101
v3.propelllerads.com,AVAILABILITY,domains.list,2021-09-21 08:13:01.594914
v6.startappservice.com,AVAILABILITY,domains.list,2021-09-21 08:13:02.652445
v6azz.ouasflpydty21tf.bapb.gdn,AVAILABILITY,domains.list,2021-09-21 08:13:03.569605
v6uzz.lyfd2xzauti9d8p.bapb.gdn,AVAILABILITY,domains.list,2021-09-21 08:13:04.790249
v8czz.lyfd2xzauti9d8p.bapb.gdn,AVAILABILITY,domains.list,2021-09-21 08:13:05.841175
v.fwmrm.net,AVAILABILITY,domains.list,2021-09-21 08:13:06.771457
v.webengage.com,AVAILABILITY,domains.list,2021-09-21 08:13:07.659516
va.akamai.startappservice.com,AVAILABILITY,domains.list,2021-09-21 08:13:08.577248
va.us.criteo.net,AVAILABILITY,domains.list,2021-09-21 08:13:10.578940
va.us.criteo.com,AVAILABILITY,domains.list,2021-09-21 08:13:12.318320
va-aka.startappservice.com,AVAILABILITY,domains.list,2021-09-21 08:13:13.215146
vaes.dub.amazon-adsystem.com,AVAILABILITY,domains.list,2021-09-21 08:13:14.208374
vaes.iad.amazon-adsystem.com,AVAILABILITY,domains.list,2021-09-21 08:13:15.092819
vaes.iad.preprod.amazon-adsystem.com,AVAILABILITY,domains.list,2021-09-21 08:13:16.019699
vaes.pdx.amazon-adsystem.com,AVAILABILITY,domains.list,2021-09-21 08:13:16.989903
vaes.pdx.preprod.amazon-adsystem.com,AVAILABILITY,domains.list,2021-09-21 08:13:17.998150
vads.adsame.com,AVAILABILITY,domains.list,2021-09-21 08:13:19.703020
vaes-preprod.dub.amazon-adsystem.com,AVAILABILITY,domains.list,2021-09-21 08:13:20.731036
vaes-preprod.iad.amazon-adsystem.com,AVAILABILITY,domains.list,2021-09-21 08:13:21.697252
vaes-preprod.pdx.amazon-adsystem.com,AVAILABILITY,domains.list,2021-09-21 08:13:22.630116
vanpersie.alphonso.tv,AVAILABILITY,domains.list,2021-09-21 08:13:24.166128
vap3sjc1.lijit.com,AVAILABILITY,domains.list,2021-09-21 08:13:25.080772
vap4dfw1.lijit.com,AVAILABILITY,domains.list,2021-09-21 08:13:26.001729
vap4dfwl.lijit.com,AVAILABILITY,domains.list,2021-09-21 08:13:26.963682
vap4sjc1.lijit.com,AVAILABILITY,domains.list,2021-09-21 08:13:27.881788
vap5dfw1.lijit.com,AVAILABILITY,domains.list,2021-09-21 08:13:28.785199
vap5iad2.lijit.com,AVAILABILITY,domains.list,2021-09-21 08:13:29.700696
vap5sjc1.lijit.com,AVAILABILITY,domains.list,2021-09-21 08:13:30.635044
vapi.connatix.com,AVAILABILITY,domains.list,2021-09-21 08:13:31.662973
varnishhttpstest.marfeel.com,AVAILABILITY,domains.list,2021-09-21 08:13:32.770849
vashielectricals.moengage.com,AVAILABILITY,domains.list,2021-09-21 08:13:33.933484
vast-f1-hk.adhigh.net,AVAILABILITY,domains.list,2021-09-21 08:13:36.247621
vast-f1-us-ca.adhigh.net,AVAILABILITY,domains.list,2021-09-21 08:13:38.414825
vast-f2-hk.adhigh.net,AVAILABILITY,domains.list,2021-09-21 08:13:40.453500
vast-f1-us-va.adhigh.net,AVAILABILITY,domains.list,2021-09-21 08:13:43.180649
vast-f2-us-ca.adhigh.net,AVAILABILITY,domains.list,2021-09-21 08:13:45.893922
vast-f2-us-va.adhigh.net,AVAILABILITY,domains.list,2021-09-21 08:13:48.227693
vast-f3-hk.adhigh.net,AVAILABILITY,domains.list,2021-09-21 08:13:50.401958
vast-f3-us-va.adhigh.net,AVAILABILITY,domains.list,2021-09-21 08:13:52.564521
vast-f3-us-ca.adhigh.net,AVAILABILITY,domains.list,2021-09-21 08:13:54.894215
vast-f4-us-ca.adhigh.net,AVAILABILITY,domains.list,2021-09-21 08:13:57.441289
vast-f4-us-va.adhigh.net,AVAILABILITY,domains.list,2021-09-21 08:13:59.762684
vast-f5-us-ca.adhigh.net,AVAILABILITY,domains.list,2021-09-21 08:14:01.888212
vast-f5-us-va.adhigh.net,AVAILABILITY,domains.list,2021-09-21 08:14:04.226556
vast-f6-us-ca.adhigh.net,AVAILABILITY,domains.list,2021-09-21 08:26:34.710408
vast-f6-us-va.adhigh.net,AVAILABILITY,domains.list,2021-09-21 08:26:36.692348
vast-f7-us-va.adhigh.net,AVAILABILITY,domains.list,2021-09-21 08:26:39.176952
vast-f7-us-ca.adhigh.net,AVAILABILITY,domains.list,2021-09-21 08:26:40.798150
vast-f8-us-ca.adhigh.net,AVAILABILITY,domains.list,2021-09-21 08:26:42.807340
vast-f8-us-va.adhigh.net,AVAILABILITY,domains.list,2021-09-21 08:26:45.169014
vast-f9-us-ca.adhigh.net,AVAILABILITY,domains.list,2021-09-21 08:26:47.180564
vast-f9-us-va.adhigh.net,AVAILABILITY,domains.list,2021-09-21 08:26:49.025448
vast-f10-us-ca.adhigh.net,AVAILABILITY,domains.list,2021-09-21 08:26:50.499175
vast-f10-us-va.adhigh.net,AVAILABILITY,domains.list,2021-09-21 08:26:52.885902
vast-f11-us-va.adhigh.net,AVAILABILITY,domains.list,2021-09-21 08:26:54.541095
vast-f11-us-ca.adhigh.net,AVAILABILITY,domains.list,2021-09-21 08:26:56.386702
vast-f12-us-va.adhigh.net,AVAILABILITY,domains.list,2021-09-21 08:26:58.183147
vast-f12-us-ca.adhigh.net,AVAILABILITY,domains.list,2021-09-21 08:27:00.203321
vast-f13-us-ca.adhigh.net,AVAILABILITY,domains.list,2021-09-21 08:27:01.874765
vast-f13-us-va.adhigh.net,AVAILABILITY,domains.list,2021-09-21 08:27:03.700994
vast-f14-us-va.adhigh.net,AVAILABILITY,domains.list,2021-09-21 08:27:05.496009
vast-f15-de.adhigh.net,AVAILABILITY,domains.list,2021-09-21 08:27:07.644454
vast-f15-us-ca.adhigh.net,AVAILABILITY,domains.list,2021-09-21 08:27:09.677322
vast-f14-us-ca.adhigh.net,AVAILABILITY,domains.list,2021-09-21 08:27:11.697523
vast-f16-us-va.adhigh.net,AVAILABILITY,domains.list,2021-09-21 08:27:13.849596
vast-f15-us-va.adhigh.net,AVAILABILITY,domains.list,2021-09-21 08:27:16.023324
vast-f16-de.adhigh.net,AVAILABILITY,domains.list,2021-09-21 08:27:18.031088
vast-f17-de.adhigh.net,AVAILABILITY,domains.list,2021-09-21 08:27:19.476136
vast-f18-us-va.adhigh.net,AVAILABILITY,domains.list,2021-09-21 08:27:21.276661
vast-f17-us-va.adhigh.net,AVAILABILITY,domains.list,2021-09-21 08:27:23.249775
vast-f21-us-ca.adhigh.net,AVAILABILITY,domains.list,2021-09-21 08:27:25.239319
vast-f20-us-va.adhigh.net,AVAILABILITY,domains.list,2021-09-21 08:27:27.067610
vast-f21-us-va.adhigh.net,AVAILABILITY,domains.list,2021-09-21 08:27:29.260789
vast-f22-us-ca.adhigh.net,AVAILABILITY,domains.list,2021-09-21 08:27:31.252773
vast-f22-us-va.adhigh.net,AVAILABILITY,domains.list,2021-09-21 08:27:32.546025
vast-f19-us-va.adhigh.net,AVAILABILITY,domains.list,2021-09-21 08:27:34.785556
vast-f23-us-ca.adhigh.net,AVAILABILITY,domains.list,2021-09-21 08:27:36.824064
vast-f23-us-va.adhigh.net,AVAILABILITY,domains.list,2021-09-21 08:27:38.653359
vast-f24-us-ca.adhigh.net,AVAILABILITY,domains.list,2021-09-21 08:27:40.478700
vast-f25-us-ca.adhigh.net,AVAILABILITY,domains.list,2021-09-21 08:27:42.311682
vast-f24-us-va.adhigh.net,AVAILABILITY,domains.list,2021-09-21 08:27:44.171436
vast-f25-us-va.adhigh.net,AVAILABILITY,domains.list,2021-09-21 08:27:45.636034
vast-f26-de.adhigh.net,AVAILABILITY,domains.list,2021-09-21 08:27:47.835779
vast-f26-us-ca.adhigh.net,AVAILABILITY,domains.list,2021-09-21 08:27:49.827891
vast-f26-us-va.adhigh.net,AVAILABILITY,domains.list,2021-09-21 08:27:51.472749
vast-f27-us-ca.adhigh.net,AVAILABILITY,domains.list,2021-09-21 08:27:53.818097
vast-f27-us-va.adhigh.net,AVAILABILITY,domains.list,2021-09-21 08:27:56.187212
vast-f28-de.adhigh.net,AVAILABILITY,domains.list,2021-09-21 08:27:58.206180
vast-f28-us-ca.adhigh.net,AVAILABILITY,domains.list,2021-09-21 08:27:59.888532
vast-f28-us-va.adhigh.net,AVAILABILITY,domains.list,2021-09-21 08:28:02.075778
vast-f29-de.adhigh.net,AVAILABILITY,domains.list,2021-09-21 08:28:04.245421
vast-f29-us-ca.adhigh.net,AVAILABILITY,domains.list,2021-09-21 08:28:06.387328
vast-f30-de.adhigh.net,AVAILABILITY,domains.list,2021-09-21 08:28:08.539002
vast-f29-us-va.adhigh.net,AVAILABILITY,domains.list,2021-09-21 08:28:10.173583
vast-f30-us-ca.adhigh.net,AVAILABILITY,domains.list,2021-09-21 08:28:12.223245
vast-f30-us-va.adhigh.net,AVAILABILITY,domains.list,2021-09-21 08:28:14.395399
vast-f31-de.adhigh.net,AVAILABILITY,domains.list,2021-09-21 08:28:16.156516
vast-f31-us-va.adhigh.net,AVAILABILITY,domains.list,2021-09-21 08:28:17.985890
vast-f31-us-ca.adhigh.net,AVAILABILITY,domains.list,2021-09-21 08:28:19.594929
vast-f32-de.adhigh.net,AVAILABILITY,domains.list,2021-09-21 08:28:21.585407
vast-f32-us-ca.adhigh.net,AVAILABILITY,domains.list,2021-09-21 08:28:23.050009
vast-f32-us-va.adhigh.net,AVAILABILITY,domains.list,2021-09-21 08:28:24.471868
vast-f33-de.adhigh.net,AVAILABILITY,domains.list,2021-09-21 08:28:26.774939
vast-f33-us-va.adhigh.net,AVAILABILITY,domains.list,2021-09-21 08:28:28.767477
vast-f33-us-ca.adhigh.net,AVAILABILITY,domains.list,2021-09-21 08:28:31.005230
vast-f34-de.adhigh.net,AVAILABILITY,domains.list,2021-09-21 08:28:33.163172
vast-f34-us-va.adhigh.net,AVAILABILITY,domains.list,2021-09-21 08:28:35.329196
vast-f35-de.adhigh.net,AVAILABILITY,domains.list,2021-09-21 08:28:37.119249
vast-f35-us-va.adhigh.net,AVAILABILITY,domains.list,2021-09-21 08:28:39.139327
vast-f36-de.adhigh.net,AVAILABILITY,domains.list,2021-09-21 08:28:41.133535
vast-f37-de.adhigh.net,AVAILABILITY,domains.list,2021-09-21 08:28:43.301876
vast-f40-de.adhigh.net,AVAILABILITY,domains.list,2021-09-21 08:28:45.466064
vast-f39-de.adhigh.net,AVAILABILITY,domains.list,2021-09-21 08:28:47.652676
vast-f38-de.adhigh.net,AVAILABILITY,domains.list,2021-09-21 08:28:49.667388
vast-f41-de.adhigh.net,AVAILABILITY,domains.list,2021-09-21 08:28:51.472093
vast-f51-de-tmp.adhigh.net,AVAILABILITY,domains.list,2021-09-21 08:28:52.925917
vast-f42-de.adhigh.net,AVAILABILITY,domains.list,2021-09-21 08:28:54.740265
vast-f52-de-tmp.adhigh.net,AVAILABILITY,domains.list,2021-09-21 08:28:56.730464
vast-f53-de-tmp.adhigh.net,AVAILABILITY,domains.list,2021-09-21 08:28:58.723905
vast-f54-de-tmp.adhigh.net,AVAILABILITY,domains.list,2021-09-21 08:29:00.540533
vast-f55-de-tmp.adhigh.net,AVAILABILITY,domains.list,2021-09-21 08:29:02.719293
vast-f56-de-tmp.adhigh.net,AVAILABILITY,domains.list,2021-09-21 08:29:04.508182
vast-ft1-hk.adhigh.net,AVAILABILITY,domains.list,2021-09-21 08:29:06.304158
vast-f57-de-tmp.adhigh.net,AVAILABILITY,domains.list,2021-09-21 08:29:08.633987
vastinspector.teads.tv,AVAILABILITY,domains.list,2021-09-21 08:29:09.565337
vast-pop-ewr.mathtag.com,AVAILABILITY,domains.list,2021-09-21 08:29:10.318068
vast-rtb2.vertamedia.com,AVAILABILITY,domains.list,2021-09-21 08:29:11.075948
vast-rtb1.vertamedia.com,AVAILABILITY,domains.list,2021-09-21 08:29:11.803988
vast-rtb4.vertamedia.com,AVAILABILITY,domains.list,2021-09-21 08:29:12.546115
vast-rtb5.vertamedia.com,AVAILABILITY,domains.list,2021-09-21 08:29:13.265412
vatsana-d.openx.net,AVAILABILITY,domains.list,2021-09-21 08:29:14.255911
vast-rtb3.vertamedia.com,AVAILABILITY,domains.list,2021-09-21 08:29:14.959296
vbeyv.net,AVAILABILITY,domains.list,2021-09-21 08:29:15.954133
vbp1den1.lijit.com,AVAILABILITY,domains.list,2021-09-21 08:29:16.721885
vcore.connatix.com,AVAILABILITY,domains.list,2021-09-21 08:29:17.631648
vd1.propellerads.com,AVAILABILITY,domains.list,2021-09-21 08:29:18.721705
vdo-wdc.rubiconproject.com,AVAILABILITY,domains.list,2021-09-21 08:29:19.785721
vecontact.veinteractive.com,AVAILABILITY,domains.list,2021-09-21 08:29:20.610027
vecontactusa.veinteractive.com,AVAILABILITY,domains.list,2021-09-21 08:29:21.386564
verizoncdn.marfeel.com,AVAILABILITY,domains.list,2021-09-21 08:29:22.281155
verizon-test.inq.com,AVAILABILITY,domains.list,2021-09-21 08:29:23.375147
vertafirewall.vertamedia.com,AVAILABILITY,domains.list,2021-09-21 08:29:24.087178
verta-media-d.openx.net,AVAILABILITY,domains.list,2021-09-21 08:29:24.994709
vesq70b0ru.mentalist.kameleoon.com,AVAILABILITY,domains.list,2021-09-21 08:29:25.864462
veuhub-d.openx.net,AVAILABILITY,domains.list,2021-09-21 08:29:26.877898
vewjesrqvi.mentalist.kameleoon.com,AVAILABILITY,domains.list,2021-09-21 08:29:27.689789
vhsupload.naiadsystems.com,AVAILABILITY,domains.list,2021-09-21 08:29:28.551684
vi.dev.fwmrm.net,AVAILABILITY,domains.list,2021-09-21 08:29:29.310189
viber.cdn.adsnative.com,AVAILABILITY,domains.list,2021-09-21 08:29:30.138045
viceuk-d.openx.net,AVAILABILITY,domains.list,2021-09-21 08:29:31.242622
vid.atdmt.com,AVAILABILITY,domains.list,2021-09-21 08:29:32.190836
vid-cdn.adhigh.net,AVAILABILITY,domains.list,2021-09-21 08:29:34.398515
video.adsrvr.org,AVAILABILITY,domains.list,2021-09-21 08:29:35.140112
video.advertising.com,AVAILABILITY,domains.list,2021-09-21 08:29:35.893853
video.batmobi.net,AVAILABILITY,domains.list,2021-09-21 08:29:36.837153
video.inmobi.com,AVAILABILITY,domains.list,2021-09-21 08:29:37.705393
video.mgid.com,AVAILABILITY,domains.list,2021-09-21 08:29:38.472253
videoblocks.adlegend.com,AVAILABILITY,domains.list,2021-09-21 08:29:39.290296
video-cdn.mgid.com,AVAILABILITY,domains.list,2021-09-21 08:29:40.020171
videoiq-backoffice.eyeviewads.com,AVAILABILITY,domains.list,2021-09-21 08:29:40.991061
videomize-d.openx.net,AVAILABILITY,domains.list,2021-09-21 08:29:42.112709
video-player.ironbeast.io,AVAILABILITY,domains.list,2021-09-21 08:29:43.047120
videos.exchange4media.com,AVAILABILITY,domains.list,2021-09-21 08:29:44.029982
videos.sharethrough.com,AVAILABILITY,domains.list,2021-09-21 08:29:44.884163
videos-acceptance.sharethrough.com,AVAILABILITY,domains.list,2021-09-21 08:29:45.669496
videos.acceptance.sharethrough.com,AVAILABILITY,domains.list,2021-09-21 08:29:46.528780
videos-by.vemba.com,AVAILABILITY,domains.list,2021-09-21 08:29:47.356784
vid-f1-us-ca.adhigh.net,AVAILABILITY,domains.list,2021-09-21 08:29:49.740006
vid-f1-de.adhigh.net,AVAILABILITY,domains.list,2021-09-21 08:29:51.953775
vid-f1-us-va.adhigh.net,AVAILABILITY,domains.list,2021-09-21 08:29:54.276495
vid-f2-de.adhigh.net,AVAILABILITY,domains.list,2021-09-21 08:29:56.613190
vid-f2-us-va.adhigh.net,AVAILABILITY,domains.list,2021-09-21 08:29:58.583151
vid-f2-us-ca.adhigh.net,AVAILABILITY,domains.list,2021-09-21 08:30:00.595485
vid-f3-de.adhigh.net,AVAILABILITY,domains.list,2021-09-21 08:30:02.763046
vid-f3-us-ca.adhigh.net,AVAILABILITY,domains.list,2021-09-21 08:30:04.971981
vid-f4-de.adhigh.net,AVAILABILITY,domains.list,2021-09-21 08:30:06.991666
vid-f3-us-va.adhigh.net,AVAILABILITY,domains.list,2021-09-21 08:30:08.596126
vid-f4-us-ca.adhigh.net,AVAILABILITY,domains.list,2021-09-21 08:30:10.375979
vid-f4-us-va.adhigh.net,AVAILABILITY,domains.list,2021-09-21 08:30:12.398172
vid-f5-de.adhigh.net,AVAILABILITY,domains.list,2021-09-21 08:30:14.825800
vid-f5-us-va.adhigh.net,AVAILABILITY,domains.list,2021-09-21 08:30:17.031585
vid-f5-us-ca.adhigh.net,AVAILABILITY,domains.list,2021-09-21 08:30:19.440707
vid-f6-de.adhigh.net,AVAILABILITY,domains.list,2021-09-21 08:30:21.819453
vid-f6-us-va.adhigh.net,AVAILABILITY,domains.list,2021-09-21 08:30:24.187290
vid-f6-us-ca.adhigh.net,AVAILABILITY,domains.list,2021-09-21 08:30:26.562836
vid-f7-de.adhigh.net,AVAILABILITY,domains.list,2021-09-21 08:30:28.533089
vid-f7-us-ca.adhigh.net,AVAILABILITY,domains.list,2021-09-21 08:30:30.715253
vid-f7-us-va.adhigh.net,AVAILABILITY,domains.list,2021-09-21 08:30:32.200344
vid-f8-de.adhigh.net,AVAILABILITY,domains.list,2021-09-21 08:30:34.238666
vid-f8-us-ca.adhigh.net,AVAILABILITY,domains.list,2021-09-21 08:30:36.268709
vid-f9-de.adhigh.net,AVAILABILITY,domains.list,2021-09-21 08:30:38.262519
vid-f8-us-va.adhigh.net,AVAILABILITY,domains.list,2021-09-21 08:30:40.479167
vid-f9-us-ca.adhigh.net,AVAILABILITY,domains.list,2021-09-21 08:30:42.497422
vid-f9-us-va.adhigh.net,AVAILABILITY,domains.list,2021-09-21 08:30:44.891456
vid-f10-us-ca.adhigh.net,AVAILABILITY,domains.list,2021-09-21 08:30:47.263213
vid-f11-us-ca.adhigh.net,AVAILABILITY,domains.list,2021-09-21 08:30:49.419066
vid-f11-us-va.adhigh.net,AVAILABILITY,domains.list,2021-09-21 08:30:51.402920
vid-f12-us-va.adhigh.net,AVAILABILITY,domains.list,2021-09-21 08:30:53.585567
vid-f13-us-va.adhigh.net,AVAILABILITY,domains.list,2021-09-21 08:30:55.567259
vid-f14-us-va.adhigh.net,AVAILABILITY,domains.list,2021-09-21 08:30:57.542169
vid-f15-us-va.adhigh.net,AVAILABILITY,domains.list,2021-09-21 08:30:59.327556
vid-f10-us-va.adhigh.net,AVAILABILITY,domains.list,2021-09-21 08:31:01.536184
vid-ft1-de.adhigh.net,AVAILABILITY,domains.list,2021-09-21 08:31:03.559935
vid-ft1-hk.adhigh.net,AVAILABILITY,domains.list,2021-09-21 08:31:05.593950
vid-ft1-us.adhigh.net,AVAILABILITY,domains.list,2021-09-21 08:31:07.559844
vid-ft2-us.adhigh.net,AVAILABILITY,domains.list,2021-09-21 08:31:09.747957
vid-ft2-de.adhigh.net,AVAILABILITY,domains.list,2021-09-21 08:31:11.563391
vid-ft3-de.adhigh.net,AVAILABILITY,domains.list,2021-09-21 08:31:13.538442
vid-ft3-us.adhigh.net,AVAILABILITY,domains.list,2021-09-21 08:31:15.861309
vid-ft4-de.adhigh.net,AVAILABILITY,domains.list,2021-09-21 08:31:17.135480
vid-ft4-us.adhigh.net,AVAILABILITY,domains.list,2021-09-21 08:31:18.927612
vid-ft5-de.adhigh.net,AVAILABILITY,domains.list,2021-09-21 08:31:21.120192
vid-ft5-us.adhigh.net,AVAILABILITY,domains.list,2021-09-21 08:31:22.723293
vid-ft6-us.adhigh.net,AVAILABILITY,domains.list,2021-09-21 08:31:24.682927
vid-ft6-de.adhigh.net,AVAILABILITY,domains.list,2021-09-21 08:31:26.686836
vid-ft7-de.adhigh.net,AVAILABILITY,domains.list,2021-09-21 08:31:28.845936
vid-ft7-us.adhigh.net,AVAILABILITY,domains.list,2021-09-21 08:31:30.891026
vid-ft8-de.adhigh.net,AVAILABILITY,domains.list,2021-09-21 08:31:32.717106
vid-ft9-us.adhigh.net,AVAILABILITY,domains.list,2021-09-21 08:31:34.636129
vid-ft8-us.adhigh.net,AVAILABILITY,domains.list,2021-09-21 08:31:36.619641
vid-ft11-us.adhigh.net,AVAILABILITY,domains.list,2021-09-21 08:31:38.406267
vid-ft12-us.adhigh.net,AVAILABILITY,domains.list,2021-09-21 08:31:40.410394
vid-ft10-us.adhigh.net,AVAILABILITY,domains.list,2021-09-21 08:31:42.550076
vid-ft14-us.adhigh.net,AVAILABILITY,domains.list,2021-09-21 08:31:44.744020
vid-ft15-us.adhigh.net,AVAILABILITY,domains.list,2021-09-21 08:31:46.702358
vid-ft13-us.adhigh.net,AVAILABILITY,domains.list,2021-09-21 08:31:48.514123
vid-ft16-us.adhigh.net,AVAILABILITY,domains.list,2021-09-21 08:31:50.538074
vid-ft17-us.adhigh.net,AVAILABILITY,domains.list,2021-09-21 08:31:52.686256
vid-ft18-us.adhigh.net,AVAILABILITY,domains.list,2021-09-21 08:31:54.859605
vid-px.adhigh.net,AVAILABILITY,domains.list,2021-09-21 08:31:56.880556
vidyo.rubiconproject.com,AVAILABILITY,domains.list,2021-09-21 08:31:57.988396
viewability.vertamedia.com,AVAILABILITY,domains.list,2021-09-21 08:31:58.709501
viki-d.openx.net,AVAILABILITY,domains.list,2021-09-21 08:31:59.688509
vikingrivercruises.adlegend.com,AVAILABILITY,domains.list,2021-09-21 08:32:00.522404
vilves.marfeel.com,AVAILABILITY,domains.list,2021-09-21 08:32:01.530866
vilamedia-homeandgarden.t.domdex.com,AVAILABILITY,domains.list,2021-09-21 08:32:02.447405
vinted-de-d.openx.net,AVAILABILITY,domains.list,2021-09-21 08:32:03.617798
vip48-t.mookie1.com,AVAILABILITY,domains.list,2021-09-21 08:32:04.445607
vip32-t.mookie1.com,AVAILABILITY,domains.list,2021-09-21 08:32:05.269955
viralnova-d.openx.net,AVAILABILITY,domains.list,2021-09-21 08:32:09.915812
viral-thread-d.openx.net,AVAILABILITY,domains.list,2021-09-21 08:32:11.087140
vip-silpada-com.ct.impactradius.com,AVAILABILITY,domains.list,2021-09-21 08:32:12.147222
virginia.demandbase.com,AVAILABILITY,domains.list,2021-09-21 08:32:13.008327
virt70.rmd.admob.com,AVAILABILITY,domains.list,2021-09-21 08:32:14.028249
virt85.rmd.admob.com,AVAILABILITY,domains.list,2021-09-21 08:32:15.125311
virt90.rmd.admob.com,AVAILABILITY,domains.list,2021-09-21 08:32:16.085725
visit-01.kameleoon.com,AVAILABILITY,domains.list,2021-09-21 08:32:16.884879
visit-03.kameleoon.com,AVAILABILITY,domains.list,2021-09-21 08:32:17.659134
visit-02.kameleoon.com,AVAILABILITY,domains.list,2021-09-21 08:32:18.399835
visit-04.kameleoon.com,AVAILABILITY,domains.list,2021-09-21 08:32:19.207221
visitorapi.betaout.com,AVAILABILITY,domains.list,2021-09-21 08:32:20.556561
visitsavannah-d.openx.net,AVAILABILITY,domains.list,2021-09-21 08:32:21.672443
vivad.advertising.com,AVAILABILITY,domains.list,2021-09-21 08:32:22.479365
vivad.at.atwola.com,AVAILABILITY,domains.list,2021-09-21 08:32:23.387371
vivadpay.g2afse.com,AVAILABILITY,domains.list,2021-09-21 08:32:24.245562
vix.criteo.net,AVAILABILITY,domains.list,2021-09-21 08:32:25.489100
vix.as.criteo.net,AVAILABILITY,domains.list,2021-09-21 08:32:26.713878
vix.eu.criteo.net,AVAILABILITY,domains.list,2021-09-21 08:32:27.898492
vix.us.criteo.net,AVAILABILITY,domains.list,2021-09-21 08:32:29.243846
vlibs.advertising.com,AVAILABILITY,domains.list,2021-09-21 08:32:30.001840
vlibs.eu-central-1.prod.adtech.de,AVAILABILITY,domains.list,2021-09-21 08:32:31.402455
vlibs.eu-central-1.dev.adtech.de,AVAILABILITY,domains.list,2021-09-21 08:32:32.713358
vltrkltuqe.bid,AVAILABILITY,domains.list,2021-09-21 08:32:34.427443
vmfwscoring.vertamedia.com,AVAILABILITY,domains.list,2021-09-21 08:32:35.244634
voicefive-sb-ec.adtechus.com,AVAILABILITY,domains.list,2021-09-21 08:32:36.543801
voicefive-sb-wc.adtechus.com,AVAILABILITY,domains.list,2021-09-21 08:32:37.344888
vogon.srv.media.net,AVAILABILITY,domains.list,2021-09-21 08:32:38.596300
volkswagen.adsame.com,AVAILABILITY,domains.list,2021-09-21 08:32:41.150231
vonzipper.btttag.com,AVAILABILITY,domains.list,2021-09-21 08:32:41.894004
vortex-bn2.metron.live.com.nsatc.net,AVAILABILITY,domains.list,2021-09-21 08:32:42.797898
vonvonme-d.openx.net,AVAILABILITY,domains.list,2021-09-21 08:32:43.842397
vortex-cy2.metron.live.com.nsatc.net,AVAILABILITY,domains.list,2021-09-21 08:32:44.785271
vote.getui.com,AVAILABILITY,domains.list,2021-09-21 08:32:46.114739
vox.urbanairship.com,AVAILABILITY,domains.list,2021-09-21 08:32:47.349197
voxel.mpx.mopub.com,AVAILABILITY,domains.list,2021-09-21 08:32:48.185027
voxel.read.admin.mpx.mopub.com,AVAILABILITY,domains.list,2021-09-21 08:32:48.973536
voxel.read.mongostats.mopub.com,AVAILABILITY,domains.list,2021-09-21 08:32:49.749615
voxel.write.admin.mpx.mopub.com,AVAILABILITY,domains.list,2021-09-21 08:32:50.476663
voxel.write.mongostats.mopub.com,AVAILABILITY,domains.list,2021-09-21 08:32:51.187755
voyagegroup-d.openx.net,AVAILABILITY,domains.list,2021-09-21 08:32:52.259043
voyagermedianetwork-d.openx.net,AVAILABILITY,domains.list,2021-09-21 08:32:53.361503
vpn.datafirst.io,AVAILABILITY,domains.list,2021-09-21 08:33:08.006572
vps7.adsplay.in,AVAILABILITY,domains.list,2021-09-21 08:33:08.801671
vps8.adsplay.in,AVAILABILITY,domains.list,2021-09-21 08:33:09.550286
vps10.adsplay.in,AVAILABILITY,domains.list,2021-09-21 08:33:10.312703
vps.amobee.com,AVAILABILITY,domains.list,2021-09-21 08:33:11.451972
vqyzz.6hqk9cjhg.bapb.gdn,AVAILABILITY,domains.list,2021-09-21 08:33:12.543739
vra.outbrain.com,AVAILABILITY,domains.list,2021-09-21 08:33:13.397294
vsauce-manager.voodoo-tech.io,AVAILABILITY,domains.list,2021-09-21 08:33:14.263343
vs-config.voodoo-tech.io,AVAILABILITY,domains.list,2021-09-21 08:33:15.250662
vsharing.adsame.com,AVAILABILITY,domains.list,2021-09-21 08:33:22.566548
vtechweb.adsame.com,AVAILABILITY,domains.list,2021-09-21 08:33:25.723341
vungle-cdn.vungle.com,AVAILABILITY,domains.list,2021-09-21 08:33:26.732066
vv88.andalbrighth.pro,AVAILABILITY,domains.list,2021-09-21 08:33:27.635326
vwbvandbj.bid,AVAILABILITY,domains.list,2021-09-21 08:33:28.752082
vww.supersonic.com,AVAILABILITY,domains.list,2021-09-21 08:33:29.870068
vx.adgear.com,AVAILABILITY,domains.list,2021-09-21 08:33:31.136866
vz-assets.applovin.com,AVAILABILITY,domains.list,2021-09-21 08:33:32.237630
vz-img.applovin.com,AVAILABILITY,domains.list,2021-09-21 08:33:33.350164
vz-vid.applovin.com,AVAILABILITY,domains.list,2021-09-21 08:33:34.266123
w4y0y567hu.mentalist.kameleoon.com,AVAILABILITY,domains.list,2021-09-21 08:33:35.057207
w5zzz.lyfd2xzauti9d8p.bapb.gdn,AVAILABILITY,domains.list,2021-09-21 08:33:37.141554
w8zzz.lyfd2xzauti9d8p.bapb.gdn,AVAILABILITY,domains.list,2021-09-21 08:33:38.489445
w.adleadevent.co,AVAILABILITY,domains.list,2021-09-21 08:33:39.288835
w1325.smartadserver.com,AVAILABILITY,domains.list,2021-09-21 08:33:40.540408
w.eu.gslb.inmobi.com,AVAILABILITY,domains.list,2021-09-21 08:33:41.932707
w.sandbox.inmobi.com,AVAILABILITY,domains.list,2021-09-21 08:33:43.044934
w.vip.hkg1.inmobi.com,AVAILABILITY,domains.list,2021-09-21 08:33:44.212620
wagbrag.t.domdex.com,AVAILABILITY,domains.list,2021-09-21 08:33:45.099796
wahm.t.domdex.com,AVAILABILITY,domains.list,2021-09-21 08:33:46.009803
wahwah-d.openx.net,AVAILABILITY,domains.list,2021-09-21 08:33:47.250044
walftgaqiemcx.com,AVAILABILITY,domains.list,2021-09-21 08:33:48.285092
walternsa.com,AVAILABILITY,domains.list,2021-09-21 08:33:49.160397
wap.advertising.com,AVAILABILITY,domains.list,2021-09-21 08:33:50.007040
waps.admob.com,AVAILABILITY,domains.list,2021-09-21 08:33:51.102167
wanlopay.g2afse.com,AVAILABILITY,domains.list,2021-09-21 08:33:52.091967
wassermann.smi2.ru,AVAILABILITY,domains.list,2021-09-21 08:33:55.173017
watchdog.moengage.com,AVAILABILITY,domains.list,2021-09-21 08:33:56.127646
watcheshouse.co.in,AVAILABILITY,domains.list,2021-09-21 08:33:57.442950
waterfall-manager.voodoo-tech.io,AVAILABILITY,domains.list,2021-09-21 08:33:58.462771
watermobi.g2afse.com,AVAILABILITY,domains.list,2021-09-21 08:33:59.340115
waterpik.adlegend.com,AVAILABILITY,domains.list,2021-09-21 08:34:00.223843
watson.telemetry.microsoft.com.nsatc.net,AVAILABILITY,domains.list,2021-09-21 08:34:01.186088
web2carz.t.domdex.com,AVAILABILITY,domains.list,2021-09-21 08:34:02.073590
web101.rmd.admob.com,AVAILABILITY,domains.list,2021-09-21 08:34:03.066730
web102.rmd.admob.com,AVAILABILITY,domains.list,2021-09-21 08:34:04.063944
web.leanplum.com,AVAILABILITY,domains.list,2021-09-21 08:34:05.357399
web.hiido.com,AVAILABILITY,domains.list,2021-09-21 08:34:06.841595
webcast.rubiconproject.com,AVAILABILITY,domains.list,2021-09-21 08:34:08.045736
webcon.revcontent.com,AVAILABILITY,domains.list,2021-09-21 08:34:09.001425
webisaba-d.openx.net,AVAILABILITY,domains.list,2021-09-21 08:34:10.052284
webmedia01.adlegend.com,AVAILABILITY,domains.list,2021-09-21 08:34:10.878590
webroot.adlegend.com,AVAILABILITY,domains.list,2021-09-21 08:34:11.645791
websdk-stage.appsflyer.com,AVAILABILITY,domains.list,2021-09-21 08:34:12.536772
webserve-3a3283e7.usw2.dynamicyield.com,AVAILABILITY,domains.list,2021-09-21 08:34:13.500724
webserve-3a70831.euw1.dynamicyield.com,AVAILABILITY,domains.list,2021-09-21 08:34:14.489792
webserve-2e5ca51.use.dynamicyield.com,AVAILABILITY,domains.list,2021-09-21 08:34:15.442066
webserve-6e59c1f2.use.dynamicyield.com,AVAILABILITY,domains.list,2021-09-21 08:34:16.413628
webserve-6bfee8b.euw1.dynamicyield.com,AVAILABILITY,domains.list,2021-09-21 08:34:17.394100
webserve-7aa1d5f6.euw1.dynamicyield.com,AVAILABILITY,domains.list,2021-09-21 08:34:18.301714
webserve-6ed3d83.euw1.dynamicyield.com,AVAILABILITY,domains.list,2021-09-21 08:34:19.203591
webserve-8dfa25c8.use.dynamicyield.com,AVAILABILITY,domains.list,2021-09-21 08:34:20.271133
webserve-10c82cc.use.dynamicyield.com,AVAILABILITY,domains.list,2021-09-21 08:34:21.230734
webserve-75a1d5f9.euw1.dynamicyield.com,AVAILABILITY,domains.list,2021-09-21 08:34:22.089097
webserve-75bc668d.use.dynamicyield.com,AVAILABILITY,domains.list,2021-09-21 08:34:22.969460
webserve-182b748.euw1.dynamicyield.com,AVAILABILITY,domains.list,2021-09-21 08:34:23.905646
webserve-250aca8a.usw2.dynamicyield.com,AVAILABILITY,domains.list,2021-09-21 08:34:24.885904
webserve-380c77e.use.dynamicyield.com,AVAILABILITY,domains.list,2021-09-21 08:34:25.809616
webserve-552a232.euw1.dynamicyield.com,AVAILABILITY,domains.list,2021-09-21 08:34:26.726693
webserve-564b5fde.euw1.dynamicyield.com,AVAILABILITY,domains.list,2021-09-21 08:34:27.698123
webserve-a97ecca.use.dynamicyield.com,AVAILABILITY,domains.list,2021-09-21 08:34:28.499468
webserve-b7d79127.use.dynamicyield.com,AVAILABILITY,domains.list,2021-09-21 08:34:29.430459
webserve-0249090.usw2.dynamicyield.com,AVAILABILITY,domains.list,2021-09-21 08:34:30.311300
webserve-da888e9.euw1.dynamicyield.com,AVAILABILITY,domains.list,2021-09-21 08:34:31.273735
webserve-ca745c40.euw1.dynamicyield.com,AVAILABILITY,domains.list,2021-09-21 08:34:32.232177
webserve-cf592a8.usw2.dynamicyield.com,AVAILABILITY,domains.list,2021-09-21 08:34:33.177811
webserve-da4054cc.euw1.dynamicyield.com,AVAILABILITY,domains.list,2021-09-21 08:34:34.094333
webserve-f33d6d69.use.dynamicyield.com,AVAILABILITY,domains.list,2021-09-21 08:34:35.045069
webserve-f9c5b52.use.dynamicyield.com,AVAILABILITY,domains.list,2021-09-21 08:34:35.940765
webshot.dynamicyield.com,AVAILABILITY,domains.list,2021-09-21 08:34:36.795439
webserve-faa4eb4.use.dynamicyield.com,AVAILABILITY,domains.list,2021-09-21 08:34:37.604248
website.adsnative.com,AVAILABILITY,domains.list,2021-09-21 08:34:38.423244
website.qualaroo.com,AVAILABILITY,domains.list,2021-09-21 08:34:39.421867
website.sokrati.com,AVAILABILITY,domains.list,2021-09-21 08:34:40.472814
websnap-media.act-on.com,AVAILABILITY,domains.list,2021-09-21 08:34:41.602092
web-sub-free-new.site,AVAILABILITY,domains.list,2021-09-21 08:34:45.831288
web-sub-new-free.site,AVAILABILITY,domains.list,2021-09-21 08:34:47.128277
webtraffic-sb-fra.adtech.de,AVAILABILITY,domains.list,2021-09-21 08:34:48.163844
webtraffic-sb-ams.adtech.de,AVAILABILITY,domains.list,2021-09-21 08:34:48.913219
weevermedia.go2affise.com,AVAILABILITY,domains.list,2021-09-21 08:34:49.924294
welcome.cn.coremetrics.com,AVAILABILITY,domains.list,2021-09-21 08:34:51.011488
werbung.mediaplex.com,AVAILABILITY,domains.list,2021-09-21 08:34:52.177716
west.c.gcp.msas.media.net,AVAILABILITY,domains.list,2021-09-21 08:34:54.046101
west.tubemogul.com,AVAILABILITY,domains.list,2021-09-21 08:34:54.931082
west-s2s.1rx.io,AVAILABILITY,domains.list,2021-09-21 08:34:55.693923
west.d.gcp.msas.media.net,AVAILABILITY,domains.list,2021-09-21 08:34:57.215466
wetransfer-d.openx.net,AVAILABILITY,domains.list,2021-09-21 08:34:58.480614
wfnmmrtw.bid,AVAILABILITY,domains.list,2021-09-21 08:34:59.370714
white.soju.openx.net,AVAILABILITY,domains.list,2021-09-21 08:35:00.750466
whitehouseblackmarket.adlegend.com,AVAILABILITY,domains.list,2021-09-21 08:35:01.522517
widget.be.eu.criteo.com,AVAILABILITY,domains.list,2021-09-21 08:35:03.702074
widget.hk.cn.criteo.com,AVAILABILITY,domains.list,2021-09-21 08:35:05.225220
widget.ny.us.criteo.com,AVAILABILITY,domains.list,2021-09-21 08:35:06.931171
widget.sv.us.criteo.com,AVAILABILITY,domains.list,2021-09-21 08:35:08.815249
widget.dynamic.advertising.com,AVAILABILITY,domains.list,2021-09-21 08:35:09.636359
widget.sh.cn.criteo.com,AVAILABILITY,domains.list,2021-09-21 08:35:11.191462
wigo.tools.teads.tv,AVAILABILITY,domains.list,2021-09-21 08:35:12.248218
wikia-arts.t.domdex.com,AVAILABILITY,domains.list,2021-09-21 08:35:13.119164
wikia-food.t.domdex.com,AVAILABILITY,domains.list,2021-09-21 08:35:13.958615
willhaben-286480-hdb.adomik.com,AVAILABILITY,domains.list,2021-09-21 08:35:14.997209
wildcard.hk.cn.criteo.com,AVAILABILITY,domains.list,2021-09-21 08:35:16.703518
winloot.moengage.com,AVAILABILITY,domains.list,2021-09-21 08:35:17.657170
winstonbrands.btttag.com,AVAILABILITY,domains.list,2021-09-21 08:35:18.431764
wish.reasoncobweb.pw,AVAILABILITY,domains.list,2021-09-21 08:35:19.406024
wittyfeed-d.openx.net,AVAILABILITY,domains.list,2021-09-21 08:35:20.741154
wizard.triplelift.com,AVAILABILITY,domains.list,2021-09-21 08:35:21.794318
wkm-d.openx.net,AVAILABILITY,domains.list,2021-09-21 08:35:23.072837
wkmedialtd.t.domdex.com,AVAILABILITY,domains.list,2021-09-21 08:35:23.910519
wlog.hiido.com,AVAILABILITY,domains.list,2021-09-21 08:35:26.167846
wms-cn.amazon-adsystem.com,AVAILABILITY,domains.list,2021-09-21 08:35:26.977359
wnzmauurgol.com,AVAILABILITY,domains.list,2021-09-21 08:35:27.897746
womanista-d.openx.net,AVAILABILITY,domains.list,2021-09-21 08:35:29.149442
womensclothing.t.domdex.com,AVAILABILITY,domains.list,2021-09-21 08:35:30.107604
womensforum-d.openx.net,AVAILABILITY,domains.list,2021-09-21 08:35:31.302651
woodofapps.g2afse.com,AVAILABILITY,domains.list,2021-09-21 08:35:32.117980
workflows.sandbox53.localytics.com,AVAILABILITY,domains.list,2021-09-21 08:35:33.486105
wp.teads.tv,AVAILABILITY,domains.list,2021-09-21 08:35:34.456024
wqocynupmbad.com,AVAILABILITY,domains.list,2021-09-21 08:35:35.325330
wrdev.clicktale.net,AVAILABILITY,domains.list,2021-09-21 08:35:36.146721
wrating.gds.mmstat.com,AVAILABILITY,domains.list,2021-09-21 08:35:38.010053
writer.smartlook.com,AVAILABILITY,domains.list,2021-09-21 08:35:38.970266
writer-br.smartlook.com,AVAILABILITY,domains.list,2021-09-21 08:35:39.984987
writer-mobile.smartlook.com,AVAILABILITY,domains.list,2021-09-21 08:35:40.855034
writer-sg.smartlook.com,AVAILABILITY,domains.list,2021-09-21 08:35:41.769937
wrqa.clicktale.net,AVAILABILITY,domains.list,2021-09-21 08:35:42.526525
writer-us.smartlook.com,AVAILABILITY,domains.list,2021-09-21 08:35:43.395477
ws2.adtech.de,AVAILABILITY,domains.list,2021-09-21 08:35:44.208721
ws2.us-ec.adtechus.com,AVAILABILITY,domains.list,2021-09-21 08:35:44.969077
ws022.coinhive.com,AVAILABILITY,domains.list,2021-09-21 08:35:46.038435
ws.adtech.de,AVAILABILITY,domains.list,2021-09-21 08:35:46.983175
ws.l33tsite.info,AVAILABILITY,domains.list,2021-09-21 08:35:47.794017
ws-api.adtechus.com,AVAILABILITY,domains.list,2021-09-21 08:35:48.580369
wsback.presage.io,AVAILABILITY,domains.list,2021-09-21 08:35:51.134868
ws.us-ec.adtechus.com,AVAILABILITY,domains.list,2021-09-21 08:35:52.004345
ws-cn.amazon-adsystem.com,AVAILABILITY,domains.list,2021-09-21 08:35:52.783182
wsp.adskeeper.co.uk,AVAILABILITY,domains.list,2021-09-21 08:35:53.568499
wsp.mgid.com,AVAILABILITY,domains.list,2021-09-21 08:35:54.408500
wsp.steepto.com,AVAILABILITY,domains.list,2021-09-21 08:35:55.227386
wsp.hiido.com,AVAILABILITY,domains.list,2021-09-21 08:35:56.593872
wtag.adaptv.advertising.com,AVAILABILITY,domains.list,2021-09-21 08:35:57.326329
wunccmpzjqvxe.com,AVAILABILITY,domains.list,2021-09-21 08:35:58.221488
wvbacn8081.mentalist.kameleoon.com,AVAILABILITY,domains.list,2021-09-21 08:35:58.975383
wvzzz.lyfd2xzauti9d8p.bapb.gdn,AVAILABILITY,domains.list,2021-09-21 08:36:00.118182
ww8zz.ouasflpydty21tf.bapb.gdn,AVAILABILITY,domains.list,2021-09-21 08:36:01.389698
ww7.extratorrnt.cc,AVAILABILITY,domains.list,2021-09-21 08:36:02.381518
ww264-eqx.smartadserver.com,AVAILABILITY,domains.list,2021-09-21 08:36:03.676654
ww264-itx5.smartadserver.com,AVAILABILITY,domains.list,2021-09-21 08:36:05.034852
ww284-eqx.smartadserver.com,AVAILABILITY,domains.list,2021-09-21 08:36:06.013049
ww284.smartadserver.com,AVAILABILITY,domains.list,2021-09-21 08:36:07.149563
ww284-itx5.smartadserver.com,AVAILABILITY,domains.list,2021-09-21 08:36:08.451170
ww284-itx4.smartadserver.com,AVAILABILITY,domains.list,2021-09-21 08:36:09.672715
ww1316.smartadserver.com,AVAILABILITY,domains.list,2021-09-21 08:36:10.845047
ww.teads.tv,AVAILABILITY,domains.list,2021-09-21 08:36:11.901244
ww.tubemogul.com,AVAILABILITY,domains.list,2021-09-21 08:36:12.841701
wwaw.actonsoftware.com,AVAILABILITY,domains.list,2021-09-21 08:36:13.811763
wwe-d.openx.net,AVAILABILITY,domains.list,2021-09-21 08:36:14.991395
www2.juicyads.com,AVAILABILITY,domains.list,2021-09-21 08:36:15.765954
www2.demandbase.com,AVAILABILITY,domains.list,2021-09-21 08:36:16.690928
www3.mopub.com,AVAILABILITY,domains.list,2021-09-21 08:36:17.511347
www4.mopub.com,AVAILABILITY,domains.list,2021-09-21 08:36:18.277228
www3.brightroll.com,AVAILABILITY,domains.list,2021-09-21 08:36:22.683312
www19.clicktale.net,AVAILABILITY,domains.list,2021-09-21 08:36:23.439444
www101.rmd.admob.com,AVAILABILITY,domains.list,2021-09-21 08:36:24.337307
www102.rmd.admob.com,AVAILABILITY,domains.list,2021-09-21 08:36:25.522393
www.1clickcdn.ru,AVAILABILITY,domains.list,2021-09-21 08:36:27.274184
www.1phads.com,AVAILABILITY,domains.list,2021-09-21 08:36:28.546169
www.2znp09oa.com,AVAILABILITY,domains.list,2021-09-21 08:36:29.693684
www.3k4hppja.stream,AVAILABILITY,domains.list,2021-09-21 08:36:30.874721
www.3-pxl-rtg.today,AVAILABILITY,domains.list,2021-09-21 08:36:31.799173
www.4oz2rj6t.site,AVAILABILITY,domains.list,2021-09-21 08:36:32.949924
www.4jnzhl0d0.com,AVAILABILITY,domains.list,2021-09-21 08:36:34.084857
www.6ldu6qa.com,AVAILABILITY,domains.list,2021-09-21 08:36:35.127322
www.8iaxbnbk.accountant,AVAILABILITY,domains.list,2021-09-21 08:36:36.656033
www.22xsd.tk,AVAILABILITY,domains.list,2021-09-21 08:36:38.919048
www.82o9v830.com,AVAILABILITY,domains.list,2021-09-21 08:36:40.012427
www.99shopez16.club,AVAILABILITY,domains.list,2021-09-21 08:36:41.620121
www.120167982.world,AVAILABILITY,domains.list,2021-09-21 08:36:42.423817
www.420137982.world,AVAILABILITY,domains.list,2021-09-21 08:36:43.188105
www.360.unbounce.com,AVAILABILITY,domains.list,2021-09-21 08:36:44.272479
www.620117982.world,AVAILABILITY,domains.list,2021-09-21 08:36:45.027665
www.1220047983.world,AVAILABILITY,domains.list,2021-09-21 08:36:45.810580
www.1464124271.rsc.cdn77.org,AVAILABILITY,domains.list,2021-09-21 08:36:47.756665
www.a1stats.com,AVAILABILITY,domains.list,2021-09-21 08:36:48.794585
www.820097982.world,AVAILABILITY,domains.list,2021-09-21 08:36:49.634273
www.aatkit.com,AVAILABILITY,domains.list,2021-09-21 08:36:50.799147
www.abandonedclover.com,AVAILABILITY,domains.list,2021-09-21 08:36:51.578868
www.ab.unbounce.com,AVAILABILITY,domains.list,2021-09-21 08:36:52.441409
www.abm-certification.demandbase.com,AVAILABILITY,domains.list,2021-09-21 08:36:53.498821
www.abruptroad.com,AVAILABILITY,domains.list,2021-09-21 08:36:54.483037
www.abnormour.club,AVAILABILITY,domains.list,2021-09-21 08:36:55.376224
www.acrossiblel.info,AVAILABILITY,domains.list,2021-09-21 08:36:56.298178
www.ace.act-on.com,AVAILABILITY,domains.list,2021-09-21 08:36:57.313891
www.actuallysheep.com,AVAILABILITY,domains.list,2021-09-21 08:36:58.472205
www.ad1.adlegend.com,AVAILABILITY,domains.list,2021-09-21 08:36:59.261096
www.ad.adlegend.com,AVAILABILITY,domains.list,2021-09-21 08:37:00.060391
www.ad.apsalar.com,AVAILABILITY,domains.list,2021-09-21 08:37:01.176532
www.adblockerkillswebsites.pw,AVAILABILITY,domains.list,2021-09-21 08:37:02.403647
www.adcrax.rocks,AVAILABILITY,domains.list,2021-09-21 08:37:03.272656
www.ad-delivery.net,AVAILABILITY,domains.list,2021-09-21 08:37:04.098286
www.adcrax.desi,AVAILABILITY,domains.list,2021-09-21 08:37:05.609680
www.addesk.advertising.com,AVAILABILITY,domains.list,2021-09-21 08:37:06.392233
www.adfpkxvaqeyj.com,AVAILABILITY,domains.list,2021-09-21 08:37:07.307384
www.adgup.com,AVAILABILITY,domains.list,2021-09-21 08:37:08.108468
www.admarsai.com,AVAILABILITY,domains.list,2021-09-21 08:37:09.106047
www.admarsx.com,AVAILABILITY,domains.list,2021-09-21 08:37:10.065223
www.admin.revcontent.com,AVAILABILITY,domains.list,2021-09-21 08:37:11.212694
www.admin.exoclick.com,AVAILABILITY,domains.list,2021-09-21 08:37:12.174836
www.admin-stg.revcontent.com,AVAILABILITY,domains.list,2021-09-21 08:37:13.228294
www.adnexus.net,AVAILABILITY,domains.list,2021-09-21 08:37:14.389315
www.ads1.solocpm.com,AVAILABILITY,domains.list,2021-09-21 08:37:15.388026
www.ads.pubmatic.com,AVAILABILITY,domains.list,2021-09-21 08:37:16.145331
www.ads.unbounce.com,AVAILABILITY,domains.list,2021-09-21 08:37:17.271910
www.adserver.ministryofads.com,AVAILABILITY,domains.list,2021-09-21 08:37:18.314024
www.adstlx.com,AVAILABILITY,domains.list,2021-09-21 08:37:19.169628
www.adsfree2.tk,AVAILABILITY,domains.list,2021-09-21 08:37:21.370749
www.ads-twitter.com,AVAILABILITY,domains.list,2021-09-21 08:37:22.275754
www.adtng.com,AVAILABILITY,domains.list,2021-09-21 08:37:23.192161
www.adtracker.inmobi.com,AVAILABILITY,domains.list,2021-09-21 08:37:24.245071
www.adultsense.net,AVAILABILITY,domains.list,2021-09-21 08:37:25.118035
www.adwords.unbounce.com,AVAILABILITY,domains.list,2021-09-21 08:37:26.212661
www.adxprts.co,AVAILABILITY,domains.list,2021-09-21 08:37:26.991679
www.adzmediatracking.com,AVAILABILITY,domains.list,2021-09-21 08:37:27.868658
www.af201768865.com,AVAILABILITY,domains.list,2021-09-21 08:37:28.789866
www.agafurretor.com,AVAILABILITY,domains.list,2021-09-21 08:37:29.885473
www.agreeableprice.com,AVAILABILITY,domains.list,2021-09-21 08:37:30.842560
www.ailiyou1999.com,AVAILABILITY,domains.list,2021-09-21 08:37:31.741850
www.aheadday.com,AVAILABILITY,domains.list,2021-09-21 08:37:32.730906
www.alargery.com,AVAILABILITY,domains.list,2021-09-21 08:37:33.660293
www.akxsrsdbursfpx.bid,AVAILABILITY,domains.list,2021-09-21 08:37:34.522770
www.alexa.unbounce.com,AVAILABILITY,domains.list,2021-09-21 08:37:35.606882
www.alkdmsxs.bid,AVAILABILITY,domains.list,2021-09-21 08:37:36.395550
www.alfa.smartlook.com,AVAILABILITY,domains.list,2021-09-21 08:37:51.829175
www.althybesr.com,AVAILABILITY,domains.list,2021-09-21 08:37:52.785381
www.amazon-adsystem.com,AVAILABILITY,domains.list,2021-09-21 08:37:53.582845
www.ambitiousagreement.com,AVAILABILITY,domains.list,2021-09-21 08:37:54.746474
www.amigos.unbounce.com,AVAILABILITY,domains.list,2021-09-21 08:37:55.807297
www.amountinue.info,AVAILABILITY,domains.list,2021-09-21 08:37:56.691422
www.a-msedge.net,AVAILABILITY,domains.list,2021-09-21 08:37:57.453092
www.analytics.glance.inmobi.com,AVAILABILITY,domains.list,2021-09-21 08:37:58.572539
www.analyzer.unbounce.com,AVAILABILITY,domains.list,2021-09-21 08:37:59.647533
www.answers.chartboost.com,AVAILABILITY,domains.list,2021-09-21 08:38:00.681198
www.antinuef.info,AVAILABILITY,domains.list,2021-09-21 08:38:01.471240
www.anxiousapples.com,AVAILABILITY,domains.list,2021-09-21 08:38:02.568494
www.aorta-secure.clickagy.com,AVAILABILITY,domains.list,2021-09-21 08:38:03.370011
www.aphrodite.rtb.appier.net,AVAILABILITY,domains.list,2021-09-21 08:38:04.762256
www.api.alphonso.tv,AVAILABILITY,domains.list,2021-09-21 08:38:06.401277
www.api.avocet.io,AVAILABILITY,domains.list,2021-09-21 08:38:07.652471
www.api.extension.admitad.com,AVAILABILITY,domains.list,2021-09-21 08:38:08.579645
www.api.glance.inmobi.com,AVAILABILITY,domains.list,2021-09-21 08:38:09.761278
www.api.ad.intl.xiaomi.com,AVAILABILITY,domains.list,2021-09-21 08:38:11.408988
www.api.inmobi.com,AVAILABILITY,domains.list,2021-09-21 08:38:12.513293
www.api.qgraph.io,AVAILABILITY,domains.list,2021-09-21 08:38:13.552417
www.api.startappservice.com,AVAILABILITY,domains.list,2021-09-21 08:38:14.509781
www.api.sonobi.com,AVAILABILITY,domains.list,2021-09-21 08:38:15.337412
www.api-interest.unbounce.com,AVAILABILITY,domains.list,2021-09-21 08:38:16.385281
www.app7hightree.com,AVAILABILITY,domains.list,2021-09-21 08:38:17.354576
www.apolloprogram.io,AVAILABILITY,domains.list,2021-09-21 08:38:18.271983
www.app.konotor.com,AVAILABILITY,domains.list,2021-09-21 08:38:19.287963
www.app.avocet.io,AVAILABILITY,domains.list,2021-09-21 08:38:20.299512
www.app.qgraph.io,AVAILABILITY,domains.list,2021-09-21 08:38:21.366364
www.appboy-images.com,AVAILABILITY,domains.list,2021-09-21 08:38:22.364862
www.app-measurement.com,AVAILABILITY,domains.list,2021-09-21 08:38:23.474637
www.apps.dev.polarmobile.com,AVAILABILITY,domains.list,2021-09-21 08:38:25.062354
www.appsadphonemobiletechie.win,AVAILABILITY,domains.list,2021-09-21 08:38:26.196664
www.appsad-phone-mobile-techie.win,AVAILABILITY,domains.list,2021-09-21 08:38:26.927430
www.appsadphonetopapp.win,AVAILABILITY,domains.list,2021-09-21 08:38:27.778558
www.apps.admitad.com,AVAILABILITY,domains.list,2021-09-21 08:38:28.558746
www.apptrk.io,AVAILABILITY,domains.list,2021-09-21 08:38:29.455794
www.apyoth.com,AVAILABILITY,domains.list,2021-09-21 08:38:30.529289
www.ar1nvz5.com,AVAILABILITY,domains.list,2021-09-21 08:38:31.470861
www.aralego.com,AVAILABILITY,domains.list,2021-09-21 08:38:32.480608
www.arbor.io,AVAILABILITY,domains.list,2021-09-21 08:38:33.653398
www.arequiry.info,AVAILABILITY,domains.list,2021-09-21 08:38:34.535862
www.arescadon.com,AVAILABILITY,domains.list,2021-09-21 08:38:35.408230
www.argyresthia.com,AVAILABILITY,domains.list,2021-09-21 08:38:36.367565
www.arrassley.info,AVAILABILITY,domains.list,2021-09-21 08:38:37.378783
www.assets.adbrain.com,AVAILABILITY,domains.list,2021-09-21 08:38:38.292640
www.aswpsdkus.com,AVAILABILITY,domains.list,2021-09-21 08:38:39.660620
www.ati-host.net,AVAILABILITY,domains.list,2021-09-21 08:38:40.788484
www.attractiveafternoon.com,AVAILABILITY,domains.list,2021-09-21 08:38:41.819796
www.atwola.com,AVAILABILITY,domains.list,2021-09-21 08:38:42.814889
www.auctional.info,AVAILABILITY,domains.list,2021-09-21 08:38:43.613576
www.auxml.com,AVAILABILITY,domains.list,2021-09-21 08:38:44.855163
www.avir28.com,AVAILABILITY,domains.list,2021-09-21 08:38:45.646904
www.aws-tam.unbounce.com,AVAILABILITY,domains.list,2021-09-21 08:38:46.605711
www.awzbijw.com,AVAILABILITY,domains.list,2021-09-21 08:38:47.668578
www.axiomaticalley.com,AVAILABILITY,domains.list,2021-09-21 08:38:48.825119
www.backstage.taboola.com,AVAILABILITY,domains.list,2021-09-21 08:38:49.556709
www.b.scorecardresearch.com,AVAILABILITY,domains.list,2021-09-21 08:38:50.495267
www.balloontexture.com,AVAILABILITY,domains.list,2021-09-21 08:38:51.424569
www.banners.mediaparade.net,AVAILABILITY,domains.list,2021-09-21 08:38:52.301782
www.baskettexture.com,AVAILABILITY,domains.list,2021-09-21 08:38:53.339712
www.batds.net,AVAILABILITY,domains.list,2021-09-21 08:38:55.658693
www.bawdybeast.com,AVAILABILITY,domains.list,2021-09-21 08:38:56.867758
www.bbkxmpgjwo.bid,AVAILABILITY,domains.list,2021-09-21 08:38:57.775429
www.beamincrease.com,AVAILABILITY,domains.list,2021-09-21 08:38:58.813833
www.bcxdjxlassr.bid,AVAILABILITY,domains.list,2021-09-21 08:38:59.591379
www.beamkite.com,AVAILABILITY,domains.list,2021-09-21 08:39:00.552665
www.best10traveltips.com,AVAILABILITY,domains.list,2021-09-21 08:39:01.325807
www.bestadbid.com,AVAILABILITY,domains.list,2021-09-21 08:39:02.256467
www.bestperforming.site,AVAILABILITY,domains.list,2021-09-21 08:39:03.359703
www.bestshopec97.info,AVAILABILITY,domains.list,2021-09-21 08:39:04.289103
www.beta.addesk.advertising.com,AVAILABILITY,domains.list,2021-09-21 08:39:05.070950
www.apptrknow.com,AVAILABILITY,domains.list,2021-09-21 08:39:19.011145
www.bhcumsc.com,AVAILABILITY,domains.list,2021-09-21 08:39:20.129003
www.bid.solocpm.com,AVAILABILITY,domains.list,2021-09-21 08:39:21.080589
www.bi.demandbase.com,AVAILABILITY,domains.list,2021-09-21 08:39:22.135514
www.bid.smaato.com,AVAILABILITY,domains.list,2021-09-21 08:39:23.057954
www.billboard.amobee.com,AVAILABILITY,domains.list,2021-09-21 08:39:24.257441
www.bnc.lt,AVAILABILITY,domains.list,2021-09-21 08:39:25.248891
www.bodyscan-camera.com,AVAILABILITY,domains.list,2021-09-21 08:39:26.094906
www.bofa.inq.com,AVAILABILITY,domains.list,2021-09-21 08:39:27.294478
www.bodelen.com,AVAILABILITY,domains.list,2021-09-21 08:39:28.232958
www.boilingbeetle.com,AVAILABILITY,domains.list,2021-09-21 08:39:29.421384
www.book.catalina.com,AVAILABILITY,domains.list,2021-09-21 08:39:30.771783
www.boredcrown.com,AVAILABILITY,domains.list,2021-09-21 08:39:31.963032
www.br.tubemogul.com,AVAILABILITY,domains.list,2021-09-21 08:39:32.818897
www.brassrule.com,AVAILABILITY,domains.list,2021-09-21 08:39:33.762461
www.bridsun.com,AVAILABILITY,domains.list,2021-09-21 08:39:34.555733
www.broadboundary.com,AVAILABILITY,domains.list,2021-09-21 08:39:35.730629
www.broadcastbed.com,AVAILABILITY,domains.list,2021-09-21 08:39:36.810073
www.broaddoor.com,AVAILABILITY,domains.list,2021-09-21 08:39:37.835850
www.btez8.xyz,AVAILABILITY,domains.list,2021-09-21 08:39:39.091300
www.bsw.digitru.st,AVAILABILITY,domains.list,2021-09-21 08:39:40.513235
www.btrll.com,AVAILABILITY,domains.list,2021-09-21 08:39:41.543023
www.businessbells.com,AVAILABILITY,domains.list,2021-09-21 08:39:42.492740
www.buysellads.net,AVAILABILITY,domains.list,2021-09-21 08:39:43.391857
www.bw.bidder.inmobi.com,AVAILABILITY,domains.list,2021-09-21 08:39:44.595558
www.c1f9b35b00f.com,AVAILABILITY,domains.list,2021-09-21 08:39:45.466953
www.c2.popads.net,AVAILABILITY,domains.list,2021-09-21 08:39:46.371442
www.c-4fambt.com,AVAILABILITY,domains.list,2021-09-21 08:39:47.341395
www.campaign.act-on.com,AVAILABILITY,domains.list,2021-09-21 08:39:48.501703
www.candarmer.info,AVAILABILITY,domains.list,2021-09-21 08:39:49.431001
www.ccde.events.marketo.com,AVAILABILITY,domains.list,2021-09-21 08:39:51.016607
www.cdn.adsnative.com,AVAILABILITY,domains.list,2021-09-21 08:39:51.791833
www.cdn02.adriver.ru,AVAILABILITY,domains.list,2021-09-21 08:39:54.952164
www.cdn.avocet.io,AVAILABILITY,domains.list,2021-09-21 08:39:55.922970
www.cas.clickability.com,AVAILABILITY,domains.list,2021-09-21 08:39:57.793081
www.cdn.pubnative.net,AVAILABILITY,domains.list,2021-09-21 08:39:58.835951
www.cdn.teads.tv,AVAILABILITY,domains.list,2021-09-21 08:39:59.838982
www.cdnpoc.clicktale.net,AVAILABILITY,domains.list,2021-09-21 08:40:00.665419
www.cdnstatic.optimonk.com,AVAILABILITY,domains.list,2021-09-21 08:40:02.491060
www.chairscrack.com,AVAILABILITY,domains.list,2021-09-21 08:40:03.773324
www.cdn.stickyadstv.com,AVAILABILITY,domains.list,2021-09-21 08:40:04.613550
www.cherrythread.com,AVAILABILITY,domains.list,2021-09-21 08:40:05.490385
www.chiefcurrent.com,AVAILABILITY,domains.list,2021-09-21 08:40:06.472539
www.chickensstation.com,AVAILABILITY,domains.list,2021-09-21 08:40:07.624091
www.chinchickens.com,AVAILABILITY,domains.list,2021-09-21 08:40:08.480196
www.chat.zedo.com,AVAILABILITY,domains.list,2021-09-21 08:40:09.972485
www.chinsnakes.com,AVAILABILITY,domains.list,2021-09-21 08:40:10.931340
www.ciksolre.net,AVAILABILITY,domains.list,2021-09-21 08:40:11.907248
www.cldtrax.com,AVAILABILITY,domains.list,2021-09-21 08:40:12.774168
www.cimetrix.inmobi.com,AVAILABILITY,domains.list,2021-09-21 08:40:13.788908
www.clarity.inmobi.com,AVAILABILITY,domains.list,2021-09-21 08:40:15.000419
www.clearcomb.com,AVAILABILITY,domains.list,2021-09-21 08:40:15.887917
www.click-cpa.net,AVAILABILITY,domains.list,2021-09-21 08:40:16.686706
www.clickopon.com,AVAILABILITY,domains.list,2021-09-21 08:40:17.524883
www.clicksaction.pw,AVAILABILITY,domains.list,2021-09-21 08:40:18.667300
www.client.dotomi.com,AVAILABILITY,domains.list,2021-09-21 08:40:20.097846
www.clks003-glaze.online,AVAILABILITY,domains.list,2021-09-21 08:40:21.004479
www.cmdelibery.pw,AVAILABILITY,domains.list,2021-09-21 08:40:22.088606
www.cmi.ironbeast.io,AVAILABILITY,domains.list,2021-09-21 08:40:23.095486
www.cn.tubemogul.com,AVAILABILITY,domains.list,2021-09-21 08:40:23.993672
www.commandwalk.com,AVAILABILITY,domains.list,2021-09-21 08:40:24.907714
www.comfortablecheese.com,AVAILABILITY,domains.list,2021-09-21 08:40:26.057048
www.commoncannon.com,AVAILABILITY,domains.list,2021-09-21 08:40:26.907207
www.compatexchange.cloudapp.net,AVAILABILITY,domains.list,2021-09-21 08:40:28.318148
www.concernrain.com,AVAILABILITY,domains.list,2021-09-21 08:40:29.155580
www.config.inmobi.com,AVAILABILITY,domains.list,2021-09-21 08:40:30.266089
www.config-ltvp.inmobi.com,AVAILABILITY,domains.list,2021-09-21 08:40:31.295824
www.consciouscabbage.com,AVAILABILITY,domains.list,2021-09-21 08:40:32.179392
www.consciouschairs.com,AVAILABILITY,domains.list,2021-09-21 08:40:33.186116
www.constintptr.com,AVAILABILITY,domains.list,2021-09-21 08:40:34.333156
www.content.adroll.com,AVAILABILITY,domains.list,2021-09-21 08:40:35.178032
www.contehos.com,AVAILABILITY,domains.list,2021-09-21 08:40:36.262550
www.content.taboola.com,AVAILABILITY,domains.list,2021-09-21 08:40:37.062143
www.content-js.tapjoy.com,AVAILABILITY,domains.list,2021-09-21 08:40:38.138663
www.contentrequest.act-on.com,AVAILABILITY,domains.list,2021-09-21 08:40:38.942765
www.contest.unbounce.com,AVAILABILITY,domains.list,2021-09-21 08:40:39.894068
www.copycarpenter.com,AVAILABILITY,domains.list,2021-09-21 08:40:41.007131
www.copyrightaccesscontrols.com,AVAILABILITY,domains.list,2021-09-21 08:40:41.985049
www.cornwallsdraft.club,AVAILABILITY,domains.list,2021-09-21 08:40:43.120246
www.copperchickens.com,AVAILABILITY,domains.list,2021-09-21 08:40:44.332796
www.crawlclocks.com,AVAILABILITY,domains.list,2021-09-21 08:40:45.421150
www.creatives.avocet.io,AVAILABILITY,domains.list,2021-09-21 08:40:46.512301
www.creatives.smaato.com,AVAILABILITY,domains.list,2021-09-21 08:40:47.674554
www.critictruck.com,AVAILABILITY,domains.list,2021-09-21 08:40:48.693633
www.cqfnvznw.info,AVAILABILITY,domains.list,2021-09-21 08:40:49.606461
www.crownclam.com,AVAILABILITY,domains.list,2021-09-21 08:40:50.568587
www.crowd.rubiconproject.com,AVAILABILITY,domains.list,2021-09-21 08:40:51.569811
www.ctnsnet.com,AVAILABILITY,domains.list,2021-09-21 08:40:52.412760
www.curtaincows.com,AVAILABILITY,domains.list,2021-09-21 08:40:53.704581
www.cutecushion.com,AVAILABILITY,domains.list,2021-09-21 08:40:54.725810
www.cycling.unbounce.com,AVAILABILITY,domains.list,2021-09-21 08:40:55.749890
www.cyrrbejq.bid,AVAILABILITY,domains.list,2021-09-21 08:40:56.588890
www.czfavkwdmmpp.bid,AVAILABILITY,domains.list,2021-09-21 08:40:57.435907
www.d1a6a9r46cnyll.cloudfront.net,AVAILABILITY,domains.list,2021-09-21 08:40:58.467710
www.d1cqwfp1e6p386.cloudfront.net,AVAILABILITY,domains.list,2021-09-21 08:40:59.645121
www.d1e0ih91r2lgbn.cloudfront.net,AVAILABILITY,domains.list,2021-09-21 08:41:00.827058
www.d1hm0uxglt4t41.cloudfront.net,AVAILABILITY,domains.list,2021-09-21 08:41:01.986961
www.d1fc8wv8zag5ca.cloudfront.net,AVAILABILITY,domains.list,2021-09-21 08:41:02.900340
www.d1jikhx1ssl81z.cloudfront.net,AVAILABILITY,domains.list,2021-09-21 08:41:04.166827
www.d1l6p2sc9645hc.cloudfront.net,AVAILABILITY,domains.list,2021-09-21 08:41:05.319558
www.d1lxhc4jvstzrp.cloudfront.net,AVAILABILITY,domains.list,2021-09-21 08:41:06.210533
www.d1miuq6afqay8u.cloudfront.net,AVAILABILITY,domains.list,2021-09-21 08:41:07.278447
www.d1n7ypf85zfej7.cloudfront.net,AVAILABILITY,domains.list,2021-09-21 08:41:08.433902
www.d1piupybsgr6dr.cloudfront.net,AVAILABILITY,domains.list,2021-09-21 08:41:09.645894
www.d1v9u0bgi1uimx.cloudfront.net,AVAILABILITY,domains.list,2021-09-21 08:41:10.798890
www.d1vl8wytztdz.cloudfront.net,AVAILABILITY,domains.list,2021-09-21 08:41:11.847439
www.d1uvhm532ipx9t.cloudfront.net,AVAILABILITY,domains.list,2021-09-21 08:41:13.130044
www.d1xfq2052q7thw.cloudfront.net,AVAILABILITY,domains.list,2021-09-21 08:41:14.111464
www.d1zatounuylvwg.cloudfront.net,AVAILABILITY,domains.list,2021-09-21 08:41:15.181762
www.d1z2jf7jlzjs58.cloudfront.net,AVAILABILITY,domains.list,2021-09-21 08:41:16.254547
www.d1zkodo2u3p4pe.cloudfront.net,AVAILABILITY,domains.list,2021-09-21 08:41:17.404300
www.d2cgumzzqhgmdu.cloudfront.net,AVAILABILITY,domains.list,2021-09-21 08:41:18.664126
www.d2nq0f8d9ofdwv.cloudfront.net,AVAILABILITY,domains.list,2021-09-21 08:41:19.748790
www.d2n2xdxvkri1jk.cloudfront.net,AVAILABILITY,domains.list,2021-09-21 08:41:20.798170
www.d2o9ozfswytaqz.cloudfront.net,AVAILABILITY,domains.list,2021-09-21 08:41:21.901203
www.d2nz8k4xyoudsx.cloudfront.net,AVAILABILITY,domains.list,2021-09-21 08:41:22.931882
www.d2ox6x0y9xhicd.cloudfront.net,AVAILABILITY,domains.list,2021-09-21 08:41:23.994597
www.d2oh4tlt9mrke9.cloudfront.net,AVAILABILITY,domains.list,2021-09-21 08:41:24.987127
www.d2r1yp2w7bby2u.cloudfront.net,AVAILABILITY,domains.list,2021-09-21 08:41:26.010308
www.d2qmdcga8xwxzj.cloudfront.net,AVAILABILITY,domains.list,2021-09-21 08:41:27.267542
www.d2p8taqyjofgrq.cloudfront.net,AVAILABILITY,domains.list,2021-09-21 08:41:28.516043
www.d2vig74li2resi.cloudfront.net,AVAILABILITY,domains.list,2021-09-21 08:41:29.724951
www.d2swpuhpwp3khd.cloudfront.net,AVAILABILITY,domains.list,2021-09-21 08:41:30.988941
www.d2tgfbvjf3q6hn.cloudfront.net,AVAILABILITY,domains.list,2021-09-21 08:41:32.078370
www.d2xxq4ijfwetlm.cloudfront.net,AVAILABILITY,domains.list,2021-09-21 08:44:18.464497
www.d2zah9y47r7bi2.cloudfront.net,AVAILABILITY,domains.list,2021-09-21 08:44:19.491516
www.d2zcpk7yfyf2dq.cloudfront.net,AVAILABILITY,domains.list,2021-09-21 08:44:20.547892
www.d3c3cq33003psk.cloudfront.net,AVAILABILITY,domains.list,2021-09-21 08:44:21.529378
www.d3cxv97fi8q177.cloudfront.net,AVAILABILITY,domains.list,2021-09-21 08:44:22.574907
www.d3cesrg5igdcgt.cloudfront.net,AVAILABILITY,domains.list,2021-09-21 08:44:23.537460
www.d3dchvk1ruk2gi.cloudfront.net,AVAILABILITY,domains.list,2021-09-21 08:44:24.615546
www.d3dkhq0wwdwodv.cloudfront.net,AVAILABILITY,domains.list,2021-09-21 08:44:25.634136
www.d3dcugpvnepf41.cloudfront.net,AVAILABILITY,domains.list,2021-09-21 08:44:26.650023
www.d3f5pyioow99x0.cloudfront.net,AVAILABILITY,domains.list,2021-09-21 08:44:27.738236
www.d3hprka3kr08q2.cloudfront.net,AVAILABILITY,domains.list,2021-09-21 08:44:28.757287
www.d3r6awv9ysiyn4.cloudfront.net,AVAILABILITY,domains.list,2021-09-21 08:44:29.736889
www.d3qxwzhswv93jk.cloudfront.net,AVAILABILITY,domains.list,2021-09-21 08:44:30.886792
www.d3ujids68p6xmq.cloudfront.net,AVAILABILITY,domains.list,2021-09-21 08:44:31.902171
www.d5nxst8fruw4z.cloudfront.net,AVAILABILITY,domains.list,2021-09-21 08:44:32.931418
www.d13dhn7ldhrcf6.cloudfront.net,AVAILABILITY,domains.list,2021-09-21 08:44:33.923444
www.d8rk54i4mohrb.cloudfront.net,AVAILABILITY,domains.list,2021-09-21 08:44:34.843056
www.d14qd3he45186l.cloudfront.net,AVAILABILITY,domains.list,2021-09-21 08:44:35.892463
www.d26b395fwzu5fz.cloudfront.net,AVAILABILITY,domains.list,2021-09-21 08:44:36.870438
www.d28nwox1gdjlve.cloudfront.net,AVAILABILITY,domains.list,2021-09-21 08:44:37.888073
www.d24n15hnbwhuhn.cloudfront.net,AVAILABILITY,domains.list,2021-09-21 08:44:39.046888
www.d31vxm9ubutrmw.cloudfront.net,AVAILABILITY,domains.list,2021-09-21 08:44:40.059431
www.d31qbv1cthcecs.cloudfront.net,AVAILABILITY,domains.list,2021-09-21 08:44:41.010726
www.d37gvrvc0wt4s1.cloudfront.net,AVAILABILITY,domains.list,2021-09-21 08:44:42.055563
www.d35u1vg1q28b3w.cloudfront.net,AVAILABILITY,domains.list,2021-09-21 08:44:43.070009
www.d38hmgjgf0kofx.cloudfront.net,AVAILABILITY,domains.list,2021-09-21 08:44:44.111369
www.d169bbxks24g2u.cloudfront.net,AVAILABILITY,domains.list,2021-09-21 08:44:45.139277
www.d2405b0jymm2dk.cloudfront.net,AVAILABILITY,domains.list,2021-09-21 08:44:46.164775
www.daddyjump.xyz,AVAILABILITY,domains.list,2021-09-21 08:44:47.265734
www.dapxl.com,AVAILABILITY,domains.list,2021-09-21 08:44:48.235988
www.data.crittercism.com,AVAILABILITY,domains.list,2021-09-21 08:44:49.333567
www.dating.mgid.com,AVAILABILITY,domains.list,2021-09-21 08:44:50.361644
www.dclmmbjyshy.com,AVAILABILITY,domains.list,2021-09-21 08:44:51.376070
www.de.adcolony.com,AVAILABILITY,domains.list,2021-09-21 08:44:52.465636
www.dc8xl0ndzn2cb.cloudfront.net,AVAILABILITY,domains.list,2021-09-21 08:44:53.476845
www.decisiveducks.com,AVAILABILITY,domains.list,2021-09-21 08:44:54.607651
www.de.unbounce.com,AVAILABILITY,domains.list,2021-09-21 08:44:55.593813
www.decisivedrawer.com,AVAILABILITY,domains.list,2021-09-21 08:44:56.660206
www.defpush.com,AVAILABILITY,domains.list,2021-09-21 08:44:57.639052
www.delegatediscussion.com,AVAILABILITY,domains.list,2021-09-21 08:44:58.801152
www.delivery.api.getadmiral.com,AVAILABILITY,domains.list,2021-09-21 08:44:59.829004
www.deloplen.com,AVAILABILITY,domains.list,2021-09-21 08:45:00.918126
www.demandbase.demandbase.com,AVAILABILITY,domains.list,2021-09-21 08:45:01.879859
www.departapp.com,AVAILABILITY,domains.list,2021-09-21 08:45:02.929657
www.desv383oqqc0.cloudfront.net,AVAILABILITY,domains.list,2021-09-21 08:45:03.844700
www.detectdiscovery.com,AVAILABILITY,domains.list,2021-09-21 08:45:04.890147
www.differentdesk.com,AVAILABILITY,domains.list,2021-09-21 08:45:05.940856
www.digiadzone.com,AVAILABILITY,domains.list,2021-09-21 08:45:07.208388
www.deepc.cc,AVAILABILITY,domains.list,2021-09-21 08:45:19.341524
www.digivinta137.club,AVAILABILITY,domains.list,2021-09-21 08:45:20.262979
www.districtm.io,AVAILABILITY,domains.list,2021-09-21 08:45:21.241880
www.dj1d6o6ftflzi.cloudfront.net,AVAILABILITY,domains.list,2021-09-21 08:45:22.285317
www.djjohal.video,AVAILABILITY,domains.list,2021-09-21 08:45:23.270265
www.dk4ywix.com,AVAILABILITY,domains.list,2021-09-21 08:45:24.228500
www.dk9ps7goqoeef.cloudfront.net,AVAILABILITY,domains.list,2021-09-21 08:45:25.289112
www.dl.inmobi.com,AVAILABILITY,domains.list,2021-09-21 08:45:26.386348
www.dl1d2m8ri9v3j.cloudfront.net,AVAILABILITY,domains.list,2021-09-21 08:45:27.449912
www.dmk.unbounce.com,AVAILABILITY,domains.list,2021-09-21 08:45:28.531192
www.doebase1089.club,AVAILABILITY,domains.list,2021-09-21 08:45:29.469951
www.dolohen.com,AVAILABILITY,domains.list,2021-09-21 08:45:30.511378
www.domdex.com,AVAILABILITY,domains.list,2021-09-21 08:45:31.578016
www.doubleclick1.xyz,AVAILABILITY,domains.list,2021-09-21 08:45:32.567167
www.doubleclick2.xyz,AVAILABILITY,domains.list,2021-09-21 08:45:33.660481
www.doubleclick5.xyz,AVAILABILITY,domains.list,2021-09-21 08:45:34.729702
www.doubleclick6.xyz,AVAILABILITY,domains.list,2021-09-21 08:45:35.712574
www.download-cool-j-apps.com,AVAILABILITY,domains.list,2021-09-21 08:45:36.732074
www.doubtfulrainstorm.com,AVAILABILITY,domains.list,2021-09-21 08:45:37.777974
www.download-cool-y-apps.com,AVAILABILITY,domains.list,2021-09-21 08:45:38.786005
www.dq95d35.com,AVAILABILITY,domains.list,2021-09-21 08:45:39.866111
www.dpndczlul8yjf.cloudfront.net,AVAILABILITY,domains.list,2021-09-21 08:45:40.879457
www.dqusbshqrtv.bid,AVAILABILITY,domains.list,2021-09-21 08:45:42.198195
www.dsp.xapads.com,AVAILABILITY,domains.list,2021-09-21 08:45:43.246706
www.dragzebra.com,AVAILABILITY,domains.list,2021-09-21 08:45:44.302345
www.dumedia.ru,AVAILABILITY,domains.list,2021-09-21 08:45:45.871971
www.dsy5wmnntou9c.cloudfront.net,AVAILABILITY,domains.list,2021-09-21 08:45:46.877850
www.dubvpn.marketo.com,AVAILABILITY,domains.list,2021-09-21 08:45:47.943573
www.dv-nagios.clickability.com,AVAILABILITY,domains.list,2021-09-21 08:45:48.943971
www.dyntrk.com,AVAILABILITY,domains.list,2021-09-21 08:45:49.865161
www.dz2fz0bgyq9tn.cloudfront.net,AVAILABILITY,domains.list,2021-09-21 08:45:50.876241
www.dynamoads.com,AVAILABILITY,domains.list,2021-09-21 08:45:52.016434
www.dzcx04lyk9hjp.cloudfront.net,AVAILABILITY,domains.list,2021-09-21 08:45:53.088489
www.easylist.club,AVAILABILITY,domains.list,2021-09-21 08:45:54.103552
www.eb.3lift.com,AVAILABILITY,domains.list,2021-09-21 08:45:55.116895
www.ebook.unbounce.com,AVAILABILITY,domains.list,2021-09-21 08:45:56.144391
www.egopastor.biz,AVAILABILITY,domains.list,2021-09-21 08:45:57.073919
www.eic.qgraph.io,AVAILABILITY,domains.list,2021-09-21 08:45:58.077091
www.ejyoklygase.tk,AVAILABILITY,domains.list,2021-09-21 08:46:01.484850
www.elanatality.info,AVAILABILITY,domains.list,2021-09-21 08:46:02.870990
www.ejyymghi.com,AVAILABILITY,domains.list,2021-09-21 08:46:03.856818
www.elasticchange.com,AVAILABILITY,domains.list,2021-09-21 08:46:05.009689
www.elephantqueue.com,AVAILABILITY,domains.list,2021-09-21 08:46:06.064470
www.emxdgt.com,AVAILABILITY,domains.list,2021-09-21 08:46:07.074066
www.eng.leanplum.com,AVAILABILITY,domains.list,2021-09-21 08:46:08.277389
www.elk.stickyadstv.com,AVAILABILITY,domains.list,2021-09-21 08:46:09.270064
www.engine.4dsply.com,AVAILABILITY,domains.list,2021-09-21 08:46:10.228429
www.engine.spotscenered.info,AVAILABILITY,domains.list,2021-09-21 08:46:11.163863
www.en-studiotraining.inmobi.com,AVAILABILITY,domains.list,2021-09-21 08:46:12.182097
www.eplocjhuxsoj.com,AVAILABILITY,domains.list,2021-09-21 08:46:13.189700
www.eoredi.com,AVAILABILITY,domains.list,2021-09-21 08:46:14.315946
www.ep.ifc.inmobi.com,AVAILABILITY,domains.list,2021-09-21 08:46:15.341856
www.erdecisesgeorg.info,AVAILABILITY,domains.list,2021-09-21 08:46:16.482533
www.es.unbounce.com,AVAILABILITY,domains.list,2021-09-21 08:46:17.541320
www.es.tubemogul.com,AVAILABILITY,domains.list,2021-09-21 08:46:18.539938
www.es-419.tubemogul.com,AVAILABILITY,domains.list,2021-09-21 08:46:19.654646
www.es-la.tubemogul.com,AVAILABILITY,domains.list,2021-09-21 08:46:20.714748
www.eventspace.unbounce.com,AVAILABILITY,domains.list,2021-09-21 08:46:21.765202
www.events.marketo.com,AVAILABILITY,domains.list,2021-09-21 08:46:22.872574
www.especifice.info,AVAILABILITY,domains.list,2021-09-21 08:46:23.938643
www.examples.unbounce.com,AVAILABILITY,domains.list,2021-09-21 08:46:24.954859
www.exclusivebrass.com,AVAILABILITY,domains.list,2021-09-21 08:46:26.003905
www.exdynsrv.com,AVAILABILITY,domains.list,2021-09-21 08:46:27.417904
www.exercially.mobi,AVAILABILITY,domains.list,2021-09-21 08:46:28.523117
www.express.mgid.com,AVAILABILITY,domains.list,2021-09-21 08:46:29.432023
www.extranet.dotomi.com,AVAILABILITY,domains.list,2021-09-21 08:46:30.562163
www.eyeviewads.com,AVAILABILITY,domains.list,2021-09-21 08:46:31.577974
www.familiarfloor.com,AVAILABILITY,domains.list,2021-09-21 08:46:32.603299
www.expresscashback.in,AVAILABILITY,domains.list,2021-09-21 08:46:33.595347
www.fanaticalfly.com,AVAILABILITY,domains.list,2021-09-21 08:46:34.615423
www.fathern.info,AVAILABILITY,domains.list,2021-09-21 08:46:35.948231
www.fastprizes.racing,AVAILABILITY,domains.list,2021-09-21 08:46:37.302809
www.faultycanvas.com,AVAILABILITY,domains.list,2021-09-21 08:46:38.367657
www.fdc.tapjoy.com,AVAILABILITY,domains.list,2021-09-21 08:46:39.390081
www.faultyfowl.com,AVAILABILITY,domains.list,2021-09-21 08:46:40.494201
www.fedsit.com,AVAILABILITY,domains.list,2021-09-21 08:46:41.492370
www.fem.mgid.com,AVAILABILITY,domains.list,2021-09-21 08:46:42.523655
www.femnp.mgid.com,AVAILABILITY,domains.list,2021-09-21 08:46:43.498345
www.feebleshock.com,AVAILABILITY,domains.list,2021-09-21 08:46:44.556857
www.fftf-host-counter.herokuapp.com,AVAILABILITY,domains.list,2021-09-21 08:46:45.507540
www.fhits.xy,AVAILABILITY,domains.list,2021-09-21 08:46:46.411491
www.finance.appnexus.com,AVAILABILITY,domains.list,2021-09-21 08:46:47.535536
www.fhpro.in,AVAILABILITY,domains.list,2021-09-21 08:46:50.140272
www.fbcdnxy.net,AVAILABILITY,domains.list,2021-09-21 08:46:51.193699
www.flakyfeast.com,AVAILABILITY,domains.list,2021-09-21 08:46:52.193800
www.flavordecision.com,AVAILABILITY,domains.list,2021-09-21 08:46:53.265198
www.flipkart-gst-big-sale.in,AVAILABILITY,domains.list,2021-09-21 08:46:54.237980
www.floodprincipal.com,AVAILABILITY,domains.list,2021-09-21 08:46:55.290699
www.foamybox.com,AVAILABILITY,domains.list,2021-09-21 08:46:56.278954
www.formulawire.com,AVAILABILITY,domains.list,2021-09-21 08:46:57.325745
www.frailoffer.com,AVAILABILITY,domains.list,2021-09-21 08:46:58.380362
www.forecount.info,AVAILABILITY,domains.list,2021-09-21 08:46:59.507284
www.fr.tubemogul.com,AVAILABILITY,domains.list,2021-09-21 08:47:00.509394
www.freetips.review,AVAILABILITY,domains.list,2021-09-21 08:47:01.977041
www.ft1-de.adhigh.net,AVAILABILITY,domains.list,2021-09-21 08:47:03.625569
www.front.optimonk.com,AVAILABILITY,domains.list,2021-09-21 08:47:06.461178
www.ft2-de.adhigh.net,AVAILABILITY,domains.list,2021-09-21 08:47:09.108047
www.ft3-de.adhigh.net,AVAILABILITY,domains.list,2021-09-21 08:47:11.577756
www.fuzzyflavor.com,AVAILABILITY,domains.list,2021-09-21 08:47:12.697884
www.futuristicfairies.com,AVAILABILITY,domains.list,2021-09-21 08:47:13.777963
www.fwfgbhjhnlkv.com,AVAILABILITY,domains.list,2021-09-21 08:47:14.775680
www.fwcs01.casalemedia.com,AVAILABILITY,domains.list,2021-09-21 08:47:15.722235
www.fwpixel.com,AVAILABILITY,domains.list,2021-09-21 08:47:16.826083
www.g.scorecardresearch.com,AVAILABILITY,domains.list,2021-09-21 08:47:17.827547
www.galkantress.win,AVAILABILITY,domains.list,2021-09-21 08:47:19.245658
www.games.mgid.com,AVAILABILITY,domains.list,2021-09-21 08:47:20.238097
www.gdbhmiyly.com,AVAILABILITY,domains.list,2021-09-21 08:47:21.297938
www.gebadu.com,AVAILABILITY,domains.list,2021-09-21 08:47:22.363389
www.gb2-files.adriver.ru,AVAILABILITY,domains.list,2021-09-21 08:47:24.707804
www.get.appsflyer.com,AVAILABILITY,domains.list,2021-09-21 08:47:25.627509
www.get.addthis.com,AVAILABILITY,domains.list,2021-09-21 08:47:26.576443
www.gateway.ifc.inmobi.com,AVAILABILITY,domains.list,2021-09-21 08:47:27.719507
www.get.leanplum.com,AVAILABILITY,domains.list,2021-09-21 08:47:28.802972
www.get.apptimize.com,AVAILABILITY,domains.list,2021-09-21 08:47:29.816476
www.get.unbounce.com,AVAILABILITY,domains.list,2021-09-21 08:47:30.853833
www.get.smartlook.com,AVAILABILITY,domains.list,2021-09-21 08:47:31.953231
www.get.brightinfo.com,AVAILABILITY,domains.list,2021-09-21 08:47:33.283530
www.getresponse.admitad.com,AVAILABILITY,domains.list,2021-09-21 08:47:34.276813
www.getshopea7.info,AVAILABILITY,domains.list,2021-09-21 08:47:35.319985
www.getshops.sokrati.com,AVAILABILITY,domains.list,2021-09-21 08:47:36.389376
www.glbl.adlegend.com,AVAILABILITY,domains.list,2021-09-21 08:47:37.436166
www.giddycoat.com,AVAILABILITY,domains.list,2021-09-21 08:47:38.472609
www.go.kissmetrics.com,AVAILABILITY,domains.list,2021-09-21 08:47:39.501152
www.go.pub2srv.com,AVAILABILITY,domains.list,2021-09-21 08:47:40.589061
www.go.apptimize.com,AVAILABILITY,domains.list,2021-09-21 08:47:41.637592
www.go.taboola.com,AVAILABILITY,domains.list,2021-09-21 08:47:42.613318
www.go.unbounce.com,AVAILABILITY,domains.list,2021-09-21 08:47:43.656794
www.go.vemba.com,AVAILABILITY,domains.list,2021-09-21 08:47:44.694526
www.go-mpulse.net,AVAILABILITY,domains.list,2021-09-21 08:47:45.904406
www.gonomy.info,AVAILABILITY,domains.list,2021-09-21 08:47:46.878136
www.googleads.g.doubleclick.net,AVAILABILITY,domains.list,2021-09-21 08:47:47.793785
www.go.treasuredata.com,AVAILABILITY,domains.list,2021-09-21 08:47:48.843210
www.google-analytics.com.domain.name,AVAILABILITY,domains.list,2021-09-21 08:47:50.991644
www.googlesyndication.com,AVAILABILITY,domains.list,2021-09-21 08:47:51.981301
www.gopamdzgpdrwe.bid,AVAILABILITY,domains.list,2021-09-21 08:47:52.934257
www.gorgeousground.com,AVAILABILITY,domains.list,2021-09-21 08:47:54.076548
www.gotpd.me,AVAILABILITY,domains.list,2021-09-21 08:47:55.166158
www.gowadogo.com,AVAILABILITY,domains.list,2021-09-21 08:47:56.206249
www.gpmdeals4u.com,AVAILABILITY,domains.list,2021-09-21 08:47:57.233081
www.grandonmedia.com,AVAILABILITY,domains.list,2021-09-21 08:47:58.278233
www.graizoah.com,AVAILABILITY,domains.list,2021-09-21 08:47:59.284775
www.greetzebra.com,AVAILABILITY,domains.list,2021-09-21 08:48:00.326289
www.greyinstrument.com,AVAILABILITY,domains.list,2021-09-21 08:48:01.444001
www.guardedgovernor.com,AVAILABILITY,domains.list,2021-09-21 08:48:02.469028
www.guitarbelieve.com,AVAILABILITY,domains.list,2021-09-21 08:48:03.407830
www.gusi11.com,AVAILABILITY,domains.list,2021-09-21 08:48:04.377761
www.gui.secure.mobile.contentabc.com,AVAILABILITY,domains.list,2021-09-21 08:48:05.663008
www.gxwjkbxubfjd.com,AVAILABILITY,domains.list,2021-09-21 08:48:06.711078
www.gxqrjjcsyh.com,AVAILABILITY,domains.list,2021-09-21 08:48:07.704985
www.h6y654wgfdhd.com,AVAILABILITY,domains.list,2021-09-21 08:48:08.765856
www.hammerhearing.com,AVAILABILITY,domains.list,2021-09-21 08:48:09.727622
www.h78xb.pw,AVAILABILITY,domains.list,2021-09-21 08:48:10.950455
www.hardtofindmilk.com,AVAILABILITY,domains.list,2021-09-21 08:48:12.032618
www.hb.brainlyads.com,AVAILABILITY,domains.list,2021-09-21 08:48:13.041369
www.hbzzkwsuaooc.com,AVAILABILITY,domains.list,2021-09-21 08:48:14.155779
www.hdlmaketch.review,AVAILABILITY,domains.list,2021-09-21 08:48:15.437069
www.healthtrk1.com,AVAILABILITY,domains.list,2021-09-21 08:48:16.464076
www.headlinecamp.com,AVAILABILITY,domains.list,2021-09-21 08:48:18.400443
www.hexagon-analytics.com,AVAILABILITY,domains.list,2021-09-21 08:48:19.475911
www.helix.inmobi.com,AVAILABILITY,domains.list,2021-09-21 08:48:20.625762
www.hg65p.com,AVAILABILITY,domains.list,2021-09-21 08:48:21.713042
www.hfc195b.com,AVAILABILITY,domains.list,2021-09-21 08:48:22.799693
www.hilariouszinc.com,AVAILABILITY,domains.list,2021-09-21 08:48:23.877721
www.hmcjupvbxxyx.com,AVAILABILITY,domains.list,2021-09-21 08:48:24.871576
www.hosting247.review,AVAILABILITY,domains.list,2021-09-21 08:48:25.892203
www.howevert.info,AVAILABILITY,domains.list,2021-09-21 08:48:26.943725
www.hsadspixel.net,AVAILABILITY,domains.list,2021-09-21 08:48:27.918455
www.hxlkmsib.bid,AVAILABILITY,domains.list,2021-09-21 08:48:28.892911
www.hyvsquazvafrmmmcfpqkabocwpjuabojycniphsmwyhizxgebu.com,AVAILABILITY,domains.list,2021-09-21 08:48:29.855935
www.iamediaserve.com,AVAILABILITY,domains.list,2021-09-21 08:48:30.902520
www.iclickcdn.com,AVAILABILITY,domains.list,2021-09-21 08:48:31.933696
www.idash.appier.net,AVAILABILITY,domains.list,2021-09-21 08:48:32.911442
www.ideahack.unbounce.com,AVAILABILITY,domains.list,2021-09-21 08:48:33.914525
www.identity.zedo.com,AVAILABILITY,domains.list,2021-09-21 08:48:35.142437
www.ifc3.inmobi.com,AVAILABILITY,domains.list,2021-09-21 08:48:36.192961
www.igexin.com,AVAILABILITY,domains.list,2021-09-21 08:48:39.367049
www.illustriousoatmeal.com,AVAILABILITY,domains.list,2021-09-21 08:48:40.412835
www.imces.inmobi.com,AVAILABILITY,domains.list,2021-09-21 08:48:41.396003
www.imgg.mgid.com,AVAILABILITY,domains.list,2021-09-21 08:48:42.341606
www.img5.adbucks.com,AVAILABILITY,domains.list,2021-09-21 08:48:43.458948
www.inadequal.com,AVAILABILITY,domains.list,2021-09-21 08:48:44.519435
www.incrediblesugar.com,AVAILABILITY,domains.list,2021-09-21 08:48:45.564880
www.impossibleexpansion.com,AVAILABILITY,domains.list,2021-09-21 08:48:46.622074
www.inmobicdn.net,AVAILABILITY,domains.list,2021-09-21 08:48:47.749283
www.innocentwax.com,AVAILABILITY,domains.list,2021-09-21 08:48:48.699372
www.inq.com,AVAILABILITY,domains.list,2021-09-21 08:48:50.182877
www.googleplaysetvices.com,AVAILABILITY,domains.list,2021-09-21 08:49:02.522926
www.inspectletws.herokuapp.com,AVAILABILITY,domains.list,2021-09-21 08:49:03.450703
www.insurplan.info,AVAILABILITY,domains.list,2021-09-21 08:49:04.554133
www.instrumentsponge.com,AVAILABILITY,domains.list,2021-09-21 08:49:05.588785
www.intranet.adtech.de,AVAILABILITY,domains.list,2021-09-21 08:49:06.724817
www.internal.revcontent.com,AVAILABILITY,domains.list,2021-09-21 08:49:07.761665
www.invisioncloudstats.com,AVAILABILITY,domains.list,2021-09-21 08:49:08.755026
www.ioredi.com,AVAILABILITY,domains.list,2021-09-21 08:49:09.798104
www.ipreparty.info,AVAILABILITY,domains.list,2021-09-21 08:49:10.766108
www.irbkobqlrbtt.com,AVAILABILITY,domains.list,2021-09-21 08:49:11.747194
www.iridize993pf.pw,AVAILABILITY,domains.list,2021-09-21 08:49:12.877200
www.ironsbidder.com,AVAILABILITY,domains.list,2021-09-21 08:49:13.968046
www.itpatratr.com,AVAILABILITY,domains.list,2021-09-21 08:49:15.004228
www.itrealstory.com,AVAILABILITY,domains.list,2021-09-21 08:49:16.511473
www.ivykiosk.com,AVAILABILITY,domains.list,2021-09-21 08:49:17.571300
www.j93557g.com,AVAILABILITY,domains.list,2021-09-21 08:49:18.635982
www.jadeitite.com,AVAILABILITY,domains.list,2021-09-21 08:49:19.704002
www.jewelcheese.com,AVAILABILITY,domains.list,2021-09-21 08:49:20.730481
www.jeoiaddbrpontoneer.review,AVAILABILITY,domains.list,2021-09-21 08:49:21.904130
www.jjxsdkphpcwu.com,AVAILABILITY,domains.list,2021-09-21 08:49:22.916275
www.jp.tubemogul.com,AVAILABILITY,domains.list,2021-09-21 08:49:23.984705
www.jp.treasuredata.com,AVAILABILITY,domains.list,2021-09-21 08:49:25.034128
www.jpfluentd.treasuredata.com,AVAILABILITY,domains.list,2021-09-21 08:49:26.060465
www.jzgtnetghdc.com,AVAILABILITY,domains.list,2021-09-21 08:49:27.100332
www.khonosta.info,AVAILABILITY,domains.list,2021-09-21 08:49:28.338166
www.kinesis.us-east-1.amazonaws.com,AVAILABILITY,domains.list,2021-09-21 08:49:29.345626
www.krxd.net,AVAILABILITY,domains.list,2021-09-21 08:49:30.271047
www.kwzme.net,AVAILABILITY,domains.list,2021-09-21 08:49:31.369492
www.l.betrad.com,AVAILABILITY,domains.list,2021-09-21 08:49:32.302605
www.ladsp.jp,AVAILABILITY,domains.list,2021-09-21 08:49:33.687581
www.labs.criteo.com,AVAILABILITY,domains.list,2021-09-21 08:49:35.395892
www.landing.optimonk.com,AVAILABILITY,domains.list,2021-09-21 08:49:37.764762
www.leads.demandbase.com,AVAILABILITY,domains.list,2021-09-21 08:49:38.774736
www.ldap01.adroll.com,AVAILABILITY,domains.list,2021-09-21 08:49:39.675720
www.learn.marketo.com,AVAILABILITY,domains.list,2021-09-21 08:49:40.748622
www.learn.segment.com,AVAILABILITY,domains.list,2021-09-21 08:49:41.697093
www.lettucelimit.com,AVAILABILITY,domains.list,2021-09-21 08:49:42.826990
www.liadm.com,AVAILABILITY,domains.list,2021-09-21 08:49:44.550958
www.liflingren.info,AVAILABILITY,domains.list,2021-09-21 08:49:45.450041
www.limpingline.com,AVAILABILITY,domains.list,2021-09-21 08:49:46.398019
www.lightbox.unbounce.com,AVAILABILITY,domains.list,2021-09-21 08:49:47.507668
www.linkforyoud.com,AVAILABILITY,domains.list,2021-09-21 08:49:48.745238
www.listat.biz,AVAILABILITY,domains.list,2021-09-21 08:49:49.659676
www.live.unbounce.com,AVAILABILITY,domains.list,2021-09-21 08:49:50.660429
www.lizardslaugh.com,AVAILABILITY,domains.list,2021-09-21 08:49:51.847088
www.load.exelator.com,AVAILABILITY,domains.list,2021-09-21 08:49:52.830089
www.lopsidedspoon.com,AVAILABILITY,domains.list,2021-09-21 08:49:53.865183
www.loudloss.com,AVAILABILITY,domains.list,2021-09-21 08:49:54.875506
www.loudlunch.com,AVAILABILITY,domains.list,2021-09-21 08:49:55.914556
www.lp3tdqle.com,AVAILABILITY,domains.list,2021-09-21 08:49:56.967840
www.lp1.appnext.com,AVAILABILITY,domains.list,2021-09-21 08:49:57.905031
www.lukir.info,AVAILABILITY,domains.list,2021-09-21 08:49:58.891400
www.lumpyleaf.com,AVAILABILITY,domains.list,2021-09-21 08:49:59.875023
www.lunkydkokpg.bid,AVAILABILITY,domains.list,2021-09-21 08:50:00.935625
www.intentmedia.net,AVAILABILITY,domains.list,2021-09-21 08:50:12.459849
www.lvpajtautophony.review,AVAILABILITY,domains.list,2021-09-21 08:50:13.687089
www.marketing.triplelift.com,AVAILABILITY,domains.list,2021-09-21 08:50:14.727279
www.mataharirama.xyz,AVAILABILITY,domains.list,2021-09-21 08:50:15.745597
www.matchcows.com,AVAILABILITY,domains.list,2021-09-21 08:50:16.779694
www.maziynjxjdoe.com,AVAILABILITY,domains.list,2021-09-21 08:50:17.827940
www.magnetic.t.domdex.com,AVAILABILITY,domains.list,2021-09-21 08:50:18.976097
www.mc.viglink.com,AVAILABILITY,domains.list,2021-09-21 08:50:20.322344
www.media1.adlegend.com,AVAILABILITY,domains.list,2021-09-21 08:50:21.361433
www.media2.adlegend.com,AVAILABILITY,domains.list,2021-09-21 08:50:22.363200
www.media3.adlegend.com,AVAILABILITY,domains.list,2021-09-21 08:50:23.332785
www.media4.adlegend.com,AVAILABILITY,domains.list,2021-09-21 08:50:24.327493
www.media6.adlegend.com,AVAILABILITY,domains.list,2021-09-21 08:50:25.197887
www.media5.adlegend.com,AVAILABILITY,domains.list,2021-09-21 08:50:26.105199
www.media7.adlegend.com,AVAILABILITY,domains.list,2021-09-21 08:50:27.044935
www.media9.adlegend.com,AVAILABILITY,domains.list,2021-09-21 08:50:27.933591
www.media8.adlegend.com,AVAILABILITY,domains.list,2021-09-21 08:50:28.904759
www.media12.adlegend.com,AVAILABILITY,domains.list,2021-09-21 08:50:29.824040
www.media10.adlegend.com,AVAILABILITY,domains.list,2021-09-21 08:50:30.865912
www.mediabarterexchange.com,AVAILABILITY,domains.list,2021-09-21 08:50:31.986185
www.mediaparade.net,AVAILABILITY,domains.list,2021-09-21 08:50:33.002387
www.mediatrk.in,AVAILABILITY,domains.list,2021-09-21 08:50:33.972813
www.meetups.unbounce.com,AVAILABILITY,domains.list,2021-09-21 08:50:34.973120
www.meshopea4.info,AVAILABILITY,domains.list,2021-09-21 08:50:35.874798
www.meta1.adlegend.com,AVAILABILITY,domains.list,2021-09-21 08:50:36.772798
www.meta2.adlegend.com,AVAILABILITY,domains.list,2021-09-21 08:50:37.671462
www.metapelite.com,AVAILABILITY,domains.list,2021-09-21 08:50:38.645007
www.messagenovice.com,AVAILABILITY,domains.list,2021-09-21 08:50:39.726533
www.metricfast.com,AVAILABILITY,domains.list,2021-09-21 08:50:40.862286
www.mine-soft-software-store.pw,AVAILABILITY,domains.list,2021-09-21 08:50:42.045778
www.ministedik.info,AVAILABILITY,domains.list,2021-09-21 08:50:42.979470
www.mixedreading.com,AVAILABILITY,domains.list,2021-09-21 08:50:43.993992
www.mktg.act-on.com,AVAILABILITY,domains.list,2021-09-21 08:50:44.947015
www.mmmvar.amobee.com,AVAILABILITY,domains.list,2021-09-21 08:50:46.193766
www.mmo2de.amobee.com,AVAILABILITY,domains.list,2021-09-21 08:50:47.407098
www.mmstat.com,AVAILABILITY,domains.list,2021-09-21 08:50:49.409782
www.mobileanalytics.us-east-1.amazonaws.com,AVAILABILITY,domains.list,2021-09-21 08:50:50.409815
www.mmvivo.amobee.com,AVAILABILITY,domains.list,2021-09-21 08:50:51.624647
www.mobileapptracking.com,AVAILABILITY,domains.list,2021-09-21 08:50:52.669500
www.monditomasks.co,AVAILABILITY,domains.list,2021-09-21 08:50:53.650919
www.mobj.space,AVAILABILITY,domains.list,2021-09-21 08:50:56.918185
www.mowfruit.com,AVAILABILITY,domains.list,2021-09-21 08:50:57.990171
www.mr.orange.konotor.com,AVAILABILITY,domains.list,2021-09-21 08:50:59.040153
www.musclerku.com,AVAILABILITY,domains.list,2021-09-21 08:51:00.071909
www.my.mgid.com,AVAILABILITY,domains.list,2021-09-21 08:51:00.945082
www.mxl.connexity.net,AVAILABILITY,domains.list,2021-09-21 08:51:02.050455
www.mxpnl.com,AVAILABILITY,domains.list,2021-09-21 08:51:03.041018
www.mylifeads.info,AVAILABILITY,domains.list,2021-09-21 08:51:03.930349
www.myshopify-admin-privacy.ml,AVAILABILITY,domains.list,2021-09-21 08:51:05.662987
www.n1326adserv.xyz,AVAILABILITY,domains.list,2021-09-21 08:51:06.604198
www.my.optimonk.com,AVAILABILITY,domains.list,2021-09-21 08:51:09.239226
www.nbrmungojjggt.bid,AVAILABILITY,domains.list,2021-09-21 08:51:10.356599
www.nervoussummer.com,AVAILABILITY,domains.list,2021-09-21 08:51:11.447775
www.new.unbounce.com,AVAILABILITY,domains.list,2021-09-21 08:51:12.439999
www.news.smi2.ru,AVAILABILITY,domains.list,2021-09-21 08:51:15.885194
www.nnzkabsgmfjn.bid,AVAILABILITY,domains.list,2021-09-21 08:51:16.914135
www.normalexchange.com,AVAILABILITY,domains.list,2021-09-21 08:51:17.931704
www.nexus.ensighten.com,AVAILABILITY,domains.list,2021-09-21 08:51:18.968090
www.nnrcjzith.bid,AVAILABILITY,domains.list,2021-09-21 08:51:20.000044
www.nuclearlytu.info,AVAILABILITY,domains.list,2021-09-21 08:51:21.117330
www.obix.pro,AVAILABILITY,domains.list,2021-09-21 08:51:22.184567
www.oem.inmobi.com,AVAILABILITY,domains.list,2021-09-21 08:51:23.284762
www.offers.bamazon.in,AVAILABILITY,domains.list,2021-09-21 08:51:24.316740
www.offers.appnext.com,AVAILABILITY,domains.list,2021-09-21 08:51:25.334621
www.offertraff.com,AVAILABILITY,domains.list,2021-09-21 08:51:26.347801
www.ohc6eiy.bid,AVAILABILITY,domains.list,2021-09-21 08:51:27.494233
www.ofgogoatan.com,AVAILABILITY,domains.list,2021-09-21 08:51:28.591091
www.okeyletsgo.ml,AVAILABILITY,domains.list,2021-09-21 08:51:30.747356
www.olgjzpgp.com,AVAILABILITY,domains.list,2021-09-21 08:51:32.445386
www.oli.unbounce.com,AVAILABILITY,domains.list,2021-09-21 08:51:33.497265
www.omniscientspark.com,AVAILABILITY,domains.list,2021-09-21 08:51:34.497812
www.onclklnd.com,AVAILABILITY,domains.list,2021-09-21 08:51:35.615637
www.onetag-sys.com,AVAILABILITY,domains.list,2021-09-21 08:51:36.582505
www.online-metrix.net,AVAILABILITY,domains.list,2021-09-21 08:51:37.549195
www.onlinesubphonesoft.win,AVAILABILITY,domains.list,2021-09-21 08:51:38.597147
www.openx.net,AVAILABILITY,domains.list,2021-09-21 08:51:39.658985
www.optout.betrad.com,AVAILABILITY,domains.list,2021-09-21 08:51:40.611462
www.optout.inmobi.com,AVAILABILITY,domains.list,2021-09-21 08:51:41.656585
www.orddiltnmmlu.com,AVAILABILITY,domains.list,2021-09-21 08:51:42.706369
www.otnolatrnup.com,AVAILABILITY,domains.list,2021-09-21 08:51:43.714271
www.ounaihekw.bid,AVAILABILITY,domains.list,2021-09-21 08:51:44.827546
www.oursplce.club,AVAILABILITY,domains.list,2021-09-21 08:51:45.990697
www.ovalpigs.com,AVAILABILITY,domains.list,2021-09-21 08:51:47.098422
www.ourtabta133.club,AVAILABILITY,domains.list,2021-09-21 08:51:48.215634
www.owa.amobee.com,AVAILABILITY,domains.list,2021-09-21 08:51:49.462954
www.owa.dotomi.com,AVAILABILITY,domains.list,2021-09-21 08:51:50.693670
www.owa1.amobee.com,AVAILABILITY,domains.list,2021-09-21 08:51:51.903893
www.owlsr.us,AVAILABILITY,domains.list,2021-09-21 08:51:53.006094
www.p.unbounce.com,AVAILABILITY,domains.list,2021-09-21 08:51:54.055997
www.pablo.unbounce.com,AVAILABILITY,domains.list,2021-09-21 08:51:55.057854
www.pakistanelevators.pk,AVAILABILITY,domains.list,2021-09-21 08:51:56.518646
www.paleleaf.com,AVAILABILITY,domains.list,2021-09-21 08:51:57.607278
www.partners.crittercism.com,AVAILABILITY,domains.list,2021-09-21 08:51:58.687189
www.pdm8kxw7.website,AVAILABILITY,domains.list,2021-09-21 08:51:59.848224
www.people.triplelift.com,AVAILABILITY,domains.list,2021-09-21 08:52:00.962921
www.perceivequarter.com,AVAILABILITY,domains.list,2021-09-21 08:52:02.076351
www.partnerportal.act-on.com,AVAILABILITY,domains.list,2021-09-21 08:52:03.163038
www.petametrics.com,AVAILABILITY,domains.list,2021-09-21 08:52:04.154442
www.personas.unbounce.com,AVAILABILITY,domains.list,2021-09-21 08:52:05.272534
www.petchesa.net,AVAILABILITY,domains.list,2021-09-21 08:52:06.298460
www.petiteumbrella.com,AVAILABILITY,domains.list,2021-09-21 08:52:07.347319
www.pietexture.com,AVAILABILITY,domains.list,2021-09-21 08:52:08.429333
www.phone.sf.adroll.com,AVAILABILITY,domains.list,2021-09-21 08:52:09.419366
www.photographpan.com,AVAILABILITY,domains.list,2021-09-21 08:52:10.452834
www.pilot.unbounce.com,AVAILABILITY,domains.list,2021-09-21 08:52:11.464835
www.piquantpigs.com,AVAILABILITY,domains.list,2021-09-21 08:52:12.531893
www.pixel.adsafeprotected.com,AVAILABILITY,domains.list,2021-09-21 08:52:13.509030
www.piz7ohhujogi.com,AVAILABILITY,domains.list,2021-09-21 08:52:14.560328
www.platform.adbrain.com,AVAILABILITY,domains.list,2021-09-21 08:52:15.666877
www.platform.blismedia.com,AVAILABILITY,domains.list,2021-09-21 08:52:16.712697
www.platform.amobee.com,AVAILABILITY,domains.list,2021-09-21 08:52:17.937349
www.platform.mobileapptracking.com,AVAILABILITY,domains.list,2021-09-21 08:52:18.856155
www.platform.ifc.inmobi.com,AVAILABILITY,domains.list,2021-09-21 08:52:19.986311
www.plocking.win,AVAILABILITY,domains.list,2021-09-21 08:52:20.997382
www.podcast.unbounce.com,AVAILABILITY,domains.list,2021-09-21 08:52:22.135580
www.polarcdn-terrax.com,AVAILABILITY,domains.list,2021-09-21 08:52:23.183988
www.polarmobile.com,AVAILABILITY,domains.list,2021-09-21 08:52:24.350192
www.popup.taboola.com,AVAILABILITY,domains.list,2021-09-21 08:52:25.293571
www.portal.touchcommerce.com,AVAILABILITY,domains.list,2021-09-21 08:52:26.491681
www.possibleboats.com,AVAILABILITY,domains.list,2021-09-21 08:52:27.595479
www.portal.appnexus.com,AVAILABILITY,domains.list,2021-09-21 08:52:28.570155
www.postlog.supersonic.com,AVAILABILITY,domains.list,2021-09-21 08:52:29.649607
www.powertradeprofit.com,AVAILABILITY,domains.list,2021-09-21 08:52:30.681422
www.practicetoothpaste.com,AVAILABILITY,domains.list,2021-09-21 08:52:31.830119
www.pqvwtddbpvoq.bid,AVAILABILITY,domains.list,2021-09-21 08:52:32.851881
www.prclick.inmobi.com,AVAILABILITY,domains.list,2021-09-21 08:52:33.936013
www.presetrabbits.com,AVAILABILITY,domains.list,2021-09-21 08:52:35.033908
www.previousplayground.com,AVAILABILITY,domains.list,2021-09-21 08:52:36.092715
www.privymktg.com,AVAILABILITY,domains.list,2021-09-21 08:52:37.091521
www.profitrumour.com,AVAILABILITY,domains.list,2021-09-21 08:52:38.183338
www.pro-market.net,AVAILABILITY,domains.list,2021-09-21 08:52:39.144138
www.propeller-tracking.com,AVAILABILITY,domains.list,2021-09-21 08:52:40.170893
www.provideplant.com,AVAILABILITY,domains.list,2021-09-21 08:52:41.156274
www.prowage10.com,AVAILABILITY,domains.list,2021-09-21 08:52:42.247789
www.prueba.unbounce.com,AVAILABILITY,domains.list,2021-09-21 08:52:43.285865
www.pso.act-on.com,AVAILABILITY,domains.list,2021-09-21 08:52:44.304358
www.pub2srv.com,AVAILABILITY,domains.list,2021-09-21 08:52:45.355192
www.pubmine.com,AVAILABILITY,domains.list,2021-09-21 08:52:46.308141
www.puffyloss.com,AVAILABILITY,domains.list,2021-09-21 08:52:47.400803
www.pulsedm-ap.amobee.com,AVAILABILITY,domains.list,2021-09-21 08:52:48.575256
www.pushlinck.com,AVAILABILITY,domains.list,2021-09-21 08:52:49.722566
www.pushame.com,AVAILABILITY,domains.list,2021-09-21 08:52:50.770342
www.pushnest.com,AVAILABILITY,domains.list,2021-09-21 08:52:51.843968
www.pushmobilenews.com,AVAILABILITY,domains.list,2021-09-21 08:52:52.927239
www.pushno.com,AVAILABILITY,domains.list,2021-09-21 08:52:53.952588
www.puzzlingfall.com,AVAILABILITY,domains.list,2021-09-21 08:52:55.045228
www.pussl17.com,AVAILABILITY,domains.list,2021-09-21 08:52:56.085234
www.px3.adhigh.net,AVAILABILITY,domains.list,2021-09-21 08:52:58.860010
www.px.adhigh.net,AVAILABILITY,domains.list,2021-09-21 08:53:00.509918
www.quaintcan.com,AVAILABILITY,domains.list,2021-09-21 08:53:01.626338
www.questionfly.com,AVAILABILITY,domains.list,2021-09-21 08:53:02.743334
www.quickreview.online,AVAILABILITY,domains.list,2021-09-21 08:53:03.811887
www.quicksandear.com,AVAILABILITY,domains.list,2021-09-21 08:53:04.840600
www.quietknowledge.com,AVAILABILITY,domains.list,2021-09-21 08:53:05.917405
www.qzadueyzyto.bid,AVAILABILITY,domains.list,2021-09-21 08:53:06.940639
www.rc-studio.inmobi.com,AVAILABILITY,domains.list,2021-09-21 08:53:08.015007
www.readgoldfish.com,AVAILABILITY,domains.list,2021-09-21 08:53:09.124557
www.readservers.net,AVAILABILITY,domains.list,2021-09-21 08:53:10.135987
www.receptiveink.com,AVAILABILITY,domains.list,2021-09-21 08:53:11.190248
www.referral.supersonic.com,AVAILABILITY,domains.list,2021-09-21 08:53:12.192809
www.reporting.sokrati.com,AVAILABILITY,domains.list,2021-09-21 08:53:13.281404
www.reports.amobee.com,AVAILABILITY,domains.list,2021-09-21 08:53:14.422633
www.reports.vizury.com,AVAILABILITY,domains.list,2021-09-21 08:53:15.356207
www.resolutekey.com,AVAILABILITY,domains.list,2021-09-21 08:53:16.366364
www.review.unbounce.com,AVAILABILITY,domains.list,2021-09-21 08:53:17.491508
www.pocketmath-cdn.com,AVAILABILITY,domains.list,2021-09-21 08:53:18.518526
www.rick.unbounce.com,AVAILABILITY,domains.list,2021-09-21 08:53:19.620625
www.ringsrecord.com,AVAILABILITY,domains.list,2021-09-21 08:53:20.775661
www.ritzykey.com,AVAILABILITY,domains.list,2021-09-21 08:53:21.879106
www.ritzysponge.com,AVAILABILITY,domains.list,2021-09-21 08:53:22.888441
www.riverhit.com,AVAILABILITY,domains.list,2021-09-21 08:53:23.859760
www.rm.inmobi.com,AVAILABILITY,domains.list,2021-09-21 08:53:24.915172
www.roadmap.unbounce.com,AVAILABILITY,domains.list,2021-09-21 08:53:25.997863
www.roadtrip.unbounce.com,AVAILABILITY,domains.list,2021-09-21 08:53:27.107779
www.ritogaga.com,AVAILABILITY,domains.list,2021-09-21 08:53:28.170634
www.rotumal.com,AVAILABILITY,domains.list,2021-09-21 08:53:29.177702
www.roughted.com,AVAILABILITY,domains.list,2021-09-21 08:53:30.228723
www.rtb.districtm.io,AVAILABILITY,domains.list,2021-09-21 08:53:31.309719
www.rtb.xapads.com,AVAILABILITY,domains.list,2021-09-21 08:53:32.357399
www.rtgstat.solocpm.com,AVAILABILITY,domains.list,2021-09-21 08:53:33.441444
www.rtr21adc.download,AVAILABILITY,domains.list,2021-09-21 08:53:34.511758
www.roboinside.me,AVAILABILITY,domains.list,2021-09-21 08:53:52.093194
www.rtrgks7.download,AVAILABILITY,domains.list,2021-09-21 08:53:53.192645
www.rtr24adc.download,AVAILABILITY,domains.list,2021-09-21 08:53:54.409507
www.runative-syndicate.com,AVAILABILITY,domains.list,2021-09-21 08:53:55.434244
www.runmewivel.com,AVAILABILITY,domains.list,2021-09-21 08:53:56.510668
www.runlikea.pro,AVAILABILITY,domains.list,2021-09-21 08:53:57.437736
www.s7c66wkh8k.com,AVAILABILITY,domains.list,2021-09-21 08:53:58.463242
www.rws.zedo.com,AVAILABILITY,domains.list,2021-09-21 08:53:59.777817
www.s.adroll.com,AVAILABILITY,domains.list,2021-09-21 08:54:00.694850
www.s9.cnzz.com,AVAILABILITY,domains.list,2021-09-21 08:54:02.411990
www.s.clickability.com,AVAILABILITY,domains.list,2021-09-21 08:54:03.518706
www.sandbox.actonsoftware.com,AVAILABILITY,domains.list,2021-09-21 08:54:04.541524
www.saxp.zedo.com,AVAILABILITY,domains.list,2021-09-21 08:54:05.756425
www.saysidewalk.com,AVAILABILITY,domains.list,2021-09-21 08:54:06.886357
www.sbscribeme.com,AVAILABILITY,domains.list,2021-09-21 08:54:07.956451
www.schibsted.io,AVAILABILITY,domains.list,2021-09-21 08:54:08.974917
www.scintillatingspace.com,AVAILABILITY,domains.list,2021-09-21 08:54:10.095349
www.scarcesign.com,AVAILABILITY,domains.list,2021-09-21 08:54:11.186620
www.scrubsky.com,AVAILABILITY,domains.list,2021-09-21 08:54:12.237778
www.scrubswim.com,AVAILABILITY,domains.list,2021-09-21 08:54:13.278696
www.sdkm.inmobi.com,AVAILABILITY,domains.list,2021-09-21 08:54:14.292506
www.seb.scorecardresearch.com,AVAILABILITY,domains.list,2021-09-21 08:54:15.303944
www.secure.exoclick.com,AVAILABILITY,domains.list,2021-09-21 08:54:16.613840
www.secure.addthis.com,AVAILABILITY,domains.list,2021-09-21 08:54:17.647649
www.secure.lijit.com,AVAILABILITY,domains.list,2021-09-21 08:54:18.676232
www.secure.ironbeast.io,AVAILABILITY,domains.list,2021-09-21 08:54:19.760281
www.selfiecon.unbounce.com,AVAILABILITY,domains.list,2021-09-21 08:54:20.834136
www.seriencev.com,AVAILABILITY,domains.list,2021-09-21 08:54:21.957567
www.separatesilver.com,AVAILABILITY,domains.list,2021-09-21 08:54:23.020480
www.serv2ssl.vizury.com,AVAILABILITY,domains.list,2021-09-21 08:54:24.095974
www.servedby-buysellads.com,AVAILABILITY,domains.list,2021-09-21 08:54:25.259624
www.sesschen.win,AVAILABILITY,domains.list,2021-09-21 08:54:26.532416
www.serv1.vizury.com,AVAILABILITY,domains.list,2021-09-21 08:54:27.485457
www.s-et.w.inmobi.com,AVAILABILITY,domains.list,2021-09-21 08:54:28.588282
www.shakytaste.com,AVAILABILITY,domains.list,2021-09-21 08:54:29.669515
www.shareyourcontents.com,AVAILABILITY,domains.list,2021-09-21 08:54:30.773849
www.shelterstraw.com,AVAILABILITY,domains.list,2021-09-21 08:54:31.769137
www.shemirta.info,AVAILABILITY,domains.list,2021-09-21 08:54:32.869994
www.shiek1ph.com,AVAILABILITY,domains.list,2021-09-21 08:54:33.929443
www.shipit.unbounce.com,AVAILABILITY,domains.list,2021-09-21 08:54:35.040080
www.shiveringsail.com,AVAILABILITY,domains.list,2021-09-21 08:54:36.019287
www.shockingswing.com,AVAILABILITY,domains.list,2021-09-21 08:54:37.089590
www.shutter.unbounce.com,AVAILABILITY,domains.list,2021-09-21 08:54:38.193040
www.sinceresofa.com,AVAILABILITY,domains.list,2021-09-21 08:54:39.224867
www.simplisticnose.com,AVAILABILITY,domains.list,2021-09-21 08:54:40.250220
www.sip.touchcommerce.com,AVAILABILITY,domains.list,2021-09-21 08:54:41.447861
www.sj-nagios.clickability.com,AVAILABILITY,domains.list,2021-09-21 08:54:42.456601
www.redsheriff.com,AVAILABILITY,domains.list,2021-09-21 08:55:19.469841
www.sl.advertising.com,AVAILABILITY,domains.list,2021-09-21 08:55:20.501020
www.smaato.net,AVAILABILITY,domains.list,2021-09-21 08:55:21.579442
www.smartoffer.site,AVAILABILITY,domains.list,2021-09-21 08:55:22.684976
www.smilingsock.com,AVAILABILITY,domains.list,2021-09-21 08:55:23.709218
www.snakesort.com,AVAILABILITY,domains.list,2021-09-21 08:55:24.659891
www.sn5wcs89.science,AVAILABILITY,domains.list,2021-09-21 08:55:25.594732
www.sneaklevel.com,AVAILABILITY,domains.list,2021-09-21 08:55:26.620284
www.softonic-analytics.net,AVAILABILITY,domains.list,2021-09-21 08:55:27.766202
www.soma.smaato.net,AVAILABILITY,domains.list,2021-09-21 08:55:28.740243
www.sonic.rubiconproject.com,AVAILABILITY,domains.list,2021-09-21 08:55:29.857483
www.solegingly.co,AVAILABILITY,domains.list,2021-09-21 08:55:30.918307
www.speaktraff.com,AVAILABILITY,domains.list,2021-09-21 08:55:31.912788
www.spectacularsnail.com,AVAILABILITY,domains.list,2021-09-21 08:55:32.952824
www.spidermobi.com,AVAILABILITY,domains.list,2021-09-21 08:55:34.010235
www.sports.mgid.com,AVAILABILITY,domains.list,2021-09-21 08:55:35.025789
www.spottysense.com,AVAILABILITY,domains.list,2021-09-21 08:55:36.100794
www.spring-tns.net,AVAILABILITY,domains.list,2021-09-21 08:55:37.880580
www.squeamishscarecrow.com,AVAILABILITY,domains.list,2021-09-21 08:55:38.932261
www.ssl4anyone5.com,AVAILABILITY,domains.list,2021-09-21 08:55:40.036005
www.ssl.vizury.com,AVAILABILITY,domains.list,2021-09-21 08:55:41.041856
www.sslads.vizury.com,AVAILABILITY,domains.list,2021-09-21 08:55:42.115023
www.start.adrecover.com,AVAILABILITY,domains.list,2021-09-21 08:55:43.111633
www.startappservice.com,AVAILABILITY,domains.list,2021-09-21 08:55:44.065570
www.startup.inmobi.com,AVAILABILITY,domains.list,2021-09-21 08:55:45.172994
www.sshowads.pubmatic.com,AVAILABILITY,domains.list,2021-09-21 08:55:46.170022
www.startups.unbounce.com,AVAILABILITY,domains.list,2021-09-21 08:55:47.240074
www.stat.media,AVAILABILITY,domains.list,2021-09-21 08:55:49.394867
www.static.promo.tubemogul.com,AVAILABILITY,domains.list,2021-09-21 08:55:50.440117
www.stats.g.doubleclick.net,AVAILABILITY,domains.list,2021-09-21 08:55:51.408054
www.statserv.net,AVAILABILITY,domains.list,2021-09-21 08:55:52.443114
www.stencef.com,AVAILABILITY,domains.list,2021-09-21 08:55:53.472720
www.stg.oem.inmobi.com,AVAILABILITY,domains.list,2021-09-21 08:55:54.485518
www.storesurprise.com,AVAILABILITY,domains.list,2021-09-21 08:55:55.526972
www.stormyachiever.com,AVAILABILITY,domains.list,2021-09-21 08:55:56.624516
www.stormysponge.com,AVAILABILITY,domains.list,2021-09-21 08:55:57.656271
www.straightnest.com,AVAILABILITY,domains.list,2021-09-21 08:55:58.775163
www.strivesidewalk.com,AVAILABILITY,domains.list,2021-09-21 08:55:59.835592
www.structuresofa.com,AVAILABILITY,domains.list,2021-09-21 08:56:00.849786
www.succeedscene.com,AVAILABILITY,domains.list,2021-09-21 08:56:01.925388
www.success.act-on.com,AVAILABILITY,domains.list,2021-09-21 08:56:02.897250
www.success.unbounce.com,AVAILABILITY,domains.list,2021-09-21 08:56:03.975814
www.sugarcurtain.com,AVAILABILITY,domains.list,2021-09-21 08:56:05.043475
www.superficialsink.com,AVAILABILITY,domains.list,2021-09-21 08:56:06.073946
www.surveys.insightexpressai.com,AVAILABILITY,domains.list,2021-09-21 08:56:07.204577
www.sionicmedia.com,AVAILABILITY,domains.list,2021-09-21 08:56:24.212179
www.sync.teads.tv,AVAILABILITY,domains.list,2021-09-21 08:56:25.208006
www.t.teads.tv,AVAILABILITY,domains.list,2021-09-21 08:56:26.226153
www.t.unbounce.com,AVAILABILITY,domains.list,2021-09-21 08:56:27.246079
www.tableau.marketo.com,AVAILABILITY,domains.list,2021-09-21 08:56:28.489390
www.tap-secure.rubiconproject.com,AVAILABILITY,domains.list,2021-09-21 08:56:29.590183
www.target.smi2.ru,AVAILABILITY,domains.list,2021-09-21 08:56:32.132005
www.target.zedo.com,AVAILABILITY,domains.list,2021-09-21 08:56:33.393814
www.targetserving.com,AVAILABILITY,domains.list,2021-09-21 08:56:34.458818
www.tdzvm.pw,AVAILABILITY,domains.list,2021-09-21 08:56:35.568896
www.team.unbounce.com,AVAILABILITY,domains.list,2021-09-21 08:56:36.590209
www.techblog.appnexus.com,AVAILABILITY,domains.list,2021-09-21 08:56:37.612027
www.tedioustooth.com,AVAILABILITY,domains.list,2021-09-21 08:56:38.668115
www.technology.inmobi.com,AVAILABILITY,domains.list,2021-09-21 08:56:39.740384
www.teethfan.com,AVAILABILITY,domains.list,2021-09-21 08:56:40.795026
www.templates-test.unbounce.com,AVAILABILITY,domains.list,2021-09-21 08:56:41.756401
www.templates.unbounce.com,AVAILABILITY,domains.list,2021-09-21 08:56:42.733897
www.terribleturkey.com,AVAILABILITY,domains.list,2021-09-21 08:56:43.720586
www.teschenite.com,AVAILABILITY,domains.list,2021-09-21 08:56:44.723193
www.test2.actonsoftware.com,AVAILABILITY,domains.list,2021-09-21 08:56:45.753448
www.test3.actonsoftware.com,AVAILABILITY,domains.list,2021-09-21 08:56:46.778691
www.test.actonsoftware.com,AVAILABILITY,domains.list,2021-09-21 08:56:47.846951
www.the.unbounce.com,AVAILABILITY,domains.list,2021-09-21 08:56:48.833254
www.thirdrespect.com,AVAILABILITY,domains.list,2021-09-21 08:56:49.918606
www.throattrees.com,AVAILABILITY,domains.list,2021-09-21 08:56:50.908508
www.tiqcdn.com,AVAILABILITY,domains.list,2021-09-21 08:56:51.919242
www.tleadstracking.com,AVAILABILITY,domains.list,2021-09-21 08:56:52.893452
www.todays-big-rewards.club,AVAILABILITY,domains.list,2021-09-21 08:56:53.943830
www.topbestsite.bargains,AVAILABILITY,domains.list,2021-09-21 08:56:54.969228
www.tour.unbounce.com,AVAILABILITY,domains.list,2021-09-21 08:56:56.041034
www.tracedesire.com,AVAILABILITY,domains.list,2021-09-21 08:56:56.998482
www.track.media-412.com,AVAILABILITY,domains.list,2021-09-21 08:56:58.019667
www.tracker.adiquity.com,AVAILABILITY,domains.list,2021-09-21 08:56:59.097053
www.tracking.altrooz.com,AVAILABILITY,domains.list,2021-09-21 08:57:00.044452
www.tracking.sokrati.com,AVAILABILITY,domains.list,2021-09-21 08:57:01.105346
www.tracksummer.com,AVAILABILITY,domains.list,2021-09-21 08:57:02.204639
www.trackwebtrekk.net,AVAILABILITY,domains.list,2021-09-21 08:57:03.257501
www.trafficsel.com,AVAILABILITY,domains.list,2021-09-21 08:57:04.334025
www.trafficmedia.center,AVAILABILITY,domains.list,2021-09-21 08:57:05.256327
www.trcwt.com,AVAILABILITY,domains.list,2021-09-21 08:57:06.314015
www.training.demandbase.com,AVAILABILITY,domains.list,2021-09-21 08:57:07.293802
www.treffwerk.net,AVAILABILITY,domains.list,2021-09-21 08:57:08.242254
www.tremorhub.com,AVAILABILITY,domains.list,2021-09-21 08:57:09.241562
www.trickycelery.com,AVAILABILITY,domains.list,2021-09-21 08:57:10.219767
www.tritetongue.com,AVAILABILITY,domains.list,2021-09-21 08:57:11.282821
www.truckstomatoes.com,AVAILABILITY,domains.list,2021-09-21 08:57:12.363256
www.truthfulturn.com,AVAILABILITY,domains.list,2021-09-21 08:57:13.337067
www.ts-syndicate.com,AVAILABILITY,domains.list,2021-09-21 08:57:14.431881
www.tssyndicate.com,AVAILABILITY,domains.list,2021-09-21 08:57:15.488228
www.tsyndicate.com,AVAILABILITY,domains.list,2021-09-21 08:57:16.501277
www.ttegjzxzxyetf.com,AVAILABILITY,domains.list,2021-09-21 08:57:17.555055
www.ttpsdk.info,AVAILABILITY,domains.list,2021-09-21 08:57:18.499590
www.tzwaw.pw,AVAILABILITY,domains.list,2021-09-21 08:57:19.754376
www.ub-analytics.com,AVAILABILITY,domains.list,2021-09-21 08:57:20.798487
www.ubiqqzmldivih.bid,AVAILABILITY,domains.list,2021-09-21 08:57:21.799060
www.ucb.global,AVAILABILITY,domains.list,2021-09-21 08:57:22.842349
www.uhughed.club,AVAILABILITY,domains.list,2021-09-21 08:57:23.900485
www.ultraoranges.com,AVAILABILITY,domains.list,2021-09-21 08:57:24.938921
www.umeng.co,AVAILABILITY,domains.list,2021-09-21 08:57:26.672776
www.underers.info,AVAILABILITY,domains.list,2021-09-21 08:57:27.856021
www.university.act-on.com,AVAILABILITY,domains.list,2021-09-21 08:57:28.825323
www.unknowntray.com,AVAILABILITY,domains.list,2021-09-21 08:57:29.905695
www.unoadsrv.com,AVAILABILITY,domains.list,2021-09-21 08:57:30.976834
www.uoarbhxfyygn.com,AVAILABILITY,domains.list,2021-09-21 08:57:32.004329
www.unusualtitle.com,AVAILABILITY,domains.list,2021-09-21 08:57:33.093100
www.uoredi.com,AVAILABILITY,domains.list,2021-09-21 08:57:34.134761
www.uoxbotvrs.bid,AVAILABILITY,domains.list,2021-09-21 08:57:35.159978
www.urijswfbgh.com,AVAILABILITY,domains.list,2021-09-21 08:57:36.216738
www.us.xapads.com,AVAILABILITY,domains.list,2021-09-21 08:57:37.221037
www.use.unbounce.com,AVAILABILITY,domains.list,2021-09-21 08:57:38.243575
www.ut.actonsoftware.com,AVAILABILITY,domains.list,2021-09-21 08:57:39.278214
www.uyqzlnmdtfpnqskyyvidmllmzauitvaijcgqjldwcwvewjgwfj.com,AVAILABILITY,domains.list,2021-09-21 08:57:40.312908
www.vast-hm-events2.adhigh.net,AVAILABILITY,domains.list,2021-09-21 08:57:42.796696
www.vast-hm-bean.adhigh.net,AVAILABILITY,domains.list,2021-09-21 08:57:45.169367
www.vast-hm-events.adhigh.net,AVAILABILITY,domains.list,2021-09-21 08:57:46.977118
www.vbeyv.net,AVAILABILITY,domains.list,2021-09-21 08:57:47.932913
www.vastproxy.brand.inmobi.com,AVAILABILITY,domains.list,2021-09-21 08:57:49.047849
www.vast-hm-sync.adhigh.net,AVAILABILITY,domains.list,2021-09-21 08:57:51.212629
www.vebadu.com,AVAILABILITY,domains.list,2021-09-21 08:57:52.264845
www.viatepigan.com,AVAILABILITY,domains.list,2021-09-21 08:57:53.337887
www.video.unbounce.com,AVAILABILITY,domains.list,2021-09-21 08:57:54.284139
www.video.revcontent.com,AVAILABILITY,domains.list,2021-09-21 08:57:55.278760
www.video-player.ironbeast.io,AVAILABILITY,domains.list,2021-09-21 08:57:56.306489
www.vidyo.rubiconproject.com,AVAILABILITY,domains.list,2021-09-21 08:57:57.456196
www.vision.taboola.com,AVAILABILITY,domains.list,2021-09-21 08:57:58.382404
www.vivaclix.com,AVAILABILITY,domains.list,2021-09-21 08:57:59.422360
www.vltrkltuqe.bid,AVAILABILITY,domains.list,2021-09-21 08:58:00.478985
www.voicevegetable.com,AVAILABILITY,domains.list,2021-09-21 08:58:01.557749
www.voodoo-ads.io,AVAILABILITY,domains.list,2021-09-21 08:58:02.593449
www.vpaid.adsafeprotected.com,AVAILABILITY,domains.list,2021-09-21 08:58:08.785398
www.voodoo-tech.io,AVAILABILITY,domains.list,2021-09-21 08:58:09.805165
www.vwbvandbj.bid,AVAILABILITY,domains.list,2021-09-21 08:58:10.803409
www.walftgaqiemcx.com,AVAILABILITY,domains.list,2021-09-21 08:58:11.877259
www.walternsa.com,AVAILABILITY,domains.list,2021-09-21 08:58:12.959637
www.watcheshouse.co.in,AVAILABILITY,domains.list,2021-09-21 08:58:13.999745
www.wateryvan.com,AVAILABILITY,domains.list,2021-09-21 08:58:15.080068
www.webcast.rubiconproject.com,AVAILABILITY,domains.list,2021-09-21 08:58:16.248294
www.web-sub-free-new.site,AVAILABILITY,domains.list,2021-09-21 08:58:17.334392
www.web-sub-new-free.site,AVAILABILITY,domains.list,2021-09-21 08:58:18.435701
www.why.unbounce.com,AVAILABILITY,domains.list,2021-09-21 08:58:19.453091
www.widgets.webengage.com,AVAILABILITY,domains.list,2021-09-21 08:58:20.459982
www.wirecomic.com,AVAILABILITY,domains.list,2021-09-21 08:58:21.580692
www.wnzmauurgol.com,AVAILABILITY,domains.list,2021-09-21 08:58:22.604745
www.wp.unbounce.com,AVAILABILITY,domains.list,2021-09-21 08:58:23.541247
www.wqocynupmbad.com,AVAILABILITY,domains.list,2021-09-21 08:58:24.596027
www.wp-test.unbounce.com,AVAILABILITY,domains.list,2021-09-21 08:58:25.634854
www.wr20.clicktale.net,AVAILABILITY,domains.list,2021-09-21 08:58:26.532703
www.wfnmmrtw.bid,AVAILABILITY,domains.list,2021-09-21 08:58:27.685662
www.wrdev.clicktale.net,AVAILABILITY,domains.list,2021-09-21 08:58:28.686168
www.wr.clicktale.net,AVAILABILITY,domains.list,2021-09-21 08:58:29.697113
www.wrfl.clicktale.net,AVAILABILITY,domains.list,2021-09-21 08:58:30.745656
www.wrqa.clicktale.net,AVAILABILITY,domains.list,2021-09-21 08:58:31.744448
www.writeabout.unbounce.com,AVAILABILITY,domains.list,2021-09-21 08:58:32.756409
www.wunccmpzjqvxe.com,AVAILABILITY,domains.list,2021-09-21 08:58:33.684945
www.writefor.unbounce.com,AVAILABILITY,domains.list,2021-09-21 08:58:34.578495
www.wzrkt.com,AVAILABILITY,domains.list,2021-09-21 08:58:35.523237
www.xakdtbarkiest.review,AVAILABILITY,domains.list,2021-09-21 08:58:36.830095
www.xavmcsvas.bid,AVAILABILITY,domains.list,2021-09-21 08:58:37.939380
www.xgvertjtfl.bid,AVAILABILITY,domains.list,2021-09-21 08:58:38.974612
www.xmlfeedparser.4dsply.com,AVAILABILITY,domains.list,2021-09-21 08:58:39.961215
www.xdatabase.info,AVAILABILITY,domains.list,2021-09-21 08:58:42.073208
www.xormarketing.org,AVAILABILITY,domains.list,2021-09-21 08:58:42.983369
www.xovq5nemr.com,AVAILABILITY,domains.list,2021-09-21 08:58:44.462326
www.xtabtec134.club,AVAILABILITY,domains.list,2021-09-21 08:58:45.715996
www.xl-trk.com,AVAILABILITY,domains.list,2021-09-21 08:58:46.972688
www.y5wflt0xibmoufuvsayg1efy80yq0ystkjncf76cqm.com,AVAILABILITY,domains.list,2021-09-21 08:58:47.975954
www.yealnk.com,AVAILABILITY,domains.list,2021-09-21 08:58:49.019800
www.yebadu.com,AVAILABILITY,domains.list,2021-09-21 08:58:50.009270
www.yes-no-click.online,AVAILABILITY,domains.list,2021-09-21 08:58:51.079592
www.yieldoptimizer.com,AVAILABILITY,domains.list,2021-09-21 08:58:52.095247
www.xyvjknwxwtf.bid,AVAILABILITY,domains.list,2021-09-21 08:58:53.295013
www.yjp.kissmetrics.com,AVAILABILITY,domains.list,2021-09-21 08:58:54.299580
www.yxghudjm.net,AVAILABILITY,domains.list,2021-09-21 08:58:55.315636
www.your-surveys.insightexpressai.com,AVAILABILITY,domains.list,2021-09-21 08:58:56.487948
www.ywadslkhaya.review,AVAILABILITY,domains.list,2021-09-21 08:58:57.773559
www.zbwp6ghm.com,AVAILABILITY,domains.list,2021-09-21 08:58:58.829464
www.zdbb.net,AVAILABILITY,domains.list,2021-09-21 08:58:59.870781
www.zijkalirgmyzj.bid,AVAILABILITY,domains.list,2021-09-21 08:59:00.846180
www.zlp6s.pw,AVAILABILITY,domains.list,2021-09-21 08:59:02.035547
www.zltsivah.bid,AVAILABILITY,domains.list,2021-09-21 08:59:03.156144
www.zxmkvelyft.bid,AVAILABILITY,domains.list,2021-09-21 08:59:04.184101
wwwedurarcom.moengage.com,AVAILABILITY,domains.list,2021-09-21 08:59:05.166906
wwwnext.treasuredata.com,AVAILABILITY,domains.list,2021-09-21 08:59:06.185582
www-s0.revcontent.com,AVAILABILITY,domains.list,2021-09-21 08:59:07.110453
www-s1.revcontent.com,AVAILABILITY,domains.list,2021-09-21 08:59:08.158764
www-s2.revcontent.com,AVAILABILITY,domains.list,2021-09-21 08:59:09.291975
www-s5.revcontent.com,AVAILABILITY,domains.list,2021-09-21 08:59:10.283936
www-s4.revcontent.com,AVAILABILITY,domains.list,2021-09-21 08:59:11.282264
www-s6.revcontent.com,AVAILABILITY,domains.list,2021-09-21 08:59:12.284963
wwww.districtm.io,AVAILABILITY,domains.list,2021-09-21 08:59:13.278685
wwww.rubiconproject.com,AVAILABILITY,domains.list,2021-09-21 08:59:14.326905
wwww.smi2.ru,AVAILABILITY,domains.list,2021-09-21 08:59:17.120121
x1.server.cpmstar.com,AVAILABILITY,domains.list,2021-09-21 09:03:32.624781
x9mzz.ouasflpydty21tf.bapb.gdn,AVAILABILITY,domains.list,2021-09-21 09:03:35.519731
x.domdex.com,AVAILABILITY,domains.list,2021-09-21 09:03:36.548955
x.sokrati.com,AVAILABILITY,domains.list,2021-09-21 09:03:37.550070
xakdtbarkiest.review,AVAILABILITY,domains.list,2021-09-21 09:03:39.388115
xarabcam.moengage.com,AVAILABILITY,domains.list,2021-09-21 09:03:40.337822
xavmcsvas.bid,AVAILABILITY,domains.list,2021-09-21 09:03:41.654923
xawards.hotjar.com,AVAILABILITY,domains.list,2021-09-21 09:03:42.604293
xaxis-emea.mookie1.com,AVAILABILITY,domains.list,2021-09-21 09:03:43.573712
xaxis-it.mookie1.com,AVAILABILITY,domains.list,2021-09-21 09:03:44.461794
x-cart.online.veinteractive.com,AVAILABILITY,domains.list,2021-09-21 09:03:45.450058
xcelwetsuits.btttag.com,AVAILABILITY,domains.list,2021-09-21 09:03:50.717226
x-click.g2afse.com,AVAILABILITY,domains.list,2021-09-21 09:03:51.735646
xe2jlmuyam.mentalist.kameleoon.com,AVAILABILITY,domains.list,2021-09-21 09:03:52.622040
xertivemedia-auto.t.domdex.com,AVAILABILITY,domains.list,2021-09-21 09:03:53.602829
xertivemedia-finance.t.domdex.com,AVAILABILITY,domains.list,2021-09-21 09:03:54.547026
xertive-fooddrink.t.domdex.com,AVAILABILITY,domains.list,2021-09-21 09:03:55.452057
xertivemedia-travel.t.domdex.com,AVAILABILITY,domains.list,2021-09-21 09:03:56.402676
xgvertjtfl.bid,AVAILABILITY,domains.list,2021-09-21 09:03:57.699970
xml.active8ads.com,AVAILABILITY,domains.list,2021-09-21 09:03:58.568507
xml.media.net,AVAILABILITY,domains.list,2021-09-21 09:04:03.864186
xml.rtb2dmg.net,AVAILABILITY,domains.list,2021-09-21 09:04:04.742387
xmlfeed.propellerads.com,AVAILABILITY,domains.list,2021-09-21 09:04:05.810378
xormarketing.org,AVAILABILITY,domains.list,2021-09-21 09:04:12.412006
xp.umeng.com,AVAILABILITY,domains.list,2021-09-21 09:04:13.564355
xplus.adsame.com,AVAILABILITY,domains.list,2021-09-21 09:04:16.162761
xrxdiuijt3.mentalist.kameleoon.com,AVAILABILITY,domains.list,2021-09-21 09:04:17.099933
xsltbfhmda.mentalist.kameleoon.com,AVAILABILITY,domains.list,2021-09-21 09:04:17.979477
xslt.mediaplex.com,AVAILABILITY,domains.list,2021-09-21 09:04:24.348996
xsdk.adkmob.com,AVAILABILITY,domains.list,2021-09-21 09:04:25.350927
xtabtec134.club,AVAILABILITY,domains.list,2021-09-21 09:04:26.695390
xtip-detracksdk-stg.optimove.net,AVAILABILITY,domains.list,2021-09-21 09:04:27.659001
xuvzz.qlvfyxtzjh5.bapb.gdn,AVAILABILITY,domains.list,2021-09-21 09:04:29.559761
xwnzz.lyfd2xzauti9d8p.bapb.gdn,AVAILABILITY,domains.list,2021-09-21 09:04:31.437310
xxxxmedia.admob.com,AVAILABILITY,domains.list,2021-09-21 09:04:32.448923
xyvjknwxwtf.bid,AVAILABILITY,domains.list,2021-09-21 09:04:33.558291
xwuzz.lyfd2xzauti9d8p.bapb.gdn,AVAILABILITY,domains.list,2021-09-21 09:04:35.126561
y5froke4hb.mentalist.kameleoon.com,AVAILABILITY,domains.list,2021-09-21 09:04:36.068440
y5wflt0xibmoufuvsayg1efy80yq0ystkjncf76cqm.com,AVAILABILITY,domains.list,2021-09-21 09:04:37.024450
y6hzz.qlvfyxtzjh5.bapb.gdn,AVAILABILITY,domains.list,2021-09-21 09:04:38.426675
y.analytics.yahoo.com,AVAILABILITY,domains.list,2021-09-21 09:04:39.334227
yahoo.aws.rubiconproject.com,AVAILABILITY,domains.list,2021-09-21 09:04:40.239590
yahoo-d.openx.net,AVAILABILITY,domains.list,2021-09-21 09:04:41.164727
yahoode-d.openx.net,AVAILABILITY,domains.list,2021-09-21 09:04:42.127112
yampapi-prod.flurry.com,AVAILABILITY,domains.list,2021-09-21 09:04:42.991048
yashin.alphonso.tv,AVAILABILITY,domains.list,2021-09-21 09:04:43.956402
yax-rtb-fkb-2.connexity.net,AVAILABILITY,domains.list,2021-09-21 09:04:44.882558
ybgatobvsn.mentalist.kameleoon.com,AVAILABILITY,domains.list,2021-09-21 09:04:45.789260
ycrddylulb.mentalist.kameleoon.com,AVAILABILITY,domains.list,2021-09-21 09:04:46.705908
yeahmobi.wallpaper-sp.com,AVAILABILITY,domains.list,2021-09-21 09:04:47.588741
yellow.soju.openx.net,AVAILABILITY,domains.list,2021-09-21 09:04:48.583136
ygdigital-d.openx.net,AVAILABILITY,domains.list,2021-09-21 09:04:49.519984
yibada-d.openx.net,AVAILABILITY,domains.list,2021-09-21 09:04:50.444588
yi0zz.ouasflpydty21tf.bapb.gdn,AVAILABILITY,domains.list,2021-09-21 09:04:51.852352
yicai.adsame.com,AVAILABILITY,domains.list,2021-09-21 09:04:57.822351
yjp.kissmetrics.com,AVAILABILITY,domains.list,2021-09-21 09:04:58.681630
ykyvx3va7n.mentalist.kameleoon.com,AVAILABILITY,domains.list,2021-09-21 09:04:59.495825
ync.teads.tv,AVAILABILITY,domains.list,2021-09-21 09:05:00.405306
ynozz.jvfup3byv.bapb.gdn,AVAILABILITY,domains.list,2021-09-21 09:05:02.000137
yobee-d.openx.net,AVAILABILITY,domains.list,2021-09-21 09:05:02.909565
yogaaccessories.btttag.com,AVAILABILITY,domains.list,2021-09-21 09:05:03.789982
yogadirect.btttag.com,AVAILABILITY,domains.list,2021-09-21 09:05:08.649156
yogadirectuk.btttag.com,AVAILABILITY,domains.list,2021-09-21 09:05:09.516001
yoda.internal.media.net,AVAILABILITY,domains.list,2021-09-21 09:05:46.329288
youcontentmedia.t.domdex.com,AVAILABILITY,domains.list,2021-09-21 09:05:47.196950
youtrack.internal.connatix.com,AVAILABILITY,domains.list,2021-09-21 09:05:48.197307
youtrack-ue2.internal.connatix.com,AVAILABILITY,domains.list,2021-09-21 09:05:49.138733
ysbzz.ouasflpydty21tf.bapb.gdn,AVAILABILITY,domains.list,2021-09-21 09:05:57.274524
ytechweb.moengage.com,AVAILABILITY,domains.list,2021-09-21 09:05:58.288789
ytjrvxuhuv.mentalist.kameleoon.com,AVAILABILITY,domains.list,2021-09-21 09:05:59.187787
yu.datafirst.io,AVAILABILITY,domains.list,2021-09-21 09:06:06.521089
yul-delivery-6.sys.adgear.com,AVAILABILITY,domains.list,2021-09-21 09:06:07.955557
yumore.g2afse.com,AVAILABILITY,domains.list,2021-09-21 09:06:09.004525
ywadslkhaya.review,AVAILABILITY,domains.list,2021-09-21 09:06:10.390228
yunyi.talk.igexin.com,AVAILABILITY,domains.list,2021-09-21 09:06:17.608229
yxghudjm.net,AVAILABILITY,domains.list,2021-09-21 09:06:18.521994
z2.mookie1.com,AVAILABILITY,domains.list,2021-09-21 09:06:19.449069
z3vzz.ouasflpydty21tf.bapb.gdn,AVAILABILITY,domains.list,2021-09-21 09:06:21.023117
z3.pd.liveperson.net,AVAILABILITY,domains.list,2021-09-21 09:06:22.070376
z9w.01l.xyz,AVAILABILITY,domains.list,2021-09-21 09:06:23.627599
z.webengage.com,AVAILABILITY,domains.list,2021-09-21 09:06:24.509500
z.supersonicads.com,AVAILABILITY,domains.list,2021-09-21 09:06:25.531732
zales.btttag.com,AVAILABILITY,domains.list,2021-09-21 09:06:26.458531
zales.activate.ensighten.com,AVAILABILITY,domains.list,2021-09-21 09:06:27.374616
zap2.mookie1.com,AVAILABILITY,domains.list,2021-09-21 09:06:28.247953
zap.mookie1.com,AVAILABILITY,domains.list,2021-09-21 09:06:29.256558
zapcoupons-shopping.t.domdex.com,AVAILABILITY,domains.list,2021-09-21 09:06:30.163735
zealot-artsentertainment.t.domdex.com,AVAILABILITY,domains.list,2021-09-21 09:06:31.167501
zealot-homegarden.t.domdex.com,AVAILABILITY,domains.list,2021-09-21 09:06:32.029101
zealot-sports.t.domdex.com,AVAILABILITY,domains.list,2021-09-21 09:06:32.942366
zeight.g2afse.com,AVAILABILITY,domains.list,2021-09-21 09:06:33.955811
zephyr-digital-d.openx.net,AVAILABILITY,domains.list,2021-09-21 09:06:34.872200
zeppelin.nj3.amobee.com,AVAILABILITY,domains.list,2021-09-21 09:06:36.162862
zhan.cnzz.com,AVAILABILITY,domains.list,2021-09-21 09:06:37.388954
zeus.ad.intl.xiaomi.com,AVAILABILITY,domains.list,2021-09-21 09:06:43.421794
zh-cn.statcounter.com,AVAILABILITY,domains.list,2021-09-21 09:06:44.333174
zh-tw.statcounter.com,AVAILABILITY,domains.list,2021-09-21 09:06:45.266119
zico.alphonso.tv,AVAILABILITY,domains.list,2021-09-21 09:06:46.213990
zijkalirgmyzj.bid,AVAILABILITY,domains.list,2021-09-21 09:06:47.265902
zina.flurry.com,AVAILABILITY,domains.list,2021-09-21 09:06:48.242071
zltsivah.bid,AVAILABILITY,domains.list,2021-09-21 09:06:49.474001
zjh.adsame.com,AVAILABILITY,domains.list,2021-09-21 09:06:52.709670
zmqzz.jmojh8fc6x.bapb.gdn,AVAILABILITY,domains.list,2021-09-21 09:06:54.437839
zodiak-d.openx.net,AVAILABILITY,domains.list,2021-09-21 09:06:55.479063
zp2zz.6hqk9cjhg.bapb.gdn,AVAILABILITY,domains.list,2021-09-21 09:06:57.121919
zsdcmedia.adsame.com,AVAILABILITY,domains.list,2021-09-21 09:07:03.237944
zulip.dynamicyield.com,AVAILABILITY,domains.list,2021-09-21 09:07:04.318173
zxmkvelyft.bid,AVAILABILITY,domains.list,2021-09-21 09:07:05.448297
zyngainc-d.openx.net,AVAILABILITY,domains.list,2021-09-21 09:07:06.305375
0o4vyd7cqp.mentalist.kameleoon.com,AVAILABILITY,domains.list,2021-09-21 09:07:07.245027
0qkt6um309.mentalist.kameleoon.com,AVAILABILITY,domains.list,2021-09-21 09:07:08.152736
0sfzz.ouasflpydty21tf.bapb.gdn,AVAILABILITY,domains.list,2021-09-21 09:07:14.590349
01.bind-gateway.nym2.appnexus.com,AVAILABILITY,domains.list,2021-09-21 09:07:15.782739
01.bitdefender.nym2.appnexus.com,AVAILABILITY,domains.list,2021-09-21 09:07:16.778489
01.bsg-coupa-prod.nym2.appnexus.com,AVAILABILITY,domains.list,2021-09-21 09:07:17.971843
01.auth.fra1.appnexus.com,AVAILABILITY,domains.list,2021-09-21 09:07:19.208090
01.bsg-coupa-sand.nym2.appnexus.com,AVAILABILITY,domains.list,2021-09-21 09:07:20.456534
01.catchpoint.sin1.appnexus.com,AVAILABILITY,domains.list,2021-09-21 09:07:21.820573
01.credentials-api.fra1.appnexus.com,AVAILABILITY,domains.list,2021-09-21 09:07:22.993619
01.credentials-api.ams1.appnexus.com,AVAILABILITY,domains.list,2021-09-21 09:07:24.160519
01.credentials-api.nym2.appnexus.com,AVAILABILITY,domains.list,2021-09-21 09:07:25.265438
01.credentials-api.lax1.appnexus.com,AVAILABILITY,domains.list,2021-09-21 09:07:26.444697
01.credentials-api.sin1.appnexus.com,AVAILABILITY,domains.list,2021-09-21 09:07:27.476496
01.esxi-host.sin1.appnexus.com,AVAILABILITY,domains.list,2021-09-21 09:07:28.489029
01.jevans-sand.ams1.appnexus.com,AVAILABILITY,domains.list,2021-09-21 09:07:29.482552
01.kdc.sin1.appnexus.com,AVAILABILITY,domains.list,2021-09-21 09:07:30.753777
01.lg.nrt1.appnexus.com,AVAILABILITY,domains.list,2021-09-21 09:07:32.100690
01.krbize.sin1.appnexus.com,AVAILABILITY,domains.list,2021-09-21 09:07:33.116429
01.monitoring-corp.lax1.appnexus.com,AVAILABILITY,domains.list,2021-09-21 09:07:34.261338
01.oas-techwiki.nym2.appnexus.com,AVAILABILITY,domains.list,2021-09-21 09:07:35.324248
01.monsiteagent.mgmt.lax1.appnexus.com,AVAILABILITY,domains.list,2021-09-21 09:07:36.304089
01.pbx-sand.nym2.appnexus.com,AVAILABILITY,domains.list,2021-09-21 09:07:37.273217
01.lg.sin1.appnexus.com,AVAILABILITY,domains.list,2021-09-21 09:07:38.479282
01.podcast.nym2.appnexus.com,AVAILABILITY,domains.list,2021-09-21 09:07:39.578272
01.vidyo-p.nyc2.appnexus.com,AVAILABILITY,domains.list,2021-09-21 09:07:40.791182
01.vidyo-stream-proxy.nym2.appnexus.com,AVAILABILITY,domains.list,2021-09-21 09:07:41.898488
01.webproxy.nym2.appnexus.com,AVAILABILITY,domains.list,2021-09-21 09:07:43.008664
01.webproxy.ams1.appnexus.com,AVAILABILITY,domains.list,2021-09-21 09:07:44.228967
01.webproxy.sin1.appnexus.com,AVAILABILITY,domains.list,2021-09-21 09:07:45.380308
01.xmpp.lax1.appnexus.com,AVAILABILITY,domains.list,2021-09-21 09:07:46.739665
1ad-rocks.go2affise.com,AVAILABILITY,domains.list,2021-09-21 09:07:47.814527
01.webproxy.lax1.appnexus.com,AVAILABILITY,domains.list,2021-09-21 09:07:48.777370
01-exch-lax1.ad.corp.appnexus.com,AVAILABILITY,domains.list,2021-09-21 09:08:03.254105
1faax-us-east.amazon-adsystem.com,AVAILABILITY,domains.list,2021-09-21 09:08:04.171127
01-exch-nym2.ad.corp.appnexus.com,AVAILABILITY,domains.list,2021-09-21 09:08:08.448496
02.bind-gateway.nym2.appnexus.com,AVAILABILITY,domains.list,2021-09-21 09:08:09.621347
02.catchpoint.sin1.appnexus.com,AVAILABILITY,domains.list,2021-09-21 09:08:14.782998
02.stab.nym2.appnexus.com,AVAILABILITY,domains.list,2021-09-21 09:08:15.946637
02.xmpp.nym2.appnexus.com,AVAILABILITY,domains.list,2021-09-21 09:08:16.956909
2a86.v.fwmrm.net,AVAILABILITY,domains.list,2021-09-21 09:08:18.003042
01-winserv.test.corp.appnexus.com,AVAILABILITY,domains.list,2021-09-21 09:08:31.704468
01-dc-nym1.test.corp.appnexus.com,AVAILABILITY,domains.list,2021-09-21 09:08:45.676011
2cd63.v.fwmrm.net,AVAILABILITY,domains.list,2021-09-21 09:08:46.562962
2cd5c.v.fwmrm.net,AVAILABILITY,domains.list,2021-09-21 09:08:47.516375
01-exchange.test.corp.appnexus.com,AVAILABILITY,domains.list,2021-09-21 09:09:00.432633
2d37.v.fwmrm.net,AVAILABILITY,domains.list,2021-09-21 09:09:01.338130
2df7d.v.fwmrm.net,AVAILABILITY,domains.list,2021-09-21 09:09:02.209078
2dfx7e.v.fwmrm.net,AVAILABILITY,domains.list,2021-09-21 09:09:03.097938
2e33b7c9.mpstat.us,AVAILABILITY,domains.list,2021-09-21 09:09:04.132693
2e33b7ca.mpstat.us,AVAILABILITY,domains.list,2021-09-21 09:09:05.194643
2df7f.v.fwmrm.net,AVAILABILITY,domains.list,2021-09-21 09:09:06.101104
2e33b7cf.mpstat.us,AVAILABILITY,domains.list,2021-09-21 09:09:07.071905
2e71d.v.fwmrm.net,AVAILABILITY,domains.list,2021-09-21 09:09:07.908779
2e33b7d3.mpstat.us,AVAILABILITY,domains.list,2021-09-21 09:09:08.897713
2o.facebook-info.co,AVAILABILITY,domains.list,2021-09-21 09:09:09.848737
2tazz.lyfd2xzauti9d8p.bapb.gdn,AVAILABILITY,domains.list,2021-09-21 09:09:11.321090
2we41ywpey.mentalist.kameleoon.com,AVAILABILITY,domains.list,2021-09-21 09:09:12.225756
02y7m1at09.mentalist.kameleoon.com,AVAILABILITY,domains.list,2021-09-21 09:09:13.104035
2xrzz.lyfd2xzauti9d8p.bapb.gdn,AVAILABILITY,domains.list,2021-09-21 09:09:14.339026
03.corpwiki.nym2.appnexus.com,AVAILABILITY,domains.list,2021-09-21 09:09:15.309660
02-exchange.test.corp.appnexus.com,AVAILABILITY,domains.list,2021-09-21 09:09:27.466612
03.zimbra.nym2.appnexus.com,AVAILABILITY,domains.list,2021-09-21 09:09:28.436040
2z3.vawdcurticate.review,AVAILABILITY,domains.list,2021-09-21 09:09:29.284359
3a484.v.fwmrm.net,AVAILABILITY,domains.list,2021-09-21 09:09:30.179937
3kn4ekvh6t.mentalist.kameleoon.com,AVAILABILITY,domains.list,2021-09-21 09:09:31.048517
3k4hppja.stream,AVAILABILITY,domains.list,2021-09-21 09:09:32.419963
3m.anarchy99.info,AVAILABILITY,domains.list,2021-09-21 09:09:33.723733
3-pxl-rtg.today,AVAILABILITY,domains.list,2021-09-21 09:09:34.893526
3qdigital.adlegend.com,AVAILABILITY,domains.list,2021-09-21 09:09:35.725464
3sp7pj0q0s.mentalist.kameleoon.com,AVAILABILITY,domains.list,2021-09-21 09:09:36.599161
3y6wkio4ih.mentalist.kameleoon.com,AVAILABILITY,domains.list,2021-09-21 09:09:37.446198
3zunfmr5bf.mentalist.kameleoon.com,AVAILABILITY,domains.list,2021-09-21 09:09:38.269060
4alzz.ouasflpydty21tf.bapb.gdn,AVAILABILITY,domains.list,2021-09-21 09:09:39.402849
4eokxha0ov.mentalist.kameleoon.com,AVAILABILITY,domains.list,2021-09-21 09:09:40.270231
4kczz.lyfd2xzauti9d8p.bapb.gdn,AVAILABILITY,domains.list,2021-09-21 09:09:41.351812
3pas.brightroll.com,AVAILABILITY,domains.list,2021-09-21 09:09:45.638645
4oz2rj6t.site,AVAILABILITY,domains.list,2021-09-21 09:09:46.959706
05.obs-worker.lax1.appnexus.com,AVAILABILITY,domains.list,2021-09-21 09:09:48.054646
4qu6tdnxqz.mentalist.kameleoon.com,AVAILABILITY,domains.list,2021-09-21 09:09:48.982199
5be16.v.fwmrm.net,AVAILABILITY,domains.list,2021-09-21 09:09:49.983069
5c6f2.v.fwmrm.net,AVAILABILITY,domains.list,2021-09-21 09:09:50.912803
5c94f.v.fwmrm.net,AVAILABILITY,domains.list,2021-09-21 09:09:51.945092
5c318.v.fwmrm.net,AVAILABILITY,domains.list,2021-09-21 09:09:52.822293
5cdf.spidermobi.com,AVAILABILITY,domains.list,2021-09-21 09:09:53.772632
5cc91.v.fwmrm.net,AVAILABILITY,domains.list,2021-09-21 09:09:54.695356
5ca90.v.fwmrm.net,AVAILABILITY,domains.list,2021-09-21 09:09:55.637804
5d0dd.v.fwmrm.net,AVAILABILITY,domains.list,2021-09-21 09:09:56.563935
5d7df.v.fwmrm.net,AVAILABILITY,domains.list,2021-09-21 09:09:57.521880
5d7e0.v.fwmrm.net,AVAILABILITY,domains.list,2021-09-21 09:09:58.491419
5d08a.v.fwmrm.net,AVAILABILITY,domains.list,2021-09-21 09:09:59.509509
5d7e0.s.fwmrm.net,AVAILABILITY,domains.list,2021-09-21 09:10:00.528148
5d427.v.fwmrm.net,AVAILABILITY,domains.list,2021-09-21 09:10:01.494009
5d538.v.fwmrm.net,AVAILABILITY,domains.list,2021-09-21 09:10:02.480481
5d538.s.fwmrm.net,AVAILABILITY,domains.list,2021-09-21 09:10:03.397201
5d695.s.fwmrm.net,AVAILABILITY,domains.list,2021-09-21 09:10:04.411256
5d926.v.fwmrm.net,AVAILABILITY,domains.list,2021-09-21 09:10:05.411768
5f95b.v.fwmrm.net,AVAILABILITY,domains.list,2021-09-21 09:10:06.351963
5f456.v.fwmrm.net,AVAILABILITY,domains.list,2021-09-21 09:10:07.331825
5fc45.v.fwmrm.net,AVAILABILITY,domains.list,2021-09-21 09:10:08.356211
5fc45.s.fwmrm.net,AVAILABILITY,domains.list,2021-09-21 09:10:09.265977
5ff08.v.fwmrm.net,AVAILABILITY,domains.list,2021-09-21 09:10:10.282035
5gl11nopp7.mentalist.kameleoon.com,AVAILABILITY,domains.list,2021-09-21 09:10:11.138771
5kc64lkuuc.mentalist.kameleoon.com,AVAILABILITY,domains.list,2021-09-21 09:10:12.042381
5lgzz.ouasflpydty21tf.bapb.gdn,AVAILABILITY,domains.list,2021-09-21 09:10:13.946778
5v7n0xxzxq.mentalist.kameleoon.com,AVAILABILITY,domains.list,2021-09-21 09:10:14.848987
5p8zz.lyfd2xzauti9d8p.bapb.gdn,AVAILABILITY,domains.list,2021-09-21 09:10:16.171828
6b16e907.mpstat.us,AVAILABILITY,domains.list,2021-09-21 09:10:17.318195
6b148a64.mpstat.us,AVAILABILITY,domains.list,2021-09-21 09:10:18.515810
6b148a22.mpstat.us,AVAILABILITY,domains.list,2021-09-21 09:10:19.766101
6b148a70.mpstat.us,AVAILABILITY,domains.list,2021-09-21 09:10:20.881254
6b148a80.mpstat.us,AVAILABILITY,domains.list,2021-09-21 09:10:21.955367
6cc2473.mpstat.us,AVAILABILITY,domains.list,2021-09-21 09:10:22.949727
6dm9krzf9y.mentalist.kameleoon.com,AVAILABILITY,domains.list,2021-09-21 09:10:23.945203
6idzz.ouasflpydty21tf.bapb.gdn,AVAILABILITY,domains.list,2021-09-21 09:10:25.704931
6n6zz.lyfd2xzauti9d8p.bapb.gdn,AVAILABILITY,domains.list,2021-09-21 09:10:27.084728
6ojzmr0ou5.mentalist.kameleoon.com,AVAILABILITY,domains.list,2021-09-21 09:10:27.936721
07.git.nym2.appnexus.com,AVAILABILITY,domains.list,2021-09-21 09:10:29.073892
6ywzz.6hqk9cjhg.bapb.gdn,AVAILABILITY,domains.list,2021-09-21 09:10:30.444596
7boxencq60.mentalist.kameleoon.com,AVAILABILITY,domains.list,2021-09-21 09:10:31.408872
7cnzz.ymaqdv.bapb.gdn,AVAILABILITY,domains.list,2021-09-21 09:10:32.521950
7c9ea.v.fwmrm.net,AVAILABILITY,domains.list,2021-09-21 09:10:33.466121
7ji60sigg5.mentalist.kameleoon.com,AVAILABILITY,domains.list,2021-09-21 09:10:34.414509
7ljifo1v80.mentalist.kameleoon.com,AVAILABILITY,domains.list,2021-09-21 09:10:35.421658
7pdynr4fwl.mentalist.kameleoon.com,AVAILABILITY,domains.list,2021-09-21 09:10:36.367593
7tyzz.lyfd2xzauti9d8p.bapb.gdn,AVAILABILITY,domains.list,2021-09-21 09:10:39.403038
8dazz.ouasflpydty21tf.bapb.gdn,AVAILABILITY,domains.list,2021-09-21 09:10:40.472674
7y4c.01l.xyz,AVAILABILITY,domains.list,2021-09-21 09:10:41.951066
8elopz4t8t.mentalist.kameleoon.com,AVAILABILITY,domains.list,2021-09-21 09:10:42.850014
8fpqr1x6b9.mentalist.kameleoon.com,AVAILABILITY,domains.list,2021-09-21 09:10:43.765169
8j7wkj97db.mentalist.kameleoon.com,AVAILABILITY,domains.list,2021-09-21 09:10:44.723201
8uhzz.6hqk9cjhg.bapb.gdn,AVAILABILITY,domains.list,2021-09-21 09:10:46.460173
8xvh5dzspx.mentalist.kameleoon.com,AVAILABILITY,domains.list,2021-09-21 09:10:47.384728
8iaxbnbk.accountant,AVAILABILITY,domains.list,2021-09-21 09:10:49.888416
9cf9.v.fwmrm.net,AVAILABILITY,domains.list,2021-09-21 09:10:50.821419
9idzz.lyfd2xzauti9d8p.bapb.gdn,AVAILABILITY,domains.list,2021-09-21 09:10:52.786229
9cf9c.v.fwmrm.net,AVAILABILITY,domains.list,2021-09-21 09:10:53.841012
9j.facebook-info.co,AVAILABILITY,domains.list,2021-09-21 09:10:54.802390
11lmt6lnrr.mentalist.kameleoon.com,AVAILABILITY,domains.list,2021-09-21 09:10:55.777225
02-dc-lax1.test.corp.appnexus.com,AVAILABILITY,domains.list,2021-09-21 09:11:08.382201
012.2o7.net,AVAILABILITY,domains.list,2021-09-21 09:11:09.312364
16dcc.v.fwmrm.net,AVAILABILITY,domains.list,2021-09-21 09:11:13.942970
22fa047d.mpstat.us,AVAILABILITY,domains.list,2021-09-21 09:11:15.106513
22f887c5.mpstat.us,AVAILABILITY,domains.list,2021-09-21 09:11:16.146388
22f9d241.mpstat.us,AVAILABILITY,domains.list,2021-09-21 09:11:17.558835
28dzz.lyfd2xzauti9d8p.bapb.gdn,AVAILABILITY,domains.list,2021-09-21 09:11:18.593098
33across.t.domdex.com,AVAILABILITY,domains.list,2021-09-21 09:11:19.543842
22xsd.tk,AVAILABILITY,domains.list,2021-09-21 09:11:24.890630
36a3fe4a.mpstat.us,AVAILABILITY,domains.list,2021-09-21 09:11:25.991780
36a3fe4a.go-mpulse.net,AVAILABILITY,domains.list,2021-09-21 09:11:27.432693
36a3fec2.go-mpulse.net,AVAILABILITY,domains.list,2021-09-21 09:11:28.590044
22faeae5.mpstat.us,AVAILABILITY,domains.list,2021-09-21 09:11:29.672536
36a3fec2.mpstat.us,AVAILABILITY,domains.list,2021-09-21 09:11:30.711698
36c3f470.mpstat.us,AVAILABILITY,domains.list,2021-09-21 09:11:31.820326
36c3f6db.mpstat.us,AVAILABILITY,domains.list,2021-09-21 09:11:32.932728
36c3f725.mpstat.us,AVAILABILITY,domains.list,2021-09-21 09:11:34.134369
36c3f705.mpstat.us,AVAILABILITY,domains.list,2021-09-21 09:11:35.303787
36c3feee.mpstat.us,AVAILABILITY,domains.list,2021-09-21 09:11:36.313420
36c3feec.mpstat.us,AVAILABILITY,domains.list,2021-09-21 09:11:37.390704
36c3fef2.mpstat.us,AVAILABILITY,domains.list,2021-09-21 09:11:38.474667
36cc2a1c.mpstat.us,AVAILABILITY,domains.list,2021-09-21 09:11:39.680655
36cc2a2a.mpstat.us,AVAILABILITY,domains.list,2021-09-21 09:11:40.802073
36c3ff8f.mpstat.us,AVAILABILITY,domains.list,2021-09-21 09:11:41.832901
36cc2a2e.mpstat.us,AVAILABILITY,domains.list,2021-09-21 09:11:42.973544
36cc246a.go-mpulse.net,AVAILABILITY,domains.list,2021-09-21 09:11:44.498089
36cc248a.mpstat.us,AVAILABILITY,domains.list,2021-09-21 09:11:45.521858
36cc246a.mpstat.us,AVAILABILITY,domains.list,2021-09-21 09:11:46.405634
36cc206a.mpstat.us,AVAILABILITY,domains.list,2021-09-21 09:11:47.468190
36cc259d.mpstat.us,AVAILABILITY,domains.list,2021-09-21 09:11:48.685212
36cc248b.mpstat.us,AVAILABILITY,domains.list,2021-09-21 09:11:49.714025
36cc2473.mpstat.us,AVAILABILITY,domains.list,2021-09-21 09:11:50.766679
36cc2473.go-mpulse.net,AVAILABILITY,domains.list,2021-09-21 09:11:51.828265
36d7107f.mpstat.us,AVAILABILITY,domains.list,2021-09-21 09:11:52.958609
36d71034.mpstat.us,AVAILABILITY,domains.list,2021-09-21 09:11:54.121184
36d71176.go-mpulse.net,AVAILABILITY,domains.list,2021-09-21 09:11:55.155864
36d71138.mpstat.us,AVAILABILITY,domains.list,2021-09-21 09:11:56.145779
36d71176.mpstat.us,AVAILABILITY,domains.list,2021-09-21 09:11:57.176770
36e4f0de.mpstat.us,AVAILABILITY,domains.list,2021-09-21 09:11:58.248508
36d71194.mpstat.us,AVAILABILITY,domains.list,2021-09-21 09:11:59.385808
36e4f0eb.mpstat.us,AVAILABILITY,domains.list,2021-09-21 09:12:00.371425
36e4f0e6.mpstat.us,AVAILABILITY,domains.list,2021-09-21 09:12:01.398833
36e4f0e7.mpstat.us,AVAILABILITY,domains.list,2021-09-21 09:12:02.637180
36eb551e.mpstat.us,AVAILABILITY,domains.list,2021-09-21 09:12:03.577079
36e4f0e9.mpstat.us,AVAILABILITY,domains.list,2021-09-21 09:12:04.645018
36eb5491.go-mpulse.net,AVAILABILITY,domains.list,2021-09-21 09:12:05.601781
36eb5590.mpstat.us,AVAILABILITY,domains.list,2021-09-21 09:12:06.779900
36eb5491.mpstat.us,AVAILABILITY,domains.list,2021-09-21 09:12:07.896681
36eb557d.mpstat.us,AVAILABILITY,domains.list,2021-09-21 09:12:08.933122
36eb5594.mpstat.us,AVAILABILITY,domains.list,2021-09-21 09:12:10.114927
36eb5555.mpstat.us,AVAILABILITY,domains.list,2021-09-21 09:12:11.153557
36ebc23e.mpstat.us,AVAILABILITY,domains.list,2021-09-21 09:12:12.201540
36ebc1fb.mpstat.us,AVAILABILITY,domains.list,2021-09-21 09:12:13.145071
36ebc202.go-mpulse.net,AVAILABILITY,domains.list,2021-09-21 09:12:14.059893
36ebc234.go-mpulse.net,AVAILABILITY,domains.list,2021-09-21 09:12:15.457448
36ebc233.mpstat.us,AVAILABILITY,domains.list,2021-09-21 09:12:16.455503
36ebc202.mpstat.us,AVAILABILITY,domains.list,2021-09-21 09:12:17.468632
36ebc234.mpstat.us,AVAILABILITY,domains.list,2021-09-21 09:12:18.475621
36f1f08e.go-mpulse.net,AVAILABILITY,domains.list,2021-09-21 09:12:19.517709
36f1f2cc.mpstat.us,AVAILABILITY,domains.list,2021-09-21 09:12:20.772225
36f1f08e.mpstat.us,AVAILABILITY,domains.list,2021-09-21 09:12:22.010261
36f1f23d.go-mpulse.net,AVAILABILITY,domains.list,2021-09-21 09:12:22.930498
36f1f33e.mpstat.us,AVAILABILITY,domains.list,2021-09-21 09:12:24.090826
36f1f23d.mpstat.us,AVAILABILITY,domains.list,2021-09-21 09:12:25.081660
36f1f340.mpstat.us,AVAILABILITY,domains.list,2021-09-21 09:12:26.117994
36f1f344.mpstat.us,AVAILABILITY,domains.list,2021-09-21 09:12:27.184164
36f1f369.mpstat.us,AVAILABILITY,domains.list,2021-09-21 09:12:28.334140
36f11e49.go-mpulse.net,AVAILABILITY,domains.list,2021-09-21 09:12:29.505718
36f11e2c.go-mpulse.net,AVAILABILITY,domains.list,2021-09-21 09:12:31.107538
36f10ff3.mpstat.us,AVAILABILITY,domains.list,2021-09-21 09:12:32.210615
36f11e95.go-mpulse.net,AVAILABILITY,domains.list,2021-09-21 09:12:33.373514
36f11e2c.mpstat.us,AVAILABILITY,domains.list,2021-09-21 09:12:34.564192
36f11e95.mpstat.us,AVAILABILITY,domains.list,2021-09-21 09:12:35.711222
36f11e49.mpstat.us,AVAILABILITY,domains.list,2021-09-21 09:12:36.720378
36f111f7.mpstat.us,AVAILABILITY,domains.list,2021-09-21 09:12:37.734871
36f111f4.mpstat.us,AVAILABILITY,domains.list,2021-09-21 09:12:38.853818
36f10709.mpstat.us,AVAILABILITY,domains.list,2021-09-21 09:12:39.962178
36f1082f.mpstat.us,AVAILABILITY,domains.list,2021-09-21 09:12:41.077445
36f10833.mpstat.us,AVAILABILITY,domains.list,2021-09-21 09:12:42.092734
36f11200.mpstat.us,AVAILABILITY,domains.list,2021-09-21 09:12:43.108065
36f10834.mpstat.us,AVAILABILITY,domains.list,2021-09-21 09:12:44.140687
36fb6d09.mpstat.us,AVAILABILITY,domains.list,2021-09-21 09:12:45.168667
36fb6d10.go-mpulse.net,AVAILABILITY,domains.list,2021-09-21 09:12:46.277024
36f11203.mpstat.us,AVAILABILITY,domains.list,2021-09-21 09:12:47.388945
36fb61a9.mpstat.us,AVAILABILITY,domains.list,2021-09-21 09:12:48.387988
36fb6d10.mpstat.us,AVAILABILITY,domains.list,2021-09-21 09:12:49.359374
36fb61b5.mpstat.us,AVAILABILITY,domains.list,2021-09-21 09:12:50.411781
36fb61b0.mpstat.us,AVAILABILITY,domains.list,2021-09-21 09:12:51.398574
36fb68c2.mpstat.us,AVAILABILITY,domains.list,2021-09-21 09:12:52.385531
36fb6d09.go-mpulse.net,AVAILABILITY,domains.list,2021-09-21 09:12:53.448064
36fb78d5.mpstat.us,AVAILABILITY,domains.list,2021-09-21 09:12:54.465737
36fb78dc.mpstat.us,AVAILABILITY,domains.list,2021-09-21 09:12:55.447898
36fb78d7.mpstat.us,AVAILABILITY,domains.list,2021-09-21 09:12:56.675437
36fb619d.mpstat.us,AVAILABILITY,domains.list,2021-09-21 09:12:57.666865
36fb6319.mpstat.us,AVAILABILITY,domains.list,2021-09-21 09:12:58.880472
36fecd6d.mpstat.us,AVAILABILITY,domains.list,2021-09-21 09:12:59.923701
36fecd36.mpstat.us,AVAILABILITY,domains.list,2021-09-21 09:13:01.065378
36fecd98.mpstat.us,AVAILABILITY,domains.list,2021-09-21 09:13:02.167650
36fb607e.mpstat.us,AVAILABILITY,domains.list,2021-09-21 09:13:03.339017
42.demdex.net,AVAILABILITY,domains.list,2021-09-21 09:13:04.274931
44a1d7dxyp.mentalist.kameleoon.com,AVAILABILITY,domains.list,2021-09-21 09:13:05.252442
36fea28a.mpstat.us,AVAILABILITY,domains.list,2021-09-21 09:13:06.309646
49bc.rubiconproject.com,AVAILABILITY,domains.list,2021-09-21 09:13:07.387029
048-hld-130.mktoresp.com,AVAILABILITY,domains.list,2021-09-21 09:13:08.563199
73au81v1yu.mentalist.kameleoon.com,AVAILABILITY,domains.list,2021-09-21 09:13:09.509836
77gqj0fih3.mentalist.kameleoon.com,AVAILABILITY,domains.list,2021-09-21 09:13:10.455768
84hcszqguv.mentalist.kameleoon.com,AVAILABILITY,domains.list,2021-09-21 09:13:11.327049
99shopez16.club,AVAILABILITY,domains.list,2021-09-21 09:13:12.506919
83d5.v.fwmrm.net,AVAILABILITY,domains.list,2021-09-21 09:13:13.574807
165a4.v.fwmrm.net,AVAILABILITY,domains.list,2021-09-21 09:13:14.487568
165a7.v.fwmrm.net,AVAILABILITY,domains.list,2021-09-21 09:13:15.481357
184-euo-350.mktoresp.com,AVAILABILITY,domains.list,2021-09-21 09:13:17.022628
192d6.v.fwmrm.net,AVAILABILITY,domains.list,2021-09-21 09:13:18.049131
301digitalmedia-auto.t.domdex.com,AVAILABILITY,domains.list,2021-09-21 09:13:19.030184
301digitalmedia-uncategorized.t.domdex.com,AVAILABILITY,domains.list,2021-09-21 09:13:19.977465
234ac.v.fwmrm.net,AVAILABILITY,domains.list,2021-09-21 09:13:20.933373
331x7q8yy8.mentalist.kameleoon.com,AVAILABILITY,domains.list,2021-09-21 09:13:21.886853
364bf5fe.go-mpulse.net,AVAILABILITY,domains.list,2021-09-21 09:13:23.101884
364bf5fa.mpstat.us,AVAILABILITY,domains.list,2021-09-21 09:13:24.005889
364bf6be.mpstat.us,AVAILABILITY,domains.list,2021-09-21 09:13:25.049221
364bf5fe.mpstat.us,AVAILABILITY,domains.list,2021-09-21 09:13:26.195161
364bf52c.go-mpulse.net,AVAILABILITY,domains.list,2021-09-21 09:13:27.424615
364bf6cc.mpstat.us,AVAILABILITY,domains.list,2021-09-21 09:13:28.580515
364bf52c.mpstat.us,AVAILABILITY,domains.list,2021-09-21 09:13:29.638901
364bf52e.go-mpulse.net,AVAILABILITY,domains.list,2021-09-21 09:13:30.766655
364bf52d.go-mpulse.net,AVAILABILITY,domains.list,2021-09-21 09:13:31.846569
364bf52e.mpstat.us,AVAILABILITY,domains.list,2021-09-21 09:13:32.962466
364bf52d.mpstat.us,AVAILABILITY,domains.list,2021-09-21 09:13:34.096555
364bf73e.mpstat.us,AVAILABILITY,domains.list,2021-09-21 09:13:35.229892
543a59efcb54e.adzmedia.com,AVAILABILITY,domains.list,2021-09-21 09:13:36.326512
385-xnb-580.mktoresp.com,AVAILABILITY,domains.list,2021-09-21 09:13:37.392666
543a59efcb515.adzmedia.com,AVAILABILITY,domains.list,2021-09-21 09:13:38.347878
543b67c4a7d46.adzmedia.com,AVAILABILITY,domains.list,2021-09-21 09:13:39.286861
543ff4fa47f19.adzmedia.com,AVAILABILITY,domains.list,2021-09-21 09:13:40.260315
543ff4fa47ede.adzmedia.com,AVAILABILITY,domains.list,2021-09-21 09:13:41.249666
575a1bd43cde61524bc016dc007e0f168b7672a8.juicyads.com,AVAILABILITY,domains.list,2021-09-21 09:13:42.273422
606ca.v.fwmrm.net,AVAILABILITY,domains.list,2021-09-21 09:13:43.138633
602da.v.fwmrm.net,AVAILABILITY,domains.list,2021-09-21 09:13:44.071606
736p3eoxzr.mentalist.kameleoon.com,AVAILABILITY,domains.list,2021-09-21 09:13:44.972342
881.engine.mobileapptracking.com,AVAILABILITY,domains.list,2021-09-21 09:13:45.981298
883.engine.mobileapptracking.com,AVAILABILITY,domains.list,2021-09-21 09:13:46.972027
885.engine.mobileapptracking.com,AVAILABILITY,domains.list,2021-09-21 09:13:47.988215
1061.engine.mobileapptracking.com,AVAILABILITY,domains.list,2021-09-21 09:13:48.961875
1075.engine.mobileapptracking.com,AVAILABILITY,domains.list,2021-09-21 09:13:49.986833
943.engine.mobileapptracking.com,AVAILABILITY,domains.list,2021-09-21 09:13:50.904778
1375.engine.mobileapptracking.com,AVAILABILITY,domains.list,2021-09-21 09:13:51.827172
1546a.v.fwmrm.net,AVAILABILITY,domains.list,2021-09-21 09:13:52.866552
1462b.v.fwmrm.net,AVAILABILITY,domains.list,2021-09-21 09:13:53.816957
1666.engine.mobileapptracking.com,AVAILABILITY,domains.list,2021-09-21 09:13:54.801248
1671.engine.mobileapptracking.com,AVAILABILITY,domains.list,2021-09-21 09:13:55.767839
1735.engine.mobileapptracking.com,AVAILABILITY,domains.list,2021-09-21 09:13:56.717680
1693.engine.mobileapptracking.com,AVAILABILITY,domains.list,2021-09-21 09:13:57.697493
1546a.s.fwmrm.net,AVAILABILITY,domains.list,2021-09-21 09:13:58.696872
1803.engine.mobileapptracking.com,AVAILABILITY,domains.list,2021-09-21 09:13:59.594756
1800petmeds.adlegend.com,AVAILABILITY,domains.list,2021-09-21 09:14:00.570056
1835.engine.mobileapptracking.com,AVAILABILITY,domains.list,2021-09-21 09:14:01.536590
2191.engine.mobileapptracking.com,AVAILABILITY,domains.list,2021-09-21 09:14:02.556459
2412.engine.mobileapptracking.com,AVAILABILITY,domains.list,2021-09-21 09:14:03.618951
2901.btrll.com,AVAILABILITY,domains.list,2021-09-21 09:14:04.668161
2915c.v.fwmrm.net,AVAILABILITY,domains.list,2021-09-21 09:14:05.612671
2912a.v.fwmrm.net,AVAILABILITY,domains.list,2021-09-21 09:14:06.547724
2915a.v.fwmrm.net,AVAILABILITY,domains.list,2021-09-21 09:14:07.465515
2915d.v.fwmrm.net,AVAILABILITY,domains.list,2021-09-21 09:14:08.465732
2915dc.v.fwmrm.net,AVAILABILITY,domains.list,2021-09-21 09:14:09.380541
2915cc.v.fwmrm.net,AVAILABILITY,domains.list,2021-09-21 09:14:10.419862
2968.engine.mobileapptracking.com,AVAILABILITY,domains.list,2021-09-21 09:14:11.335185
3052.engine.mobileapptracking.com,AVAILABILITY,domains.list,2021-09-21 09:14:12.351543
2960.btrll.com,AVAILABILITY,domains.list,2021-09-21 09:14:13.591882
3074.engine.mobileapptracking.com,AVAILABILITY,domains.list,2021-09-21 09:14:14.540292
3211c0e1.go-mpulse.net,AVAILABILITY,domains.list,2021-09-21 09:14:15.736094
3306.engine.mobileapptracking.com,AVAILABILITY,domains.list,2021-09-21 09:14:16.640659
3211c0e1.mpstat.us,AVAILABILITY,domains.list,2021-09-21 09:14:17.710984
3408f623.go-mpulse.net,AVAILABILITY,domains.list,2021-09-21 09:14:18.833863
3409b6b0.go-mpulse.net,AVAILABILITY,domains.list,2021-09-21 09:14:20.065622
3408f623.mpstat.us,AVAILABILITY,domains.list,2021-09-21 09:14:21.084618
3409bcb2.go-mpulse.net,AVAILABILITY,domains.list,2021-09-21 09:14:22.075280
3409b6b0.mpstat.us,AVAILABILITY,domains.list,2021-09-21 09:14:23.208296
3409ba97.mpstat.us,AVAILABILITY,domains.list,2021-09-21 09:14:24.406222
3444.engine.mobileapptracking.com,AVAILABILITY,domains.list,2021-09-21 09:14:25.367364
3502.engine.mobileapptracking.com,AVAILABILITY,domains.list,2021-09-21 09:14:26.384982
3416.engine.mobileapptracking.com,AVAILABILITY,domains.list,2021-09-21 09:14:27.334672
3409bcb2.mpstat.us,AVAILABILITY,domains.list,2021-09-21 09:14:28.360604
3656.engine.mobileapptracking.com,AVAILABILITY,domains.list,2021-09-21 09:14:29.313243
3872.engine.mobileapptracking.com,AVAILABILITY,domains.list,2021-09-21 09:14:30.320424
3496.engine.mobileapptracking.com,AVAILABILITY,domains.list,2021-09-21 09:14:31.318827
3936.engine.mobileapptracking.com,AVAILABILITY,domains.list,2021-09-21 09:14:32.346684
3964.engine.mobileapptracking.com,AVAILABILITY,domains.list,2021-09-21 09:14:33.384444
4092.engine.mobileapptracking.com,AVAILABILITY,domains.list,2021-09-21 09:14:34.302210
4054.engine.mobileapptracking.com,AVAILABILITY,domains.list,2021-09-21 09:14:35.276332
4586.engine.mobileapptracking.com,AVAILABILITY,domains.list,2021-09-21 09:14:36.263466
4268.engine.mobileapptracking.com,AVAILABILITY,domains.list,2021-09-21 09:14:37.405789
4990.engine.mobileapptracking.com,AVAILABILITY,domains.list,2021-09-21 09:14:38.303575
5020.engine.mobileapptracking.com,AVAILABILITY,domains.list,2021-09-21 09:14:39.240555
5094.engine.mobileapptracking.com,AVAILABILITY,domains.list,2021-09-21 09:14:40.244663
5406.engine.mobileapptracking.com,AVAILABILITY,domains.list,2021-09-21 09:14:41.289960
5470.engine.mobileapptracking.com,AVAILABILITY,domains.list,2021-09-21 09:14:42.221531
5490.engine.mobileapptracking.com,AVAILABILITY,domains.list,2021-09-21 09:14:43.186162
5542.engine.mobileapptracking.com,AVAILABILITY,domains.list,2021-09-21 09:14:44.178456
5650.engine.mobileapptracking.com,AVAILABILITY,domains.list,2021-09-21 09:14:45.162444
5582.engine.mobileapptracking.com,AVAILABILITY,domains.list,2021-09-21 09:14:46.119341
5822.engine.mobileapptracking.com,AVAILABILITY,domains.list,2021-09-21 09:14:47.149196
5740.engine.mobileapptracking.com,AVAILABILITY,domains.list,2021-09-21 09:14:48.086034
6000.engine.mobileapptracking.com,AVAILABILITY,domains.list,2021-09-21 09:14:49.010151
5990.engine.mobileapptracking.com,AVAILABILITY,domains.list,2021-09-21 09:14:49.983862
6284.engine.mobileapptracking.com,AVAILABILITY,domains.list,2021-09-21 09:14:50.965218
6014.engine.mobileapptracking.com,AVAILABILITY,domains.list,2021-09-21 09:14:51.954081
6152.engine.mobileapptracking.com,AVAILABILITY,domains.list,2021-09-21 09:14:52.953966
6566.engine.mobileapptracking.com,AVAILABILITY,domains.list,2021-09-21 09:14:53.903164
6612.engine.mobileapptracking.com,AVAILABILITY,domains.list,2021-09-21 09:14:54.805873
6656.engine.mobileapptracking.com,AVAILABILITY,domains.list,2021-09-21 09:14:55.773362
6672.engine.mobileapptracking.com,AVAILABILITY,domains.list,2021-09-21 09:14:56.771882
6892.engine.mobileapptracking.com,AVAILABILITY,domains.list,2021-09-21 09:14:57.657115
6796.engine.mobileapptracking.com,AVAILABILITY,domains.list,2021-09-21 09:14:58.677555
6918.engine.mobileapptracking.com,AVAILABILITY,domains.list,2021-09-21 09:14:59.576204
7070.engine.mobileapptracking.com,AVAILABILITY,domains.list,2021-09-21 09:15:00.478156
7132.engine.mobileapptracking.com,AVAILABILITY,domains.list,2021-09-21 09:15:01.398687
7154.engine.mobileapptracking.com,AVAILABILITY,domains.list,2021-09-21 09:15:02.310962
7306.engine.mobileapptracking.com,AVAILABILITY,domains.list,2021-09-21 09:15:03.247310
7334.engine.mobileapptracking.com,AVAILABILITY,domains.list,2021-09-21 09:15:04.215181
7392.engine.mobileapptracking.com,AVAILABILITY,domains.list,2021-09-21 09:15:05.190423
7532.engine.mobileapptracking.com,AVAILABILITY,domains.list,2021-09-21 09:15:06.187822
7906.engine.mobileapptracking.com,AVAILABILITY,domains.list,2021-09-21 09:15:07.176273
8104.engine.mobileapptracking.com,AVAILABILITY,domains.list,2021-09-21 09:15:08.143427
7940.engine.mobileapptracking.com,AVAILABILITY,domains.list,2021-09-21 09:15:09.054585
8214.engine.mobileapptracking.com,AVAILABILITY,domains.list,2021-09-21 09:15:10.061177
8200.engine.mobileapptracking.com,AVAILABILITY,domains.list,2021-09-21 09:15:11.122925
8296.engine.mobileapptracking.com,AVAILABILITY,domains.list,2021-09-21 09:15:12.131606
8342.engine.mobileapptracking.com,AVAILABILITY,domains.list,2021-09-21 09:15:13.011979
8464.engine.mobileapptracking.com,AVAILABILITY,domains.list,2021-09-21 09:15:13.921730
8524.engine.mobileapptracking.com,AVAILABILITY,domains.list,2021-09-21 09:15:14.894172
7730.engine.mobileapptracking.com,AVAILABILITY,domains.list,2021-09-21 09:15:15.787043
8604.engine.mobileapptracking.com,AVAILABILITY,domains.list,2021-09-21 09:15:16.764285
8562.engine.mobileapptracking.com,AVAILABILITY,domains.list,2021-09-21 09:15:17.716772
8630.engine.mobileapptracking.com,AVAILABILITY,domains.list,2021-09-21 09:15:18.681885
8706.engine.mobileapptracking.com,AVAILABILITY,domains.list,2021-09-21 09:15:19.695312
8684.engine.mobileapptracking.com,AVAILABILITY,domains.list,2021-09-21 09:15:20.699808
8904.engine.mobileapptracking.com,AVAILABILITY,domains.list,2021-09-21 09:15:21.677483
9004.engine.mobileapptracking.com,AVAILABILITY,domains.list,2021-09-21 09:15:22.701607
9050.engine.mobileapptracking.com,AVAILABILITY,domains.list,2021-09-21 09:15:23.690033
9056.engine.mobileapptracking.com,AVAILABILITY,domains.list,2021-09-21 09:15:25.035659
9174.engine.mobileapptracking.com,AVAILABILITY,domains.list,2021-09-21 09:15:26.002167
9210.engine.mobileapptracking.com,AVAILABILITY,domains.list,2021-09-21 09:15:27.057593
8622.engine.mobileapptracking.com,AVAILABILITY,domains.list,2021-09-21 09:15:28.091949
9290.engine.mobileapptracking.com,AVAILABILITY,domains.list,2021-09-21 09:15:29.043869
9316.engine.mobileapptracking.com,AVAILABILITY,domains.list,2021-09-21 09:15:30.003622
9408.engine.mobileapptracking.com,AVAILABILITY,domains.list,2021-09-21 09:15:30.946257
9350.engine.mobileapptracking.com,AVAILABILITY,domains.list,2021-09-21 09:15:31.929339
9372.engine.mobileapptracking.com,AVAILABILITY,domains.list,2021-09-21 09:15:32.803693
9510.engine.mobileapptracking.com,AVAILABILITY,domains.list,2021-09-21 09:15:33.876778
9554.engine.mobileapptracking.com,AVAILABILITY,domains.list,2021-09-21 09:15:34.883578
9986.engine.mobileapptracking.com,AVAILABILITY,domains.list,2021-09-21 09:15:35.867097
9812.engine.mobileapptracking.com,AVAILABILITY,domains.list,2021-09-21 09:15:36.925826
10034.engine.mobileapptracking.com,AVAILABILITY,domains.list,2021-09-21 09:15:37.922576
9192.engine.mobileapptracking.com,AVAILABILITY,domains.list,2021-09-21 09:15:38.966240
10112.engine.mobileapptracking.com,AVAILABILITY,domains.list,2021-09-21 09:15:39.934743
10284.engine.mobileapptracking.com,AVAILABILITY,domains.list,2021-09-21 09:15:40.906138
10306.engine.mobileapptracking.com,AVAILABILITY,domains.list,2021-09-21 09:15:41.962462
10468.engine.mobileapptracking.com,AVAILABILITY,domains.list,2021-09-21 09:15:42.920502
10680.engine.mobileapptracking.com,AVAILABILITY,domains.list,2021-09-21 09:15:43.836255
10624.engine.mobileapptracking.com,AVAILABILITY,domains.list,2021-09-21 09:15:44.899698
10684.engine.mobileapptracking.com,AVAILABILITY,domains.list,2021-09-21 09:15:45.816601
10706.engine.mobileapptracking.com,AVAILABILITY,domains.list,2021-09-21 09:15:46.887196
10712.engine.mobileapptracking.com,AVAILABILITY,domains.list,2021-09-21 09:15:47.953676
10776.engine.mobileapptracking.com,AVAILABILITY,domains.list,2021-09-21 09:15:48.913796
10744.engine.mobileapptracking.com,AVAILABILITY,domains.list,2021-09-21 09:15:49.915840
10764.engine.mobileapptracking.com,AVAILABILITY,domains.list,2021-09-21 09:15:50.880902
10930.engine.mobileapptracking.com,AVAILABILITY,domains.list,2021-09-21 09:15:51.832784
10806.engine.mobileapptracking.com,AVAILABILITY,domains.list,2021-09-21 09:15:52.787057
11030.engine.mobileapptracking.com,AVAILABILITY,domains.list,2021-09-21 09:15:53.827700
10310.engine.mobileapptracking.com,AVAILABILITY,domains.list,2021-09-21 09:15:54.884593
10944.engine.mobileapptracking.com,AVAILABILITY,domains.list,2021-09-21 09:15:55.909289
11126.engine.mobileapptracking.com,AVAILABILITY,domains.list,2021-09-21 09:15:56.944302
11184.engine.mobileapptracking.com,AVAILABILITY,domains.list,2021-09-21 09:15:57.927941
11430.engine.mobileapptracking.com,AVAILABILITY,domains.list,2021-09-21 09:15:58.839865
11262.engine.mobileapptracking.com,AVAILABILITY,domains.list,2021-09-21 09:15:59.858133
11562.engine.mobileapptracking.com,AVAILABILITY,domains.list,2021-09-21 09:16:00.792367
11576.engine.mobileapptracking.com,AVAILABILITY,domains.list,2021-09-21 09:16:01.790795
11722.engine.mobileapptracking.com,AVAILABILITY,domains.list,2021-09-21 09:16:02.785674
11704.engine.mobileapptracking.com,AVAILABILITY,domains.list,2021-09-21 09:16:03.714193
11720.engine.mobileapptracking.com,AVAILABILITY,domains.list,2021-09-21 09:16:05.517788
11732.engine.mobileapptracking.com,AVAILABILITY,domains.list,2021-09-21 09:16:06.517737
11872.engine.mobileapptracking.com,AVAILABILITY,domains.list,2021-09-21 09:16:07.400935
11916.engine.mobileapptracking.com,AVAILABILITY,domains.list,2021-09-21 09:16:08.419071
12126.engine.mobileapptracking.com,AVAILABILITY,domains.list,2021-09-21 09:16:09.401396
12276.engine.mobileapptracking.com,AVAILABILITY,domains.list,2021-09-21 09:16:10.424567
12240.engine.mobileapptracking.com,AVAILABILITY,domains.list,2021-09-21 09:16:11.342350
12486.engine.mobileapptracking.com,AVAILABILITY,domains.list,2021-09-21 09:16:12.400803
12790.engine.mobileapptracking.com,AVAILABILITY,domains.list,2021-09-21 09:16:13.346092
12846.engine.mobileapptracking.com,AVAILABILITY,domains.list,2021-09-21 09:16:14.309648
13020.engine.mobileapptracking.com,AVAILABILITY,domains.list,2021-09-21 09:16:15.257670
13194.engine.mobileapptracking.com,AVAILABILITY,domains.list,2021-09-21 09:16:16.211496
13170.engine.mobileapptracking.com,AVAILABILITY,domains.list,2021-09-21 09:16:17.186036
13270.engine.mobileapptracking.com,AVAILABILITY,domains.list,2021-09-21 09:16:18.172027
13340.engine.mobileapptracking.com,AVAILABILITY,domains.list,2021-09-21 09:16:19.248681
13434.engine.mobileapptracking.com,AVAILABILITY,domains.list,2021-09-21 09:16:20.202066
13306.engine.mobileapptracking.com,AVAILABILITY,domains.list,2021-09-21 09:16:21.191990
12650.engine.mobileapptracking.com,AVAILABILITY,domains.list,2021-09-21 09:16:22.207584
13464.engine.mobileapptracking.com,AVAILABILITY,domains.list,2021-09-21 09:16:23.196947
13570.engine.mobileapptracking.com,AVAILABILITY,domains.list,2021-09-21 09:16:24.134528
13700.engine.mobileapptracking.com,AVAILABILITY,domains.list,2021-09-21 09:16:25.097491
13784.engine.mobileapptracking.com,AVAILABILITY,domains.list,2021-09-21 09:16:26.039395
13874.engine.mobileapptracking.com,AVAILABILITY,domains.list,2021-09-21 09:16:26.982107
13770.engine.mobileapptracking.com,AVAILABILITY,domains.list,2021-09-21 09:16:32.058985
14056.engine.mobileapptracking.com,AVAILABILITY,domains.list,2021-09-21 09:16:33.018336
14082.engine.mobileapptracking.com,AVAILABILITY,domains.list,2021-09-21 09:16:33.993718
14062.engine.mobileapptracking.com,AVAILABILITY,domains.list,2021-09-21 09:16:34.989505
14212.engine.mobileapptracking.com,AVAILABILITY,domains.list,2021-09-21 09:16:35.978572
14360.engine.mobileapptracking.com,AVAILABILITY,domains.list,2021-09-21 09:16:36.913615
14640.engine.mobileapptracking.com,AVAILABILITY,domains.list,2021-09-21 09:16:37.879934
14642.engine.mobileapptracking.com,AVAILABILITY,domains.list,2021-09-21 09:16:38.815792
14830.engine.mobileapptracking.com,AVAILABILITY,domains.list,2021-09-21 09:16:45.005493
14716.engine.mobileapptracking.com,AVAILABILITY,domains.list,2021-09-21 09:16:46.045120
15266.engine.mobileapptracking.com,AVAILABILITY,domains.list,2021-09-21 09:16:47.045899
15296.engine.mobileapptracking.com,AVAILABILITY,domains.list,2021-09-21 09:16:48.032178
15292.engine.mobileapptracking.com,AVAILABILITY,domains.list,2021-09-21 09:16:49.083763
15390.engine.mobileapptracking.com,AVAILABILITY,domains.list,2021-09-21 09:16:50.182809
14460.engine.mobileapptracking.com,AVAILABILITY,domains.list,2021-09-21 09:16:51.197971
15416.engine.mobileapptracking.com,AVAILABILITY,domains.list,2021-09-21 09:16:52.169851
15424.engine.mobileapptracking.com,AVAILABILITY,domains.list,2021-09-21 09:16:53.115811
15476.engine.mobileapptracking.com,AVAILABILITY,domains.list,2021-09-21 09:16:53.991923
15836.engine.mobileapptracking.com,AVAILABILITY,domains.list,2021-09-21 09:16:54.944815
15520.engine.mobileapptracking.com,AVAILABILITY,domains.list,2021-09-21 09:17:01.058676
15634.engine.mobileapptracking.com,AVAILABILITY,domains.list,2021-09-21 09:17:02.095444
16052.engine.mobileapptracking.com,AVAILABILITY,domains.list,2021-09-21 09:17:03.019776
16130.engine.mobileapptracking.com,AVAILABILITY,domains.list,2021-09-21 09:17:04.095757
16400.engine.mobileapptracking.com,AVAILABILITY,domains.list,2021-09-21 09:17:05.133288
16294.engine.mobileapptracking.com,AVAILABILITY,domains.list,2021-09-21 09:17:06.110164
16136.engine.mobileapptracking.com,AVAILABILITY,domains.list,2021-09-21 09:17:06.948442
16450.engine.mobileapptracking.com,AVAILABILITY,domains.list,2021-09-21 09:17:07.937661
16502.engine.mobileapptracking.com,AVAILABILITY,domains.list,2021-09-21 09:17:08.895043
16522.engine.mobileapptracking.com,AVAILABILITY,domains.list,2021-09-21 09:17:09.806978
16772.engine.mobileapptracking.com,AVAILABILITY,domains.list,2021-09-21 09:17:10.752690
16704.engine.mobileapptracking.com,AVAILABILITY,domains.list,2021-09-21 09:17:11.706897
16562.engine.mobileapptracking.com,AVAILABILITY,domains.list,2021-09-21 09:17:12.653267
16932.engine.mobileapptracking.com,AVAILABILITY,domains.list,2021-09-21 09:17:13.696468
16852.engine.mobileapptracking.com,AVAILABILITY,domains.list,2021-09-21 09:17:14.628656
17014.engine.mobileapptracking.com,AVAILABILITY,domains.list,2021-09-21 09:17:15.542563
16850.engine.mobileapptracking.com,AVAILABILITY,domains.list,2021-09-21 09:17:16.685339
17058.engine.mobileapptracking.com,AVAILABILITY,domains.list,2021-09-21 09:17:17.700269
16986.engine.mobileapptracking.com,AVAILABILITY,domains.list,2021-09-21 09:17:18.708213
17072.engine.mobileapptracking.com,AVAILABILITY,domains.list,2021-09-21 09:17:19.729832
17206.engine.mobileapptracking.com,AVAILABILITY,domains.list,2021-09-21 09:17:20.756016
17340.engine.mobileapptracking.com,AVAILABILITY,domains.list,2021-09-21 09:17:21.726036
17450.engine.mobileapptracking.com,AVAILABILITY,domains.list,2021-09-21 09:17:22.661116
17764.engine.mobileapptracking.com,AVAILABILITY,domains.list,2021-09-21 09:17:23.656677
17894.engine.mobileapptracking.com,AVAILABILITY,domains.list,2021-09-21 09:17:24.594094
17560.engine.mobileapptracking.com,AVAILABILITY,domains.list,2021-09-21 09:17:25.560910
18314.engine.mobileapptracking.com,AVAILABILITY,domains.list,2021-09-21 09:17:26.527766
18082.engine.mobileapptracking.com,AVAILABILITY,domains.list,2021-09-21 09:17:27.588994
18332.engine.mobileapptracking.com,AVAILABILITY,domains.list,2021-09-21 09:17:28.661660
18324.engine.mobileapptracking.com,AVAILABILITY,domains.list,2021-09-21 09:17:29.725998
18326.engine.mobileapptracking.com,AVAILABILITY,domains.list,2021-09-21 09:17:30.700970
18372.engine.mobileapptracking.com,AVAILABILITY,domains.list,2021-09-21 09:17:31.669589
18532.engine.mobileapptracking.com,AVAILABILITY,domains.list,2021-09-21 09:17:32.695129
18422.engine.mobileapptracking.com,AVAILABILITY,domains.list,2021-09-21 09:17:33.709312
18604.engine.mobileapptracking.com,AVAILABILITY,domains.list,2021-09-21 09:17:34.621897
18636.engine.mobileapptracking.com,AVAILABILITY,domains.list,2021-09-21 09:17:35.578310
18714.engine.mobileapptracking.com,AVAILABILITY,domains.list,2021-09-21 09:17:36.559485
18716.engine.mobileapptracking.com,AVAILABILITY,domains.list,2021-09-21 09:17:37.536012
18806.engine.mobileapptracking.com,AVAILABILITY,domains.list,2021-09-21 09:17:38.560012
18802.engine.mobileapptracking.com,AVAILABILITY,domains.list,2021-09-21 09:17:39.536417
19022.engine.mobileapptracking.com,AVAILABILITY,domains.list,2021-09-21 09:17:40.511968
19024.engine.mobileapptracking.com,AVAILABILITY,domains.list,2021-09-21 09:17:41.544422
19394.engine.mobileapptracking.com,AVAILABILITY,domains.list,2021-09-21 09:17:42.537230
19242.engine.mobileapptracking.com,AVAILABILITY,domains.list,2021-09-21 09:17:43.635027
19686.engine.mobileapptracking.com,AVAILABILITY,domains.list,2021-09-21 09:17:44.542116
19524.engine.mobileapptracking.com,AVAILABILITY,domains.list,2021-09-21 09:17:45.486607
19834.engine.mobileapptracking.com,AVAILABILITY,domains.list,2021-09-21 09:17:46.468921
19712.engine.mobileapptracking.com,AVAILABILITY,domains.list,2021-09-21 09:17:47.451933
17954.engine.mobileapptracking.com,AVAILABILITY,domains.list,2021-09-21 09:17:48.418602
19974.engine.mobileapptracking.com,AVAILABILITY,domains.list,2021-09-21 09:17:49.358842
19902.engine.mobileapptracking.com,AVAILABILITY,domains.list,2021-09-21 09:17:50.413909
20030.engine.mobileapptracking.com,AVAILABILITY,domains.list,2021-09-21 09:17:51.402068
20166.engine.mobileapptracking.com,AVAILABILITY,domains.list,2021-09-21 09:17:52.384863
20076.engine.mobileapptracking.com,AVAILABILITY,domains.list,2021-09-21 09:17:53.419467
20186.engine.mobileapptracking.com,AVAILABILITY,domains.list,2021-09-21 09:17:54.432228
20122.engine.mobileapptracking.com,AVAILABILITY,domains.list,2021-09-21 09:17:55.475295
20272.engine.mobileapptracking.com,AVAILABILITY,domains.list,2021-09-21 09:17:56.476031
20298.engine.mobileapptracking.com,AVAILABILITY,domains.list,2021-09-21 09:17:57.443954
20294.engine.mobileapptracking.com,AVAILABILITY,domains.list,2021-09-21 09:17:58.440653
20300.engine.mobileapptracking.com,AVAILABILITY,domains.list,2021-09-21 09:17:59.436514
20336.engine.mobileapptracking.com,AVAILABILITY,domains.list,2021-09-21 09:18:00.389677
20440.engine.mobileapptracking.com,AVAILABILITY,domains.list,2021-09-21 09:18:01.404085
20504.engine.mobileapptracking.com,AVAILABILITY,domains.list,2021-09-21 09:18:02.444524
20680.engine.mobileapptracking.com,AVAILABILITY,domains.list,2021-09-21 09:18:03.287958
20716.engine.mobileapptracking.com,AVAILABILITY,domains.list,2021-09-21 09:18:04.339141
20724.engine.mobileapptracking.com,AVAILABILITY,domains.list,2021-09-21 09:18:05.436844
20882.engine.mobileapptracking.com,AVAILABILITY,domains.list,2021-09-21 09:18:06.445669
20740.engine.mobileapptracking.com,AVAILABILITY,domains.list,2021-09-21 09:18:07.513492
20964.engine.mobileapptracking.com,AVAILABILITY,domains.list,2021-09-21 09:18:08.525622
21150.engine.mobileapptracking.com,AVAILABILITY,domains.list,2021-09-21 09:18:09.454243
21386.engine.mobileapptracking.com,AVAILABILITY,domains.list,2021-09-21 09:18:10.469760
21010.engine.mobileapptracking.com,AVAILABILITY,domains.list,2021-09-21 09:18:11.514372
21414.engine.mobileapptracking.com,AVAILABILITY,domains.list,2021-09-21 09:18:12.519517
21540.engine.mobileapptracking.com,AVAILABILITY,domains.list,2021-09-21 09:18:13.468899
21520.engine.mobileapptracking.com,AVAILABILITY,domains.list,2021-09-21 09:18:14.385965
21670.engine.mobileapptracking.com,AVAILABILITY,domains.list,2021-09-21 09:18:15.325122
21732.engine.mobileapptracking.com,AVAILABILITY,domains.list,2021-09-21 09:18:16.306543
22084.t.domdex.com,AVAILABILITY,domains.list,2021-09-21 09:18:17.427943
22156.engine.mobileapptracking.com,AVAILABILITY,domains.list,2021-09-21 09:18:18.436586
22200.engine.mobileapptracking.com,AVAILABILITY,domains.list,2021-09-21 09:18:19.452332
22088.t.domdex.com,AVAILABILITY,domains.list,2021-09-21 09:18:20.576300
22254.engine.mobileapptracking.com,AVAILABILITY,domains.list,2021-09-21 09:18:21.601419
22374.engine.mobileapptracking.com,AVAILABILITY,domains.list,2021-09-21 09:18:22.528774
22704.engine.mobileapptracking.com,AVAILABILITY,domains.list,2021-09-21 09:18:23.535870
22392.engine.mobileapptracking.com,AVAILABILITY,domains.list,2021-09-21 09:18:24.611684
22628.engine.mobileapptracking.com,AVAILABILITY,domains.list,2021-09-21 09:18:25.558592
22906.engine.mobileapptracking.com,AVAILABILITY,domains.list,2021-09-21 09:18:26.489433
23194.engine.mobileapptracking.com,AVAILABILITY,domains.list,2021-09-21 09:18:27.502092
23072.engine.mobileapptracking.com,AVAILABILITY,domains.list,2021-09-21 09:18:28.514511
23346.engine.mobileapptracking.com,AVAILABILITY,domains.list,2021-09-21 09:18:29.617784
23362.engine.mobileapptracking.com,AVAILABILITY,domains.list,2021-09-21 09:18:30.617648
23446.engine.mobileapptracking.com,AVAILABILITY,domains.list,2021-09-21 09:20:13.453845
23692.engine.mobileapptracking.com,AVAILABILITY,domains.list,2021-09-21 09:20:14.423444
23754.engine.mobileapptracking.com,AVAILABILITY,domains.list,2021-09-21 09:20:15.505354
23616.engine.mobileapptracking.com,AVAILABILITY,domains.list,2021-09-21 09:20:16.576739
23844.engine.mobileapptracking.com,AVAILABILITY,domains.list,2021-09-21 09:20:17.706827
23744.engine.mobileapptracking.com,AVAILABILITY,domains.list,2021-09-21 09:20:18.861866
23332.engine.mobileapptracking.com,AVAILABILITY,domains.list,2021-09-21 09:20:19.852463
23874.engine.mobileapptracking.com,AVAILABILITY,domains.list,2021-09-21 09:20:20.865000
23984.engine.mobileapptracking.com,AVAILABILITY,domains.list,2021-09-21 09:20:21.805152
23892.t.domdex.com,AVAILABILITY,domains.list,2021-09-21 09:20:22.731599
29484.t.domdex.com,AVAILABILITY,domains.list,2021-09-21 09:20:23.684223
29129.v.fwmrm.net,AVAILABILITY,domains.list,2021-09-21 09:20:24.622231
29161c.v.fwmrm.net,AVAILABILITY,domains.list,2021-09-21 09:20:25.569001
41632.engine.mobileapptracking.com,AVAILABILITY,domains.list,2021-09-21 09:20:26.584131
34089f75.mpstat.us,AVAILABILITY,domains.list,2021-09-21 09:20:27.822678
42444.engine.mobileapptracking.com,AVAILABILITY,domains.list,2021-09-21 09:20:28.788738
70139fj6kf.mentalist.kameleoon.com,AVAILABILITY,domains.list,2021-09-21 09:20:29.709607
63284.engine.mobileapptracking.com,AVAILABILITY,domains.list,2021-09-21 09:20:30.743338
92364.engine.mobileapptracking.com,AVAILABILITY,domains.list,2021-09-21 09:20:31.805508
95952.engine.mobileapptracking.com,AVAILABILITY,domains.list,2021-09-21 09:20:32.962780
96964.engine.mobileapptracking.com,AVAILABILITY,domains.list,2021-09-21 09:20:34.013367
96756.engine.mobileapptracking.com,AVAILABILITY,domains.list,2021-09-21 09:20:35.064443
98254.engine.mobileapptracking.com,AVAILABILITY,domains.list,2021-09-21 09:20:36.164037
115302.engine.mobileapptracking.com,AVAILABILITY,domains.list,2021-09-21 09:20:37.127119
117745.engine.mobileapptracking.com,AVAILABILITY,domains.list,2021-09-21 09:20:38.186539
125000.engine.mobileapptracking.com,AVAILABILITY,domains.list,2021-09-21 09:20:39.333287
142376-hb.adomik.com,AVAILABILITY,domains.list,2021-09-21 09:20:40.435072
126734-hb.adomik.com,AVAILABILITY,domains.list,2021-09-21 09:20:41.591381
127845-hb.adomik.com,AVAILABILITY,domains.list,2021-09-21 09:20:42.785934
143612.engine.mobileapptracking.com,AVAILABILITY,domains.list,2021-09-21 09:20:43.894223
156396.engine.mobileapptracking.com,AVAILABILITY,domains.list,2021-09-21 09:20:44.939377
156654.engine.mobileapptracking.com,AVAILABILITY,domains.list,2021-09-21 09:20:46.020291
156846.engine.mobileapptracking.com,AVAILABILITY,domains.list,2021-09-21 09:20:47.073901
156950.engine.mobileapptracking.com,AVAILABILITY,domains.list,2021-09-21 09:20:48.141477
157816.engine.mobileapptracking.com,AVAILABILITY,domains.list,2021-09-21 09:20:49.112643
158242.engine.mobileapptracking.com,AVAILABILITY,domains.list,2021-09-21 09:20:50.141604
159356.engine.mobileapptracking.com,AVAILABILITY,domains.list,2021-09-21 09:20:51.353908
159482.engine.mobileapptracking.com,AVAILABILITY,domains.list,2021-09-21 09:20:52.437256
160226.engine.mobileapptracking.com,AVAILABILITY,domains.list,2021-09-21 09:20:53.465266
160906.engine.mobileapptracking.com,AVAILABILITY,domains.list,2021-09-21 09:20:54.545616
160934.engine.mobileapptracking.com,AVAILABILITY,domains.list,2021-09-21 09:20:55.508644
161154.engine.mobileapptracking.com,AVAILABILITY,domains.list,2021-09-21 09:20:56.501465
159070.engine.mobileapptracking.com,AVAILABILITY,domains.list,2021-09-21 09:20:57.449717
159016.engine.mobileapptracking.com,AVAILABILITY,domains.list,2021-09-21 09:20:58.512691
161800.engine.mobileapptracking.com,AVAILABILITY,domains.list,2021-09-21 09:20:59.466716
161454.engine.mobileapptracking.com,AVAILABILITY,domains.list,2021-09-21 09:21:00.583967
161434.engine.mobileapptracking.com,AVAILABILITY,domains.list,2021-09-21 09:21:01.705781
162102.engine.mobileapptracking.com,AVAILABILITY,domains.list,2021-09-21 09:21:02.732774
162140.engine.mobileapptracking.com,AVAILABILITY,domains.list,2021-09-21 09:21:03.798035
162402.engine.mobileapptracking.com,AVAILABILITY,domains.list,2021-09-21 09:21:04.932544
162924.engine.mobileapptracking.com,AVAILABILITY,domains.list,2021-09-21 09:21:06.066470
163056.engine.mobileapptracking.com,AVAILABILITY,domains.list,2021-09-21 09:21:07.015893
163386.engine.mobileapptracking.com,AVAILABILITY,domains.list,2021-09-21 09:21:08.165046
163520.engine.mobileapptracking.com,AVAILABILITY,domains.list,2021-09-21 09:21:09.228166
163572.engine.mobileapptracking.com,AVAILABILITY,domains.list,2021-09-21 09:21:10.234397
163920.engine.mobileapptracking.com,AVAILABILITY,domains.list,2021-09-21 09:21:11.408445
164426.engine.mobileapptracking.com,AVAILABILITY,domains.list,2021-09-21 09:21:12.566219
164772.engine.mobileapptracking.com,AVAILABILITY,domains.list,2021-09-21 09:21:13.665112
164922.engine.mobileapptracking.com,AVAILABILITY,domains.list,2021-09-21 09:21:14.765574
164936.engine.mobileapptracking.com,AVAILABILITY,domains.list,2021-09-21 09:21:15.814026
165106.engine.mobileapptracking.com,AVAILABILITY,domains.list,2021-09-21 09:21:16.825857
165298-hb.adomik.com,AVAILABILITY,domains.list,2021-09-21 09:21:17.974188
165604.engine.mobileapptracking.com,AVAILABILITY,domains.list,2021-09-21 09:21:18.954808
166050.engine.mobileapptracking.com,AVAILABILITY,domains.list,2021-09-21 09:21:20.096588
164496.engine.mobileapptracking.com,AVAILABILITY,domains.list,2021-09-21 09:21:21.055170
166310.engine.mobileapptracking.com,AVAILABILITY,domains.list,2021-09-21 09:21:22.101276
165786.engine.mobileapptracking.com,AVAILABILITY,domains.list,2021-09-21 09:21:23.190526
166650.engine.mobileapptracking.com,AVAILABILITY,domains.list,2021-09-21 09:21:24.245452
168080.engine.mobileapptracking.com,AVAILABILITY,domains.list,2021-09-21 09:21:25.344694
167154.engine.mobileapptracking.com,AVAILABILITY,domains.list,2021-09-21 09:21:26.368855
167654.engine.mobileapptracking.com,AVAILABILITY,domains.list,2021-09-21 09:21:27.440191
169316.engine.mobileapptracking.com,AVAILABILITY,domains.list,2021-09-21 09:21:28.388725
169282.engine.mobileapptracking.com,AVAILABILITY,domains.list,2021-09-21 09:21:29.372674
169566.engine.mobileapptracking.com,AVAILABILITY,domains.list,2021-09-21 09:21:30.397846
169452.engine.mobileapptracking.com,AVAILABILITY,domains.list,2021-09-21 09:21:31.575516
169860.engine.mobileapptracking.com,AVAILABILITY,domains.list,2021-09-21 09:21:32.652813
170672.engine.mobileapptracking.com,AVAILABILITY,domains.list,2021-09-21 09:21:33.733899
170770.engine.mobileapptracking.com,AVAILABILITY,domains.list,2021-09-21 09:21:34.733185
166496.engine.mobileapptracking.com,AVAILABILITY,domains.list,2021-09-21 09:21:35.834500
171934.engine.mobileapptracking.com,AVAILABILITY,domains.list,2021-09-21 09:21:36.784237
173002.engine.mobileapptracking.com,AVAILABILITY,domains.list,2021-09-21 09:21:37.854361
171910.engine.mobileapptracking.com,AVAILABILITY,domains.list,2021-09-21 09:21:38.815558
171630.engine.mobileapptracking.com,AVAILABILITY,domains.list,2021-09-21 09:21:39.833188
172960.engine.mobileapptracking.com,AVAILABILITY,domains.list,2021-09-21 09:21:40.878152
173394.engine.mobileapptracking.com,AVAILABILITY,domains.list,2021-09-21 09:21:41.922747
174092.engine.mobileapptracking.com,AVAILABILITY,domains.list,2021-09-21 09:21:42.987793
173094.engine.mobileapptracking.com,AVAILABILITY,domains.list,2021-09-21 09:21:43.968141
173464.engine.mobileapptracking.com,AVAILABILITY,domains.list,2021-09-21 09:21:45.055955
174246.engine.mobileapptracking.com,AVAILABILITY,domains.list,2021-09-21 09:21:46.101258
174252.engine.mobileapptracking.com,AVAILABILITY,domains.list,2021-09-21 09:21:47.147167
174674.engine.mobileapptracking.com,AVAILABILITY,domains.list,2021-09-21 09:21:48.185186
174380.engine.mobileapptracking.com,AVAILABILITY,domains.list,2021-09-21 09:21:49.252077
174954.engine.mobileapptracking.com,AVAILABILITY,domains.list,2021-09-21 09:21:50.252060
174926.engine.mobileapptracking.com,AVAILABILITY,domains.list,2021-09-21 09:21:51.387885
175062.engine.mobileapptracking.com,AVAILABILITY,domains.list,2021-09-21 09:21:52.447122
174982.engine.mobileapptracking.com,AVAILABILITY,domains.list,2021-09-21 09:21:53.453669
176090.engine.mobileapptracking.com,AVAILABILITY,domains.list,2021-09-21 09:21:54.512636
176232.engine.mobileapptracking.com,AVAILABILITY,domains.list,2021-09-21 09:21:55.498710
176574.engine.mobileapptracking.com,AVAILABILITY,domains.list,2021-09-21 09:21:56.565113
174370.engine.mobileapptracking.com,AVAILABILITY,domains.list,2021-09-21 09:21:57.697116
176352.engine.mobileapptracking.com,AVAILABILITY,domains.list,2021-09-21 09:21:58.761846
177034.engine.mobileapptracking.com,AVAILABILITY,domains.list,2021-09-21 09:21:59.768637
177242.engine.mobileapptracking.com,AVAILABILITY,domains.list,2021-09-21 09:22:00.838228
177184.engine.mobileapptracking.com,AVAILABILITY,domains.list,2021-09-21 09:22:01.913131
177484.engine.mobileapptracking.com,AVAILABILITY,domains.list,2021-09-21 09:22:02.990565
178026.engine.mobileapptracking.com,AVAILABILITY,domains.list,2021-09-21 09:22:04.041435
178852.engine.mobileapptracking.com,AVAILABILITY,domains.list,2021-09-21 09:22:05.125210
177614.engine.mobileapptracking.com,AVAILABILITY,domains.list,2021-09-21 09:22:06.254683
179082.engine.mobileapptracking.com,AVAILABILITY,domains.list,2021-09-21 09:22:07.332174
179002.engine.mobileapptracking.com,AVAILABILITY,domains.list,2021-09-21 09:22:08.387480
179240.engine.mobileapptracking.com,AVAILABILITY,domains.list,2021-09-21 09:22:09.403286
179742.engine.mobileapptracking.com,AVAILABILITY,domains.list,2021-09-21 09:22:10.388333
182592.engine.mobileapptracking.com,AVAILABILITY,domains.list,2021-09-21 09:22:11.485742
182496.engine.mobileapptracking.com,AVAILABILITY,domains.list,2021-09-21 09:22:12.558445
184306.engine.mobileapptracking.com,AVAILABILITY,domains.list,2021-09-21 09:22:13.608487
185862.engine.mobileapptracking.com,AVAILABILITY,domains.list,2021-09-21 09:22:14.555417
185052.engine.mobileapptracking.com,AVAILABILITY,domains.list,2021-09-21 09:22:15.507466
186184.engine.mobileapptracking.com,AVAILABILITY,domains.list,2021-09-21 09:22:16.595698
186576.engine.mobileapptracking.com,AVAILABILITY,domains.list,2021-09-21 09:22:17.555691
186554.engine.mobileapptracking.com,AVAILABILITY,domains.list,2021-09-21 09:22:18.628782
179732.engine.mobileapptracking.com,AVAILABILITY,domains.list,2021-09-21 09:22:19.679502
186650.engine.mobileapptracking.com,AVAILABILITY,domains.list,2021-09-21 09:22:20.785977
186770.engine.mobileapptracking.com,AVAILABILITY,domains.list,2021-09-21 09:22:21.839676
187006.engine.mobileapptracking.com,AVAILABILITY,domains.list,2021-09-21 09:22:22.861089
188532.engine.mobileapptracking.com,AVAILABILITY,domains.list,2021-09-21 09:22:23.817165
187712.engine.mobileapptracking.com,AVAILABILITY,domains.list,2021-09-21 09:22:24.887057
188370.engine.mobileapptracking.com,AVAILABILITY,domains.list,2021-09-21 09:22:25.948061
188684.engine.mobileapptracking.com,AVAILABILITY,domains.list,2021-09-21 09:22:27.010210
188820.engine.mobileapptracking.com,AVAILABILITY,domains.list,2021-09-21 09:22:28.093002
188746.engine.mobileapptracking.com,AVAILABILITY,domains.list,2021-09-21 09:22:29.067751
189062.engine.mobileapptracking.com,AVAILABILITY,domains.list,2021-09-21 09:22:30.104507
189142.engine.mobileapptracking.com,AVAILABILITY,domains.list,2021-09-21 09:22:31.249107
189016.engine.mobileapptracking.com,AVAILABILITY,domains.list,2021-09-21 09:22:32.289309
189100.engine.mobileapptracking.com,AVAILABILITY,domains.list,2021-09-21 09:22:33.217220
189204.engine.mobileapptracking.com,AVAILABILITY,domains.list,2021-09-21 09:22:34.305036
187816.engine.mobileapptracking.com,AVAILABILITY,domains.list,2021-09-21 09:22:35.369764
189454.engine.mobileapptracking.com,AVAILABILITY,domains.list,2021-09-21 09:22:36.375203
189464.engine.mobileapptracking.com,AVAILABILITY,domains.list,2021-09-21 09:22:37.424733
189472.engine.mobileapptracking.com,AVAILABILITY,domains.list,2021-09-21 09:22:38.510274
189474.engine.mobileapptracking.com,AVAILABILITY,domains.list,2021-09-21 09:22:39.595116
189494.engine.mobileapptracking.com,AVAILABILITY,domains.list,2021-09-21 09:22:40.657550
189500.engine.mobileapptracking.com,AVAILABILITY,domains.list,2021-09-21 09:22:41.641421
189558.engine.mobileapptracking.com,AVAILABILITY,domains.list,2021-09-21 09:22:42.692560
189628.engine.mobileapptracking.com,AVAILABILITY,domains.list,2021-09-21 09:22:43.799805
189570.engine.mobileapptracking.com,AVAILABILITY,domains.list,2021-09-21 09:22:44.851680
189406.engine.mobileapptracking.com,AVAILABILITY,domains.list,2021-09-21 09:22:46.008310
189650.engine.mobileapptracking.com,AVAILABILITY,domains.list,2021-09-21 09:22:47.070401
189572.engine.mobileapptracking.com,AVAILABILITY,domains.list,2021-09-21 09:22:48.247724
189636.engine.mobileapptracking.com,AVAILABILITY,domains.list,2021-09-21 09:22:49.296597
189674.engine.mobileapptracking.com,AVAILABILITY,domains.list,2021-09-21 09:22:50.448085
189698.engine.mobileapptracking.com,AVAILABILITY,domains.list,2021-09-21 09:22:51.601703
189744.engine.mobileapptracking.com,AVAILABILITY,domains.list,2021-09-21 09:22:52.792785
189742.engine.mobileapptracking.com,AVAILABILITY,domains.list,2021-09-21 09:22:53.790469
189704.engine.mobileapptracking.com,AVAILABILITY,domains.list,2021-09-21 09:22:54.801254
189774.engine.mobileapptracking.com,AVAILABILITY,domains.list,2021-09-21 09:22:55.827084
189732.engine.mobileapptracking.com,AVAILABILITY,domains.list,2021-09-21 09:22:56.919334
189770.engine.mobileapptracking.com,AVAILABILITY,domains.list,2021-09-21 09:22:57.932457
189862.engine.mobileapptracking.com,AVAILABILITY,domains.list,2021-09-21 09:22:58.981901
189812.engine.mobileapptracking.com,AVAILABILITY,domains.list,2021-09-21 09:23:00.162874
189872.engine.mobileapptracking.com,AVAILABILITY,domains.list,2021-09-21 09:23:01.334848
189904.engine.mobileapptracking.com,AVAILABILITY,domains.list,2021-09-21 09:23:02.378875
189925.engine.mobileapptracking.com,AVAILABILITY,domains.list,2021-09-21 09:23:03.422228
190093.engine.mobileapptracking.com,AVAILABILITY,domains.list,2021-09-21 09:23:04.490876
190087.engine.mobileapptracking.com,AVAILABILITY,domains.list,2021-09-21 09:23:05.618864
190157.engine.mobileapptracking.com,AVAILABILITY,domains.list,2021-09-21 09:23:06.681797
190161.engine.mobileapptracking.com,AVAILABILITY,domains.list,2021-09-21 09:23:07.583049
190201.engine.mobileapptracking.com,AVAILABILITY,domains.list,2021-09-21 09:23:08.709209
190241.engine.mobileapptracking.com,AVAILABILITY,domains.list,2021-09-21 09:23:09.792481
190519.engine.mobileapptracking.com,AVAILABILITY,domains.list,2021-09-21 09:23:10.917230
190421.engine.mobileapptracking.com,AVAILABILITY,domains.list,2021-09-21 09:23:11.985690
189971.engine.mobileapptracking.com,AVAILABILITY,domains.list,2021-09-21 09:23:13.019359
190473.engine.mobileapptracking.com,AVAILABILITY,domains.list,2021-09-21 09:23:14.121957
190521.engine.mobileapptracking.com,AVAILABILITY,domains.list,2021-09-21 09:23:15.201966
190571.engine.mobileapptracking.com,AVAILABILITY,domains.list,2021-09-21 09:23:16.276814
190691.engine.mobileapptracking.com,AVAILABILITY,domains.list,2021-09-21 09:23:17.327339
190723.engine.mobileapptracking.com,AVAILABILITY,domains.list,2021-09-21 09:23:18.256067
190733.engine.mobileapptracking.com,AVAILABILITY,domains.list,2021-09-21 09:23:19.212216
190743.engine.mobileapptracking.com,AVAILABILITY,domains.list,2021-09-21 09:23:20.153991
190725.engine.mobileapptracking.com,AVAILABILITY,domains.list,2021-09-21 09:23:21.349552
190781.engine.mobileapptracking.com,AVAILABILITY,domains.list,2021-09-21 09:23:22.364530
190881.engine.mobileapptracking.com,AVAILABILITY,domains.list,2021-09-21 09:23:23.392052
190993.engine.mobileapptracking.com,AVAILABILITY,domains.list,2021-09-21 09:23:24.396534
190963.engine.mobileapptracking.com,AVAILABILITY,domains.list,2021-09-21 09:23:25.385389
191031.engine.mobileapptracking.com,AVAILABILITY,domains.list,2021-09-21 09:23:26.468125
191091.engine.mobileapptracking.com,AVAILABILITY,domains.list,2021-09-21 09:23:27.635705
191185.engine.mobileapptracking.com,AVAILABILITY,domains.list,2021-09-21 09:23:28.781692
191271.engine.mobileapptracking.com,AVAILABILITY,domains.list,2021-09-21 09:23:29.889202
191293.engine.mobileapptracking.com,AVAILABILITY,domains.list,2021-09-21 09:23:31.045413
191145.engine.mobileapptracking.com,AVAILABILITY,domains.list,2021-09-21 09:23:32.082450
191491.engine.mobileapptracking.com,AVAILABILITY,domains.list,2021-09-21 09:23:33.110725
190823.engine.mobileapptracking.com,AVAILABILITY,domains.list,2021-09-21 09:23:34.133843
191853.engine.mobileapptracking.com,AVAILABILITY,domains.list,2021-09-21 09:23:35.159291
191945.engine.mobileapptracking.com,AVAILABILITY,domains.list,2021-09-21 09:23:36.262322
192023.engine.mobileapptracking.com,AVAILABILITY,domains.list,2021-09-21 09:23:37.234314
192081.engine.mobileapptracking.com,AVAILABILITY,domains.list,2021-09-21 09:23:38.244816
192183.engine.mobileapptracking.com,AVAILABILITY,domains.list,2021-09-21 09:23:39.343281
192217.engine.mobileapptracking.com,AVAILABILITY,domains.list,2021-09-21 09:23:40.348662
192313.engine.mobileapptracking.com,AVAILABILITY,domains.list,2021-09-21 09:23:41.411009
192325.engine.mobileapptracking.com,AVAILABILITY,domains.list,2021-09-21 09:23:42.487453
192473.engine.mobileapptracking.com,AVAILABILITY,domains.list,2021-09-21 09:23:43.397904
192351.engine.mobileapptracking.com,AVAILABILITY,domains.list,2021-09-21 09:23:44.476250
192596.engine.mobileapptracking.com,AVAILABILITY,domains.list,2021-09-21 09:23:45.561019
192681.engine.mobileapptracking.com,AVAILABILITY,domains.list,2021-09-21 09:23:46.697708
192710.engine.mobileapptracking.com,AVAILABILITY,domains.list,2021-09-21 09:23:47.762863
192665.engine.mobileapptracking.com,AVAILABILITY,domains.list,2021-09-21 09:23:48.722452
192834.engine.mobileapptracking.com,AVAILABILITY,domains.list,2021-09-21 09:23:49.863117
192740.engine.mobileapptracking.com,AVAILABILITY,domains.list,2021-09-21 09:23:50.939722
192961.engine.mobileapptracking.com,AVAILABILITY,domains.list,2021-09-21 09:23:52.063477
193165.engine.mobileapptracking.com,AVAILABILITY,domains.list,2021-09-21 09:23:53.196477
193251.engine.mobileapptracking.com,AVAILABILITY,domains.list,2021-09-21 09:23:54.231942
193285.engine.mobileapptracking.com,AVAILABILITY,domains.list,2021-09-21 09:23:55.179693
193594.engine.mobileapptracking.com,AVAILABILITY,domains.list,2021-09-21 09:23:56.183807
193641.engine.mobileapptracking.com,AVAILABILITY,domains.list,2021-09-21 09:23:57.286522
193613.engine.mobileapptracking.com,AVAILABILITY,domains.list,2021-09-21 09:23:58.351106
194985.engine.mobileapptracking.com,AVAILABILITY,domains.list,2021-09-21 09:23:59.310212
195133.engine.mobileapptracking.com,AVAILABILITY,domains.list,2021-09-21 09:24:00.188131
195421.engine.mobileapptracking.com,AVAILABILITY,domains.list,2021-09-21 09:24:01.286744
195616.engine.mobileapptracking.com,AVAILABILITY,domains.list,2021-09-21 09:24:02.266777
195723.engine.mobileapptracking.com,AVAILABILITY,domains.list,2021-09-21 09:24:03.411214
196530.engine.mobileapptracking.com,AVAILABILITY,domains.list,2021-09-21 09:24:04.491379
197254-hb.adomik.com,AVAILABILITY,domains.list,2021-09-21 09:24:05.557398
197254.hb.adomik.com,AVAILABILITY,domains.list,2021-09-21 09:24:06.928652
249361-hb.adomik.com,AVAILABILITY,domains.list,2021-09-21 09:24:07.933223
238097-hb.adomik.com,AVAILABILITY,domains.list,2021-09-21 09:24:09.003907
286480-hb.adomik.com,AVAILABILITY,domains.list,2021-09-21 09:24:10.125303
276389.hb.adomik.com,AVAILABILITY,domains.list,2021-09-21 09:24:11.370863
326754-hb.adomik.com,AVAILABILITY,domains.list,2021-09-21 09:24:12.518491
384627-hb.adomik.com,AVAILABILITY,domains.list,2021-09-21 09:24:13.726080
397654-hb.adomik.com,AVAILABILITY,domains.list,2021-09-21 09:24:14.790250
499899-hb.adomik.com,AVAILABILITY,domains.list,2021-09-21 09:24:15.853429
562189-hb.adomik.com,AVAILABILITY,domains.list,2021-09-21 09:24:16.898772
513451-hb.adomik.com,AVAILABILITY,domains.list,2021-09-21 09:24:18.004481
658421-hb.adomik.com,AVAILABILITY,domains.list,2021-09-21 09:24:19.133315
564329-hb.adomik.com,AVAILABILITY,domains.list,2021-09-21 09:24:20.310080
713452-hb.adomik.com,AVAILABILITY,domains.list,2021-09-21 09:24:21.367528
771132-hb.adomik.com,AVAILABILITY,domains.list,2021-09-21 09:24:22.448281
537285.hb.adomik.com,AVAILABILITY,domains.list,2021-09-21 09:24:23.632796
874376-hb.adomik.com,AVAILABILITY,domains.list,2021-09-21 09:24:24.640633
967422-hb.adomik.com,AVAILABILITY,domains.list,2021-09-21 09:24:25.682561
957328-hb.adomik.com,AVAILABILITY,domains.list,2021-09-21 09:24:26.689579
968412-hb.adomik.com,AVAILABILITY,domains.list,2021-09-21 09:24:27.852746
997034-hb.adomik.com,AVAILABILITY,domains.list,2021-09-21 09:24:28.934221
994329.hb.adomik.com,AVAILABILITY,domains.list,2021-09-21 09:24:30.080990
994329-hb.adomik.com,AVAILABILITY,domains.list,2021-09-21 09:24:31.216021
3409119b.go-mpulse.net,AVAILABILITY,domains.list,2021-09-21 09:24:32.220854
3408178b.go-mpulse.net,AVAILABILITY,domains.list,2021-09-21 09:24:33.317471
02.rt.lax1.appnexus.com,AVAILABILITY,domains.list,2021-09-21 09:24:34.631179
04.rt.nym2.appnexus.com,AVAILABILITY,domains.list,2021-09-21 09:24:35.867851
1111.admitad.com,AVAILABILITY,domains.list,2021-09-21 09:24:36.805049
2ftracker.marinsm.com,AVAILABILITY,domains.list,2021-09-21 09:24:37.887568
3d435cd34347e255ef1536bfbd72413c.api.appsee.com,AVAILABILITY,domains.list,2021-09-21 09:24:38.911446
4123ml2969.marinsm.com,AVAILABILITY,domains.list,2021-09-21 09:24:39.973683
412zyxpfmadi0918.marinsm.com,AVAILABILITY,domains.list,2021-09-21 09:24:40.885322
01.jamf-fe.nym2.appnexus.com,AVAILABILITY,domains.list,2021-09-22 10:33:45.541119
2505110097.log.optimizely.com,AVAILABILITY,domains.list,2021-09-22 11:02:27.775471
3279880017.log.optimizely.com,AVAILABILITY,domains.list,2021-09-22 11:21:10.076564
4399750608.log.optimizely.com,AVAILABILITY,domains.list,2021-09-22 11:41:52.510969
5-6-6-ios.userflows.ingest.crittercism.com,AVAILABILITY,domains.list,2021-09-22 11:56:05.938097
5-7-3-ios.error.ingest.crittercism.com,AVAILABILITY,domains.list,2021-09-22 11:56:11.860359
5-7-3-ios.network.ingest.crittercism.com,AVAILABILITY,domains.list,2021-09-22 11:56:12.345791
a.adtelligent.com,AVAILABILITY,domains.list,2021-09-22 12:39:45.997951
acp.1rx.io,AVAILABILITY,domains.list,2021-09-22 13:13:50.528289
activate.ensighten.com,AVAILABILITY,domains.list,2021-09-22 13:13:56.828842
ad.tubemogul.com,AVAILABILITY,domains.list,2021-09-22 13:15:36.551055
adfeed.pagefair.net,AVAILABILITY,domains.list,2021-09-22 13:20:55.851743
adproxy-us-west.fyber.com,AVAILABILITY,domains.list,2021-09-22 13:27:28.871654
ads202.artb.adtelligent.com,AVAILABILITY,domains.list,2021-09-22 13:31:59.640061
adtest.vizury.com,AVAILABILITY,domains.list,2021-09-22 13:37:55.249049
aip-stg.insightexpressai.com,AVAILABILITY,domains.list,2021-09-22 13:47:47.665250
airpush.go2affise.com,AVAILABILITY,domains.list,2021-09-22 13:48:11.807988
alpha.atdmt.com,AVAILABILITY,domains.list,2021-09-22 13:51:28.868194
ams.crittercism.com,AVAILABILITY,domains.list,2021-09-22 13:57:17.300489
aol-winners-ap-northeast-1-rtb.adroll.com,AVAILABILITY,domains.list,2021-09-22 14:06:11.013925
aol-winners-us-west-2-rtb.adroll.com,AVAILABILITY,domains.list,2021-09-22 14:06:11.733379
apa-insight.adsrvr.org,AVAILABILITY,domains.list,2021-09-22 14:06:19.142051
apa-match.adsrvr.org,AVAILABILITY,domains.list,2021-09-22 14:06:19.511936
apa-tok.adsrvr.org,AVAILABILITY,domains.list,2021-09-22 14:06:20.445682
api.concert.io,AVAILABILITY,domains.list,2021-09-22 14:10:32.936698
appcloud.ksmobile.com,AVAILABILITY,domains.list,2021-09-22 14:21:15.068684
apps.sokrati.com,AVAILABILITY,domains.list,2021-09-22 14:22:08.419923
aps-insight.adsrvr.org,AVAILABILITY,domains.list,2021-09-22 14:23:07.682948
apt.insight.adsrvr.org,AVAILABILITY,domains.list,2021-09-22 14:23:08.274319
apt.match.adsrvr.org,AVAILABILITY,domains.list,2021-09-22 14:23:08.788088
atx.adreactor.com,AVAILABILITY,domains.list,2021-09-22 14:29:13.331526
audit.manage.ensighten.com,AVAILABILITY,domains.list,2021-09-22 14:30:44.147874
aws.apex.go.sonobi.com,AVAILABILITY,domains.list,2021-09-22 14:34:34.453578
aws.go.sonobi.com,AVAILABILITY,domains.list,2021-09-22 14:34:34.949714
aws.rubiconproject.com,AVAILABILITY,domains.list,2021-09-22 14:34:58.656958
bca.gbc.criteo.com,AVAILABILITY,domains.list,2021-09-22 14:45:34.561770
behacdn.ksmobile.sec.miui.com,AVAILABILITY,domains.list,2021-09-22 14:49:45.029623
brightstorm.g2afse.com,AVAILABILITY,domains.list,2021-09-22 15:05:51.350249
c.ad-srv.co,AVAILABILITY,domains.list,2021-09-22 15:08:45.311755
cba.gbc.criteo.com,AVAILABILITY,domains.list,2021-09-22 15:17:15.104430
cdn-cia2853.actonsoftware.com,AVAILABILITY,domains.list,2021-09-22 15:20:47.871090
cdn.andbeyond.media,AVAILABILITY,domains.list,2021-09-22 15:21:24.511808
cf.c.msas.media.net,AVAILABILITY,domains.list,2021-09-22 15:28:01.085848
cfg.adkmob.com,AVAILABILITY,domains.list,2021-09-22 15:28:25.405264
cipix.acxiom.com,AVAILABILITY,domains.list,2021-09-22 15:33:35.018804
click.link2ads.com,AVAILABILITY,domains.list,2021-09-22 15:37:01.235429
cm.vizury.com,AVAILABILITY,domains.list,2021-09-22 15:39:34.491992
corp-assets.triplelift.com,AVAILABILITY,domains.list,2021-09-22 15:55:09.975083
corp.leanplum.com,AVAILABILITY,domains.list,2021-09-22 15:55:10.757935
csn-origin.media.net,AVAILABILITY,domains.list,2021-09-22 16:00:38.112546
custom2.supersonicads.com,AVAILABILITY,domains.list,2021-09-22 16:02:56.921803
d.company-target.com,AVAILABILITY,domains.list,2021-09-22 16:03:28.001380
diginet.g2afse.com,AVAILABILITY,domains.list,2021-09-22 16:35:13.114582
dmp-token.aws.rubiconproject.com,AVAILABILITY,domains.list,2021-09-22 16:40:52.458132
dmx.sync.yume.com,AVAILABILITY,domains.list,2021-09-22 16:43:12.299599
dragons.sftapi.com,AVAILABILITY,domains.list,2021-09-22 16:50:35.684439
edf.gbc.criteo.com,AVAILABILITY,domains.list,2021-09-22 16:59:52.796940
edgecast.tags.tiqcdn.com,AVAILABILITY,domains.list,2021-09-22 16:59:58.844876
education.sokrati.com,AVAILABILITY,domains.list,2021-09-22 17:00:15.765958
eidea.go2affise.com,AVAILABILITY,domains.list,2021-09-22 17:00:34.479448
em-use.dynamicyield.com,AVAILABILITY,domains.list,2021-09-22 17:03:03.049279
engine.fyber.com,AVAILABILITY,domains.list,2021-09-22 17:04:48.803708
et-integration.dynamicyield.com,AVAILABILITY,domains.list,2021-09-22 17:07:13.459930
eua-insight.adsrvr.org,AVAILABILITY,domains.list,2021-09-22 17:08:38.841127
eua-match.adsrvr.org,AVAILABILITY,domains.list,2021-09-22 17:08:39.259117
eua.insight.adsrvr.org,AVAILABILITY,domains.list,2021-09-22 17:08:39.730819
eua.match.adsrvr.org,AVAILABILITY,domains.list,2021-09-22 17:08:40.171680
events.bounceexchange.com,AVAILABILITY,domains.list,2021-09-22 17:09:15.385229
events30.adcolony.com,AVAILABILITY,domains.list,2021-09-22 17:09:30.441357
fbc.attribution.singular.net,AVAILABILITY,domains.list,2021-09-22 17:21:49.525432
foreign.mgid.com,AVAILABILITY,domains.list,2021-09-22 17:31:42.559075
fr-groupe01.videoplaza.tv,AVAILABILITY,domains.list,2021-09-22 17:34:18.055207
gbc.criteo.com,AVAILABILITY,domains.list,2021-09-22 17:45:16.935029
go1.pubmatic.com,AVAILABILITY,domains.list,2021-09-22 17:52:34.050034
helpcmsecurity1.ksmobile.com,AVAILABILITY,domains.list,2021-09-22 18:05:24.105606
id.mediavine.com,AVAILABILITY,domains.list,2021-09-22 18:19:28.493225
img.ads.m1.pubmatic.com,AVAILABILITY,domains.list,2021-09-22 18:24:14.284239
imp.apprevolve.com,AVAILABILITY,domains.list,2021-09-22 18:26:51.578333
inboxretargeting.bounceexchange.com,AVAILABILITY,domains.list,2021-09-22 18:28:55.682354
intentiq.digitru.st,AVAILABILITY,domains.list,2021-09-22 18:35:24.367577
invite.crittercism.com,AVAILABILITY,domains.list,2021-09-22 18:36:26.457078
jpfluentd.treasuredata.com,AVAILABILITY,domains.list,2021-09-22 18:43:01.487172
jwpevent.1rx.io,AVAILABILITY,domains.list,2021-09-22 18:45:51.249533
kr.treasuredata.com,AVAILABILITY,domains.list,2021-09-22 18:50:24.970373
kubana.vungle.com,AVAILABILITY,domains.list,2021-09-22 18:50:51.403759
lg.yabidos.com,AVAILABILITY,domains.list,2021-09-22 19:05:43.645270
licensedformats.yieldmo.com,AVAILABILITY,domains.list,2021-09-22 19:06:59.421743
linkurysharer.linkury.com,AVAILABILITY,domains.list,2021-09-22 19:08:32.346941
ll.atdmt.com,AVAILABILITY,domains.list,2021-09-22 19:10:08.369240
m-sc2.adsymptotic.com,AVAILABILITY,domains.list,2021-09-22 19:21:20.288032
m1-c.adyield.co,AVAILABILITY,domains.list,2021-09-22 19:22:32.718578
match-aga.adsrvr.org,AVAILABILITY,domains.list,2021-09-22 19:27:54.941242
match-test.justpremium.com,AVAILABILITY,domains.list,2021-09-22 19:27:55.684072
monitoring.veinteractive.com,AVAILABILITY,domains.list,2021-09-22 19:49:03.789347
mr.orange.konotor.com,AVAILABILITY,domains.list,2021-09-22 19:52:35.054767
ms.cmcm.com,AVAILABILITY,domains.list,2021-09-22 19:53:24.063115
msg.dotomi.com,AVAILABILITY,domains.list,2021-09-22 19:53:54.174648
native.adsupply.com,AVAILABILITY,domains.list,2021-09-22 20:01:56.610911
neophyte.sandbox53.localytics.com,AVAILABILITY,domains.list,2021-09-22 20:04:19.394540
nexus3.ensighten.com,AVAILABILITY,domains.list,2021-09-22 20:09:41.103440
nocookie.w55c.net,AVAILABILITY,domains.list,2021-09-22 20:13:19.833386
npr.streaming.adswizz.com,AVAILABILITY,domains.list,2021-09-22 20:13:57.313756
oauth.tapjoy.com,AVAILABILITY,domains.list,2021-09-22 20:34:38.714162
om12342-realdose-myshopify-com.optimonk.com,AVAILABILITY,domains.list,2021-09-22 20:37:54.741663
om14875-all-things-bitcoin-myshopify-com.optimonk.com,AVAILABILITY,domains.list,2021-09-22 20:37:56.000307
om16996-nutriseeduk-myshopify-com.optimonk.com,AVAILABILITY,domains.list,2021-09-22 20:37:57.533973
om19468-production-music-live-myshopify-com.optimonk.com,AVAILABILITY,domains.list,2021-09-22 20:37:59.563300
om20019-un-bonheur-de-chien-myshopify-com.optimonk.com,AVAILABILITY,domains.list,2021-09-22 20:38:00.187562
onmobile.g2afse.com,AVAILABILITY,domains.list,2021-09-22 20:39:27.973970
optout.adbrn.com,AVAILABILITY,domains.list,2021-09-22 20:42:02.017671
pa-spa.catchmedia.com,AVAILABILITY,domains.list,2021-09-22 20:50:28.006339
pages.chartboost.com,AVAILABILITY,domains.list,2021-09-22 20:50:54.598694
pick.adkmob.com,AVAILABILITY,domains.list,2021-09-22 20:56:57.100127
pixel.vdo.ai,AVAILABILITY,domains.list,2021-09-22 20:59:12.857181
prebid.digitru.st,AVAILABILITY,domains.list,2021-09-22 21:12:38.047639
privacy.ensighten.com,AVAILABILITY,domains.list,2021-09-22 21:15:09.472651
prod-europe-spop1-rubicon.spotad.co,AVAILABILITY,domains.list,2021-09-22 21:15:39.228609
promotable.crazyegg.com,AVAILABILITY,domains.list,2021-09-22 21:19:03.354612
ptc.imrworldwide.com,AVAILABILITY,domains.list,2021-09-22 21:21:27.243777
publishing.voodoo.io,AVAILABILITY,domains.list,2021-09-22 21:23:33.985412
pushrev.content-ad.net,AVAILABILITY,domains.list,2021-09-22 21:28:12.682142
pyk.imrworldwide.com,AVAILABILITY,domains.list,2021-09-22 21:29:03.623189
qa6-my.tealiumiq.com,AVAILABILITY,domains.list,2021-09-22 21:31:42.826366
r.rubiconproject.com,AVAILABILITY,domains.list,2021-09-22 21:34:16.110866
railsplitter-stg.flurry.com,AVAILABILITY,domains.list,2021-09-22 21:34:56.815159
report-zt.1rx.io,AVAILABILITY,domains.list,2021-09-22 21:41:19.580317
research.urbanairship.com,AVAILABILITY,domains.list,2021-09-22 21:44:05.109750
ro.news-subscribe.com,AVAILABILITY,domains.list,2021-09-22 21:49:10.094311
rollhands.adroll.com,AVAILABILITY,domains.list,2021-09-22 21:49:25.980614
rt-pixel.mathtag.com,AVAILABILITY,domains.list,2021-09-22 21:51:26.615833
rtb-lb-event-tm-iad-tm.everesttech.net,AVAILABILITY,domains.list,2021-09-22 21:52:57.156860
rtb.adform.net,AVAILABILITY,domains.list,2021-09-22 21:53:56.663363
rtb.applovin.com,AVAILABILITY,domains.list,2021-09-22 21:55:02.543018
rundeck.outbrain.com,AVAILABILITY,domains.list,2021-09-22 22:00:30.773811
sandbox53.localytics.com,AVAILABILITY,domains.list,2021-09-22 22:17:00.391186
search.linkury.com,AVAILABILITY,domains.list,2021-09-22 22:24:59.991307
shops.sokrati.com,AVAILABILITY,domains.list,2021-09-22 22:35:35.898512
stager.53.localytics.com,AVAILABILITY,domains.list,2021-09-22 23:08:47.807460
static.adx1.com,AVAILABILITY,domains.list,2021-09-22 23:09:36.682187
stats.aws.rubiconproject.com,AVAILABILITY,domains.list,2021-09-22 23:11:39.844494
stats.rubiconproject.com,AVAILABILITY,domains.list,2021-09-22 23:12:49.341064
svc-cer.linkury.com,AVAILABILITY,domains.list,2021-09-22 23:20:26.997316
tags.us.onscroll.com,AVAILABILITY,domains.list,2021-09-22 23:26:39.668298
test.di.adsame.com,AVAILABILITY,domains.list,2021-09-22 23:34:25.672407
testnocookie.w55c.net,AVAILABILITY,domains.list,2021-09-22 23:36:38.874994
tokfb.adsrvr.org,AVAILABILITY,domains.list,2021-09-22 23:44:00.034968
trends.vdo.ai,AVAILABILITY,domains.list,2021-09-22 23:54:41.771371
trk-sha.adsrvr.org,AVAILABILITY,domains.list,2021-09-22 23:55:11.250276
university.act-on.com,AVAILABILITY,domains.list,2021-09-23 00:06:53.977454
use-insight.adsrvr.org,AVAILABILITY,domains.list,2021-09-23 00:12:26.071113
use-match.adsrvr.org,AVAILABILITY,domains.list,2021-09-23 00:12:26.480522
usw-insight.adsrvr.org,AVAILABILITY,domains.list,2021-09-23 00:14:32.081537
usw-match.adsrvr.org,AVAILABILITY,domains.list,2021-09-23 00:14:33.116734
vast-hm-bean.adhigh.net,AVAILABILITY,domains.list,2021-09-23 00:26:15.502076
vastlog.adsafeprotected.com,AVAILABILITY,domains.list,2021-09-23 00:26:26.053786
verumm.g2afse.com,AVAILABILITY,domains.list,2021-09-23 00:28:33.969905
video.everesttech.net,AVAILABILITY,domains.list,2021-09-23 00:30:20.723005
villaxl.adform.net,AVAILABILITY,domains.list,2021-09-23 00:32:20.212317
wrfl.clicktale.net,AVAILABILITY,domains.list,2021-09-23 00:49:41.548519
ws-cloud.linkury.com,AVAILABILITY,domains.list,2021-09-23 00:49:47.377601
ws-dev.addthis.com,AVAILABILITY,domains.list,2021-09-23 00:49:48.022378
ws.cdn.ksapisrv.com,AVAILABILITY,domains.list,2021-09-23 00:49:55.411378
www.s-onetag.com,AVAILABILITY,domains.list,2021-09-23 01:08:30.518949
341800575.log.optimizely.com,AVAILABILITY,domains.list,2021-09-23 01:23:00.633818
7832260049.log.optimizely.com,AVAILABILITY,domains.list,2021-09-23 01:23:05.390717
adaptv.advertising.com,AVAILABILITY,domains.list,2021-09-23 01:23:28.010222
adstats.adviva.net,AVAILABILITY,domains.list,2021-09-23 01:23:31.374620
ampa3eolu38u.c.richmetrics.com,AVAILABILITY,domains.list,2021-09-23 01:23:32.385182
answers.crittercism.com,AVAILABILITY,domains.list,2021-09-23 01:23:34.150255
apkq-cm.ksmobile.net,AVAILABILITY,domains.list,2021-09-23 01:23:36.392148
arcomobi.g2afse.com,AVAILABILITY,domains.list,2021-09-23 01:23:38.787632
assets.zeotap.com,AVAILABILITY,domains.list,2021-09-23 01:23:39.502567
aws.banner-server.fyber.com,AVAILABILITY,domains.list,2021-09-23 01:23:43.205271
beta.act-on.com,AVAILABILITY,domains.list,2021-09-23 01:23:47.535518
beta.smartlook.com,AVAILABILITY,domains.list,2021-09-23 01:23:48.305427
c2i-events.startappnetwork.com,AVAILABILITY,domains.list,2021-09-23 01:23:49.995067
cdn3ncal.media.net,AVAILABILITY,domains.list,2021-09-23 01:23:53.859749
consul-stage.vidible.tv,AVAILABILITY,domains.list,2021-09-23 01:24:03.310023
csorigin.media.net,AVAILABILITY,domains.list,2021-09-23 01:24:10.897264
dco-cdn.w55c.net,AVAILABILITY,domains.list,2021-09-23 01:24:12.288230
dco-msg.mathtag.com,AVAILABILITY,domains.list,2021-09-23 01:24:13.156828
dco.w55c.net,AVAILABILITY,domains.list,2021-09-23 01:24:14.115505
dsp.api.vungle.com,AVAILABILITY,domains.list,2021-09-23 01:24:19.701215
dub-1-sync.go.sonobi.com,AVAILABILITY,domains.list,2021-09-23 01:24:21.248493
euw-trk-test1.adsrvr.org,AVAILABILITY,domains.list,2021-09-23 01:24:23.354134
event.ksosoft.com,AVAILABILITY,domains.list,2021-09-23 01:24:28.689259
fs.appsflyer.com,AVAILABILITY,domains.list,2021-09-23 01:24:30.381429
galaxy.sokrati.com,AVAILABILITY,domains.list,2021-09-23 01:24:31.375271
glb-ads.affinity.adtechus.com,AVAILABILITY,domains.list,2021-09-23 01:24:32.157663
hm.media.net,AVAILABILITY,domains.list,2021-09-23 01:24:37.034625
imagesusa.veinteractive.com,AVAILABILITY,domains.list,2021-09-23 01:24:42.633104
infra.kissmetrics.com,AVAILABILITY,domains.list,2021-09-23 01:24:43.491381
internal.revcontent.com,AVAILABILITY,domains.list,2021-09-23 01:24:45.177105
media.mopub.com,AVAILABILITY,domains.list,2021-09-23 01:24:53.138823
metricsupdater.adswizz.com,AVAILABILITY,domains.list,2021-09-23 01:24:53.967583
mobile.vertamedia.com,AVAILABILITY,domains.list,2021-09-23 01:25:05.834153
news.parsely.com,AVAILABILITY,domains.list,2021-09-23 01:25:06.933560
om17114-pdtil2-myshopify-com.optimonk.com,AVAILABILITY,domains.list,2021-09-23 01:25:10.760406
prod-asia-spop1-pubmatic.spotad.co,AVAILABILITY,domains.list,2021-09-23 01:25:16.185539
proton-int.flurry.com,AVAILABILITY,domains.list,2021-09-23 01:25:19.339503
r.nyc1.adport.io,AVAILABILITY,domains.list,2021-09-23 01:25:21.744555
rtb.gcp.msas.media.net,AVAILABILITY,domains.list,2021-09-23 01:25:25.257290
sdk-analytics.inner-active.mobi,AVAILABILITY,domains.list,2021-09-23 01:25:27.447896
tracking.artofclick.com,AVAILABILITY,domains.list,2021-09-23 01:25:41.718068
trafbox.g2afse.com,AVAILABILITY,domains.list,2021-09-23 01:25:44.552224
ui.rtb.fyber.com,AVAILABILITY,domains.list,2021-09-23 01:25:46.763624
veerp.veinteractive.com,AVAILABILITY,domains.list,2021-09-23 01:25:50.918521
video.inner-active.mobi,AVAILABILITY,domains.list,2021-09-23 01:25:51.784678
videotracker.washingtonpost.com,AVAILABILITY,domains.list,2021-09-23 01:25:52.581544
webtraffic.adtech.de,AVAILABILITY,domains.list,2021-09-23 01:25:54.477801
www.safedk.com,AVAILABILITY,domains.list,2021-09-23 01:25:56.981600
5-7-2-ios.network.ingest.crittercism.com,AVAILABILITY,domains.list,2021-09-23 01:26:01.854192
ad-test.adtechus.com,AVAILABILITY,domains.list,2021-09-23 01:26:03.656846
ad.1rx.io,AVAILABILITY,domains.list,2021-09-23 01:26:04.347117
adserverapi.onedigitalad.com,AVAILABILITY,domains.list,2021-09-23 01:26:07.938666
cf.d.msas.media.net,AVAILABILITY,domains.list,2021-09-23 01:26:16.612267
data-ext.vungle.com,AVAILABILITY,domains.list,2021-09-23 01:26:19.233806
data.logentries.com,AVAILABILITY,domains.list,2021-09-23 01:26:50.340127
itg.recosenselabs.com,AVAILABILITY,domains.list,2021-09-23 01:26:57.763477
mathid-origin.mathtag.com,AVAILABILITY,domains.list,2021-09-23 01:27:02.219073
mathid.mathtag.com,AVAILABILITY,domains.list,2021-09-23 01:27:02.956285
p4c0.paupervice.club,AVAILABILITY,domains.list,2021-09-23 01:27:10.005959
prod-europe-spop1-inmobi.spotad.co,AVAILABILITY,domains.list,2021-09-23 01:27:12.762402
prod-useast-spop1-rubicon.spotad.co,AVAILABILITY,domains.list,2021-09-23 01:27:13.939730
s.unoadsrv.com,AVAILABILITY,domains.list,2021-09-23 01:27:27.530851
sample.crazyegg.com,AVAILABILITY,domains.list,2021-09-23 01:27:28.395199
serv2ssl.vizury.com,AVAILABILITY,domains.list,2021-09-23 01:27:29.239837
superapids.sokrati.com,AVAILABILITY,domains.list,2021-09-23 01:27:30.875427
tip.umeng.com,AVAILABILITY,domains.list,2021-09-23 01:27:35.277091
track.superads.cn,AVAILABILITY,domains.list,2021-09-23 01:27:37.061784
use.match.adsrvr.org,AVAILABILITY,domains.list,2021-09-23 01:27:46.318868
usrtb-i.performancecentral.mobi,AVAILABILITY,domains.list,2021-09-23 01:27:47.194975
vconfgw.outbrain.com,AVAILABILITY,domains.list,2021-09-23 01:27:47.951212
vrt-chidc2-only.outbrain.com,AVAILABILITY,domains.list,2021-09-23 01:27:48.752703
vrt-nydc1-only.outbrain.com,AVAILABILITY,domains.list,2021-09-23 01:27:49.410725
vrt.outbrain.com,AVAILABILITY,domains.list,2021-09-23 01:27:50.071027
widget.outbrain.com,AVAILABILITY,domains.list,2021-09-23 01:27:50.760800
wp.outbrain.com,AVAILABILITY,domains.list,2021-09-23 01:27:51.444162
www-test.outbrain.com,AVAILABILITY,domains.list,2021-09-23 01:27:52.111390
www.brandguidelines.outbrain.com,AVAILABILITY,domains.list,2021-09-23 01:27:52.784793
www.lp.outbrain.com,AVAILABILITY,domains.list,2021-09-23 01:27:53.495761
analytics.adsymptotic.com,AVAILABILITY,domains.list,2021-09-23 01:27:56.396401
apa.match.adsrvr.org,AVAILABILITY,domains.list,2021-09-23 01:27:57.212464
cdn.beginads.com,AVAILABILITY,domains.list,2021-09-23 01:27:58.680833
go.bouncex.com,AVAILABILITY,domains.list,2021-09-23 01:28:11.311862
reporting-gc.adgear.com,AVAILABILITY,domains.list,2021-09-23 01:28:15.926671
rotator.beginads.com,AVAILABILITY,domains.list,2021-09-23 01:28:19.507289
s.cm.ksmobile.com,AVAILABILITY,domains.list,2021-09-23 01:28:21.293869
tracking.beginads.com,AVAILABILITY,domains.list,2021-09-23 01:28:22.038498
www.afvcugqaulh.co,AVAILABILITY,domains.list,2021-09-23 01:28:23.712737
jad-stage.vizury.com,AVAILABILITY,domains.list,2021-09-23 01:28:25.201360
s-et.w.inmobi.com,AVAILABILITY,domains.list,2021-09-23 01:28:26.015330
s2s.rtk.io,AVAILABILITY,domains.list,2021-09-23 01:28:26.831658
s5.histats.com,AVAILABILITY,domains.list,2021-09-23 01:28:27.557584
acs.maribacaberita.com,AVAILABILITY,domains.list,2021-09-23 01:28:42.241147
aps.insight.adsrvr.org,AVAILABILITY,domains.list,2021-09-23 01:28:42.973841
apt-insight.adsrvr.org,AVAILABILITY,domains.list,2021-09-23 01:28:43.670358
ca.clcknads.pro,AVAILABILITY,domains.list,2021-09-23 01:28:45.284382
jmacs.maribacaberita.com,AVAILABILITY,domains.list,2021-09-23 01:28:55.947040
proton.flurry.com,AVAILABILITY,domains.list,2021-09-23 01:28:56.650661
rgthrottle.1rx.io,AVAILABILITY,domains.list,2021-09-23 01:28:57.422473
track.jungletap.com,AVAILABILITY,domains.list,2021-09-23 01:29:05.778880
admin.adgear.com,AVAILABILITY,domains.list,2021-09-23 01:29:06.866505
advert-serv.johnmorris.me,AVAILABILITY,domains.list,2021-09-23 01:29:07.757335
api.admin.adgear.com,AVAILABILITY,domains.list,2021-09-23 01:29:08.625647
api.chat.xiaomi.net,AVAILABILITY,domains.list,2021-09-23 01:29:12.260259
sere.hiido.com,AVAILABILITY,domains.list,2021-09-23 01:29:14.615118
config.shazamid.com,AVAILABILITY,domains.list,2021-09-23 01:29:15.420698
d.adgear.com,AVAILABILITY,domains.list,2021-09-23 01:30:08.117027
o.adgear.com,AVAILABILITY,domains.list,2021-09-23 01:30:14.309406
reporting.adgear.com,AVAILABILITY,domains.list,2021-09-23 01:30:15.310370
sfa16.smi2.net,AVAILABILITY,domains.list,2021-09-23 01:30:17.495493
sfa27.smi2.net,AVAILABILITY,domains.list,2021-09-23 01:30:20.390030
sfa29.smi2.net,AVAILABILITY,domains.list,2021-09-23 01:30:22.786208
sfa31.smi2.net,AVAILABILITY,domains.list,2021-09-23 01:30:25.033770
sfa33.smi2.net,AVAILABILITY,domains.list,2021-09-23 01:30:27.479944
sfa34.smi2.net,AVAILABILITY,domains.list,2021-09-23 01:30:29.731000
sfa4.smi2.net,AVAILABILITY,domains.list,2021-09-23 01:30:32.146521
sfa42.smi2.net,AVAILABILITY,domains.list,2021-09-23 01:30:34.716480
sfa47.smi2.net,AVAILABILITY,domains.list,2021-09-23 01:30:36.959108
sfa48.smi2.net,AVAILABILITY,domains.list,2021-09-23 01:30:39.185242
sfa7.smi2.net,AVAILABILITY,domains.list,2021-09-23 01:30:41.487261
sfamt14.smi2.net,AVAILABILITY,domains.list,2021-09-23 01:30:44.087458
sfamt3.smi2.net,AVAILABILITY,domains.list,2021-09-23 01:30:46.346760
sfamt7.smi2.net,AVAILABILITY,domains.list,2021-09-23 01:30:48.915752
target2-1.sfa27.smi2.net,AVAILABILITY,domains.list,2021-09-23 01:30:50.605020
v.amazon-adsystem.com,AVAILABILITY,domains.list,2021-09-23 01:31:42.987232
cn.gameanalytics.com,AVAILABILITY,domains.list,2021-09-23 01:31:44.017048
geo.adgear.com,AVAILABILITY,domains.list,2021-09-23 01:31:44.943178
ru.gameanalytics.com,AVAILABILITY,domains.list,2021-09-23 01:31:45.916123
target2-1.sfa33.smi2.net,AVAILABILITY,domains.list,2021-09-23 01:31:48.311007
target2-1.sfa34.smi2.net,AVAILABILITY,domains.list,2021-09-23 01:31:50.325100
us.metrics.adswizz.com,AVAILABILITY,domains.list,2021-09-23 01:31:51.324967
2016.appsflyer.com,AVAILABILITY,domains.list,2021-09-23 01:31:52.373751
a.adgear.com,AVAILABILITY,domains.list,2021-09-23 01:31:53.370999
a.mobimagic.com,AVAILABILITY,domains.list,2021-09-23 01:31:54.316103
aa7bd76554cff2d93d33288d31aa6839.api.appsee.com,AVAILABILITY,domains.list,2021-09-23 01:31:55.283322
academy.unbounce.com,AVAILABILITY,domains.list,2021-09-23 01:31:56.353456
achievement.eu.crittercism.com,AVAILABILITY,domains.list,2021-09-23 01:31:57.433785
ad.marinsm.com,AVAILABILITY,domains.list,2021-09-23 01:31:58.501484
ad0.adspaces.ero-advertising.com,AVAILABILITY,domains.list,2021-09-23 01:31:59.397694
ad1.ads.ero-advertising.com,AVAILABILITY,domains.list,2021-09-23 01:32:00.903904
ad1.adspaces.ero-advertising.com,AVAILABILITY,domains.list,2021-09-23 01:32:01.972947
ad2.adspaces.ero-advertising.com,AVAILABILITY,domains.list,2021-09-23 01:32:03.273534
ad3.adspaces.ero-advertising.com,AVAILABILITY,domains.list,2021-09-23 01:32:04.735728
ad4.adspaces.ero-advertising.com,AVAILABILITY,domains.list,2021-09-23 01:32:05.783139
ad5.adspaces.ero-advertising.com,AVAILABILITY,domains.list,2021-09-23 01:32:07.061483
ad6.adspaces.ero-advertising.com,AVAILABILITY,domains.list,2021-09-23 01:32:08.388467
ad7.adspaces.ero-advertising.com,AVAILABILITY,domains.list,2021-09-23 01:32:09.471123
ad8.adspaces.ero-advertising.com,AVAILABILITY,domains.list,2021-09-23 01:32:10.377674
ads-nc.dotomi.com,AVAILABILITY,domains.list,2021-09-23 01:32:11.524985
ads-sc2-lb2.adsymptotic.com,AVAILABILITY,domains.list,2021-09-23 01:32:12.330513
ads-sc2-lb5.adsymptotic.com,AVAILABILITY,domains.list,2021-09-23 01:32:13.106574
ads-sc2-lb9.adsymptotic.com,AVAILABILITY,domains.list,2021-09-23 01:32:13.889292
ads-sc2.adsymptotic.com,AVAILABILITY,domains.list,2021-09-23 01:32:14.668866
ads.jp.as.criteo.com,AVAILABILITY,domains.list,2021-09-23 01:32:16.922454
ads.marinsm.com,AVAILABILITY,domains.list,2021-09-23 01:32:17.918805
ads1-us-east.stickyadstv.com,AVAILABILITY,domains.list,2021-09-23 01:32:18.721537
ads1.stickyadstv.com,AVAILABILITY,domains.list,2021-09-23 01:32:19.523528
ads10-us-east.stickyadstv.com,AVAILABILITY,domains.list,2021-09-23 01:32:20.290696
ads10.stickyadstv.com,AVAILABILITY,domains.list,2021-09-23 01:32:21.074849
ads11-us-east.stickyadstv.com,AVAILABILITY,domains.list,2021-09-23 01:32:21.854132
ads11.stickyadstv.com,AVAILABILITY,domains.list,2021-09-23 01:32:22.679892
ads12-us-east.stickyadstv.com,AVAILABILITY,domains.list,2021-09-23 01:32:23.523884
ads12.stickyadstv.com,AVAILABILITY,domains.list,2021-09-23 01:32:24.375498
ads13.stickyadstv.com,AVAILABILITY,domains.list,2021-09-23 01:32:25.259629
ads14.stickyadstv.com,AVAILABILITY,domains.list,2021-09-23 01:32:26.131058
ads15.stickyadstv.com,AVAILABILITY,domains.list,2021-09-23 01:32:27.057052
ads16.stickyadstv.com,AVAILABILITY,domains.list,2021-09-23 01:32:27.898258
ads2-us-east.stickyadstv.com,AVAILABILITY,domains.list,2021-09-23 01:32:28.685584
ads20.stickyadstv.com,AVAILABILITY,domains.list,2021-09-23 01:32:29.513472
ads21.stickyadstv.com,AVAILABILITY,domains.list,2021-09-23 01:32:30.330180
ads22.stickyadstv.com,AVAILABILITY,domains.list,2021-09-23 01:32:31.159001
ads3-us-east.stickyadstv.com,AVAILABILITY,domains.list,2021-09-23 01:32:31.966136
ads3.stickyadstv.com,AVAILABILITY,domains.list,2021-09-23 01:32:32.791809
ads30.stickyadstv.com,AVAILABILITY,domains.list,2021-09-23 01:32:33.571001
ads31.stickyadstv.com,AVAILABILITY,domains.list,2021-09-23 01:32:34.392410
ads32.stickyadstv.com,AVAILABILITY,domains.list,2021-09-23 01:32:35.181843
ads37.stickyadstv.com,AVAILABILITY,domains.list,2021-09-23 01:32:35.980799
ads38.stickyadstv.com,AVAILABILITY,domains.list,2021-09-23 01:32:36.827289
ads4-us-east.stickyadstv.com,AVAILABILITY,domains.list,2021-09-23 01:32:37.618802
ads4.stickyadstv.com,AVAILABILITY,domains.list,2021-09-23 01:32:38.420564
ads40.stickyadstv.com,AVAILABILITY,domains.list,2021-09-23 01:32:39.257797
ads41.adtelligent.com,AVAILABILITY,domains.list,2021-09-23 01:32:40.028814
ads41.stickyadstv.com,AVAILABILITY,domains.list,2021-09-23 01:32:40.922001
ads42.adtelligent.com,AVAILABILITY,domains.list,2021-09-23 01:32:41.724521
ads42.stickyadstv.com,AVAILABILITY,domains.list,2021-09-23 01:32:42.573668
ads46.stickyadstv.com,AVAILABILITY,domains.list,2021-09-23 01:32:43.400713
ads5-us-east.stickyadstv.com,AVAILABILITY,domains.list,2021-09-23 01:32:44.286663
ads5.stickyadstv.com,AVAILABILITY,domains.list,2021-09-23 01:32:45.081624
ads50.stickyadstv.com,AVAILABILITY,domains.list,2021-09-23 01:32:45.935501
ads51.stickyadstv.com,AVAILABILITY,domains.list,2021-09-23 01:32:46.774071
ads52.stickyadstv.com,AVAILABILITY,domains.list,2021-09-23 01:32:47.567460
ads56.stickyadstv.com,AVAILABILITY,domains.list,2021-09-23 01:32:48.375312
ads6-us-east.stickyadstv.com,AVAILABILITY,domains.list,2021-09-23 01:32:49.226293
ads6.stickyadstv.com,AVAILABILITY,domains.list,2021-09-23 01:32:50.056620
ads7-us-east.stickyadstv.com,AVAILABILITY,domains.list,2021-09-23 01:32:50.837198
ads7.stickyadstv.com,AVAILABILITY,domains.list,2021-09-23 01:32:51.697513
ads8-us-east.stickyadstv.com,AVAILABILITY,domains.list,2021-09-23 01:32:52.595934
ads8.stickyadstv.com,AVAILABILITY,domains.list,2021-09-23 01:32:53.411722
ads9-us-east.stickyadstv.com,AVAILABILITY,domains.list,2021-09-23 01:32:54.243253
ads9.stickyadstv.com,AVAILABILITY,domains.list,2021-09-23 01:32:55.068584
af201768865.com,AVAILABILITY,domains.list,2021-09-23 01:32:56.067243
aftenposten.glb.adtech.de,AVAILABILITY,domains.list,2021-09-23 01:32:57.420802
am1.clicktale.net,AVAILABILITY,domains.list,2021-09-23 01:32:58.294380
ambus1.clicktale.net,AVAILABILITY,domains.list,2021-09-23 01:32:59.104167
ambus2.clicktale.net,AVAILABILITY,domains.list,2021-09-23 01:32:59.944918
amd1.clicktale.net,AVAILABILITY,domains.list,2021-09-23 01:33:00.803076
amdas1.clicktale.net,AVAILABILITY,domains.list,2021-09-23 01:33:01.601143
amdas2.clicktale.net,AVAILABILITY,domains.list,2021-09-23 01:33:02.437146
amdb01.clicktale.net,AVAILABILITY,domains.list,2021-09-23 01:33:03.238643
amdb02.clicktale.net,AVAILABILITY,domains.list,2021-09-23 01:33:04.057072
amkafka01.clicktale.net,AVAILABILITY,domains.list,2021-09-23 01:33:04.856878
amkafka02.clicktale.net,AVAILABILITY,domains.list,2021-09-23 01:33:05.701417
amkafka03.clicktale.net,AVAILABILITY,domains.list,2021-09-23 01:33:06.520358
amlb1.clicktale.net,AVAILABILITY,domains.list,2021-09-23 01:33:07.342614
amp.3lift.com,AVAILABILITY,domains.list,2021-09-23 01:33:08.289990
ampsweb01.clicktale.net,AVAILABILITY,domains.list,2021-09-23 01:33:09.122823
ams-goog.applovin.com,AVAILABILITY,domains.list,2021-09-23 01:33:10.292490
ams-rtb.applovin.com,AVAILABILITY,domains.list,2021-09-23 01:33:11.318435
amsprod-rtbwin.applovin.com,AVAILABILITY,domains.list,2021-09-23 01:33:12.324315
amsstage-rtb.applovin.com,AVAILABILITY,domains.list,2021-09-23 01:33:13.333626
amsstage-rtbwin.applovin.com,AVAILABILITY,domains.list,2021-09-23 01:33:14.303739
analytics.adspaces.ero-advertising.com,AVAILABILITY,domains.list,2021-09-23 01:33:15.260027
analytics.cloud.online.net,AVAILABILITY,domains.list,2021-09-23 01:33:17.421505
anc.adiquity.com,AVAILABILITY,domains.list,2021-09-23 01:33:18.674413
andelamobile-d.openx.net,AVAILABILITY,domains.list,2021-09-23 01:33:19.976311
api.eu.crittercism.com,AVAILABILITY,domains.list,2021-09-23 01:33:21.077553
api.googleadsapi.com,AVAILABILITY,domains.list,2021-09-23 01:33:22.352722
api.trig.tech,AVAILABILITY,domains.list,2021-09-23 01:33:24.308005
apm.eu.crittercism.com,AVAILABILITY,domains.list,2021-09-23 01:33:25.357786
app.eu.crittercism.com,AVAILABILITY,domains.list,2021-09-23 01:33:26.345840
app.insert.io,AVAILABILITY,domains.list,2021-09-23 01:33:27.435095
app.trackappr.com,AVAILABILITY,domains.list,2021-09-23 01:33:28.477614
appad.adiquity.com,AVAILABILITY,domains.list,2021-09-23 01:33:29.515642
ast.adiquity.com,AVAILABILITY,domains.list,2021-09-23 01:33:30.453745
avangarde.unblock.onaudience.com,AVAILABILITY,domains.list,2021-09-23 01:33:31.579260
avir28.com,AVAILABILITY,domains.list,2021-09-23 01:33:32.774571
b-stage.scorecardresearch.com,AVAILABILITY,domains.list,2021-09-23 01:33:33.663376
batch1.stickyadstv.com,AVAILABILITY,domains.list,2021-09-23 01:33:34.531371
bazaarvoice-d.openx.net,AVAILABILITY,domains.list,2021-09-23 01:33:35.782259
bd.appier.net,AVAILABILITY,domains.list,2021-09-23 01:33:36.739255
be6b.v.fwmrm.net,AVAILABILITY,domains.list,2021-09-23 01:33:37.579621
beacon-apac-hkg1.rubiconproject.com,AVAILABILITY,domains.list,2021-09-23 01:33:38.793625
beacon-eu-ams3.rubiconproject.com,AVAILABILITY,domains.list,2021-09-23 01:33:39.767468
beacon-eu2.rubiconproject.com,AVAILABILITY,domains.list,2021-09-23 01:33:41.049719
beacon-us-iad2.rubiconproject.com,AVAILABILITY,domains.list,2021-09-23 01:33:42.097512
beacon-us-iad3.rubiconproject.com,AVAILABILITY,domains.list,2021-09-23 01:33:43.132988
beacon-us-west.rubiconproject.com,AVAILABILITY,domains.list,2021-09-23 01:33:44.238540
beta.inmobi.com,AVAILABILITY,domains.list,2021-09-23 01:33:45.349611
beta1.beacon.studio.ev1.inmobi.com,AVAILABILITY,domains.list,2021-09-23 01:33:46.385558
beta1.studio.ev1.inmobi.com,AVAILABILITY,domains.list,2021-09-23 01:33:47.563542
bi.demandbase.com,AVAILABILITY,domains.list,2021-09-23 01:33:48.560894
bmpwebapi.mobvista.com,AVAILABILITY,domains.list,2021-09-23 01:33:49.600892
bo1.stickyadstv.com,AVAILABILITY,domains.list,2021-09-23 01:33:50.422699
bt3.marinsm.com,AVAILABILITY,domains.list,2021-09-23 01:33:51.441466
c.hiido.com,AVAILABILITY,domains.list,2021-09-23 01:33:53.181523
c.snnd.co,AVAILABILITY,domains.list,2021-09-23 01:33:55.845847
canary-x.flurry.com,AVAILABILITY,domains.list,2021-09-23 01:33:56.932015
carbonmedia-d.openx.net,AVAILABILITY,domains.list,2021-09-23 01:33:57.946932
cas.jp.as.criteo.com,AVAILABILITY,domains.list,2021-09-23 01:33:59.584462
cassandra-u14-us-east.stickyadstv.com,AVAILABILITY,domains.list,2021-09-23 01:34:00.341149
cat.jp.as.criteo.com,AVAILABILITY,domains.list,2021-09-23 01:34:01.770191
cdn.adgear.com,AVAILABILITY,domains.list,2021-09-23 01:34:02.726675
cdn.hoverr.me,AVAILABILITY,domains.list,2021-09-23 01:34:04.986224
cdn.onaudience.com,AVAILABILITY,domains.list,2021-09-23 01:34:06.271523
cdn.remarketingpixel.com,AVAILABILITY,domains.list,2021-09-23 01:34:19.786581
cdn.tacoda.at.atwola.com,AVAILABILITY,domains.list,2021-09-23 01:34:20.727051
cdn1-f1.stickyadstv.com,AVAILABILITY,domains.list,2021-09-23 01:34:21.519791
cdn1.stickyadstv.com,AVAILABILITY,domains.list,2021-09-23 01:34:22.310871
cdn2-f1.stickyadstv.com,AVAILABILITY,domains.list,2021-09-23 01:34:23.084992
cdn2.stickyadstv.com,AVAILABILITY,domains.list,2021-09-23 01:34:23.871337
cdnpoc.clicktale.net,AVAILABILITY,domains.list,2021-09-23 01:34:24.659109
cldtrax.com,AVAILABILITY,domains.list,2021-09-23 01:34:25.678237
clearcomb.com,AVAILABILITY,domains.list,2021-09-23 01:34:26.650562
click.adsbing.com,AVAILABILITY,domains.list,2021-09-23 01:34:28.393837
click.szkuka.com,AVAILABILITY,domains.list,2021-09-23 01:34:29.302133
conductor.clicktale.net,AVAILABILITY,domains.list,2021-09-23 01:34:30.055558
csloggerorigin.media.net,AVAILABILITY,domains.list,2021-09-23 01:34:31.030181
csm.jp.as.criteo.net,AVAILABILITY,domains.list,2021-09-23 01:34:32.626169
d.apptrk.io,AVAILABILITY,domains.list,2021-09-23 01:34:33.843113
d3dkhq0wwdwodv.cloudfront.net,AVAILABILITY,domains.list,2021-09-23 01:34:34.874597
d8rk54i4mohrb.cloudfront.net,AVAILABILITY,domains.list,2021-09-23 01:34:35.848737
data-provider.beta.smartlook.com,AVAILABILITY,domains.list,2021-09-23 01:34:36.849863
data01.adlooxtracking.com,AVAILABILITY,domains.list,2021-09-23 01:34:38.403844
data32.adlooxtracking.com,AVAILABILITY,domains.list,2021-09-23 01:34:39.591708
data44.adlooxtracking.com,AVAILABILITY,domains.list,2021-09-23 01:34:40.845938
data45.adlooxtracking.com,AVAILABILITY,domains.list,2021-09-23 01:34:41.987430
data46.adlooxtracking.com,AVAILABILITY,domains.list,2021-09-23 01:34:43.125870
data47.adlooxtracking.com,AVAILABILITY,domains.list,2021-09-23 01:34:44.433938
data48.adlooxtracking.com,AVAILABILITY,domains.list,2021-09-23 01:34:45.595384
data49.adlooxtracking.com,AVAILABILITY,domains.list,2021-09-23 01:34:46.607611
data50.adlooxtracking.com,AVAILABILITY,domains.list,2021-09-23 01:34:47.857261
data51.adlooxtracking.com,AVAILABILITY,domains.list,2021-09-23 01:34:48.892639
data52.adlooxtracking.com,AVAILABILITY,domains.list,2021-09-23 01:34:50.385863
data54.adlooxtracking.com,AVAILABILITY,domains.list,2021-09-23 01:34:51.419592
datam06.adlooxtracking.com,AVAILABILITY,domains.list,2021-09-23 01:34:52.538270
datam07.adlooxtracking.com,AVAILABILITY,domains.list,2021-09-23 01:34:53.655265
datam08.adlooxtracking.com,AVAILABILITY,domains.list,2021-09-23 01:34:54.894933
datam09.adlooxtracking.com,AVAILABILITY,domains.list,2021-09-23 01:34:56.070738
datam10.adlooxtracking.com,AVAILABILITY,domains.list,2021-09-23 01:34:57.186675
datam18.adlooxtracking.com,AVAILABILITY,domains.list,2021-09-23 01:34:58.416204
datam19.adlooxtracking.com,AVAILABILITY,domains.list,2021-09-23 01:34:59.679630
datam20.adlooxtracking.com,AVAILABILITY,domains.list,2021-09-23 01:35:00.759530
datam21.adlooxtracking.com,AVAILABILITY,domains.list,2021-09-23 01:35:02.014779
datam22.adlooxtracking.com,AVAILABILITY,domains.list,2021-09-23 01:35:03.087675
datam23.adlooxtracking.com,AVAILABILITY,domains.list,2021-09-23 01:35:04.194843
datam24.adlooxtracking.com,AVAILABILITY,domains.list,2021-09-23 01:35:05.461390
datam25.adlooxtracking.com,AVAILABILITY,domains.list,2021-09-23 01:35:06.596177
datam26.adlooxtracking.com,AVAILABILITY,domains.list,2021-09-23 01:35:07.800113
datas01.adlooxtracking.com,AVAILABILITY,domains.list,2021-09-23 01:35:09.034387
datas02.adlooxtracking.com,AVAILABILITY,domains.list,2021-09-23 01:35:10.281278
datas03.adlooxtracking.com,AVAILABILITY,domains.list,2021-09-23 01:35:11.441042
datas04.adlooxtracking.com,AVAILABILITY,domains.list,2021-09-23 01:35:12.574838
datas05.adlooxtracking.com,AVAILABILITY,domains.list,2021-09-23 01:35:13.814343
datas06.adlooxtracking.com,AVAILABILITY,domains.list,2021-09-23 01:35:15.000554
datas07.adlooxtracking.com,AVAILABILITY,domains.list,2021-09-23 01:35:16.060229
datas08.adlooxtracking.com,AVAILABILITY,domains.list,2021-09-23 01:35:17.157383
datas09.adlooxtracking.com,AVAILABILITY,domains.list,2021-09-23 01:35:18.257386
datas10.adlooxtracking.com,AVAILABILITY,domains.list,2021-09-23 01:35:19.433124
db1.stickyadstv.com,AVAILABILITY,domains.list,2021-09-23 01:35:20.235891
dca-rtb.applovin.com,AVAILABILITY,domains.list,2021-09-23 01:35:21.112551
dcs-beta.demdex.net,AVAILABILITY,domains.list,2021-09-23 01:35:21.995893
deals.deployads.com,AVAILABILITY,domains.list,2021-09-23 01:35:23.094605
digitalthrottle-d.openx.net,AVAILABILITY,domains.list,2021-09-23 01:35:24.327767
dis.jp.as.criteo.com,AVAILABILITY,domains.list,2021-09-23 01:35:26.026677
disco.zeropark.com,AVAILABILITY,domains.list,2021-09-23 01:35:27.159765
dmpcad.adsame.com,AVAILABILITY,domains.list,2021-09-23 01:35:29.222910
dmpjoyme.adsame.com,AVAILABILITY,domains.list,2021-09-23 01:35:31.365141
e.a.mobimagic.com,AVAILABILITY,domains.list,2021-09-23 01:35:32.419117
ecooltra.data.insert.io,AVAILABILITY,domains.list,2021-09-23 01:35:33.591616
ecooltra.device.insert.io,AVAILABILITY,domains.list,2021-09-23 01:35:34.701868
ellemen.adsame.com,AVAILABILITY,domains.list,2021-09-23 01:35:37.379559
enter.media.net,AVAILABILITY,domains.list,2021-09-23 01:35:38.832448
et.us-west.gslb.inmobi.com,AVAILABILITY,domains.list,2021-09-23 01:35:40.030450
eu-rtb.vertamedia.com,AVAILABILITY,domains.list,2021-09-23 01:35:40.872795
eu.crittercism.com,AVAILABILITY,domains.list,2021-09-23 01:35:41.762808
events-api.outfit7.net,AVAILABILITY,domains.list,2021-09-23 01:35:42.770273
ewr-a.applovin.com,AVAILABILITY,domains.list,2021-09-23 01:35:43.752791
ewr-d.applovin.com,AVAILABILITY,domains.list,2021-09-23 01:35:44.731101
ewr-rtbprod.applovin.com,AVAILABILITY,domains.list,2021-09-23 01:35:45.693457
ewrprod-rtbwin.applovin.com,AVAILABILITY,domains.list,2021-09-23 01:35:46.623389
ewrstage-rtb.applovin.com,AVAILABILITY,domains.list,2021-09-23 01:35:47.576121
ewrstage-rtbwin.applovin.com,AVAILABILITY,domains.list,2021-09-23 01:35:48.530532
examples.treasuredata.com,AVAILABILITY,domains.list,2021-09-23 01:35:49.432239
facebook.promo.tubemogul.com,AVAILABILITY,domains.list,2021-09-23 01:35:50.381922
fc-lb1.iad2.adsymptotic.com,AVAILABILITY,domains.list,2021-09-23 01:35:51.222061
fc-lb2.iad2.adsymptotic.com,AVAILABILITY,domains.list,2021-09-23 01:35:52.005411
feedback.sokrati.com,AVAILABILITY,domains.list,2021-09-23 01:35:53.105269
femina.adsame.com,AVAILABILITY,domains.list,2021-09-23 01:35:55.604818
gads55000.pubmatic.com,AVAILABILITY,domains.list,2021-09-23 01:35:56.453496
gads55000c.pubmatic.com,AVAILABILITY,domains.list,2021-09-23 01:35:57.261397
gbidder.adsame.com,AVAILABILITY,domains.list,2021-09-23 01:35:59.861422
glb-ads.aftenposten.adtech.de,AVAILABILITY,domains.list,2021-09-23 01:36:00.866425
glb-ads.finno.adtech.de,AVAILABILITY,domains.list,2021-09-23 01:36:01.802194
glb-ads.popitunder.adtech.de,AVAILABILITY,domains.list,2021-09-23 01:36:02.605334
glb-ads.ripplead.adtech.de,AVAILABILITY,domains.list,2021-09-23 01:36:03.496285
glb-ads.vgsgaming.adtech.de,AVAILABILITY,domains.list,2021-09-23 01:36:04.295079
glb-mobile.a.adtech.de,AVAILABILITY,domains.list,2021-09-23 01:36:05.088053
go.apptrk.io,AVAILABILITY,domains.list,2021-09-23 01:36:06.059940
go.insert.io,AVAILABILITY,domains.list,2021-09-23 01:36:07.027342
go2.insert.io,AVAILABILITY,domains.list,2021-09-23 01:36:07.952957
govtech-c.clickability.com,AVAILABILITY,domains.list,2021-09-23 01:36:09.602783
gtsdk.batmobi.net,AVAILABILITY,domains.list,2021-09-23 01:36:10.724036
gui.secure.mobile.contentabc.com,AVAILABILITY,domains.list,2021-09-23 01:36:11.654163
h.scorecardresearch.com,AVAILABILITY,domains.list,2021-09-23 01:36:12.556328
hdcrash.hiido.com,AVAILABILITY,domains.list,2021-09-23 01:36:14.772706
heatmap-writer.smartlook.com,AVAILABILITY,domains.list,2021-09-23 01:36:15.827036
hexagram.rtk.io,AVAILABILITY,domains.list,2021-09-23 01:36:17.006842
hfmad.adsame.com,AVAILABILITY,domains.list,2021-09-23 01:36:19.331940
highst.applovin.com,AVAILABILITY,domains.list,2021-09-23 01:36:20.287724
htttracker.marinsm.com,AVAILABILITY,domains.list,2021-09-23 01:36:21.133420
idash.appier.net,AVAILABILITY,domains.list,2021-09-23 01:36:22.164065
ifc.auth.inmobi.com,AVAILABILITY,domains.list,2021-09-23 01:36:23.428184
ifcp3.sg1.inmobi.com,AVAILABILITY,domains.list,2021-09-23 01:36:24.517318
image.adsbing.com,AVAILABILITY,domains.list,2021-09-23 01:36:36.280813
images.adkmob.com,AVAILABILITY,domains.list,2021-09-23 01:36:37.251272
imk-d.openx.net,AVAILABILITY,domains.list,2021-09-23 01:36:38.520554
in.o2o.api.xiaomi.com,AVAILABILITY,domains.list,2021-09-23 01:36:40.789121
incoming.hotjar.com,AVAILABILITY,domains.list,2021-09-23 01:36:41.954052
indecode.inmobi.com,AVAILABILITY,domains.list,2021-09-23 01:36:42.999766
info.jp.as.criteo.com,AVAILABILITY,domains.list,2021-09-23 01:36:44.871283
info.taboola.com,AVAILABILITY,domains.list,2021-09-23 01:36:45.672729
integrations.crittercism.com,AVAILABILITY,domains.list,2021-09-23 01:36:46.663358
intranet.lijit.com,AVAILABILITY,domains.list,2021-09-23 01:36:47.471676
iot.umeng.com,AVAILABILITY,domains.list,2021-09-23 01:36:48.646616
ir-conductor.clicktale.net,AVAILABILITY,domains.list,2021-09-23 01:36:49.453321
j1ti2.5255235.com,AVAILABILITY,domains.list,2021-09-23 01:36:50.376236
js.ads.ero-advertising.com,AVAILABILITY,domains.list,2021-09-23 01:36:51.231894
kafka1.stickyadstv.com,AVAILABILITY,domains.list,2021-09-23 01:36:52.060969
kafka10.stickyadstv.com,AVAILABILITY,domains.list,2021-09-23 01:36:52.852420
kafka11.stickyadstv.com,AVAILABILITY,domains.list,2021-09-23 01:36:53.614627
kafka12.stickyadstv.com,AVAILABILITY,domains.list,2021-09-23 01:36:54.488641
kafka2.stickyadstv.com,AVAILABILITY,domains.list,2021-09-23 01:36:55.290482
kafka20.stickyadstv.com,AVAILABILITY,domains.list,2021-09-23 01:36:56.148817
kafka21.stickyadstv.com,AVAILABILITY,domains.list,2021-09-23 01:36:56.970166
kafka22.stickyadstv.com,AVAILABILITY,domains.list,2021-09-23 01:36:57.795100
kafka30.stickyadstv.com,AVAILABILITY,domains.list,2021-09-23 01:36:58.595911
kafka31.stickyadstv.com,AVAILABILITY,domains.list,2021-09-23 01:36:59.438525
komoona-d.openx.net,AVAILABILITY,domains.list,2021-09-23 01:37:00.559732
l.a.mobimagic.com,AVAILABILITY,domains.list,2021-09-23 01:37:01.530379
ladon.wshareit.com,AVAILABILITY,domains.list,2021-09-23 01:37:02.602748
laxbea4cnnvip1.fwmrm.net,AVAILABILITY,domains.list,2021-09-23 01:37:03.407362
laxbea4cnnvip2.fwmrm.net,AVAILABILITY,domains.list,2021-09-23 01:37:04.292913
lb.statsevent.com,AVAILABILITY,domains.list,2021-09-23 01:37:05.228035
localfusion.secure.ownlocal.com,AVAILABILITY,domains.list,2021-09-23 01:37:06.809253
log-manager.propellerads.com,AVAILABILITY,domains.list,2021-09-23 01:37:07.809847
log.upload.bigdata.haokan.mobi,AVAILABILITY,domains.list,2021-09-23 01:37:08.625709
lp.blpmovies.com,AVAILABILITY,domains.list,2021-09-23 01:37:09.716323
lp.easyziptab.com,AVAILABILITY,domains.list,2021-09-23 01:37:10.637974
main.dynsrvazg.com,AVAILABILITY,domains.list,2021-09-23 01:37:11.606650
manager.beta.smartlook.com,AVAILABILITY,domains.list,2021-09-23 01:37:12.553010
mapstats1.stickyadstv.com,AVAILABILITY,domains.list,2021-09-23 01:37:13.387278
mapstats10.stickyadstv.com,AVAILABILITY,domains.list,2021-09-23 01:37:14.209291
mapstats100.stickyadstv.com,AVAILABILITY,domains.list,2021-09-23 01:37:15.013792
mapstats101.stickyadstv.com,AVAILABILITY,domains.list,2021-09-23 01:37:15.869547
mapstats102.stickyadstv.com,AVAILABILITY,domains.list,2021-09-23 01:37:16.722777
mapstats11.stickyadstv.com,AVAILABILITY,domains.list,2021-09-23 01:37:17.528958
mapstats110.stickyadstv.com,AVAILABILITY,domains.list,2021-09-23 01:37:18.366468
mapstats111.stickyadstv.com,AVAILABILITY,domains.list,2021-09-23 01:37:19.195468
mapstats112.stickyadstv.com,AVAILABILITY,domains.list,2021-09-23 01:37:20.029905
mapstats12.stickyadstv.com,AVAILABILITY,domains.list,2021-09-23 01:37:20.918416
mapstats120.stickyadstv.com,AVAILABILITY,domains.list,2021-09-23 01:37:21.773231
mapstats121.stickyadstv.com,AVAILABILITY,domains.list,2021-09-23 01:37:22.654026
mapstats122.stickyadstv.com,AVAILABILITY,domains.list,2021-09-23 01:37:23.534529
mapstats130.stickyadstv.com,AVAILABILITY,domains.list,2021-09-23 01:37:24.444495
mapstats131.stickyadstv.com,AVAILABILITY,domains.list,2021-09-23 01:37:25.343211
mapstats132.stickyadstv.com,AVAILABILITY,domains.list,2021-09-23 01:37:26.250983
mapstats140.stickyadstv.com,AVAILABILITY,domains.list,2021-09-23 01:37:27.142386
mapstats141.stickyadstv.com,AVAILABILITY,domains.list,2021-09-23 01:37:27.936079
mapstats142.stickyadstv.com,AVAILABILITY,domains.list,2021-09-23 01:37:28.827117
mapstats150.stickyadstv.com,AVAILABILITY,domains.list,2021-09-23 01:37:29.635615
mapstats151.stickyadstv.com,AVAILABILITY,domains.list,2021-09-23 01:37:30.442937
mapstats152.stickyadstv.com,AVAILABILITY,domains.list,2021-09-23 01:37:31.352841
mapstats160.stickyadstv.com,AVAILABILITY,domains.list,2021-09-23 01:37:32.265185
mapstats161.stickyadstv.com,AVAILABILITY,domains.list,2021-09-23 01:37:33.123593
mapstats162.stickyadstv.com,AVAILABILITY,domains.list,2021-09-23 01:37:33.934071
mapstats170.stickyadstv.com,AVAILABILITY,domains.list,2021-09-23 01:37:34.775934
mapstats171.stickyadstv.com,AVAILABILITY,domains.list,2021-09-23 01:37:35.605342
mapstats172.stickyadstv.com,AVAILABILITY,domains.list,2021-09-23 01:37:36.439695
mapstats180.stickyadstv.com,AVAILABILITY,domains.list,2021-09-23 01:37:37.306170
mapstats181.stickyadstv.com,AVAILABILITY,domains.list,2021-09-23 01:37:38.155606
mapstats182.stickyadstv.com,AVAILABILITY,domains.list,2021-09-23 01:37:39.004109
mapstats190.stickyadstv.com,AVAILABILITY,domains.list,2021-09-23 01:37:39.815812
mapstats191.stickyadstv.com,AVAILABILITY,domains.list,2021-09-23 01:37:40.686754
mapstats192.stickyadstv.com,AVAILABILITY,domains.list,2021-09-23 01:37:41.546684
mapstats20.stickyadstv.com,AVAILABILITY,domains.list,2021-09-23 01:37:42.398220
mapstats200.stickyadstv.com,AVAILABILITY,domains.list,2021-09-23 01:37:43.257573
mapstats201.stickyadstv.com,AVAILABILITY,domains.list,2021-09-23 01:37:44.096198
mapstats202.stickyadstv.com,AVAILABILITY,domains.list,2021-09-23 01:37:44.863821
mapstats21.stickyadstv.com,AVAILABILITY,domains.list,2021-09-23 01:37:45.690064
mapstats210.stickyadstv.com,AVAILABILITY,domains.list,2021-09-23 01:37:46.529309
mapstats211.stickyadstv.com,AVAILABILITY,domains.list,2021-09-23 01:37:47.395423
mapstats212.stickyadstv.com,AVAILABILITY,domains.list,2021-09-23 01:37:48.221270
mapstats22.stickyadstv.com,AVAILABILITY,domains.list,2021-09-23 01:37:49.048660
mapstats220.stickyadstv.com,AVAILABILITY,domains.list,2021-09-23 01:37:49.859929
mapstats221.stickyadstv.com,AVAILABILITY,domains.list,2021-09-23 01:37:50.666268
mapstats222.stickyadstv.com,AVAILABILITY,domains.list,2021-09-23 01:37:51.700413
mapstats230.stickyadstv.com,AVAILABILITY,domains.list,2021-09-23 01:37:52.537558
mapstats231.stickyadstv.com,AVAILABILITY,domains.list,2021-09-23 01:37:53.386297
mapstats232.stickyadstv.com,AVAILABILITY,domains.list,2021-09-23 01:37:54.136243
mapstats240.stickyadstv.com,AVAILABILITY,domains.list,2021-09-23 01:37:54.925628
mapstats241.stickyadstv.com,AVAILABILITY,domains.list,2021-09-23 01:37:55.798069
mapstats242.stickyadstv.com,AVAILABILITY,domains.list,2021-09-23 01:37:56.621937
mapstats30.stickyadstv.com,AVAILABILITY,domains.list,2021-09-23 01:37:57.434440
mapstats31.stickyadstv.com,AVAILABILITY,domains.list,2021-09-23 01:37:58.303628
mapstats32.stickyadstv.com,AVAILABILITY,domains.list,2021-09-23 01:37:59.097413
mapstats40.stickyadstv.com,AVAILABILITY,domains.list,2021-09-23 01:37:59.902173
mapstats41.stickyadstv.com,AVAILABILITY,domains.list,2021-09-23 01:38:00.737726
mapstats42.stickyadstv.com,AVAILABILITY,domains.list,2021-09-23 01:38:01.616546
mapstats50.stickyadstv.com,AVAILABILITY,domains.list,2021-09-23 01:38:02.474819
mapstats51.stickyadstv.com,AVAILABILITY,domains.list,2021-09-23 01:38:03.398241
mapstats52.stickyadstv.com,AVAILABILITY,domains.list,2021-09-23 01:38:04.217292
mapstats60.stickyadstv.com,AVAILABILITY,domains.list,2021-09-23 01:38:05.054727
mapstats61.stickyadstv.com,AVAILABILITY,domains.list,2021-09-23 01:38:05.922884
mapstats62.stickyadstv.com,AVAILABILITY,domains.list,2021-09-23 01:38:06.696868
mapstats70.stickyadstv.com,AVAILABILITY,domains.list,2021-09-23 01:38:07.545131
mapstats71.stickyadstv.com,AVAILABILITY,domains.list,2021-09-23 01:38:08.423434
mapstats72.stickyadstv.com,AVAILABILITY,domains.list,2021-09-23 01:38:09.289534
mapstats80.stickyadstv.com,AVAILABILITY,domains.list,2021-09-23 01:38:10.103072
mapstats81.stickyadstv.com,AVAILABILITY,domains.list,2021-09-23 01:38:10.924425
mapstats82.stickyadstv.com,AVAILABILITY,domains.list,2021-09-23 01:38:11.761686
mapstats90.stickyadstv.com,AVAILABILITY,domains.list,2021-09-23 01:38:12.563942
mapstats91.stickyadstv.com,AVAILABILITY,domains.list,2021-09-23 01:38:13.380857
mapstats92.stickyadstv.com,AVAILABILITY,domains.list,2021-09-23 01:38:14.219162
mcchina.adsame.com,AVAILABILITY,domains.list,2021-09-23 01:38:16.607466
media-dc6.msg.dotomi.com,AVAILABILITY,domains.list,2021-09-23 01:38:17.918853
media.rtk.io,AVAILABILITY,domains.list,2021-09-23 01:38:19.063518
metadsp-api.onetag.com,AVAILABILITY,domains.list,2021-09-23 01:38:19.996699
miipsite.ci.ev1.inmobi.com,AVAILABILITY,domains.list,2021-09-23 01:38:21.099694
miipsite01.ci.ev1.inmobi.com,AVAILABILITY,domains.list,2021-09-23 01:38:22.137836
mixi-d.openx.net,AVAILABILITY,domains.list,2021-09-23 01:38:23.370202
mor.insert.io,AVAILABILITY,domains.list,2021-09-23 01:38:24.298659
msuuid.marinsm.com,AVAILABILITY,domains.list,2021-09-23 01:38:25.449967
mx.academicmetrics.com,AVAILABILITY,domains.list,2021-09-23 01:38:26.539305
nat1.ev1.inmobi.com,AVAILABILITY,domains.list,2021-09-23 01:38:27.636154
nat1.sg1.inmobi.com,AVAILABILITY,domains.list,2021-09-23 01:38:28.718518
navvyncal.media.net,AVAILABILITY,domains.list,2021-09-23 01:38:29.859589
new.onetag.com,AVAILABILITY,domains.list,2021-09-23 01:38:30.722405
newsroomhelp.taboola.com,AVAILABILITY,domains.list,2021-09-23 01:38:31.487037
nj.thor.rtk.io,AVAILABILITY,domains.list,2021-09-23 01:38:32.542160
ns2.stg.fwmrm.net,AVAILABILITY,domains.list,2021-09-23 01:38:33.384117
nyc.thor.rtk.io,AVAILABILITY,domains.list,2021-09-23 01:38:34.646488
oem.inmobi.com,AVAILABILITY,domains.list,2021-09-23 01:38:35.740802
oltp01.tubemogul.com,AVAILABILITY,domains.list,2021-09-23 01:38:36.669374
oltp02.tubemogul.com,AVAILABILITY,domains.list,2021-09-23 01:38:37.545769
oltp10.tubemogul.com,AVAILABILITY,domains.list,2021-09-23 01:38:38.485965
oltp15.tubemogul.com,AVAILABILITY,domains.list,2021-09-23 01:38:39.391841
oltp16.tubemogul.com,AVAILABILITY,domains.list,2021-09-23 01:38:40.269299
ono.inmobicdn.net,AVAILABILITY,domains.list,2021-09-23 01:38:41.467565
openrtb.contextweb.com,AVAILABILITY,domains.list,2021-09-23 01:38:42.457484
ops-query-0.gameanalytics.com,AVAILABILITY,domains.list,2021-09-23 01:38:43.514041
ops-query-1.gameanalytics.com,AVAILABILITY,domains.list,2021-09-23 01:38:44.481936
ops-query-2.gameanalytics.com,AVAILABILITY,domains.list,2021-09-23 01:38:45.537903
ops-query-3.gameanalytics.com,AVAILABILITY,domains.list,2021-09-23 01:38:46.494806
oscar54.rtb.appier.net,AVAILABILITY,domains.list,2021-09-23 01:38:47.798066
ospf1.stickyadstv.com,AVAILABILITY,domains.list,2021-09-23 01:38:48.642066
pinterest.3lift.com,AVAILABILITY,domains.list,2021-09-23 01:38:49.479553
piwik.adspaces.ero-advertising.com,AVAILABILITY,domains.list,2021-09-23 01:38:50.415235
pix.jp.as.criteo.net,AVAILABILITY,domains.list,2021-09-23 01:38:51.846429
pixel-lb10.apc.adsymptotic.com,AVAILABILITY,domains.list,2021-09-23 01:38:52.692442
pixel-lb11.apc.adsymptotic.com,AVAILABILITY,domains.list,2021-09-23 01:38:53.567973
pixel-lb12.apc.adsymptotic.com,AVAILABILITY,domains.list,2021-09-23 01:38:54.410495
pixel-lb13.apc.adsymptotic.com,AVAILABILITY,domains.list,2021-09-23 01:38:55.207203
pixel-lb3.apc.adsymptotic.com,AVAILABILITY,domains.list,2021-09-23 01:38:56.042155
pixel-lb4.apc.adsymptotic.com,AVAILABILITY,domains.list,2021-09-23 01:38:56.909615
pixel-lb5.apc.adsymptotic.com,AVAILABILITY,domains.list,2021-09-23 01:38:57.771220
pixel-lb6.apc.adsymptotic.com,AVAILABILITY,domains.list,2021-09-23 01:38:58.591350
pixel-lb7.apc.adsymptotic.com,AVAILABILITY,domains.list,2021-09-23 01:38:59.434371
pixel-lb9.apc.adsymptotic.com,AVAILABILITY,domains.list,2021-09-23 01:39:00.310829
pks.a.mobimagic.com,AVAILABILITY,domains.list,2021-09-23 01:39:01.171273
pretargeting.onaudience.com,AVAILABILITY,domains.list,2021-09-23 01:39:02.402192
promo.tubemogul.com,AVAILABILITY,domains.list,2021-09-23 01:39:03.218918
promotions.catalina.com,AVAILABILITY,domains.list,2021-09-23 01:39:04.611208
psa.aralego.com,AVAILABILITY,domains.list,2021-09-23 01:39:05.796647
pso.ws.ev1.inmobi.com,AVAILABILITY,domains.list,2021-09-23 01:39:07.052119
ptv-prod-lb.tubemogul.com,AVAILABILITY,domains.list,2021-09-23 01:39:08.116035
pulse.flurry.com,AVAILABILITY,domains.list,2021-09-23 01:39:09.046433
pushapi.content-ad.net,AVAILABILITY,domains.list,2021-09-23 01:39:09.980641
qa1-gtag.yieldoptimizer.com,AVAILABILITY,domains.list,2021-09-23 01:39:10.819664
r.remarketingpixel.com,AVAILABILITY,domains.list,2021-09-23 01:39:25.564398
racker.marinsm.com,AVAILABILITY,domains.list,2021-09-23 01:39:26.528165
rc-studio.inmobi.com,AVAILABILITY,domains.list,2021-09-23 01:39:27.493362
rec.beta.smartlook.com,AVAILABILITY,domains.list,2021-09-23 01:39:28.359266
redstats1.stickyadstv.com,AVAILABILITY,domains.list,2021-09-23 01:39:29.264827
redstats10.stickyadstv.com,AVAILABILITY,domains.list,2021-09-23 01:39:30.107787
redstats11.stickyadstv.com,AVAILABILITY,domains.list,2021-09-23 01:39:30.944017
redstats12.stickyadstv.com,AVAILABILITY,domains.list,2021-09-23 01:39:31.814090
redstats20.stickyadstv.com,AVAILABILITY,domains.list,2021-09-23 01:39:32.715636
redstats21.stickyadstv.com,AVAILABILITY,domains.list,2021-09-23 01:39:33.583320
redstats22.stickyadstv.com,AVAILABILITY,domains.list,2021-09-23 01:39:34.407113
results.deployads.com,AVAILABILITY,domains.list,2021-09-23 01:39:35.518894
rh.pipsol.net,AVAILABILITY,domains.list,2021-09-23 01:39:37.286994
ri.appvirality.com,AVAILABILITY,domains.list,2021-09-23 01:39:38.346717
rq.adsbing.com,AVAILABILITY,domains.list,2021-09-23 01:39:39.651288
rt.lax1.appnexus.com,AVAILABILITY,domains.list,2021-09-23 01:39:41.192034
rt.nym2.appnexus.com,AVAILABILITY,domains.list,2021-09-23 01:39:42.565377
rtax.jp.as.criteo.com,AVAILABILITY,domains.list,2021-09-23 01:39:44.303215
rtbdb06.tubemogul.com,AVAILABILITY,domains.list,2021-09-23 01:39:45.231283
rundeck.adsrvr.org,AVAILABILITY,domains.list,2021-09-23 01:39:46.116396
s.komoona.com,AVAILABILITY,domains.list,2021-09-23 01:39:47.410652
sam-cdn.sharethrough.com,AVAILABILITY,domains.list,2021-09-23 01:39:48.353586
sam.sharethrough.com,AVAILABILITY,domains.list,2021-09-23 01:39:49.267291
sb-stage.scorecardresearch.com,AVAILABILITY,domains.list,2021-09-23 01:39:50.212563
screenshot.3lift.com,AVAILABILITY,domains.list,2021-09-23 01:39:51.098455
sdk-traffic.apptimize.com,AVAILABILITY,domains.list,2021-09-23 01:39:52.204270
se-int.stickyadstv.com,AVAILABILITY,domains.list,2021-09-23 01:39:53.010052
sfo.thor.rtk.io,AVAILABILITY,domains.list,2021-09-23 01:39:54.018360
show.adsbing.com,AVAILABILITY,domains.list,2021-09-23 01:40:05.386477
static.amobee.com,AVAILABILITY,domains.list,2021-09-23 01:40:06.546091
static.bes-progfree.com,AVAILABILITY,domains.list,2021-09-23 01:40:07.499471
static.elixmedia.com,AVAILABILITY,domains.list,2021-09-23 01:40:09.215981
sync.cxrt.life,AVAILABILITY,domains.list,2021-09-23 01:41:02.168534
td-website.treasuredata.com,AVAILABILITY,domains.list,2021-09-23 01:41:03.102664
tmtest.adsame.com,AVAILABILITY,domains.list,2021-09-23 01:41:05.802277
track.clickhubs.com,AVAILABILITY,domains.list,2021-09-23 01:41:06.878311
traffic.broker.to,AVAILABILITY,domains.list,2021-09-23 01:41:08.776549
trk.glispa.com,AVAILABILITY,domains.list,2021-09-23 01:41:09.731026
tw-taipei-ad-track.aralego.com,AVAILABILITY,domains.list,2021-09-23 01:41:10.880094
tx8t.invictioner.club,AVAILABILITY,domains.list,2021-09-23 01:41:11.742775
uk.thor.rtk.io,AVAILABILITY,domains.list,2021-09-23 01:41:12.962494
uk2.thor.rtk.io,AVAILABILITY,domains.list,2021-09-23 01:41:14.036460
us-east1.serve.elixmedia.com,AVAILABILITY,domains.list,2021-09-23 01:41:32.661873
vision.taboola.com,AVAILABILITY,domains.list,2021-09-23 01:41:33.457572
web-gt.hiido.com,AVAILABILITY,domains.list,2021-09-23 01:41:35.661397
wtest.adsame.com,AVAILABILITY,domains.list,2021-09-23 01:41:37.758023
www.ads2live.com,AVAILABILITY,domains.list,2021-09-23 01:41:38.686632
www.click.elixmedia.com,AVAILABILITY,domains.list,2021-09-23 01:41:49.277505
www.newsupdatecard.info,AVAILABILITY,domains.list,2021-09-23 01:41:50.402701
www.siteimproveanalytics.com,AVAILABILITY,domains.list,2021-09-23 01:41:51.190704
www.static.elixmedia.com,AVAILABILITY,domains.list,2021-09-23 01:41:57.917141
www.stickyadstv.com,AVAILABILITY,domains.list,2021-09-23 01:41:58.705399
www.us-east1.serve.elixmedia.com,AVAILABILITY,domains.list,2021-09-23 01:42:05.006117
wyze-datacollect-api.wyzecam.com,AVAILABILITY,domains.list,2021-09-23 01:42:05.980603
zk1.stickyadstv.com,AVAILABILITY,domains.list,2021-09-23 01:42:06.849373
zk2.stickyadstv.com,AVAILABILITY,domains.list,2021-09-23 01:42:07.675799
click.elixmedia.com,AVAILABILITY,domains.list,2021-09-23 01:42:17.834822
widget.admitad.com,AVAILABILITY,domains.list,2021-09-23 01:42:18.842432
server.adsplay.in,AVAILABILITY,domains.list,2021-09-23 01:42:19.803082
services.sokrati.com,AVAILABILITY,domains.list,2021-09-23 01:42:20.660357
servicesv2.sokrati.com,AVAILABILITY,domains.list,2021-09-23 01:42:21.575959
sfb-rtb.applovin.com,AVAILABILITY,domains.list,2021-09-23 01:42:22.734817
sfo-goog.applovin.com,AVAILABILITY,domains.list,2021-09-23 01:42:23.868616
sfoprod-rtbwin.applovin.com,AVAILABILITY,domains.list,2021-09-23 01:42:24.980878
sfostage-rtb.applovin.com,AVAILABILITY,domains.list,2021-09-23 01:42:25.983065
sfostage-rtbwin.applovin.com,AVAILABILITY,domains.list,2021-09-23 01:42:26.949077
shenghuo.xiaomi.com,AVAILABILITY,domains.list,2021-09-23 01:42:28.595527
cdn1-preprod.stickyadstv.com,AVAILABILITY,domains.list,2021-09-23 01:42:29.464699
csud.contextweb.com,AVAILABILITY,domains.list,2021-09-23 01:42:30.430814
dmp-sync-preprod.stickyadstv.com,AVAILABILITY,domains.list,2021-09-23 01:42:31.257791
hub.appsflyer.com,AVAILABILITY,domains.list,2021-09-23 01:42:32.389788
staples2.activate.ensighten.com,AVAILABILITY,domains.list,2021-09-23 01:42:33.177856
srv.gotagy.com,AVAILABILITY,domains.list,2021-09-23 01:42:34.040430
bodybuilding-d.openx.net,AVAILABILITY,domains.list,2021-09-23 01:42:35.294287
d8b981ea2ecd.bitsngo.net,AVAILABILITY,domains.list,2021-09-23 01:42:36.783983
apherald-nkywabj.stackpathdns.com,AVAILABILITY,domains.list,2021-09-23 01:42:37.700589
cdn.adbrau.com,AVAILABILITY,domains.list,2021-09-23 01:42:38.708535
events.amarujala.com,AVAILABILITY,domains.list,2021-09-23 01:42:39.631628
ngd.criteo.net,AVAILABILITY,domains.list,2021-09-23 01:42:41.083276
ny.us.criteo.net,AVAILABILITY,domains.list,2021-09-23 01:42:42.650045
par.service.criteo.net,AVAILABILITY,domains.list,2021-09-23 01:42:44.126719
tracker.adstage.io,AVAILABILITY,domains.list,2021-09-23 01:42:45.153086
1c6e2.v.fwmrm.net,AVAILABILITY,domains.list,2021-09-23 01:42:46.065905
6021c.v.fwmrm.net,AVAILABILITY,domains.list,2021-09-23 01:42:46.953635
ads201.adtelligent.com,AVAILABILITY,domains.list,2021-09-23 01:42:47.825273
ads202.adtelligent.com,AVAILABILITY,domains.list,2021-09-23 01:42:48.646783
ads203.adtelligent.com,AVAILABILITY,domains.list,2021-09-23 01:42:49.751459
ads60.adtelligent.com,AVAILABILITY,domains.list,2021-09-23 01:42:50.591681
advertising.criteo.com,AVAILABILITY,domains.list,2021-09-23 01:42:52.260219
app.unity.amobee.com,AVAILABILITY,domains.list,2021-09-23 01:42:53.353186
http.trailers.mf.contentdef.com,AVAILABILITY,domains.list,2021-09-23 01:42:54.354485
t-ad.adsrvr.org,AVAILABILITY,domains.list,2021-09-23 01:42:55.240061
traffic.trafficposse.com,AVAILABILITY,domains.list,2021-09-23 01:42:56.782776
showcase.vemba.com,AVAILABILITY,domains.list,2021-09-23 01:42:57.930790
sl1.clicktale.net,AVAILABILITY,domains.list,2021-09-23 01:42:58.841559
sl10.clicktale.net,AVAILABILITY,domains.list,2021-09-23 01:42:59.639626
sl11.clicktale.net,AVAILABILITY,domains.list,2021-09-23 01:43:00.487823
sl12.clicktale.net,AVAILABILITY,domains.list,2021-09-23 01:43:01.305281
sl13.clicktale.net,AVAILABILITY,domains.list,2021-09-23 01:43:02.267758
sl14.clicktale.net,AVAILABILITY,domains.list,2021-09-23 01:43:03.161853
sl15.clicktale.net,AVAILABILITY,domains.list,2021-09-23 01:43:04.068633
sl16.clicktale.net,AVAILABILITY,domains.list,2021-09-23 01:43:04.916693
sl17.clicktale.net,AVAILABILITY,domains.list,2021-09-23 01:43:05.801680
sl19.clicktale.net,AVAILABILITY,domains.list,2021-09-23 01:43:06.649460
sl20.clicktale.net,AVAILABILITY,domains.list,2021-09-23 01:43:07.509552
sl21.clicktale.net,AVAILABILITY,domains.list,2021-09-23 01:43:08.378661
sl24.clicktale.net,AVAILABILITY,domains.list,2021-09-23 01:43:09.241164
sl25.clicktale.net,AVAILABILITY,domains.list,2021-09-23 01:43:10.128241
sl28.clicktale.net,AVAILABILITY,domains.list,2021-09-23 01:43:10.974009
sl3.clicktale.net,AVAILABILITY,domains.list,2021-09-23 01:43:11.807773
sl5.clicktale.net,AVAILABILITY,domains.list,2021-09-23 01:43:12.745493
sl8.clicktale.net,AVAILABILITY,domains.list,2021-09-23 01:43:13.637594
sl9.clicktale.net,AVAILABILITY,domains.list,2021-09-23 01:43:14.510005
sladfs01.clicktale.net,AVAILABILITY,domains.list,2021-09-23 01:43:15.404111
slagg01.clicktale.net,AVAILABILITY,domains.list,2021-09-23 01:43:16.256974
slagg02.clicktale.net,AVAILABILITY,domains.list,2021-09-23 01:43:17.164467
slatf.clicktale.net,AVAILABILITY,domains.list,2021-09-23 01:43:18.041545
slbus4.clicktale.net,AVAILABILITY,domains.list,2021-09-23 01:43:18.877121
slbus5.clicktale.net,AVAILABILITY,domains.list,2021-09-23 01:43:19.724421
slcss01.clicktale.net,AVAILABILITY,domains.list,2021-09-23 01:43:20.592730
sld5.clicktale.net,AVAILABILITY,domains.list,2021-09-23 01:43:21.472944
sld6.clicktale.net,AVAILABILITY,domains.list,2021-09-23 01:43:22.285917
sldas1.clicktale.net,AVAILABILITY,domains.list,2021-09-23 01:43:23.129715
sldas2.clicktale.net,AVAILABILITY,domains.list,2021-09-23 01:43:24.028550
sldas3.clicktale.net,AVAILABILITY,domains.list,2021-09-23 01:43:24.920659
sldas4.clicktale.net,AVAILABILITY,domains.list,2021-09-23 01:43:25.768734
sldb01.clicktale.net,AVAILABILITY,domains.list,2021-09-23 01:43:26.631873
sldb02.clicktale.net,AVAILABILITY,domains.list,2021-09-23 01:43:27.542551
slit.clicktale.net,AVAILABILITY,domains.list,2021-09-23 01:43:28.422612
slit2.clicktale.net,AVAILABILITY,domains.list,2021-09-23 01:43:29.323975
sllb2.clicktale.net,AVAILABILITY,domains.list,2021-09-23 01:43:30.204216
slm.clicktale.net,AVAILABILITY,domains.list,2021-09-23 01:43:31.044511
slmoo2.clicktale.net,AVAILABILITY,domains.list,2021-09-23 01:43:31.959601
slms.clicktale.net,AVAILABILITY,domains.list,2021-09-23 01:43:32.815072
slp.clicktale.net,AVAILABILITY,domains.list,2021-09-23 01:43:33.683879
slpsweb01.clicktale.net,AVAILABILITY,domains.list,2021-09-23 01:43:34.536087
slr.clicktale.net,AVAILABILITY,domains.list,2021-09-23 01:43:35.424812
slsagg01.clicktale.net,AVAILABILITY,domains.list,2021-09-23 01:43:36.254010
slsbus1.clicktale.net,AVAILABILITY,domains.list,2021-09-23 01:43:37.063329
slsbus2.clicktale.net,AVAILABILITY,domains.list,2021-09-23 01:43:37.937522
slsbus3.clicktale.net,AVAILABILITY,domains.list,2021-09-23 01:43:38.835822
slsdas1.clicktale.net,AVAILABILITY,domains.list,2021-09-23 01:43:39.693494
slsdas2.clicktale.net,AVAILABILITY,domains.list,2021-09-23 01:43:40.540179
slsdas4.clicktale.net,AVAILABILITY,domains.list,2021-09-23 01:43:41.450799
slsdb01.clicktale.net,AVAILABILITY,domains.list,2021-09-23 01:43:42.329650
slsdb02.clicktale.net,AVAILABILITY,domains.list,2021-09-23 01:43:43.175162
slslb2.clicktale.net,AVAILABILITY,domains.list,2021-09-23 01:43:44.036778
slspsweb01.clicktale.net,AVAILABILITY,domains.list,2021-09-23 01:43:44.895628
smarthost.mopub.com,AVAILABILITY,domains.list,2021-09-23 01:43:45.793777
spolecznosci-d.openx.net,AVAILABILITY,domains.list,2021-09-23 01:43:47.102726
sql.treasuredata.com,AVAILABILITY,domains.list,2021-09-23 01:43:48.199299
srv2.usw2.dynamicyield.com,AVAILABILITY,domains.list,2021-09-23 01:43:49.332794
ssp.adskom.com,AVAILABILITY,domains.list,2021-09-23 01:43:50.305104
startsurvey.smaato.com,AVAILABILITY,domains.list,2021-09-23 01:43:51.444196
static.jp.as.criteo.net,AVAILABILITY,domains.list,2021-09-23 01:43:52.974033
stats.adspaces.ero-advertising.com,AVAILABILITY,domains.list,2021-09-23 01:43:54.462568
statusbeta.parsely.com,AVAILABILITY,domains.list,2021-09-23 01:43:55.494978
string.g2afse.com,AVAILABILITY,domains.list,2021-09-23 01:43:56.433075
stun.services.mozilla.com,AVAILABILITY,domains.list,2021-09-23 01:43:57.351498
svlgslb1.fwmrm.net,AVAILABILITY,domains.list,2021-09-23 01:43:58.221810
sx.hiido.com,AVAILABILITY,domains.list,2021-09-23 01:44:00.440203
sync.rhythmxchange.com,AVAILABILITY,domains.list,2021-09-23 01:44:01.415564
t.mdn2015x4.com,AVAILABILITY,domains.list,2021-09-23 01:44:02.521310
tags.marinsm.com,AVAILABILITY,domains.list,2021-09-23 01:44:03.649500
telemetry.appex.bing.net,AVAILABILITY,domains.list,2021-09-23 01:44:04.774630
track-er.marinsm.com,AVAILABILITY,domains.list,2021-09-23 01:44:05.994855
track.consumer.id,AVAILABILITY,domains.list,2021-09-23 01:44:07.286618
track.marinsm.com,AVAILABILITY,domains.list,2021-09-23 01:44:08.464373
trafficmedia.center,AVAILABILITY,domains.list,2021-09-23 01:44:09.603949
trafme.g2afse.com,AVAILABILITY,domains.list,2021-09-23 01:44:10.507508
tvsmiles.g2afse.com,AVAILABILITY,domains.list,2021-09-23 01:44:11.373620
txn.ingest.eu.crittercism.com,AVAILABILITY,domains.list,2021-09-23 01:44:12.403818
unblock.onaudience.com,AVAILABILITY,domains.list,2021-09-23 01:44:13.751734
us-ads.adiquity.com,AVAILABILITY,domains.list,2021-09-23 01:44:14.721537
us-ast.adiquity.com,AVAILABILITY,domains.list,2021-09-23 01:44:15.820134
usa.teutorigos-phi.com,AVAILABILITY,domains.list,2021-09-23 01:44:16.690020
use-va1.adsrvr.org,AVAILABILITY,domains.list,2021-09-23 01:44:17.597763
vantage.rubiconproject.com,AVAILABILITY,domains.list,2021-09-23 01:44:18.778819
vdo.adiquity.com,AVAILABILITY,domains.list,2021-09-23 01:44:19.880811
venus.inmobi.com,AVAILABILITY,domains.list,2021-09-23 01:44:21.071865
visualize.activate.manage.ensighten.com,AVAILABILITY,domains.list,2021-09-23 01:44:22.000238
w-tracker.marinsm.com,AVAILABILITY,domains.list,2021-09-23 01:44:23.140577
war.hiido.com,AVAILABILITY,domains.list,2021-09-23 01:44:25.115368
wdc-rtb.applovin.com,AVAILABILITY,domains.list,2021-09-23 01:44:26.265413
webstats.adspaces.ero-advertising.com,AVAILABILITY,domains.list,2021-09-23 01:44:27.215237
widget.jp.as.criteo.com,AVAILABILITY,domains.list,2021-09-23 01:44:29.084154
wiz.gotrackier.com,AVAILABILITY,domains.list,2021-09-23 01:44:30.011512
wl7.aimtell.com,AVAILABILITY,domains.list,2021-09-23 01:44:31.203239
www.antdmn.xyz,AVAILABILITY,domains.list,2021-09-23 01:44:32.268701
www.appsee.com,AVAILABILITY,domains.list,2021-09-23 01:44:33.247740
www.beta.smartlook.com,AVAILABILITY,domains.list,2021-09-23 01:44:34.263375
www.chartbeat.net,AVAILABILITY,domains.list,2021-09-23 01:44:35.303702
www.fnkyyrgraizy.com,AVAILABILITY,domains.list,2021-09-23 01:44:36.250113
www.frefxzrmcdxdmi.com,AVAILABILITY,domains.list,2021-09-23 01:44:37.140998
www.marinsm.com,AVAILABILITY,domains.list,2021-09-23 01:44:38.308223
www.remarketingpixel.com,AVAILABILITY,domains.list,2021-09-23 01:44:52.127165
www.sfmzbrdtse.com,AVAILABILITY,domains.list,2021-09-23 01:44:53.193911
www.v3rjvtt.com,AVAILABILITY,domains.list,2021-09-23 01:45:07.705956
x.onaudience.com,AVAILABILITY,domains.list,2021-09-23 01:46:03.925745
x22tracker.marinsm.com,AVAILABILITY,domains.list,2021-09-23 01:46:05.246470
xxex.xxvxa.com,AVAILABILITY,domains.list,2021-09-23 01:46:06.195358
ynz.apptimize.com,AVAILABILITY,domains.list,2021-09-23 01:46:07.271872
yy.hiido.com,AVAILABILITY,domains.list,2021-09-23 01:46:09.429315
z.exoclick.com,AVAILABILITY,domains.list,2021-09-23 01:46:10.262620
zulu1.rtb.appier.net,AVAILABILITY,domains.list,2021-09-23 01:46:11.299838
zulu2.rtb.appier.net,AVAILABILITY,domains.list,2021-09-23 01:46:12.556758
1bb821ddb967b3e010b63f2a2f3308e3.api.appsee.com,AVAILABILITY,domains.list,2021-09-23 01:46:13.512125
aaas.visitor-analytics.io,AVAILABILITY,domains.list,2021-09-23 01:46:15.448624
ams.eu.crittercism.com,AVAILABILITY,domains.list,2021-09-23 01:46:16.478582
analytics.mobile.webvisor.com,AVAILABILITY,domains.list,2021-09-23 01:46:18.166247
appload.ingest.eu.crittercism.com,AVAILABILITY,domains.list,2021-09-23 01:46:18.984253
boost-qa2.districtm.net,AVAILABILITY,domains.list,2021-09-23 01:46:19.800603
confluence.districtm.net,AVAILABILITY,domains.list,2021-09-23 01:46:20.605301
drone.districtm.net,AVAILABILITY,domains.list,2021-09-23 01:46:21.414737
ellechina.adsame.com,AVAILABILITY,domains.list,2021-09-23 01:46:23.502603
go2.mercy.ga,AVAILABILITY,domains.list,2021-09-23 01:46:26.040340
go.districtm.net,AVAILABILITY,domains.list,2021-09-23 01:46:26.768859
golem.districtm.net,AVAILABILITY,domains.list,2021-09-23 01:46:27.513479
goog.applovin.com,AVAILABILITY,domains.list,2021-09-23 01:46:28.674162
i.connatix.com,AVAILABILITY,domains.list,2021-09-23 01:46:29.508392
inquisitr.media.net,AVAILABILITY,domains.list,2021-09-23 01:46:30.332743
invite.eu.crittercism.com,AVAILABILITY,domains.list,2021-09-23 01:46:31.129804
jumpto.visitor-analytics.io,AVAILABILITY,domains.list,2021-09-23 01:46:32.712167
mier.stats.miui.com,AVAILABILITY,domains.list,2021-09-23 01:46:34.708645
notification.eu.crittercism.com,AVAILABILITY,domains.list,2021-09-23 01:46:35.601180
paas.districtm.net,AVAILABILITY,domains.list,2021-09-23 01:46:36.366061
sonar.districtm.net,AVAILABILITY,domains.list,2021-09-23 01:46:37.138713
tracking.yokoo.mobi,AVAILABILITY,domains.list,2021-09-23 01:46:37.969831
try-go.districtm.net,AVAILABILITY,domains.list,2021-09-23 01:46:38.684806
u.connatix.com,AVAILABILITY,domains.list,2021-09-23 01:46:39.701637
v.connatix.com,AVAILABILITY,domains.list,2021-09-23 01:46:40.702747
vault.districtm.net,AVAILABILITY,domains.list,2021-09-23 01:46:41.474217
ws024.coinhive.com,AVAILABILITY,domains.list,2021-09-23 01:46:42.342846
3408178b.mpstat.us,AVAILABILITY,domains.list,2021-09-23 01:46:43.904997
3409119b.mpstat.us,AVAILABILITY,domains.list,2021-09-23 01:46:45.326707
01.corpidp.lax1.appnexus.com,AVAILABILITY,domains.list,2021-09-23 01:46:46.356816
03.corpidp.nym2.appnexus.com,AVAILABILITY,domains.list,2021-09-23 01:46:47.709794
120167982.world,AVAILABILITY,domains.list,2021-09-23 01:46:48.892112
420137982.world,AVAILABILITY,domains.list,2021-09-23 01:46:49.758199
620117982.world,AVAILABILITY,domains.list,2021-09-23 01:46:50.617357
820097982.world,AVAILABILITY,domains.list,2021-09-23 01:46:51.426063
1220047983.world,AVAILABILITY,domains.list,2021-09-23 01:46:52.230344
a2.mouseflow.com,AVAILABILITY,domains.list,2021-09-23 01:46:53.353881
a2.server.cpmstar.com,AVAILABILITY,domains.list,2021-09-23 01:46:54.290129
a1.cdn.intentmedia.net,AVAILABILITY,domains.list,2021-09-23 01:47:09.417520
a2.cdn.intentmedia.net,AVAILABILITY,domains.list,2021-09-23 01:47:25.734662
a82amnbnyb.mentalist.kameleoon.com,AVAILABILITY,domains.list,2021-09-23 01:47:26.461860
a.admob.com,AVAILABILITY,domains.list,2021-09-23 01:47:27.329866
a.adgrx.com,AVAILABILITY,domains.list,2021-09-23 01:47:28.101735
a.ai.inmobi.com,AVAILABILITY,domains.list,2021-09-23 01:47:29.050269
a.company-target.com,AVAILABILITY,domains.list,2021-09-23 01:47:29.945248
a.daddyjump.xyz,AVAILABILITY,domains.list,2021-09-23 01:47:30.840136
a.dlx.addthis.com,AVAILABILITY,domains.list,2021-09-23 01:47:31.563307
a.cdn.intentmedia.net,AVAILABILITY,domains.list,2021-09-23 01:47:46.018478
a.lpsnmedia.net,AVAILABILITY,domains.list,2021-09-23 01:47:46.789355
a.intentmedia.net,AVAILABILITY,domains.list,2021-09-23 01:48:00.194561
a.i.adsame.com,AVAILABILITY,domains.list,2021-09-23 01:48:02.162019
a.targetserving.com,AVAILABILITY,domains.list,2021-09-23 01:48:03.266007
a.zjwod.top,AVAILABILITY,domains.list,2021-09-23 01:48:04.554910
aa.goodsblock.mgid.com,AVAILABILITY,domains.list,2021-09-23 01:48:05.354344
aa.newsblock.mgid.com,AVAILABILITY,domains.list,2021-09-23 01:48:06.173592
aa-d.openx.net,AVAILABILITY,domains.list,2021-09-23 01:48:07.203727
aab.unoadsrv.com,AVAILABILITY,domains.list,2021-09-23 01:48:07.936025
aa-gb.adskeeper.co.uk,AVAILABILITY,domains.list,2021-09-23 01:48:08.655548
aa-gb.mgid.com,AVAILABILITY,domains.list,2021-09-23 01:48:09.380407
aakashitutor.moengage.com,AVAILABILITY,domains.list,2021-09-23 01:48:10.146303
aa-nb.adskeeper.co.uk,AVAILABILITY,domains.list,2021-09-23 01:48:10.895564
aa-nb.mgid.com,AVAILABILITY,domains.list,2021-09-23 01:48:11.649623
aax.amazon.amazon-adsystem.com,AVAILABILITY,domains.list,2021-09-23 01:48:12.374545
aax-fe-pek.amazon-adsystem.com,AVAILABILITY,domains.list,2021-09-23 01:48:13.154473
ab.adnium.com,AVAILABILITY,domains.list,2021-09-23 01:48:13.928436
ab.goodsblock.mgid.com,AVAILABILITY,domains.list,2021-09-23 01:48:14.661227
ab.newsblock.mgid.com,AVAILABILITY,domains.list,2021-09-23 01:48:15.392293
abandonedclover.com,AVAILABILITY,domains.list,2021-09-23 01:48:16.320272
abc31.adtelligent.com,AVAILABILITY,domains.list,2021-09-23 01:48:17.025718
abc.gbc.criteo.net,AVAILABILITY,domains.list,2021-09-23 01:48:18.821458
abdynlng.startappservice.com,AVAILABILITY,domains.list,2021-09-23 01:48:19.656904
abdynsrt.startappservice.com,AVAILABILITY,domains.list,2021-09-23 01:48:20.457629
ab-gb.adskeeper.co.uk,AVAILABILITY,domains.list,2021-09-23 01:48:21.269253
ab-gb.mgid.com,AVAILABILITY,domains.list,2021-09-23 01:48:22.016138
ab-nb.adskeeper.co.uk,AVAILABILITY,domains.list,2021-09-23 01:48:22.768153
ab-nb.mgid.com,AVAILABILITY,domains.list,2021-09-23 01:48:23.554957
aboard.apilocate.amap.com,AVAILABILITY,domains.list,2021-09-23 01:48:24.892823
aboutus.revcontent.com,AVAILABILITY,domains.list,2021-09-23 01:48:25.763737
abm-speakingtree.native.andbeyond.media,AVAILABILITY,domains.list,2021-09-23 01:48:38.066369
abtest.mistat.intl.xiaomi.com,AVAILABILITY,domains.list,2021-09-23 01:48:39.608695
abtest.mistat.india.xiaomi.com,AVAILABILITY,domains.list,2021-09-23 01:48:41.584983
ac1.vip.sc9.admob.com,AVAILABILITY,domains.list,2021-09-23 01:48:42.508034
ac.goodsblock.mgid.com,AVAILABILITY,domains.list,2021-09-23 01:48:43.283152
ac.newsblock.mgid.com,AVAILABILITY,domains.list,2021-09-23 01:48:44.039213
academy.manage.ensighten.com,AVAILABILITY,domains.list,2021-09-23 01:48:44.804951
acadianfashion.adlegend.com,AVAILABILITY,domains.list,2021-09-23 01:48:45.747352
acb.gbc.criteo.net,AVAILABILITY,domains.list,2021-09-23 01:48:47.002659
accel-api.online-metrix.net,AVAILABILITY,domains.list,2021-09-23 01:48:47.828775
accel-fp.online-metrix.net,AVAILABILITY,domains.list,2021-09-23 01:48:48.600160
account.e.mouseflow.com,AVAILABILITY,domains.list,2021-09-23 01:48:50.031947
account.h.mouseflow.com,AVAILABILITY,domains.list,2021-09-23 01:48:51.551657
account.o.mouseflow.com,AVAILABILITY,domains.list,2021-09-23 01:48:52.836586
accountnow.btttag.com,AVAILABILITY,domains.list,2021-09-23 01:48:53.550729
account-settings.appsflyer.com,AVAILABILITY,domains.list,2021-09-23 01:48:54.554831
accounts.petametrics.com,AVAILABILITY,domains.list,2021-09-23 01:48:55.404666
ace1.advertising.com,AVAILABILITY,domains.list,2021-09-23 01:48:56.189940
ace.advertising.com,AVAILABILITY,domains.list,2021-09-23 01:48:56.964249
acedirect.advertising.com,AVAILABILITY,domains.list,2021-09-23 01:48:57.810851
ace-lb.advertising.com,AVAILABILITY,domains.list,2021-09-23 01:48:58.608965
ace-tag.advertising.com,AVAILABILITY,domains.list,2021-09-23 01:48:59.329734
ac-gb.adskeeper.co.uk,AVAILABILITY,domains.list,2021-09-23 01:49:00.080343
ac-gb.mgid.com,AVAILABILITY,domains.list,2021-09-23 01:49:00.813774
achievement.crittercism.com,AVAILABILITY,domains.list,2021-09-23 01:49:01.656989
achiva.go2affise.com,AVAILABILITY,domains.list,2021-09-23 01:49:02.652925
aclick.adhoc2.net,AVAILABILITY,domains.list,2021-09-23 01:49:03.790339
ac-nb.adskeeper.co.uk,AVAILABILITY,domains.list,2021-09-23 01:49:04.496155
ac-nb.mgid.com,AVAILABILITY,domains.list,2021-09-23 01:49:05.228523
acr2.alphonso.tv,AVAILABILITY,domains.list,2021-09-23 01:49:06.355671
acr3.alphonso.tv,AVAILABILITY,domains.list,2021-09-23 01:49:07.560461
acr4.alphonso.tv,AVAILABILITY,domains.list,2021-09-23 01:49:08.766842
acr5.alphonso.tv,AVAILABILITY,domains.list,2021-09-23 01:49:09.831990
acr6.alphonso.tv,AVAILABILITY,domains.list,2021-09-23 01:49:11.105784
acr7.alphonso.tv,AVAILABILITY,domains.list,2021-09-23 01:49:12.231546
acr8.alphonso.tv,AVAILABILITY,domains.list,2021-09-23 01:49:13.508902
acr9.alphonso.tv,AVAILABILITY,domains.list,2021-09-23 01:49:14.754854
acr10.alphonso.tv,AVAILABILITY,domains.list,2021-09-23 01:49:16.026915
acr11.alphonso.tv,AVAILABILITY,domains.list,2021-09-23 01:49:17.162307
acr12.alphonso.tv,AVAILABILITY,domains.list,2021-09-23 01:49:18.368723
acr13.alphonso.tv,AVAILABILITY,domains.list,2021-09-23 01:49:19.612941
acr14.alphonso.tv,AVAILABILITY,domains.list,2021-09-23 01:49:20.623560
acr15.alphonso.tv,AVAILABILITY,domains.list,2021-09-23 01:49:21.903547
acheel.dmp.ad.xiaomi.com,AVAILABILITY,domains.list,2021-09-23 01:49:23.791830
acr16.alphonso.tv,AVAILABILITY,domains.list,2021-09-23 01:49:24.994671
acr17.alphonso.tv,AVAILABILITY,domains.list,2021-09-23 01:49:26.252613
acr19.alphonso.tv,AVAILABILITY,domains.list,2021-09-23 01:49:27.458352
acr18.alphonso.tv,AVAILABILITY,domains.list,2021-09-23 01:49:28.783487
acr20.alphonso.tv,AVAILABILITY,domains.list,2021-09-23 01:49:30.080366
acr21.alphonso.tv,AVAILABILITY,domains.list,2021-09-23 01:49:31.044131
acr22.alphonso.tv,AVAILABILITY,domains.list,2021-09-23 01:49:32.234572
acr23.alphonso.tv,AVAILABILITY,domains.list,2021-09-23 01:49:33.345684
acr25.alphonso.tv,AVAILABILITY,domains.list,2021-09-23 01:49:34.561930
acr26.alphonso.tv,AVAILABILITY,domains.list,2021-09-23 01:49:35.649771
acr27.alphonso.tv,AVAILABILITY,domains.list,2021-09-23 01:49:36.768533
acr29.alphonso.tv,AVAILABILITY,domains.list,2021-09-23 01:49:37.946540
acr28.alphonso.tv,AVAILABILITY,domains.list,2021-09-23 01:49:39.078185
acr30.alphonso.tv,AVAILABILITY,domains.list,2021-09-23 01:49:40.208310
acr31.alphonso.tv,AVAILABILITY,domains.list,2021-09-23 01:49:41.290018
acr32.alphonso.tv,AVAILABILITY,domains.list,2021-09-23 01:49:42.508838
acr33.alphonso.tv,AVAILABILITY,domains.list,2021-09-23 01:49:43.714460
acr34.alphonso.tv,AVAILABILITY,domains.list,2021-09-23 01:49:45.012475
acr35.alphonso.tv,AVAILABILITY,domains.list,2021-09-23 01:49:46.244517
acr36.alphonso.tv,AVAILABILITY,domains.list,2021-09-23 01:49:47.415307
acr37.alphonso.tv,AVAILABILITY,domains.list,2021-09-23 01:49:48.715087
acr39.alphonso.tv,AVAILABILITY,domains.list,2021-09-23 01:49:49.888252
acr40.alphonso.tv,AVAILABILITY,domains.list,2021-09-23 01:49:51.254247
acr42.alphonso.tv,AVAILABILITY,domains.list,2021-09-23 01:49:52.452732
acr41.alphonso.tv,AVAILABILITY,domains.list,2021-09-23 01:49:53.579825
acr43.alphonso.tv,AVAILABILITY,domains.list,2021-09-23 01:49:54.931200
acr45.alphonso.tv,AVAILABILITY,domains.list,2021-09-23 01:49:56.156457
acr44.alphonso.tv,AVAILABILITY,domains.list,2021-09-23 01:49:57.316355
acr46.alphonso.tv,AVAILABILITY,domains.list,2021-09-23 01:49:58.517881
acr49.alphonso.tv,AVAILABILITY,domains.list,2021-09-23 01:49:59.856775
acr47.alphonso.tv,AVAILABILITY,domains.list,2021-09-23 01:50:01.093077
acr51.alphonso.tv,AVAILABILITY,domains.list,2021-09-23 01:50:02.372001
acr52.alphonso.tv,AVAILABILITY,domains.list,2021-09-23 01:50:03.601547
acr53.alphonso.tv,AVAILABILITY,domains.list,2021-09-23 01:50:04.967029
acr54.alphonso.tv,AVAILABILITY,domains.list,2021-09-23 01:50:06.311129
acr55.alphonso.tv,AVAILABILITY,domains.list,2021-09-23 01:50:07.410736
acr56.alphonso.tv,AVAILABILITY,domains.list,2021-09-23 01:50:08.671966
acr58.alphonso.tv,AVAILABILITY,domains.list,2021-09-23 01:50:09.965564
acr59.alphonso.tv,AVAILABILITY,domains.list,2021-09-23 01:50:11.116405
acrossiblel.info,AVAILABILITY,domains.list,2021-09-23 01:50:12.583792
acs.adgear.com,AVAILABILITY,domains.list,2021-09-23 01:50:13.897035
act1.apusapps.com,AVAILABILITY,domains.list,2021-09-23 01:50:14.979686
acsurvey.brightroll.com,AVAILABILITY,domains.list,2021-09-23 01:50:16.413488
action-hub2.bounceexchange.com,AVAILABILITY,domains.list,2021-09-23 01:50:17.596028
activenetwork-d.openx.net,AVAILABILITY,domains.list,2021-09-23 01:50:18.916391
activescript-01.kameleoon.com,AVAILABILITY,domains.list,2021-09-23 01:50:19.672356
ad001.a-ads.com,AVAILABILITY,domains.list,2021-09-23 01:50:20.474791
ad1.adlegend.com,AVAILABILITY,domains.list,2021-09-23 01:50:21.302932
ad2one-n-d.openx.net,AVAILABILITY,domains.list,2021-09-23 01:50:22.540087
ad004.a-ads.com,AVAILABILITY,domains.list,2021-09-23 01:50:23.303160
ad005.a-ads.com,AVAILABILITY,domains.list,2021-09-23 01:50:24.040822
ad007.a-ads.com,AVAILABILITY,domains.list,2021-09-23 01:50:24.754583
ad009.a-ads.com,AVAILABILITY,domains.list,2021-09-23 01:50:25.479963
ad011.a-ads.com,AVAILABILITY,domains.list,2021-09-23 01:50:26.204165
ad012.a-ads.com,AVAILABILITY,domains.list,2021-09-23 01:50:26.959472
ad013.a-ads.com,AVAILABILITY,domains.list,2021-09-23 01:50:27.714835
ad014.a-ads.com,AVAILABILITY,domains.list,2021-09-23 01:50:28.447266
ad015.a-ads.com,AVAILABILITY,domains.list,2021-09-23 01:50:29.178121
ad203.a-ads.com,AVAILABILITY,domains.list,2021-09-23 01:50:29.930445
ad210.a-ads.com,AVAILABILITY,domains.list,2021-09-23 01:50:30.719304
ad212.a-ads.com,AVAILABILITY,domains.list,2021-09-23 01:50:31.452164
ad218.a-ads.com,AVAILABILITY,domains.list,2021-09-23 01:50:32.193717
ad217.a-ads.com,AVAILABILITY,domains.list,2021-09-23 01:50:32.964732
ad222.a-ads.com,AVAILABILITY,domains.list,2021-09-23 01:50:33.743603
ad302.a-ads.com,AVAILABILITY,domains.list,2021-09-23 01:50:34.510192
ad.adlegend.com,AVAILABILITY,domains.list,2021-09-23 01:50:35.269189
ad.adzmedia.com,AVAILABILITY,domains.list,2021-09-23 01:50:36.146420
ad.api.kaffnet.com,AVAILABILITY,domains.list,2021-09-23 01:50:51.183806
ad.adapter.kaffnet.com,AVAILABILITY,domains.list,2021-09-23 01:51:05.118999
ad.crwdcntrl.com,AVAILABILITY,domains.list,2021-09-23 01:51:06.054639
ad.dev.admitad.com,AVAILABILITY,domains.list,2021-09-23 01:51:06.815325
ad.click.kaffnet.com,AVAILABILITY,domains.list,2021-09-23 01:51:20.979398
ad.goodsblock.mgid.com,AVAILABILITY,domains.list,2021-09-23 01:51:21.774160
ad.intl.xiaomi.com,AVAILABILITY,domains.list,2021-09-23 01:51:23.312095
ad.lon5.auditude.com,AVAILABILITY,domains.list,2021-09-23 01:51:24.122618
ad.mediaplex.com,AVAILABILITY,domains.list,2021-09-23 01:51:25.292201
ad.monitor.getui.com,AVAILABILITY,domains.list,2021-09-23 01:51:26.960525
ad.s.a-ads.com,AVAILABILITY,domains.list,2021-09-23 01:51:27.682089
ad.sirian.dumedia.ru,AVAILABILITY,domains.list,2021-09-23 01:51:28.939588
ad.sin2.auditude.com,AVAILABILITY,domains.list,2021-09-23 01:51:29.769698
ad.vkoad.com,AVAILABILITY,domains.list,2021-09-23 01:51:30.595955
ad.xiaomi.com,AVAILABILITY,domains.list,2021-09-23 01:51:31.938747
adadvalue.g2afse.com,AVAILABILITY,domains.list,2021-09-23 01:51:32.718053
ad-ams5.mediaplex.com,AVAILABILITY,domains.list,2021-09-23 01:51:33.763558
adapters.cdn.intentmedia.net,AVAILABILITY,domains.list,2021-09-23 01:51:50.804897
adback.adform.net,AVAILABILITY,domains.list,2021-09-23 01:51:51.733142
adblockerkillswebsites.pw,AVAILABILITY,domains.list,2021-09-23 01:51:52.997482
adboulevard.go2affise.com,AVAILABILITY,domains.list,2021-09-23 01:51:53.764146
adbrite-match.dotomi.com,AVAILABILITY,domains.list,2021-09-23 01:51:54.782802
adbuilder.brightroll.com,AVAILABILITY,domains.list,2021-09-23 01:51:59.718713
adcfg.intowow.com,AVAILABILITY,domains.list,2021-09-23 01:52:00.651842
adclick.ushareit.com,AVAILABILITY,domains.list,2021-09-23 01:52:01.474732
adcache.intentmedia.net,AVAILABILITY,domains.list,2021-09-23 01:52:15.719953
adcrax.rocks,AVAILABILITY,domains.list,2021-09-23 01:52:16.867997
adcrax.desi,AVAILABILITY,domains.list,2021-09-23 01:52:18.688231
ad-dc6.mediaplex.com,AVAILABILITY,domains.list,2021-09-23 01:52:19.777267
addelivery-engine-api.voodoo-ads.io,AVAILABILITY,domains.list,2021-09-23 01:52:20.690455
addesk.advertising.com,AVAILABILITY,domains.list,2021-09-23 01:52:21.478391
addshoppers.t.domdex.com,AVAILABILITY,domains.list,2021-09-23 01:52:22.411965
addtitans.g2afse.com,AVAILABILITY,domains.list,2021-09-23 01:52:23.189869
adfeed-web.appier.net,AVAILABILITY,domains.list,2021-09-23 01:52:24.115585
ad.ish.atdmt.com,AVAILABILITY,domains.list,2021-09-23 01:53:06.064065
adfly.propellerads.com,AVAILABILITY,domains.list,2021-09-23 01:53:06.974088
adfpkxvaqeyj.com,AVAILABILITY,domains.list,2021-09-23 01:53:07.921245
ad-gb.adskeeper.co.uk,AVAILABILITY,domains.list,2021-09-23 01:53:08.650742
ad-gb.mgid.com,AVAILABILITY,domains.list,2021-09-23 01:53:09.356959
adgui.ace.advertising.com,AVAILABILITY,domains.list,2021-09-23 01:53:10.099019
adgup.com,AVAILABILITY,domains.list,2021-09-23 01:53:10.933441
adhocmedia-d.openx.net,AVAILABILITY,domains.list,2021-09-23 01:53:12.255632
adipolo.tagcombiner.com,AVAILABILITY,domains.list,2021-09-23 01:53:13.051176
adlearnop.advertising.com,AVAILABILITY,domains.list,2021-09-23 01:53:13.926673
adm1.dynamicyield.com,AVAILABILITY,domains.list,2021-09-23 01:53:14.816306
adm.cnzz.com,AVAILABILITY,domains.list,2021-09-23 01:53:16.387519
adm.intel-intg.dynamicyield.com,AVAILABILITY,domains.list,2021-09-23 01:53:17.178520
adm.intel-stage.dynamicyield.com,AVAILABILITY,domains.list,2021-09-23 01:53:18.015116
adm.brightroll.com,AVAILABILITY,domains.list,2021-09-23 01:53:19.367789
admarsai.com,AVAILABILITY,domains.list,2021-09-23 01:53:20.205105
admarsx.com,AVAILABILITY,domains.list,2021-09-23 01:53:21.107728
admarvel-d.openx.net,AVAILABILITY,domains.list,2021-09-23 01:53:22.194833
admarvel.mads.advertising.com,AVAILABILITY,domains.list,2021-09-23 01:53:23.044390
admaxx.g2afse.com,AVAILABILITY,domains.list,2021-09-23 01:53:23.938958
admaster.adsame.com,AVAILABILITY,domains.list,2021-09-23 01:53:25.690679
admediaspace-d.openx.net,AVAILABILITY,domains.list,2021-09-23 01:53:26.751498
admin682.z2adigital.com,AVAILABILITY,domains.list,2021-09-23 01:53:27.690308
admin.360yield.com,AVAILABILITY,domains.list,2021-09-23 01:53:28.537717
admin.adgrx.com,AVAILABILITY,domains.list,2021-09-23 01:53:29.331967
admin.adserver.mopub.com,AVAILABILITY,domains.list,2021-09-23 01:53:30.179100
admin.demandbase.com,AVAILABILITY,domains.list,2021-09-23 01:53:31.122131
admin.mpx.mopub.com,AVAILABILITY,domains.list,2021-09-23 01:53:31.928868
admin.igexin.com,AVAILABILITY,domains.list,2021-09-23 01:53:33.787443
admin.revcontent.com,AVAILABILITY,domains.list,2021-09-23 01:53:34.755059
admin.rubiconproject.com,AVAILABILITY,domains.list,2021-09-23 01:53:35.979548
admin.yieldmo.com,AVAILABILITY,domains.list,2021-09-23 01:53:36.870842
admin.z2adigital.com,AVAILABILITY,domains.list,2021-09-23 01:53:37.675824
admin-s4b.vertamedia.com,AVAILABILITY,domains.list,2021-09-23 01:53:38.518905
admin-stg.revcontent.com,AVAILABILITY,domains.list,2021-09-23 01:53:39.451295
adminv3.exoclick.com,AVAILABILITY,domains.list,2021-09-23 01:53:40.266383
admnew.dynamicyield.com,AVAILABILITY,domains.list,2021-09-23 01:53:41.076218
admin-zone-dev.adtelligent.com,AVAILABILITY,domains.list,2021-09-23 01:53:41.805597
admktsvc.atlassolutions.com,AVAILABILITY,domains.list,2021-09-23 01:53:42.815545
ad-nb.mgid.com,AVAILABILITY,domains.list,2021-09-23 01:53:43.569798
adobe-d.openx.net,AVAILABILITY,domains.list,2021-09-23 01:53:44.491544
adops.demandbase.com,AVAILABILITY,domains.list,2021-09-23 01:53:45.394472
adoramarentalstracksdk.optimove.net,AVAILABILITY,domains.list,2021-09-23 01:53:46.265270
adoramatracksdk.optimove.net,AVAILABILITY,domains.list,2021-09-23 01:53:47.195673
adoremetrack.optimove.net,AVAILABILITY,domains.list,2021-09-23 01:53:48.014649
adping.chartbeat.net,AVAILABILITY,domains.list,2021-09-23 01:53:48.885026
adplacetw.adsame.com,AVAILABILITY,domains.list,2021-09-23 01:53:51.255999
adplace.adsame.com,AVAILABILITY,domains.list,2021-09-23 01:53:53.117058
adportal.advertising.com,AVAILABILITY,domains.list,2021-09-23 01:53:53.855009
adpreview.mopub.com,AVAILABILITY,domains.list,2021-09-23 01:53:54.613904
ads1-fo.stickyadstv.com,AVAILABILITY,domains.list,2021-09-23 01:53:55.362062
ads1-f3.stickyadstv.com,AVAILABILITY,domains.list,2021-09-23 01:53:56.151338
ads1-apac-sg.stickyadstv.com,AVAILABILITY,domains.list,2021-09-23 01:53:56.907182
ads1-us-east-fo.stickyadstv.com,AVAILABILITY,domains.list,2021-09-23 01:53:57.651333
ads2.adtelligent.com,AVAILABILITY,domains.list,2021-09-23 01:53:58.389366
ads2.solocpm.com,AVAILABILITY,domains.list,2021-09-23 01:53:59.247259
ads2.unoadsrv.com,AVAILABILITY,domains.list,2021-09-23 01:54:00.015570
ads2.vertamedia.com,AVAILABILITY,domains.list,2021-09-23 01:54:00.745219
ads2-apac-sg.stickyadstv.com,AVAILABILITY,domains.list,2021-09-23 01:54:01.529859
ads2-fo.stickyadstv.com,AVAILABILITY,domains.list,2021-09-23 01:54:02.295089
ads2-us-east-fo.stickyadstv.com,AVAILABILITY,domains.list,2021-09-23 01:54:03.059232
ads2-us-est-fo.stickyadstv.com,AVAILABILITY,domains.list,2021-09-23 01:54:03.796015
ads3-apac-sg.stickyadstv.com,AVAILABILITY,domains.list,2021-09-23 01:54:04.502936
ads3-fo.stickyadstv.com,AVAILABILITY,domains.list,2021-09-23 01:54:05.259143
ads3-us-east-fo.stickyadstv.com,AVAILABILITY,domains.list,2021-09-23 01:54:06.003651
ads4.vertamedia.com,AVAILABILITY,domains.list,2021-09-23 01:54:06.739049
ads4.adtelligent.com,AVAILABILITY,domains.list,2021-09-23 01:54:07.463126
ads4-apac-sg.stickyadstv.com,AVAILABILITY,domains.list,2021-09-23 01:54:08.233620
ads4-fo.stickyadstv.com,AVAILABILITY,domains.list,2021-09-23 01:54:08.987941
ads4-us-east-fo.stickyadstv.com,AVAILABILITY,domains.list,2021-09-23 01:54:09.769780
ads4-us-west.stickyadstv.com,AVAILABILITY,domains.list,2021-09-23 01:54:10.509843
ads5.adtelligent.com,AVAILABILITY,domains.list,2021-09-23 01:54:11.290687
ads5.unoadsrv.com,AVAILABILITY,domains.list,2021-09-23 01:54:12.037234
ads5-apac-sg.stickyadstv.com,AVAILABILITY,domains.list,2021-09-23 01:54:12.795773
ads5-fo.stickyadstv.com,AVAILABILITY,domains.list,2021-09-23 01:54:13.561488
ads5.vertamedia.com,AVAILABILITY,domains.list,2021-09-23 01:54:14.293850
ads5-us-east-fo.stickyadstv.com,AVAILABILITY,domains.list,2021-09-23 01:54:15.061701
ads6-apac-sg.stickyadstv.com,AVAILABILITY,domains.list,2021-09-23 01:54:15.807559
ads6-fo.stickyadstv.com,AVAILABILITY,domains.list,2021-09-23 01:54:16.526749
ads6-us-east-fo.stickyadstv.com,AVAILABILITY,domains.list,2021-09-23 01:54:17.282430
ads7-apac-sg.stickyadstv.com,AVAILABILITY,domains.list,2021-09-23 01:54:18.037560
ads7-fo.stickyadstv.com,AVAILABILITY,domains.list,2021-09-23 01:54:18.802860
ads7-us-east-fo.stickyadstv.com,AVAILABILITY,domains.list,2021-09-23 01:54:19.585123
ads7-us-west.stickyadstv.com,AVAILABILITY,domains.list,2021-09-23 01:54:20.366742
ads8-apac-sg.stickyadstv.com,AVAILABILITY,domains.list,2021-09-23 01:54:21.191659
ads8-fo.stickyadstv.com,AVAILABILITY,domains.list,2021-09-23 01:54:21.971643
ads8-us-east-fo.stickyadstv.com,AVAILABILITY,domains.list,2021-09-23 01:54:22.767395
ads9-apac-sg.stickyadstv.com,AVAILABILITY,domains.list,2021-09-23 01:54:23.568398
ads10-apac-sg.stickyadstv.com,AVAILABILITY,domains.list,2021-09-23 01:54:24.313662
ads12-apac-sg.stickyadstv.com,AVAILABILITY,domains.list,2021-09-23 01:54:25.068637
ads12-us-west.stickyadstv.com,AVAILABILITY,domains.list,2021-09-23 01:54:25.829862
ads13-us-east.stickyadstv.com,AVAILABILITY,domains.list,2021-09-23 01:54:26.589464
ads17-us-east.stickyadstv.com,AVAILABILITY,domains.list,2021-09-23 01:54:27.278245
ads19-us-east.stickyadstv.com,AVAILABILITY,domains.list,2021-09-23 01:54:28.054165
ads21-us-east.stickyadstv.com,AVAILABILITY,domains.list,2021-09-23 01:54:28.827585
ads22-us-east.stickyadstv.com,AVAILABILITY,domains.list,2021-09-23 01:54:29.617995
ads24-us-east.stickyadstv.com,AVAILABILITY,domains.list,2021-09-23 01:54:30.368480
ads25-us-east.stickyadstv.com,AVAILABILITY,domains.list,2021-09-23 01:54:31.116098
ads26.adtelligent.com,AVAILABILITY,domains.list,2021-09-23 01:54:31.805778
ads26-us-east.stickyadstv.com,AVAILABILITY,domains.list,2021-09-23 01:54:32.557378
ads26.unoadsrv.com,AVAILABILITY,domains.list,2021-09-23 01:54:33.300725
ads27-us-east.stickyadstv.com,AVAILABILITY,domains.list,2021-09-23 01:54:34.054696
ads28-us-east.stickyadstv.com,AVAILABILITY,domains.list,2021-09-23 01:54:34.759384
ads29-us-east.stickyadstv.com,AVAILABILITY,domains.list,2021-09-23 01:54:35.565201
ads31-us-east.stickyadstv.com,AVAILABILITY,domains.list,2021-09-23 01:54:36.279531
ads40-us-east.stickyadstv.com,AVAILABILITY,domains.list,2021-09-23 01:54:37.024164
ads51-us-east.stickyadstv.com,AVAILABILITY,domains.list,2021-09-23 01:54:37.780091
ads55.unoadsrv.com,AVAILABILITY,domains.list,2021-09-23 01:54:38.524685
ads55.vertamedia.com,AVAILABILITY,domains.list,2021-09-23 01:54:39.288508
ads56-us-east.stickyadstv.com,AVAILABILITY,domains.list,2021-09-23 01:54:40.020451
ads60.vertamedia.com,AVAILABILITY,domains.list,2021-09-23 01:54:40.747035
ads60-us-east.stickyadstv.com,AVAILABILITY,domains.list,2021-09-23 01:54:41.497420
ads61.vertamedia.com,AVAILABILITY,domains.list,2021-09-23 01:54:42.193435
ads64-us-east.stickyadstv.com,AVAILABILITY,domains.list,2021-09-23 01:54:42.997429
ads64.vertamedia.com,AVAILABILITY,domains.list,2021-09-23 01:54:43.724971
ads65.vertamedia.com,AVAILABILITY,domains.list,2021-09-23 01:54:44.482867
ads66.unoadsrv.com,AVAILABILITY,domains.list,2021-09-23 01:54:45.249732
ads66.vertamedia.com,AVAILABILITY,domains.list,2021-09-23 01:54:45.975178
ads81-us-east.stickyadstv.com,AVAILABILITY,domains.list,2021-09-23 01:54:46.734569
ads90-us-east.stickyadstv.com,AVAILABILITY,domains.list,2021-09-23 01:54:47.484452
ads94-us-east.stickyadstv.com,AVAILABILITY,domains.list,2021-09-23 01:54:48.224318
ads101.rmd.admob.com,AVAILABILITY,domains.list,2021-09-23 01:54:49.302998
ads101.vertamedia.com,AVAILABILITY,domains.list,2021-09-23 01:54:50.102912
ads101.adtelligent.com,AVAILABILITY,domains.list,2021-09-23 01:54:50.852389
ads102.adtelligent.com,AVAILABILITY,domains.list,2021-09-23 01:54:51.590830
ads101.unoadsrv.com,AVAILABILITY,domains.list,2021-09-23 01:54:52.326401
ads102.rmd.admob.com,AVAILABILITY,domains.list,2021-09-23 01:54:53.352488
ads102.unoadsrv.com,AVAILABILITY,domains.list,2021-09-23 01:54:54.113879
ads103.rmd.admob.com,AVAILABILITY,domains.list,2021-09-23 01:54:55.124016
ads102.vertamedia.com,AVAILABILITY,domains.list,2021-09-23 01:54:55.876690
ads103.adtelligent.com,AVAILABILITY,domains.list,2021-09-23 01:54:56.614883
ads103.unoadsrv.com,AVAILABILITY,domains.list,2021-09-23 01:54:57.391121
ads103.vertamedia.com,AVAILABILITY,domains.list,2021-09-23 01:54:58.176957
ads104.rmd.admob.com,AVAILABILITY,domains.list,2021-09-23 01:54:59.179804
ads104.adtelligent.com,AVAILABILITY,domains.list,2021-09-23 01:54:59.928754
ads104.vertamedia.com,AVAILABILITY,domains.list,2021-09-23 01:55:00.679213
ads104.unoadsrv.com,AVAILABILITY,domains.list,2021-09-23 01:55:01.463342
ads105.rmd.admob.com,AVAILABILITY,domains.list,2021-09-23 01:55:02.324752
ads106.rmd.admob.com,AVAILABILITY,domains.list,2021-09-23 01:55:03.393511
ads105.unoadsrv.com,AVAILABILITY,domains.list,2021-09-23 01:55:04.179663
ads106.unoadsrv.com,AVAILABILITY,domains.list,2021-09-23 01:55:04.932967
ads105.vertamedia.com,AVAILABILITY,domains.list,2021-09-23 01:55:05.692440
ads107.unoadsrv.com,AVAILABILITY,domains.list,2021-09-23 01:55:06.446230
ads106.vertamedia.com,AVAILABILITY,domains.list,2021-09-23 01:55:07.213046
ads107.vertamedia.com,AVAILABILITY,domains.list,2021-09-23 01:55:08.008871
ads108.rmd.admob.com,AVAILABILITY,domains.list,2021-09-23 01:55:08.968756
ads108.vertamedia.com,AVAILABILITY,domains.list,2021-09-23 01:55:09.712791
ads108.unoadsrv.com,AVAILABILITY,domains.list,2021-09-23 01:55:10.469432
ads109.rmd.admob.com,AVAILABILITY,domains.list,2021-09-23 01:55:11.533325
ads110.rmd.admob.com,AVAILABILITY,domains.list,2021-09-23 01:55:12.396589
ads110.unoadsrv.com,AVAILABILITY,domains.list,2021-09-23 01:55:13.150038
ads109.vertamedia.com,AVAILABILITY,domains.list,2021-09-23 01:55:13.955237
ads109.unoadsrv.com,AVAILABILITY,domains.list,2021-09-23 01:55:14.708459
ads111.rmd.admob.com,AVAILABILITY,domains.list,2021-09-23 01:55:15.567326
ads110.vertamedia.com,AVAILABILITY,domains.list,2021-09-23 01:55:16.344350
ads201.rmd.admob.com,AVAILABILITY,domains.list,2021-09-23 01:55:17.341157
ads201.vertamedia.com,AVAILABILITY,domains.list,2021-09-23 01:55:18.095104
ads202.rmd.admob.com,AVAILABILITY,domains.list,2021-09-23 01:55:18.988145
ads202.vertamedia.com,AVAILABILITY,domains.list,2021-09-23 01:55:19.733457
ads204.rmd.admob.com,AVAILABILITY,domains.list,2021-09-23 01:55:20.718916
ads203.vertamedia.com,AVAILABILITY,domains.list,2021-09-23 01:55:21.495573
ads206.rmd.admob.com,AVAILABILITY,domains.list,2021-09-23 01:55:22.556126
ads207.rmd.admob.com,AVAILABILITY,domains.list,2021-09-23 01:55:23.474210
ads204.vertamedia.com,AVAILABILITY,domains.list,2021-09-23 01:55:24.191989
ads208.rmd.admob.com,AVAILABILITY,domains.list,2021-09-23 01:55:25.208627
ads209.rmd.admob.com,AVAILABILITY,domains.list,2021-09-23 01:55:26.026005
ads212.rmd.admob.com,AVAILABILITY,domains.list,2021-09-23 01:55:26.936306
ads211.rmd.admob.com,AVAILABILITY,domains.list,2021-09-23 01:55:27.975537
ads213.rmd.admob.com,AVAILABILITY,domains.list,2021-09-23 01:55:28.815384
ads214.rmd.admob.com,AVAILABILITY,domains.list,2021-09-23 01:55:29.894016
ads215.rmd.admob.com,AVAILABILITY,domains.list,2021-09-23 01:55:30.895197
ads216.rmd.admob.com,AVAILABILITY,domains.list,2021-09-23 01:55:31.883660
ads217.rmd.admob.com,AVAILABILITY,domains.list,2021-09-23 01:55:32.802580
ads218.rmd.admob.com,AVAILABILITY,domains.list,2021-09-23 01:55:33.735260
ads219.rmd.admob.com,AVAILABILITY,domains.list,2021-09-23 01:55:34.601154
ads220.rmd.admob.com,AVAILABILITY,domains.list,2021-09-23 01:55:35.582117
ads221.rmd.admob.com,AVAILABILITY,domains.list,2021-09-23 01:55:36.494773
ads222.rmd.admob.com,AVAILABILITY,domains.list,2021-09-23 01:55:37.453503
ads223.rmd.admob.com,AVAILABILITY,domains.list,2021-09-23 01:55:38.359425
ads224.rmd.admob.com,AVAILABILITY,domains.list,2021-09-23 01:55:39.267296
ads225.rmd.admob.com,AVAILABILITY,domains.list,2021-09-23 01:55:40.178610
ads226.rmd.admob.com,AVAILABILITY,domains.list,2021-09-23 01:55:41.161068
ads251.rmd.admob.com,AVAILABILITY,domains.list,2021-09-23 01:55:42.139059
ads252.rmd.admob.com,AVAILABILITY,domains.list,2021-09-23 01:55:43.118434
ads210.rmd.admob.com,AVAILABILITY,domains.list,2021-09-23 01:55:44.127180
ads351.adtelligent.com,AVAILABILITY,domains.list,2021-09-23 01:55:44.867444
ads351.unoadsrv.com,AVAILABILITY,domains.list,2021-09-23 01:55:45.602515
ads352.adtelligent.com,AVAILABILITY,domains.list,2021-09-23 01:55:46.384470
ads.adiquity.com,AVAILABILITY,domains.list,2021-09-23 01:55:47.448017
ads.admob.com,AVAILABILITY,domains.list,2021-09-23 01:55:48.359492
ads.adsfull.click,AVAILABILITY,domains.list,2021-09-23 01:55:49.271972
ads.adsrvr.org,AVAILABILITY,domains.list,2021-09-23 01:55:50.065827
ads.ams.contextweb.com,AVAILABILITY,domains.list,2021-09-23 01:55:50.881288
ads.aws.rubiconproject.com,AVAILABILITY,domains.list,2021-09-23 01:55:51.789466
ads.blbrd.co,AVAILABILITY,domains.list,2021-09-23 01:55:52.788462
ads.buysellads.com,AVAILABILITY,domains.list,2021-09-23 01:55:53.711189
ads.carbonads.com,AVAILABILITY,domains.list,2021-09-23 01:55:54.650177
ads.dynamicyield.com,AVAILABILITY,domains.list,2021-09-23 01:55:55.575575
ads.eqmob.com,AVAILABILITY,domains.list,2021-09-23 01:55:56.557445
ads.grandonmedia.com,AVAILABILITY,domains.list,2021-09-23 01:55:57.503655
ads.heyzap.com,AVAILABILITY,domains.list,2021-09-23 01:56:11.243534
ads.lga.contextweb.com,AVAILABILITY,domains.list,2021-09-23 01:56:12.038651
ads.mapps.cricbuzz.com,AVAILABILITY,domains.list,2021-09-23 01:56:13.012660
ads.mtc.ace.advertising.com,AVAILABILITY,domains.list,2021-09-23 01:56:13.814917
ads.ntc.ace.advertising.com,AVAILABILITY,domains.list,2021-09-23 01:56:14.601497
ads.onetag-sys.com,AVAILABILITY,domains.list,2021-09-23 01:56:15.296869
ads.onlinevideoconverter.com,AVAILABILITY,domains.list,2021-09-23 01:56:16.913749
ads.one97adworks.com,AVAILABILITY,domains.list,2021-09-23 01:56:17.921986
ads.pandora.tv.net,AVAILABILITY,domains.list,2021-09-23 01:56:19.021987
ads.permutive.com,AVAILABILITY,domains.list,2021-09-23 01:56:20.168495
ads.pdbarea.com,AVAILABILITY,domains.list,2021-09-23 01:56:21.344180
ads.smaato.net,AVAILABILITY,domains.list,2021-09-23 01:56:22.346154
ads.sjc.contextweb.com,AVAILABILITY,domains.list,2021-09-23 01:56:23.134027
ads.supersonicads.com,AVAILABILITY,domains.list,2021-09-23 01:56:24.163021
ads.sv.us.criteo.com,AVAILABILITY,domains.list,2021-09-23 01:56:25.969163
adsaudience-uploader.truecaller.com,AVAILABILITY,domains.list,2021-09-23 01:56:26.834200
adsamert.adsame.com,AVAILABILITY,domains.list,2021-09-23 01:56:28.927950
ads-by.vemba.com,AVAILABILITY,domains.list,2021-09-23 01:56:29.848279
ads-direct-wc.adaptv.advertising.com,AVAILABILITY,domains.list,2021-09-23 01:56:30.722387
ads-east-colo.adsymptotic.com,AVAILABILITY,domains.list,2021-09-23 01:56:31.443648
adserve.advertising.com,AVAILABILITY,domains.list,2021-09-23 01:56:32.222379
adserver2.juicyads.com,AVAILABILITY,domains.list,2021-09-23 01:56:32.993649
adserver.acceptance.justpremium.com,AVAILABILITY,domains.list,2021-09-23 01:56:33.842971
adserver.getcomics.info,AVAILABILITY,domains.list,2021-09-23 01:56:34.799908
adserver.ministryofads.com,AVAILABILITY,domains.list,2021-09-23 01:56:35.738922
adserver.leblonmedia.com,AVAILABILITY,domains.list,2021-09-23 01:56:36.493957
adserver-a-amt.adtech.de,AVAILABILITY,domains.list,2021-09-23 01:56:37.542395
adserver-a-frr.adtech.de,AVAILABILITY,domains.list,2021-09-23 01:56:38.477410
adserver-a-mtc.adtechus.com,AVAILABILITY,domains.list,2021-09-23 01:56:39.824126
adserver-a-scd.adtechus.com,AVAILABILITY,domains.list,2021-09-23 01:56:40.531241
adserver-a-toy.adtechjp.com,AVAILABILITY,domains.list,2021-09-23 01:56:41.680441
adserver-dpamt.adtech.de,AVAILABILITY,domains.list,2021-09-23 01:56:42.425628
adserver-h.juicyads.com,AVAILABILITY,domains.list,2021-09-23 01:56:43.217537
adserver-jp.vizury.com,AVAILABILITY,domains.list,2021-09-23 01:56:44.048787
adserver-nbamt.adtech.de,AVAILABILITY,domains.list,2021-09-23 01:56:44.803718
adserver-router04-public.prod.vungle.com,AVAILABILITY,domains.list,2021-09-23 01:56:45.782088
adserverrouter02.prod.vungle.com,AVAILABILITY,domains.list,2021-09-23 01:56:46.679509
adserverrouter11.prod.vungle.com,AVAILABILITY,domains.list,2021-09-23 01:56:47.563221
adserverrouter07.prod.vungle.com,AVAILABILITY,domains.list,2021-09-23 01:56:48.504047
adserverrouter12.prod.vungle.com,AVAILABILITY,domains.list,2021-09-23 01:56:49.384688
adserverrouter13.prod.vungle.com,AVAILABILITY,domains.list,2021-09-23 01:56:50.224257
adserverrouter21.prod.vungle.com,AVAILABILITY,domains.list,2021-09-23 01:56:52.067146
adserver-router23-public.prod.vungle.com,AVAILABILITY,domains.list,2021-09-23 01:56:53.016890
adserverrouter18.prod.vungle.com,AVAILABILITY,domains.list,2021-09-23 01:56:53.895481
adserverrouter28.prod.vungle.com,AVAILABILITY,domains.list,2021-09-23 01:56:54.863328
adserver-router25-public.prod.vungle.com,AVAILABILITY,domains.list,2021-09-23 01:56:55.816419
adserverrouter29.prod.vungle.com,AVAILABILITY,domains.list,2021-09-23 01:56:56.790219
adserverrouter30.prod.vungle.com,AVAILABILITY,domains.list,2021-09-23 01:56:57.712651
adserverrouter31.prod.vungle.com,AVAILABILITY,domains.list,2021-09-23 01:56:58.671270
adserverrouter32.prod.vungle.com,AVAILABILITY,domains.list,2021-09-23 01:56:59.629048
adserver-sb-ams.adtech.de,AVAILABILITY,domains.list,2021-09-23 01:57:00.529480
adserver-sb-ec.adtechus.com,AVAILABILITY,domains.list,2021-09-23 01:57:01.298493
adserver-sb-fra.adtech.de,AVAILABILITY,domains.list,2021-09-23 01:57:02.072233
adserver-sb-wc.adtechus.com,AVAILABILITY,domains.list,2021-09-23 01:57:02.826408
adservex-demo.media.net,AVAILABILITY,domains.list,2021-09-23 01:57:04.606522
adservice.google.cn,AVAILABILITY,domains.list,2021-09-23 01:57:05.525711
adservice.google.net,AVAILABILITY,domains.list,2021-09-23 01:57:06.410791
adservice.google.org,AVAILABILITY,domains.list,2021-09-23 01:57:07.314417
adservingbase.ace.advertising.com,AVAILABILITY,domains.list,2021-09-23 01:57:08.126770
adservme.g2afse.com,AVAILABILITY,domains.list,2021-09-23 01:57:08.960587
ads-eu-aws.adsymptotic.com,AVAILABILITY,domains.list,2021-09-23 01:57:09.760742
adsfree2.tk,AVAILABILITY,domains.list,2021-09-23 01:57:13.536062
adsgloo.go2affise.com,AVAILABILITY,domains.list,2021-09-23 01:57:14.505195
ads-iad2-lb7.adsymptotic.com,AVAILABILITY,domains.list,2021-09-23 01:57:15.267216
ads-iad2-lb8.adsymptotic.com,AVAILABILITY,domains.list,2021-09-23 01:57:16.034873
ad-sj2.mediaplex.com,AVAILABILITY,domains.list,2021-09-23 01:57:17.233571
adsparc.adswizz.com,AVAILABILITY,domains.list,2021-09-23 01:57:18.236265
adspecs.tapjoy.com,AVAILABILITY,domains.list,2021-09-23 01:57:19.253473
ads-sg-aws.adsymptotic.com,AVAILABILITY,domains.list,2021-09-23 01:57:20.068151
adstalkmedia.g2afse.com,AVAILABILITY,domains.list,2021-09-23 01:57:20.971290
adstalkmedia.go2affise.com,AVAILABILITY,domains.list,2021-09-23 01:57:21.935158
adstlx.com,AVAILABILITY,domains.list,2021-09-23 01:57:22.949755
ads-west-colo.adsymptotic.com,AVAILABILITY,domains.list,2021-09-23 01:57:23.719933
adt.pxl.ace.advertising.com,AVAILABILITY,domains.list,2021-09-23 01:57:24.491540
adtech.advertising.com,AVAILABILITY,domains.list,2021-09-23 01:57:25.235421
adthrive-d.openx.net,AVAILABILITY,domains.list,2021-09-23 01:57:26.538604
ad-track.aralego.com,AVAILABILITY,domains.list,2021-09-23 01:57:27.545485
adtracker.inmobi.com,AVAILABILITY,domains.list,2021-09-23 01:57:33.846745
adtrack.ministerial5.com,AVAILABILITY,domains.list,2021-09-23 01:57:35.010289
adts.btrkpro.com,AVAILABILITY,domains.list,2021-09-23 01:57:35.835043
adv.grandonmedia.com,AVAILABILITY,domains.list,2021-09-23 01:57:36.730203
advalorem.g2afse.com,AVAILABILITY,domains.list,2021-09-23 01:57:37.639037
advancemobile.go2affise.com,AVAILABILITY,domains.list,2021-09-23 01:57:38.640304
adventuremedia-d.openx.net,AVAILABILITY,domains.list,2021-09-23 01:57:39.839993
advertisedmediagroup-d.openx.net,AVAILABILITY,domains.list,2021-09-23 01:57:40.885586
advertiser.vizury.com,AVAILABILITY,domains.list,2021-09-23 01:57:41.677633
advertiser-cn.vizury.com,AVAILABILITY,domains.list,2021-09-23 01:57:42.475604
advertiser.vertamedia.com,AVAILABILITY,domains.list,2021-09-23 01:57:43.280692
advertisers.l.doubleclick.net,AVAILABILITY,domains.list,2021-09-23 01:57:44.274426
advertisersapi.doubleclick.net,AVAILABILITY,domains.list,2021-09-23 01:57:45.312792
advertiser-sg.vizury.com,AVAILABILITY,domains.list,2021-09-23 01:57:46.032691
advertising.oriel.io,AVAILABILITY,domains.list,2021-09-23 01:57:46.990099
advertraf.go2affise.com,AVAILABILITY,domains.list,2021-09-23 01:57:47.835186
advivifymediagroup.g2afse.com,AVAILABILITY,domains.list,2021-09-23 01:57:48.748044
adwix.g2afse.com,AVAILABILITY,domains.list,2021-09-23 01:57:49.725267
adwords.appsflyer.com,AVAILABILITY,domains.list,2021-09-23 01:57:50.558912
adwww.pubnative.net,AVAILABILITY,domains.list,2021-09-23 01:57:51.388244
adx.callback.batmobi.net,AVAILABILITY,domains.list,2021-09-23 01:57:52.638251
adx.petametrics.com,AVAILABILITY,domains.list,2021-09-23 01:57:53.495748
adx.winners.us-east-1.rtb.adroll.com,AVAILABILITY,domains.list,2021-09-23 01:57:54.293258
adxc.adsame.com,AVAILABILITY,domains.list,2021-09-23 01:57:57.451146
adxprts.co,AVAILABILITY,domains.list,2021-09-23 01:57:58.568749
adxs.adsame.com,AVAILABILITY,domains.list,2021-09-23 01:58:00.720113
adzflow.g2afse.com,AVAILABILITY,domains.list,2021-09-23 01:58:01.772623
adzmediatracking.com,AVAILABILITY,domains.list,2021-09-23 01:58:02.797484
adzonesocial.go2affise.com,AVAILABILITY,domains.list,2021-09-23 01:58:03.752149
adzperform.go2affise.com,AVAILABILITY,domains.list,2021-09-23 01:58:04.742261
adzuriteintl.g2afse.com,AVAILABILITY,domains.list,2021-09-23 01:58:05.769573
ae810539.go-mpulse.net,AVAILABILITY,domains.list,2021-09-23 01:58:06.700793
ae81173d.mpstat.us,AVAILABILITY,domains.list,2021-09-23 01:58:07.980995
ae810539.mpstat.us,AVAILABILITY,domains.list,2021-09-23 01:58:09.441934
ae.goodsblock.mgid.com,AVAILABILITY,domains.list,2021-09-23 01:58:10.250742
ae-gb.adskeeper.co.uk,AVAILABILITY,domains.list,2021-09-23 01:58:11.002764
ae-gb.mgid.com,AVAILABILITY,domains.list,2021-09-23 01:58:11.775203
aeg-d.openx.net,AVAILABILITY,domains.list,2021-09-23 01:58:12.947254
aens.belugaboost.com,AVAILABILITY,domains.list,2021-09-23 01:58:14.010252
aeqaq23kid.mentalist.kameleoon.com,AVAILABILITY,domains.list,2021-09-23 01:58:14.844475
aeropostale01.btttag.com,AVAILABILITY,domains.list,2021-09-23 01:58:15.686935
aerospike-loader-eu-west-1.adsnative.com,AVAILABILITY,domains.list,2021-09-23 01:58:16.589413
aetuim-uncategorized.t.domdex.com,AVAILABILITY,domains.list,2021-09-23 01:58:17.464677
af.goodsblock.mgid.com,AVAILABILITY,domains.list,2021-09-23 01:58:18.288343
affiliate-alpharooms-com.ct.impactradius.com,AVAILABILITY,domains.list,2021-09-23 01:58:19.393211
affiliate.t.domdex.com,AVAILABILITY,domains.list,2021-09-23 01:58:20.253075
affiliates.icubeswire.com,AVAILABILITY,domains.list,2021-09-23 01:58:21.128761
affilinext.g2afse.com,AVAILABILITY,domains.list,2021-09-23 01:58:21.992010
affiliates-toysrus-com.customtraffic.impactradius.com,AVAILABILITY,domains.list,2021-09-23 01:58:23.012888
afflow.18-plus.net,AVAILABILITY,domains.list,2021-09-23 01:58:23.849653
affinity-xml.t.domdex.com,AVAILABILITY,domains.list,2021-09-23 01:58:24.689542
af-gb.adskeeper.co.uk,AVAILABILITY,domains.list,2021-09-23 01:58:25.448079
af-gb.mgid.com,AVAILABILITY,domains.list,2021-09-23 01:58:26.227354
ag.goodsblock.mgid.com,AVAILABILITY,domains.list,2021-09-23 01:58:27.017719
ag-gb.adskeeper.co.uk,AVAILABILITY,domains.list,2021-09-23 01:58:27.785299
ag-gb.mgid.com,AVAILABILITY,domains.list,2021-09-23 01:58:28.545128
aggreports.appsflyer.com,AVAILABILITY,domains.list,2021-09-23 01:58:29.478947
agl.hotstar.com,AVAILABILITY,domains.list,2021-09-23 01:58:30.482387
agora.advertising.com,AVAILABILITY,domains.list,2021-09-23 01:58:31.275604
ags.beta.advertising.com,AVAILABILITY,domains.list,2021-09-23 01:58:32.040936
ah.goodsblock.mgid.com,AVAILABILITY,domains.list,2021-09-23 01:58:32.858933
ah-gb.adskeeper.co.uk,AVAILABILITY,domains.list,2021-09-23 01:58:33.606159
ah-gb.mgid.com,AVAILABILITY,domains.list,2021-09-23 01:58:34.364515
ai003.insightexpressai.com,AVAILABILITY,domains.list,2021-09-23 01:58:35.557374
ahyzz.lyfd2xzauti9d8p.bapb.gdn,AVAILABILITY,domains.list,2021-09-23 01:58:37.624336
ai.goodsblock.mgid.com,AVAILABILITY,domains.list,2021-09-23 01:58:38.420696
ai-gb.adskeeper.co.uk,AVAILABILITY,domains.list,2021-09-23 01:58:39.214647
ai-gb.mgid.com,AVAILABILITY,domains.list,2021-09-23 01:58:39.969229
aimg.domdex.com,AVAILABILITY,domains.list,2021-09-23 01:58:40.846691
aimsuccessin.moengage.com,AVAILABILITY,domains.list,2021-09-23 01:58:41.835803
ai-personalization-prod-api.demandbase.com,AVAILABILITY,domains.list,2021-09-23 01:58:42.823554
aj-gb.adskeeper.co.uk,AVAILABILITY,domains.list,2021-09-23 01:58:43.539881
aj-gb.mgid.com,AVAILABILITY,domains.list,2021-09-23 01:58:44.290109
ak.goodsblock.mgid.com,AVAILABILITY,domains.list,2021-09-23 01:58:45.105605
akamai.attribution.singular.net,AVAILABILITY,domains.list,2021-09-23 01:58:46.052132
akamai-media.contextweb.com,AVAILABILITY,domains.list,2021-09-23 01:58:46.823347
akatemia.snoobi.fi,AVAILABILITY,domains.list,2021-09-23 01:58:47.842410
ak-assets.applovin.com,AVAILABILITY,domains.list,2021-09-23 01:58:48.803967
ak-gb.adskeeper.co.uk,AVAILABILITY,domains.list,2021-09-23 01:58:49.571627
ak-gb.mgid.com,AVAILABILITY,domains.list,2021-09-23 01:58:50.380342
akila.adswizz.com,AVAILABILITY,domains.list,2021-09-23 01:58:51.287891
ak-pdn.applovin.com,AVAILABILITY,domains.list,2021-09-23 01:58:52.159199
aksecure.imrworldwide.com,AVAILABILITY,domains.list,2021-09-23 01:58:52.975822
ak-img.applovin.com,AVAILABILITY,domains.list,2021-09-23 01:58:53.851094
akunin.smi2.ru,AVAILABILITY,domains.list,2021-09-23 01:58:57.026493
ak-vid.applovin.com,AVAILABILITY,domains.list,2021-09-23 01:58:57.948380
akxsrsdbursfpx.bid,AVAILABILITY,domains.list,2021-09-23 01:58:59.087858
al.goodsblock.mgid.com,AVAILABILITY,domains.list,2021-09-23 01:58:59.856850
alargery.com,AVAILABILITY,domains.list,2021-09-23 01:59:00.900410
alav.propellerads.com,AVAILABILITY,domains.list,2021-09-23 01:59:02.146203
alexa.qualaroo.com,AVAILABILITY,domains.list,2021-09-23 01:59:03.044243
alexa.propellerads.com,AVAILABILITY,domains.list,2021-09-23 01:59:04.150680
al-gb.mgid.com,AVAILABILITY,domains.list,2021-09-23 01:59:04.938550
al-gb.adskeeper.co.uk,AVAILABILITY,domains.list,2021-09-23 01:59:05.725652
aligtr028.mmstat.com,AVAILABILITY,domains.list,2021-09-23 01:59:07.537415
aligtr050.mmstat.com,AVAILABILITY,domains.list,2021-09-23 01:59:09.903276
alkdmsxs.bid,AVAILABILITY,domains.list,2021-09-23 01:59:11.213256
allaccess.amplitude.com,AVAILABILITY,domains.list,2021-09-23 01:59:12.170192
alldcs-distinct.outbrain.com,AVAILABILITY,domains.list,2021-09-23 01:59:12.973876
alliancehealth-d.openx.net,AVAILABILITY,domains.list,2021-09-23 01:59:14.107807
allmedia-d.openx.net,AVAILABILITY,domains.list,2021-09-23 01:59:15.032136
alog.umeng.co,AVAILABILITY,domains.list,2021-09-23 01:59:16.500304
alp.adgear.com,AVAILABILITY,domains.list,2021-09-23 01:59:17.770215
alpha2.rtb.appier.net,AVAILABILITY,domains.list,2021-09-23 01:59:19.179749
alpha.ace.advertising.com,AVAILABILITY,domains.list,2021-09-23 01:59:19.960576
alpha.exchange4media.com,AVAILABILITY,domains.list,2021-09-23 01:59:21.142615
alpha.leanplum.com,AVAILABILITY,domains.list,2021-09-23 01:59:22.200646
alpha.mobileapptracking.com,AVAILABILITY,domains.list,2021-09-23 01:59:23.083133
alpha.delivery.vserv.mobi,AVAILABILITY,domains.list,2021-09-23 01:59:24.108575
alpha.telemetry.microsoft.com,AVAILABILITY,domains.list,2021-09-23 01:59:25.124563
alpstag.adgear.com,AVAILABILITY,domains.list,2021-09-23 01:59:26.384022
alpint.adgear.com,AVAILABILITY,domains.list,2021-09-23 01:59:27.274293
altb.marfeel.com,AVAILABILITY,domains.list,2021-09-23 01:59:28.431843
altbc.marfeel.com,AVAILABILITY,domains.list,2021-09-23 01:59:29.589309
althybesr.com,AVAILABILITY,domains.list,2021-09-23 01:59:30.373069
altfarm.mediaplex.com,AVAILABILITY,domains.list,2021-09-23 01:59:31.280722
am1-h-api.online-metrix.net,AVAILABILITY,domains.list,2021-09-23 01:59:32.149929
am10.adlooxtracking.com,AVAILABILITY,domains.list,2021-09-23 01:59:33.579570
am11.adlooxtracking.com,AVAILABILITY,domains.list,2021-09-23 01:59:34.670698
am.contextweb.com,AVAILABILITY,domains.list,2021-09-23 01:59:35.560134
am.goodsblock.mgid.com,AVAILABILITY,domains.list,2021-09-23 01:59:36.292848
amadfs01.clicktale.net,AVAILABILITY,domains.list,2021-09-23 01:59:37.057486
alb.intentmedia.net,AVAILABILITY,domains.list,2021-09-23 01:59:52.034864
americangiant.btttag.com,AVAILABILITY,domains.list,2021-09-23 01:59:52.779403
am-gb.adskeeper.co.uk,AVAILABILITY,domains.list,2021-09-23 01:59:53.507058
am-gb.mgid.com,AVAILABILITY,domains.list,2021-09-23 01:59:54.270362
amigos.unbounce.com,AVAILABILITY,domains.list,2021-09-23 01:59:55.301829
amlb2.clicktale.net,AVAILABILITY,domains.list,2021-09-23 01:59:56.036349
amobee-d.openx.net,AVAILABILITY,domains.list,2021-09-23 01:59:57.024786
amops.clicktale.net,AVAILABILITY,domains.list,2021-09-23 01:59:57.786508
amountinue.info,AVAILABILITY,domains.list,2021-09-23 01:59:58.901178
amp.automatad.com,AVAILABILITY,domains.list,2021-09-23 01:59:59.924704
amped.t.domdex.com,AVAILABILITY,domains.list,2021-09-23 02:00:00.724660
ampmetrics.techcrunch.com,AVAILABILITY,domains.list,2021-09-23 02:00:01.816497
ams.contextweb.com,AVAILABILITY,domains.list,2021-09-23 02:00:03.022784
ams-clarity02.contextweb.com,AVAILABILITY,domains.list,2021-09-23 02:00:03.905867
ams-clarity03.contextweb.com,AVAILABILITY,domains.list,2021-09-23 02:00:04.711079
amstc001.exelator.com,AVAILABILITY,domains.list,2021-09-23 02:00:05.511821
ams-tools.contextweb.com,AVAILABILITY,domains.list,2021-09-23 02:00:06.343357
an.3lift.com,AVAILABILITY,domains.list,2021-09-23 02:00:07.342806
an.goodsblock.mgid.com,AVAILABILITY,domains.list,2021-09-23 02:00:13.286101
an.pxl.ace.advertising.com,AVAILABILITY,domains.list,2021-09-23 02:00:14.071314
an.brightroll.com,AVAILABILITY,domains.list,2021-09-23 02:00:15.171579
analytics.247sports.com,AVAILABILITY,domains.list,2021-09-23 02:00:16.281509
analytics.adsrvr.org,AVAILABILITY,domains.list,2021-09-23 02:00:17.132930
analytics.adtechus.com,AVAILABILITY,domains.list,2021-09-23 02:00:18.009762
analytics.colacoweb.net,AVAILABILITY,domains.list,2021-09-23 02:00:18.874429
analytics.digit.in,AVAILABILITY,domains.list,2021-09-23 02:00:19.789355
analytics.jabong.com,AVAILABILITY,domains.list,2021-09-23 02:00:20.940084
analytics.oppomobile.com,AVAILABILITY,domains.list,2021-09-23 02:00:22.494890
analytics.thevideo.me,AVAILABILITY,domains.list,2021-09-23 02:00:23.367926
analytics-stats.pri.pagefair.com,AVAILABILITY,domains.list,2021-09-23 02:00:24.236332
analyticstest.localytics.com,AVAILABILITY,domains.list,2021-09-23 02:00:25.241624
analytics-writer.smartlook.com,AVAILABILITY,domains.list,2021-09-23 02:00:26.085885
analytics-web-producer-dods-1297332751.ap-south-1.elb.amazonaws.com,AVAILABILITY,domains.list,2021-09-23 02:00:26.948810
anayltics.kuikr.com,AVAILABILITY,domains.list,2021-09-23 02:00:28.171949
anc.adgear.com,AVAILABILITY,domains.list,2021-09-23 02:00:29.329727
ancestry.adlegend.com,AVAILABILITY,domains.list,2021-09-23 02:00:30.055783
andbeyond.cdn.firstimpression.io,AVAILABILITY,domains.list,2021-09-23 02:00:30.995829
andbeyond.ecdn.firstimpression.io,AVAILABILITY,domains.list,2021-09-23 02:00:31.857642
andbeyond.media.net,AVAILABILITY,domains.list,2021-09-23 02:00:33.472231
andbeyond-d.openx.net,AVAILABILITY,domains.list,2021-09-23 02:00:34.522461
android-native-ads.mopub.com,AVAILABILITY,domains.list,2021-09-23 02:00:35.380641
anet.apx.appier.net,AVAILABILITY,domains.list,2021-09-23 02:00:36.317332
anet.c.appier.net,AVAILABILITY,domains.list,2021-09-23 02:00:37.101987
an-eu.brightroll.com,AVAILABILITY,domains.list,2021-09-23 02:00:38.127737
an-gb.adskeeper.co.uk,AVAILABILITY,domains.list,2021-09-23 02:00:38.892739
an-gb.mgid.com,AVAILABILITY,domains.list,2021-09-23 02:00:39.657150
an-imp.bid.ace.advertising.com,AVAILABILITY,domains.list,2021-09-23 02:00:40.371523
an-rtb-fkb-2.connexity.net,AVAILABILITY,domains.list,2021-09-23 02:00:41.325361
answers-uncategorized.t.domdex.com,AVAILABILITY,domains.list,2021-09-23 02:00:42.087900
antinuef.info,AVAILABILITY,domains.list,2021-09-23 02:00:43.018847
anvil.rubiconproject.com,AVAILABILITY,domains.list,2021-09-23 02:00:44.074342
anylist-haproxy3.c.appier.net,AVAILABILITY,domains.list,2021-09-23 02:00:44.899813
anylist-haproxy0.c.appier.net,AVAILABILITY,domains.list,2021-09-23 02:00:45.813118
anylist-haproxy1.c.appier.net,AVAILABILITY,domains.list,2021-09-23 02:00:46.730782
anylist-haproxy5.c.appier.net,AVAILABILITY,domains.list,2021-09-23 02:00:47.676156
anylist-haproxy6.c.appier.net,AVAILABILITY,domains.list,2021-09-23 02:00:48.497788
anylist-haproxy8.c.appier.net,AVAILABILITY,domains.list,2021-09-23 02:00:49.415132
anylist-haproxy7.c.appier.net,AVAILABILITY,domains.list,2021-09-23 02:00:50.298049
any-log.vertamedia.com,AVAILABILITY,domains.list,2021-09-23 02:00:51.100285
anz-tags.vizury.com,AVAILABILITY,domains.list,2021-09-23 02:00:51.900988
ao.goodsblock.mgid.com,AVAILABILITY,domains.list,2021-09-23 02:00:52.806532
ao-gb.adskeeper.co.uk,AVAILABILITY,domains.list,2021-09-23 02:00:53.589655
ao-gb.mgid.com,AVAILABILITY,domains.list,2021-09-23 02:00:54.369079
aoaomo.tremorhub.com,AVAILABILITY,domains.list,2021-09-23 02:00:55.294989
aol.sl.advertising.com,AVAILABILITY,domains.list,2021-09-23 02:00:56.141933
aolhuffingtonpost.sl.advertising.com,AVAILABILITY,domains.list,2021-09-23 02:00:57.019616
aolon.at.atwola.com,AVAILABILITY,domains.list,2021-09-23 02:00:57.962538
aoltech.sl.advertising.com,AVAILABILITY,domains.list,2021-09-23 02:00:58.783696
aopa-d.openx.net,AVAILABILITY,domains.list,2021-09-23 02:01:00.115431
aop-prog.advertising.com,AVAILABILITY,domains.list,2021-09-23 02:01:00.896316
aorta-secure.clickagy.com,AVAILABILITY,domains.list,2021-09-23 02:01:01.820026
ap1iad3.lijit.com,AVAILABILITY,domains.list,2021-09-23 02:05:06.524351
ap2.ukr.admob.com,AVAILABILITY,domains.list,2021-09-23 02:05:08.079196
ap1-stat.adtelligent.com,AVAILABILITY,domains.list,2021-09-23 02:05:08.801718
ap9ng.01l.xyz,AVAILABILITY,domains.list,2021-09-23 02:05:10.024776
ap13.ukr.admob.com,AVAILABILITY,domains.list,2021-09-23 02:05:10.966202
ap101.ukr.admob.com,AVAILABILITY,domains.list,2021-09-23 02:05:11.933757
ap102-p2.ukr.admob.com,AVAILABILITY,domains.list,2021-09-23 02:05:12.879170
ap102.ukr.admob.com,AVAILABILITY,domains.list,2021-09-23 02:05:13.837227
ap103.ukr.admob.com,AVAILABILITY,domains.list,2021-09-23 02:05:14.712704
ap.33across.com,AVAILABILITY,domains.list,2021-09-23 02:05:15.478307
ap.api.33across.com,AVAILABILITY,domains.list,2021-09-23 02:05:16.315081
ap.goodsblock.mgid.com,AVAILABILITY,domains.list,2021-09-23 02:05:17.114130
ap.cdn.33across.com,AVAILABILITY,domains.list,2021-09-23 02:05:17.863077
apc.clck-01.online,AVAILABILITY,domains.list,2021-09-23 02:05:19.049228
ap-dbug-tam.sociomantic.com,AVAILABILITY,domains.list,2021-09-23 02:05:19.794701
apd.clck-01.online,AVAILABILITY,domains.list,2021-09-23 02:05:20.730700
ap-gb.adskeeper.co.uk,AVAILABILITY,domains.list,2021-09-23 02:05:21.516737
ap-gb.mgid.com,AVAILABILITY,domains.list,2021-09-23 02:05:22.292086
api1.vip.sc9.admob.com,AVAILABILITY,domains.list,2021-09-23 02:05:23.425881
api2.segment.io,AVAILABILITY,domains.list,2021-09-23 02:05:24.334045
api.adcolony.com,AVAILABILITY,domains.list,2021-09-23 02:05:25.252598
api.adgoi-1.net,AVAILABILITY,domains.list,2021-09-23 02:05:26.174090
api.adgoi.mobi,AVAILABILITY,domains.list,2021-09-23 02:05:27.010261
api.adlearnop.advertising.com,AVAILABILITY,domains.list,2021-09-23 02:05:27.791990
api.admob.com,AVAILABILITY,domains.list,2021-09-23 02:05:28.813400
api.admin.adgrx.com,AVAILABILITY,domains.list,2021-09-23 02:05:29.868990
api.admob.xiaomi.com,AVAILABILITY,domains.list,2021-09-23 02:05:32.045702
api.adsnative.com,AVAILABILITY,domains.list,2021-09-23 02:05:32.835757
api.adstack.com,AVAILABILITY,domains.list,2021-09-23 02:05:33.650435
api.atex.adgear.com,AVAILABILITY,domains.list,2021-09-23 02:05:35.003522
api.batmobi.net,AVAILABILITY,domains.list,2021-09-23 02:05:35.936257
api.batmobil.net,AVAILABILITY,domains.list,2021-09-23 02:05:36.904437
api.bidder7.mookie1.com,AVAILABILITY,domains.list,2021-09-23 02:05:37.727207
api.bidder10.mookie1.com,AVAILABILITY,domains.list,2021-09-23 02:05:38.508041
api.bidder9.mookie1.com,AVAILABILITY,domains.list,2021-09-23 02:05:39.349038
api.bizographics.com,AVAILABILITY,domains.list,2021-09-23 02:05:40.142359
api.blockadblock.com,AVAILABILITY,domains.list,2021-09-23 02:05:40.901613
api.bricknet.com,AVAILABILITY,domains.list,2021-09-23 02:05:42.031831
api.brightroll.com,AVAILABILITY,domains.list,2021-09-23 02:05:43.222729
api.c1oudmobi.net,AVAILABILITY,domains.list,2021-09-23 02:05:44.039194
api.chris.env.sandbox53.localytics.com,AVAILABILITY,domains.list,2021-09-23 02:05:45.077056
api.connatix.com,AVAILABILITY,domains.list,2021-09-23 02:05:46.078881
api.cossette.adgear.com,AVAILABILITY,domains.list,2021-09-23 02:05:47.216934
api.dans-parsley-change-test.env.sandbox53.localytics.com,AVAILABILITY,domains.list,2021-09-23 02:05:48.195901
api.data.360safe.com,AVAILABILITY,domains.list,2021-09-23 02:05:50.126754
api.data-monitor.info,AVAILABILITY,domains.list,2021-09-23 02:05:51.010812
api.dsp.batmobi.net,AVAILABILITY,domains.list,2021-09-23 02:05:51.858092
api.final.env.sandbox53.localytics.com,AVAILABILITY,domains.list,2021-09-23 02:05:52.910127
api.getadmiral.com,AVAILABILITY,domains.list,2021-09-23 02:05:53.718337
api.grandonmedia.com,AVAILABILITY,domains.list,2021-09-23 02:05:54.567288
api.infinity-tracking.net,AVAILABILITY,domains.list,2021-09-23 02:05:55.448406
api.chillyc.env.sandbox53.localytics.com,AVAILABILITY,domains.list,2021-09-23 02:06:05.516255
api.intel.dynamicyield.com,AVAILABILITY,domains.list,2021-09-23 02:06:06.534390
api.joanna-test.env.sandbox53.localytics.com,AVAILABILITY,domains.list,2021-09-23 02:06:07.426808
api.joanna.env.sandbox53.localytics.com,AVAILABILITY,domains.list,2021-09-23 02:06:08.316128
api.hybrid.intl.xiaomi.com,AVAILABILITY,domains.list,2021-09-23 02:06:10.157343
api.kostprice.net,AVAILABILITY,domains.list,2021-09-23 02:06:10.986520
api.josh.env.sandbox53.localytics.com,AVAILABILITY,domains.list,2021-09-23 02:06:26.667001
api.l33tsite.info,AVAILABILITY,domains.list,2021-09-23 02:06:27.677811
api.lapresse.adgear.com,AVAILABILITY,domains.list,2021-09-23 02:06:28.733264
api.mistat.xiaomi.com,AVAILABILITY,domains.list,2021-09-23 02:06:29.773664
api.mobojoy.baidu.com,AVAILABILITY,domains.list,2021-09-23 02:06:31.910375
api.mojopub.mediaplex.com,AVAILABILITY,domains.list,2021-09-23 02:06:33.470355
api.naiadsystems.com,AVAILABILITY,domains.list,2021-09-23 02:06:34.387329
api.nonewlines.env.sandbox53.localytics.com,AVAILABILITY,domains.list,2021-09-23 02:06:35.240169
api.nuco.adgear.com,AVAILABILITY,domains.list,2021-09-23 02:06:36.338847
api.oneaudience.com,AVAILABILITY,domains.list,2021-09-23 02:06:37.231742
api.prod.env.53.localytics.com,AVAILABILITY,domains.list,2021-09-23 02:06:38.300086
api.propellerads.com,AVAILABILITY,domains.list,2021-09-23 02:06:39.253848
api.recorder.duapps.com,AVAILABILITY,domains.list,2021-09-23 02:06:40.280976
api.recotap.com,AVAILABILITY,domains.list,2021-09-23 02:06:41.469669
api.reports.advertising.com,AVAILABILITY,domains.list,2021-09-23 02:06:42.204778
api.rishi.env.sandbox53.localytics.com,AVAILABILITY,domains.list,2021-09-23 02:06:43.166724
api.raphael.env.sandbox53.localytics.com,AVAILABILITY,domains.list,2021-09-23 02:06:51.093508
api.joe.env.sandbox53.localytics.com,AVAILABILITY,domains.list,2021-09-23 02:07:04.974449
api.selfserve.rubiconproject.com,AVAILABILITY,domains.list,2021-09-23 02:07:06.044667
api.safedk.com,AVAILABILITY,domains.list,2021-09-23 02:07:20.413935
api.stw.adgear.com,AVAILABILITY,domains.list,2021-09-23 02:07:21.746728
api.terraform-outputs.env.sandbox53.localytics.com,AVAILABILITY,domains.list,2021-09-23 02:07:22.676679
api.torontostar-uat.adgear.com,AVAILABILITY,domains.list,2021-09-23 02:07:23.969113
api.torontostar.adgear.com,AVAILABILITY,domains.list,2021-09-23 02:07:24.951467
api.tushar-test.env.sandbox53.localytics.com,AVAILABILITY,domains.list,2021-09-23 02:07:25.889211
api.tutorial.env.sandbox53.localytics.com,AVAILABILITY,domains.list,2021-09-23 02:07:26.769051
api.tutorial-sharing.env.sandbox53.localytics.com,AVAILABILITY,domains.list,2021-09-23 02:07:27.652043
api.tutorial-sharing-again.env.sandbox53.localytics.com,AVAILABILITY,domains.list,2021-09-23 02:07:28.561331
api.urbanairship.com,AVAILABILITY,domains.list,2021-09-23 02:07:29.713834
api.vertamedia.com,AVAILABILITY,domains.list,2021-09-23 02:07:30.462055
api.vx.adgear.com,AVAILABILITY,domains.list,2021-09-23 02:07:31.490906
api.wazuh.53.localytics.com,AVAILABILITY,domains.list,2021-09-23 02:07:32.515021
api.wazuh.sandbox53.localytics.com,AVAILABILITY,domains.list,2021-09-23 02:07:33.411453
api.webchunker.streaming.adswizz.com,AVAILABILITY,domains.list,2021-09-23 02:07:34.363785
api.ysamlan-initial-test.env.sandbox53.localytics.com,AVAILABILITY,domains.list,2021-09-23 02:07:35.118263
api.yoni.env.sandbox53.localytics.com,AVAILABILITY,domains.list,2021-09-23 02:07:36.067616
api-admin.demandbase.com,AVAILABILITY,domains.list,2021-09-23 02:07:36.823870
api-ads44.eu.adsymptotic.com,AVAILABILITY,domains.list,2021-09-23 02:07:37.536344
api-ads54.eu.adsymptotic.com,AVAILABILITY,domains.list,2021-09-23 02:07:38.245503
api-ap-southeast-1.adsnative.com,AVAILABILITY,domains.list,2021-09-23 02:07:38.889973
api-cache.adsnative.com,AVAILABILITY,domains.list,2021-09-23 02:07:39.558064
api-dev.demandbase.com,AVAILABILITY,domains.list,2021-09-23 02:07:40.261942
api-dev.ensighten.com,AVAILABILITY,domains.list,2021-09-23 02:07:40.960288
api-eu-west-1.adsnative.com,AVAILABILITY,domains.list,2021-09-23 02:07:41.631174
api-eu-central-1.petametrics.com,AVAILABILITY,domains.list,2021-09-23 02:07:42.363865
api-eu-west-1.petametrics.com,AVAILABILITY,domains.list,2021-09-23 02:07:43.148071
api-gateway-rishi.sandbox53.localytics.com,AVAILABILITY,domains.list,2021-09-23 02:07:44.016785
api-lb3-vip0.eu.adsymptotic.com,AVAILABILITY,domains.list,2021-09-23 02:07:44.690968
api-lb4-vip0.eu.adsymptotic.com,AVAILABILITY,domains.list,2021-09-23 02:07:45.371156
api-lb6-vip0.eu.adsymptotic.com,AVAILABILITY,domains.list,2021-09-23 02:07:46.030638
api-lb5-vip0.eu.adsymptotic.com,AVAILABILITY,domains.list,2021-09-23 02:07:46.695819
api-proxy.bee7.com,AVAILABILITY,domains.list,2021-09-23 02:07:47.386652
api-public-fast.addthis.com,AVAILABILITY,domains.list,2021-09-23 02:07:48.069385
api-public-test.addthis.com,AVAILABILITY,domains.list,2021-09-23 02:07:48.851234
api-ref.tracksummer.com,AVAILABILITY,domains.list,2021-09-23 02:07:49.818800
api-router.us-east-1.unbounce.com,AVAILABILITY,domains.list,2021-09-23 02:07:50.624468
apis.adsymptotic.com,AVAILABILITY,domains.list,2021-09-23 02:07:51.313530
apis.sharethrough.com,AVAILABILITY,domains.list,2021-09-23 02:07:52.301252
apis-acceptance.sharethrough.com,AVAILABILITY,domains.list,2021-09-23 02:07:53.090337
api-ssl.demandbase.com,AVAILABILITY,domains.list,2021-09-23 02:07:53.852523
api-us-east-1.adsnative.com,AVAILABILITY,domains.list,2021-09-23 02:07:54.592436
apiv3india.moengage.com,AVAILABILITY,domains.list,2021-09-23 02:07:55.533026
api-vip1.eu.adsymptotic.com,AVAILABILITY,domains.list,2021-09-23 02:07:56.234378
api-vip2.eu.adsymptotic.com,AVAILABILITY,domains.list,2021-09-23 02:07:56.936297
api-vip3.eu.adsymptotic.com,AVAILABILITY,domains.list,2021-09-23 02:07:57.637578
apkfdc.vass-24.net,AVAILABILITY,domains.list,2021-09-23 02:07:58.456621
api-zx.getui.com,AVAILABILITY,domains.list,2021-09-23 02:07:59.997186
aplaceformom.adlegend.com,AVAILABILITY,domains.list,2021-09-23 02:08:00.720718
apn-app-001.triplelift.com,AVAILABILITY,domains.list,2021-09-23 02:08:01.557509
app0.a-ads.com,AVAILABILITY,domains.list,2021-09-23 02:08:02.355700
app7hightree.com,AVAILABILITY,domains.list,2021-09-23 02:08:03.336534
app08.tubemogul.com,AVAILABILITY,domains.list,2021-09-23 02:08:04.078064
app.adomik.com,AVAILABILITY,domains.list,2021-09-23 02:08:04.965305
app.beemray.com,AVAILABILITY,domains.list,2021-09-23 02:08:05.766262
app.cointraffic.in,AVAILABILITY,domains.list,2021-09-23 02:08:06.505357
app.konotor.com,AVAILABILITY,domains.list,2021-09-23 02:08:07.478521
app.lijit.com,AVAILABILITY,domains.list,2021-09-23 02:08:08.192072
app.mediaplex.com,AVAILABILITY,domains.list,2021-09-23 02:08:09.055874
app.promo.tubemogul.com,AVAILABILITY,domains.list,2021-09-23 02:08:09.789121
app.response.demandbase.com,AVAILABILITY,domains.list,2021-09-23 02:08:10.544190
app.scorecardresearch.com,AVAILABILITY,domains.list,2021-09-23 02:08:11.522836
app.social.vertamedia.com,AVAILABILITY,domains.list,2021-09-23 02:08:12.216360
app.top1mobiad1.com,AVAILABILITY,domains.list,2021-09-23 02:08:12.993956
app.test.evergage.com,AVAILABILITY,domains.list,2021-09-23 02:08:13.942559
app.us-east-1.unbounce.com,AVAILABILITY,domains.list,2021-09-23 02:08:14.771322
app.yjp.kissmetrics.com,AVAILABILITY,domains.list,2021-09-23 02:08:15.504903
appchoices.rubiconproject.com,AVAILABILITY,domains.list,2021-09-23 02:08:16.464852
appcloud-node-stage.corp.flurry.com,AVAILABILITY,domains.list,2021-09-23 02:08:17.385419
appdevised.g2afse.com,AVAILABILITY,domains.list,2021-09-23 02:08:18.293334
appengage-fyber.fyber.com,AVAILABILITY,domains.list,2021-09-23 02:08:19.060172
appgalleries.inmobi.com,AVAILABILITY,domains.list,2021-09-23 02:08:20.022095
appland.g2afse.com,AVAILABILITY,domains.list,2021-09-23 02:08:20.870975
apple.comscoreresearch.com,AVAILABILITY,domains.list,2021-09-23 02:08:22.220714
applogmaster.test.uae.uc.cn,AVAILABILITY,domains.list,2021-09-23 02:08:26.025914
appmetrica.webvisor.com,AVAILABILITY,domains.list,2021-09-23 02:08:27.360651
appmpire.go2affise.com,AVAILABILITY,domains.list,2021-09-23 02:08:28.227271
apprelease.redtrack.io,AVAILABILITY,domains.list,2021-09-23 02:08:29.466279
apps2.cointraffic.io,AVAILABILITY,domains.list,2021-09-23 02:08:31.659719
apps.cointraffic.io,AVAILABILITY,domains.list,2021-09-23 02:08:33.038274
apps.dev.polarmobile.com,AVAILABILITY,domains.list,2021-09-23 02:08:34.491964
apps.propellerads.com,AVAILABILITY,domains.list,2021-09-23 02:08:35.467099
apps.polarmobile.com,AVAILABILITY,domains.list,2021-09-23 02:08:36.848929
appsadphonemobiletechie.win,AVAILABILITY,domains.list,2021-09-23 02:08:37.899507
appsad-phone-mobile-techie.win,AVAILABILITY,domains.list,2021-09-23 02:08:38.687017
appsadphonetopapp.win,AVAILABILITY,domains.list,2021-09-23 02:08:39.608283
appsapihk-webapp.veinteractive.com,AVAILABILITY,domains.list,2021-09-23 02:08:40.333218
appsapiusa-webapp.veinteractive.com,AVAILABILITY,domains.list,2021-09-23 02:08:41.169346
appsapi-webapp.veinteractive.com,AVAILABILITY,domains.list,2021-09-23 02:08:41.907694
appsdev.appsflyer.com,AVAILABILITY,domains.list,2021-09-23 02:08:42.795878
appserver1-2.sfa15.smi2.net,AVAILABILITY,domains.list,2021-09-23 02:08:45.231546
appserver1-4.sfa15.smi2.net,AVAILABILITY,domains.list,2021-09-23 02:08:46.759694
appstage.redtrack.io,AVAILABILITY,domains.list,2021-09-23 02:08:47.572372
app-tst.scorecardresearch.com,AVAILABILITY,domains.list,2021-09-23 02:08:48.383009
appwall.batmobil.net,AVAILABILITY,domains.list,2021-09-23 02:08:49.335330
appwall.ad.intl.xiaomi.com,AVAILABILITY,domains.list,2021-09-23 02:08:51.240880
appymedia.go2affise.com,AVAILABILITY,domains.list,2021-09-23 02:08:52.107905
aps-bud-1-ext.adsrvr.org,AVAILABILITY,domains.list,2021-09-23 02:08:52.830297
aps-bud-2-ext.adsrvr.org,AVAILABILITY,domains.list,2021-09-23 02:08:53.545480
ap-sonar.sociomantic.com,AVAILABILITY,domains.list,2021-09-23 02:08:54.335569
apt-bud-1-ext.adsrvr.org,AVAILABILITY,domains.list,2021-09-23 02:08:55.004577
apt-bud-2-ext.adsrvr.org,AVAILABILITY,domains.list,2021-09-23 02:08:55.718132
apx.ckk-45.net,AVAILABILITY,domains.list,2021-09-23 02:08:56.475636
aq.goodsblock.mgid.com,AVAILABILITY,domains.list,2021-09-23 02:08:57.201335
aq-gb.adskeeper.co.uk,AVAILABILITY,domains.list,2021-09-23 02:08:57.909484
aq-gb.mgid.com,AVAILABILITY,domains.list,2021-09-23 02:08:58.633633
aqugen.g2afse.com,AVAILABILITY,domains.list,2021-09-23 02:08:59.556781
ar1.atwola.com,AVAILABILITY,domains.list,2021-09-23 02:09:00.795738
ar2.atwola.com,AVAILABILITY,domains.list,2021-09-23 02:09:01.928524
ar3.atwola.com,AVAILABILITY,domains.list,2021-09-23 02:09:03.173420
ar4.atwola.com,AVAILABILITY,domains.list,2021-09-23 02:09:04.546832
ar5.atwola.com,AVAILABILITY,domains.list,2021-09-23 02:09:05.766817
ar7.atwola.com,AVAILABILITY,domains.list,2021-09-23 02:09:07.128605
ar6.atwola.com,AVAILABILITY,domains.list,2021-09-23 02:09:08.655960
applink.intentmedia.net,AVAILABILITY,domains.list,2021-09-23 02:09:22.125195
ar8.atwola.com,AVAILABILITY,domains.list,2021-09-23 02:09:23.646510
ar9.atwola.com,AVAILABILITY,domains.list,2021-09-23 02:09:24.990838
ar.labs.teads.tv,AVAILABILITY,domains.list,2021-09-23 02:09:25.914325
archdb01.rmd.admob.com,AVAILABILITY,domains.list,2021-09-23 02:09:26.927620
archive.exchange4media.com,AVAILABILITY,domains.list,2021-09-23 02:09:28.157771
archives.adlegend.com,AVAILABILITY,domains.list,2021-09-23 02:09:28.944035
arcsoftinc.data.insert.io,AVAILABILITY,domains.list,2021-09-23 02:09:30.054508
arcsoftinc.device.insert.io,AVAILABILITY,domains.list,2021-09-23 02:09:31.102159
area51.amobee.com,AVAILABILITY,domains.list,2021-09-23 02:09:32.253545
arequiry.info,AVAILABILITY,domains.list,2021-09-23 02:09:33.577112
ar-gb.adskeeper.co.uk,AVAILABILITY,domains.list,2021-09-23 02:09:34.302708
ar-gb.mgid.com,AVAILABILITY,domains.list,2021-09-23 02:09:35.045106
aritzia.btttag.com,AVAILABILITY,domains.list,2021-09-23 02:09:35.796406
arm.rubiconproject.com,AVAILABILITY,domains.list,2021-09-23 02:09:36.869302
arrassley.info,AVAILABILITY,domains.list,2021-09-23 02:09:37.982801
art.oakvillemotors.comping.chartbeat.net,AVAILABILITY,domains.list,2021-09-23 02:09:38.974505
artfact-d.openx.net,AVAILABILITY,domains.list,2021-09-23 02:09:39.870474
artifactory.districtm.net,AVAILABILITY,domains.list,2021-09-23 02:09:40.620360
as01.casalemedia.com,AVAILABILITY,domains.list,2021-09-23 02:09:41.446678
as02.casalemedia.com,AVAILABILITY,domains.list,2021-09-23 02:09:42.254859
artsandentertainment.t.domdex.com,AVAILABILITY,domains.list,2021-09-23 02:09:43.128600
as03.casalemedia.com,AVAILABILITY,domains.list,2021-09-23 02:09:43.981049
as04.casalemedia.com,AVAILABILITY,domains.list,2021-09-23 02:09:44.838901
as05.casalemedia.com,AVAILABILITY,domains.list,2021-09-23 02:09:45.650544
as06.casalemedia.com,AVAILABILITY,domains.list,2021-09-23 02:09:46.478288
as07.casalemedia.com,AVAILABILITY,domains.list,2021-09-23 02:09:47.308566
as09.casalemedia.com,AVAILABILITY,domains.list,2021-09-23 02:09:48.038993
as10.casalemedia.com,AVAILABILITY,domains.list,2021-09-23 02:09:48.865394
as08.casalemedia.com,AVAILABILITY,domains.list,2021-09-23 02:09:49.663105
as.criteo.com,AVAILABILITY,domains.list,2021-09-23 02:09:50.955945
as.criteo.net,AVAILABILITY,domains.list,2021-09-23 02:09:52.249005
as.ebz.io,AVAILABILITY,domains.list,2021-09-23 02:09:53.311393
as.gn344qitbu.pw,AVAILABILITY,domains.list,2021-09-23 02:09:54.397526
a-sb-ec.adtechus.com,AVAILABILITY,domains.list,2021-09-23 02:09:55.532285
asale-match.dotomi.com,AVAILABILITY,domains.list,2021-09-23 02:09:56.406744
asap.sharethrough.com,AVAILABILITY,domains.list,2021-09-23 02:09:57.272409
asbr01a.tm-sjc-1a.tubemogul.com,AVAILABILITY,domains.list,2021-09-23 02:09:58.112160
asbr01b.tm-sjc-1a.tubemogul.com,AVAILABILITY,domains.list,2021-09-23 02:09:58.897301
ascendeum-business.t.domdex.com,AVAILABILITY,domains.list,2021-09-23 02:09:59.688406
ascendeum-news.t.domdex.com,AVAILABILITY,domains.list,2021-09-23 02:10:00.390131
ascendeum-homepage.t.domdex.com,AVAILABILITY,domains.list,2021-09-23 02:10:01.097472
ascendeum-sciences.t.domdex.com,AVAILABILITY,domains.list,2021-09-23 02:10:01.887883
as-gb.adskeeper.co.uk,AVAILABILITY,domains.list,2021-09-23 02:10:02.634294
as-gb.mgid.com,AVAILABILITY,domains.list,2021-09-23 02:10:03.347759
ashfordnewtracksdk.optimove.net,AVAILABILITY,domains.list,2021-09-23 02:10:04.235865
asiana-d.openx.net,AVAILABILITY,domains.list,2021-09-23 02:10:05.335790
askfm-d.openx.net,AVAILABILITY,domains.list,2021-09-23 02:10:06.175655
asmmix.adsame.com,AVAILABILITY,domains.list,2021-09-23 02:10:07.997522
asset2.fyber.com,AVAILABILITY,domains.list,2021-09-23 02:10:08.784882
asset1.fyber.com,AVAILABILITY,domains.list,2021-09-23 02:10:09.512227
asset4.fyber.com,AVAILABILITY,domains.list,2021-09-23 02:10:10.219597
asset3.fyber.com,AVAILABILITY,domains.list,2021-09-23 02:10:10.922464
assets.adbrain.com,AVAILABILITY,domains.list,2021-09-23 02:10:11.774380
assets.acceptance.sharethrough.com,AVAILABILITY,domains.list,2021-09-23 02:10:12.738934
assets.adtechus.com,AVAILABILITY,domains.list,2021-09-23 02:10:13.447775
assets.cookieconsent.silktide.com,AVAILABILITY,domains.list,2021-09-23 02:10:14.383055
assets.ebz.io,AVAILABILITY,domains.list,2021-09-23 02:10:15.296606
assets.jetlore.com,AVAILABILITY,domains.list,2021-09-23 02:10:16.109303
assets.rfm.rubiconproject.com,AVAILABILITY,domains.list,2021-09-23 02:10:17.080904
assets-acceptance.sharethrough.com,AVAILABILITY,domains.list,2021-09-23 02:10:17.965386
assets-rfm.rubiconproject.com,AVAILABILITY,domains.list,2021-09-23 02:10:18.900629
astw.adgear.com,AVAILABILITY,domains.list,2021-09-23 02:10:19.894075
asus.adsame.com,AVAILABILITY,domains.list,2021-09-23 02:10:21.651638
at.getsocial.io,AVAILABILITY,domains.list,2021-09-23 02:10:23.336841
at-a-mtc.atwola.com,AVAILABILITY,domains.list,2021-09-23 02:10:24.027165
at-a-scd.atwola.com,AVAILABILITY,domains.list,2021-09-23 02:10:25.061871
assoc-msdk-metrics-us.amazon-adsystem.com,AVAILABILITY,domains.list,2021-09-23 02:11:01.781897
atd.qa.magnetic.com,AVAILABILITY,domains.list,2021-09-23 02:11:02.803233
assoc-msdk-fe.amazon-adsystem.com,AVAILABILITY,domains.list,2021-09-23 02:11:55.152889
atex.adgear.com,AVAILABILITY,domains.list,2021-09-23 02:11:56.194354
at-gb.adskeeper.co.uk,AVAILABILITY,domains.list,2021-09-23 02:11:56.922125
at-gb.mgid.com,AVAILABILITY,domains.list,2021-09-23 02:11:57.640235
atg-d.openx.net,AVAILABILITY,domains.list,2021-09-23 02:11:58.722692
atlas.atlassolutions.com,AVAILABILITY,domains.list,2021-09-23 02:11:59.744980
atlas.ensighten.com,AVAILABILITY,domains.list,2021-09-23 02:12:00.582742
atk.gxb.cnzz.com,AVAILABILITY,domains.list,2021-09-23 02:12:01.739672
atlasobscura-travel.t.domdex.com,AVAILABILITY,domains.list,2021-09-23 02:12:02.565042
atlassian2.fyber.com,AVAILABILITY,domains.list,2021-09-23 02:12:03.431776
atlassian.fyber.com,AVAILABILITY,domains.list,2021-09-23 02:12:04.167540
atpixelus.alephd.com,AVAILABILITY,domains.list,2021-09-23 02:12:05.441763
atrip.getui.com,AVAILABILITY,domains.list,2021-09-23 02:12:07.307425
atstrstag.adgear.com,AVAILABILITY,domains.list,2021-09-23 02:12:08.367883
atstr.adgear.com,AVAILABILITY,domains.list,2021-09-23 02:12:09.371300
atstruat.adgear.com,AVAILABILITY,domains.list,2021-09-23 02:12:10.113847
atwola-sb-ams.adtech.de,AVAILABILITY,domains.list,2021-09-23 02:12:11.098513
atwola.adtech.de,AVAILABILITY,domains.list,2021-09-23 02:12:12.286745
atwola-sb-wc.adtechus.com,AVAILABILITY,domains.list,2021-09-23 02:12:12.953933
atwola-sb-ec.adtechus.com,AVAILABILITY,domains.list,2021-09-23 02:12:13.612669
atwola-sb-fra.adtech.de,AVAILABILITY,domains.list,2021-09-23 02:12:14.298207
atxa.adgear.com,AVAILABILITY,domains.list,2021-09-23 02:12:15.193121
atxd.adgear.com,AVAILABILITY,domains.list,2021-09-23 02:12:16.089563
au.act-on.com,AVAILABILITY,domains.list,2021-09-23 02:12:16.981947
au.atlassolutions.com,AVAILABILITY,domains.list,2021-09-23 02:12:17.952193
au.doubleclick.net,AVAILABILITY,domains.list,2021-09-23 02:12:18.739479
au.apk.umeng.com,AVAILABILITY,domains.list,2021-09-23 02:12:20.561056
au.umeng.co,AVAILABILITY,domains.list,2021-09-23 02:12:21.660283
aucdn.umeng.com,AVAILABILITY,domains.list,2021-09-23 02:12:23.078643
aucdn.umeng.co,AVAILABILITY,domains.list,2021-09-23 02:12:24.255069
au-cn.w.inmobi.com,AVAILABILITY,domains.list,2021-09-23 02:12:25.200640
auctional.info,AVAILABILITY,domains.list,2021-09-23 02:12:26.090242
audiogon-d.openx.net,AVAILABILITY,domains.list,2021-09-23 02:12:27.018815
audit.outbrain.com,AVAILABILITY,domains.list,2021-09-23 02:12:27.791596
aufeminin-g-d.openx.net,AVAILABILITY,domains.list,2021-09-23 02:12:28.844022
au-gb.mgid.com,AVAILABILITY,domains.list,2021-09-23 02:12:29.542751
aujourdhuijecode.criteo.net,AVAILABILITY,domains.list,2021-09-23 02:12:30.784099
auth.demandbase.com,AVAILABILITY,domains.list,2021-09-23 02:12:31.630655
auth-stage.btrll.com,AVAILABILITY,domains.list,2021-09-23 02:12:32.548812
auth.brightroll.com,AVAILABILITY,domains.list,2021-09-23 02:12:33.535924
auto.t.domdex.com,AVAILABILITY,domains.list,2021-09-23 02:12:34.379153
autobeef-carcomplaints.t.domdex.com,AVAILABILITY,domains.list,2021-09-23 02:12:35.149790
autodiscover.helveticads.com,AVAILABILITY,domains.list,2021-09-23 02:12:36.102285
autodiscover.lists.vertamedia.com,AVAILABILITY,domains.list,2021-09-23 02:12:36.800366
autodiscover.smaato.com,AVAILABILITY,domains.list,2021-09-23 02:12:37.605754
autodiscover.snoobi.fi,AVAILABILITY,domains.list,2021-09-23 02:12:38.492073
autodiscover.vertamedia.com,AVAILABILITY,domains.list,2021-09-23 02:12:39.152132
autohome.adsame.com,AVAILABILITY,domains.list,2021-09-23 02:12:40.991046
automonetize.batmobi.net,AVAILABILITY,domains.list,2021-09-23 02:12:41.879968
auto-px.dynamicyield.com,AVAILABILITY,domains.list,2021-09-23 02:12:42.583775
aux-log1-ah.unoadsrv.com,AVAILABILITY,domains.list,2021-09-23 02:12:43.234170
aux-log1-ah.adtelligent.com,AVAILABILITY,domains.list,2021-09-23 02:12:43.894795
aux-log1-ah.vertamedia.com,AVAILABILITY,domains.list,2021-09-23 02:12:44.536840
aux-log2-ah.unoadsrv.com,AVAILABILITY,domains.list,2021-09-23 02:12:45.205650
aux-log2-ah.adtelligent.com,AVAILABILITY,domains.list,2021-09-23 02:12:45.861472
aux-log2-ah.vertamedia.com,AVAILABILITY,domains.list,2021-09-23 02:12:46.522157
aux-log3-ah.unoadsrv.com,AVAILABILITY,domains.list,2021-09-23 02:12:47.164030
aux-log3-ah.vertamedia.com,AVAILABILITY,domains.list,2021-09-23 02:12:47.844442
aux-log3-sh.unoadsrv.com,AVAILABILITY,domains.list,2021-09-23 02:12:48.491561
aux-log3-sh.vertamedia.com,AVAILABILITY,domains.list,2021-09-23 02:12:49.137381
aux-log4-ah.unoadsrv.com,AVAILABILITY,domains.list,2021-09-23 02:12:49.779342
aux-log4-sh.unoadsrv.com,AVAILABILITY,domains.list,2021-09-23 02:12:50.450943
aux-log4-ah.vertamedia.com,AVAILABILITY,domains.list,2021-09-23 02:12:51.149919
aux-log4-sh.vertamedia.com,AVAILABILITY,domains.list,2021-09-23 02:12:51.803951
aux-log5-sh.unoadsrv.com,AVAILABILITY,domains.list,2021-09-23 02:12:52.448413
aux-log5-ah.unoadsrv.com,AVAILABILITY,domains.list,2021-09-23 02:12:53.111450
aux-log5-ah.vertamedia.com,AVAILABILITY,domains.list,2021-09-23 02:12:53.763036
aux-log5-sh.vertamedia.com,AVAILABILITY,domains.list,2021-09-23 02:12:54.430573
av.revcontent.com,AVAILABILITY,domains.list,2021-09-23 02:12:55.371489
avnzz.qlvfyxtzjh5.bapb.gdn,AVAILABILITY,domains.list,2021-09-23 02:12:57.349596
avr2.smaato.net,AVAILABILITY,domains.list,2021-09-23 02:12:58.167078
avr.smaato.net,AVAILABILITY,domains.list,2021-09-23 02:12:58.978338
avr3.smaato.net,AVAILABILITY,domains.list,2021-09-23 02:12:59.709235
avx.adgear.com,AVAILABILITY,domains.list,2021-09-23 02:13:00.778436
aw-gb.mgid.com,AVAILABILITY,domains.list,2021-09-23 02:13:01.520071
aws-acm.kissmetrics.com,AVAILABILITY,domains.list,2021-09-23 02:13:02.200319
aws.amobee.com,AVAILABILITY,domains.list,2021-09-23 02:13:16.691331
awsm.rubiconproject.com,AVAILABILITY,domains.list,2021-09-23 02:13:17.471613
aws-tam.unbounce.com,AVAILABILITY,domains.list,2021-09-23 02:13:18.396251
aws-tracker.departapp.com,AVAILABILITY,domains.list,2021-09-23 02:13:19.217770
awtkamrzza.mentalist.kameleoon.com,AVAILABILITY,domains.list,2021-09-23 02:13:20.034386
axa.device.insert.io,AVAILABILITY,domains.list,2021-09-23 02:13:20.835260
ax-rtb-fkb-2.connexity.net,AVAILABILITY,domains.list,2021-09-23 02:13:21.578106
ay-gb.mgid.com,AVAILABILITY,domains.list,2021-09-23 02:13:22.341230
azcdn-preprod.criteo.net,AVAILABILITY,domains.list,2021-09-23 02:13:23.386761
azcdn.criteo.net,AVAILABILITY,domains.list,2021-09-23 02:13:24.873689
az-gb.mgid.com,AVAILABILITY,domains.list,2021-09-23 02:13:25.632688
b2.mouseflow.com,AVAILABILITY,domains.list,2021-09-23 02:13:26.982049
b3-eu.mookie1.com,AVAILABILITY,domains.list,2021-09-23 02:13:27.750199
b6un2ap5u9.mentalist.kameleoon.com,AVAILABILITY,domains.list,2021-09-23 02:13:28.541917
b9poio5r4u.mentalist.kameleoon.com,AVAILABILITY,domains.list,2021-09-23 02:13:29.245326
b.aol.com,AVAILABILITY,domains.list,2021-09-23 02:13:30.624855
b.dlx.addthis.com,AVAILABILITY,domains.list,2021-09-23 02:13:31.414275
b.ensighten.com,AVAILABILITY,domains.list,2021-09-23 02:13:32.123731
b.lga.contextweb.com,AVAILABILITY,domains.list,2021-09-23 02:13:32.998484
b.company-target.com,AVAILABILITY,domains.list,2021-09-23 02:13:33.840562
b.mouseflow.com,AVAILABILITY,domains.list,2021-09-23 02:13:35.291022
babycenter.cn.102.112.2o7.net,AVAILABILITY,domains.list,2021-09-23 02:13:36.041022
bac.gbc.criteo.net,AVAILABILITY,domains.list,2021-09-23 02:13:37.301506
backchina-d.openx.net,AVAILABILITY,domains.list,2021-09-23 02:13:38.413179
backfill.sharethrough.com,AVAILABILITY,domains.list,2021-09-23 02:13:39.391137
backup1.brandreachsys.com,AVAILABILITY,domains.list,2021-09-23 02:13:40.306838
bacula1-1.sfa37.smi2.net,AVAILABILITY,domains.list,2021-09-23 02:13:42.619273
bale.alphonso.tv,AVAILABILITY,domains.list,2021-09-23 02:13:43.892881
bamtech-d.openx.net,AVAILABILITY,domains.list,2021-09-23 02:13:44.936915
bamboo.revcontent.com,AVAILABILITY,domains.list,2021-09-23 02:13:45.711369
bankcomm.adsame.com,AVAILABILITY,domains.list,2021-09-23 02:13:49.526547
banner.vrtzads.com,AVAILABILITY,domains.list,2021-09-23 02:13:50.469390
bannerfarm.ace.advertising.com,AVAILABILITY,domains.list,2021-09-23 02:13:51.229359
banner-mtb.dspcdn.com,AVAILABILITY,domains.list,2021-09-23 02:13:52.410491
banners.mediaparade.net,AVAILABILITY,domains.list,2021-09-23 02:13:53.214797
banners.supersonicads.com,AVAILABILITY,domains.list,2021-09-23 02:13:54.243396
bannertest.adtech.de,AVAILABILITY,domains.list,2021-09-23 02:13:55.149750
bannertest.adtechus.com,AVAILABILITY,domains.list,2021-09-23 02:13:56.011379
banners.dynamoads.com,AVAILABILITY,domains.list,2021-09-23 02:13:56.797462
barakttt.amobee.com,AVAILABILITY,domains.list,2021-09-23 02:13:57.918919
barclays-test.insert.io,AVAILABILITY,domains.list,2021-09-23 02:13:58.770970
baresi.fitanalytics.com,AVAILABILITY,domains.list,2021-09-23 02:13:59.603783
barracuda.advertising.com,AVAILABILITY,domains.list,2021-09-23 02:14:00.341574
bashbound-family.t.domdex.com,AVAILABILITY,domains.list,2021-09-23 02:14:01.091344
basic.horseradish.club,AVAILABILITY,domains.list,2021-09-23 02:14:01.879529
bashbound-shopping.t.domdex.com,AVAILABILITY,domains.list,2021-09-23 02:14:02.588677
bathbody.btttag.com,AVAILABILITY,domains.list,2021-09-23 02:14:03.336041
bathandbodyworks.adlegend.com,AVAILABILITY,domains.list,2021-09-23 02:14:04.086694
batstore.batmobi.net,AVAILABILITY,domains.list,2021-09-23 02:14:04.923417
bb.contentdef.com,AVAILABILITY,domains.list,2021-09-23 02:14:05.667016
bbkxmpgjwo.bid,AVAILABILITY,domains.list,2021-09-23 02:14:06.849559
bbpeoplemeet.adlegend.com,AVAILABILITY,domains.list,2021-09-23 02:14:07.567226
bbs.cnzz.com,AVAILABILITY,domains.list,2021-09-23 02:14:08.424902
bbs.hiido.com,AVAILABILITY,domains.list,2021-09-23 02:14:10.387208
bbt.mobi.102.112.2o7.net,AVAILABILITY,domains.list,2021-09-23 02:14:11.174341
bca.gbc.criteo.net,AVAILABILITY,domains.list,2021-09-23 02:14:12.323648
bcb.rubiconproject.com,AVAILABILITY,domains.list,2021-09-23 02:14:13.445912
bcbb-ams2.rubiconproject.com,AVAILABILITY,domains.list,2021-09-23 02:14:14.253569
bcbb.rubiconproject.com,AVAILABILITY,domains.list,2021-09-23 02:14:15.273324
bcbb-ams3.rubiconproject.com,AVAILABILITY,domains.list,2021-09-23 02:14:16.176687
bc.geocities.yahoo.co.jp,AVAILABILITY,domains.list,2021-09-23 02:14:18.138703
bcb-beacon-nr.rubiconproject.com,AVAILABILITY,domains.list,2021-09-23 02:14:19.072993
bcbb-hkg1.rubiconproject.com,AVAILABILITY,domains.list,2021-09-23 02:14:20.166093
bcbb-fra1.rubiconproject.com,AVAILABILITY,domains.list,2021-09-23 02:14:21.095420
bcbb-hfc2.rubiconproject.com,AVAILABILITY,domains.list,2021-09-23 02:14:21.997476
bcbb-iad1.rubiconproject.com,AVAILABILITY,domains.list,2021-09-23 02:14:22.793693
bcbb-iad2.rubiconproject.com,AVAILABILITY,domains.list,2021-09-23 02:14:23.563897
bcbb-iad3.rubiconproject.com,AVAILABILITY,domains.list,2021-09-23 02:14:24.511732
bcbb-sjc1.rubiconproject.com,AVAILABILITY,domains.list,2021-09-23 02:14:25.584966
bcbtest.rubiconproject.com,AVAILABILITY,domains.list,2021-09-23 02:14:26.636774
bcdn.adtelligent.com,AVAILABILITY,domains.list,2021-09-23 02:14:27.417014
bck-herz.propellerads.com,AVAILABILITY,domains.list,2021-09-23 02:14:28.304653
bc-geocities.yahoo.co.jp,AVAILABILITY,domains.list,2021-09-23 02:14:30.045051
bcp.crwdcntrl.com,AVAILABILITY,domains.list,2021-09-23 02:14:30.937085
bcpad0.dub.loc.crwdcntrl.net,AVAILABILITY,domains.list,2021-09-23 02:14:32.292352
bcpad0.sin.loc.crwdcntrl.net,AVAILABILITY,domains.list,2021-09-23 02:14:33.405619
bcpad1.dub.loc.crwdcntrl.net,AVAILABILITY,domains.list,2021-09-23 02:14:34.578974
bcpad1.dub.loc.dyn.crwdcntrl.net,AVAILABILITY,domains.list,2021-09-23 02:14:35.980046
bcpad1.iad.loc.dyn.crwdcntrl.net,AVAILABILITY,domains.list,2021-09-23 02:14:37.113185
bcpad1.sin.loc.crwdcntrl.net,AVAILABILITY,domains.list,2021-09-23 02:14:38.141765
bcpad1.pdx.loc.crwdcntrl.net,AVAILABILITY,domains.list,2021-09-23 02:14:39.151421
bcpad2.dub.loc.crwdcntrl.net,AVAILABILITY,domains.list,2021-09-23 02:14:40.127791
bcpad2.pdx.loc.crwdcntrl.net,AVAILABILITY,domains.list,2021-09-23 02:14:41.058106
bcpad2.dub.loc.dyn.crwdcntrl.net,AVAILABILITY,domains.list,2021-09-23 02:14:42.146348
bcpad2.iad.loc.dyn.crwdcntrl.net,AVAILABILITY,domains.list,2021-09-23 02:14:43.139308
bcpad2.sin.loc.crwdcntrl.net,AVAILABILITY,domains.list,2021-09-23 02:14:44.112095
bcpad3.dub.loc.crwdcntrl.net,AVAILABILITY,domains.list,2021-09-23 02:14:45.179485
bcpad3.dub.loc.dyn.crwdcntrl.net,AVAILABILITY,domains.list,2021-09-23 02:14:46.255394
bcpad3.pdx.loc.crwdcntrl.net,AVAILABILITY,domains.list,2021-09-23 02:14:47.313345
bcpad3.iad.loc.dyn.crwdcntrl.net,AVAILABILITY,domains.list,2021-09-23 02:14:48.514594
bcpad3.pdx.loc.dyn.crwdcntrl.net,AVAILABILITY,domains.list,2021-09-23 02:14:49.594741
bcpad3.sin.loc.crwdcntrl.net,AVAILABILITY,domains.list,2021-09-23 02:14:50.514896
bcpad3.sjc.loc.crwdcntrl.net,AVAILABILITY,domains.list,2021-09-23 02:14:51.800564
bcpad3p.iad.loc.dyn.crwdcntrl.net,AVAILABILITY,domains.list,2021-09-23 02:14:52.892445
bcpad4.dub.loc.crwdcntrl.net,AVAILABILITY,domains.list,2021-09-23 02:14:53.991539
bcpad4.pdx.loc.crwdcntrl.net,AVAILABILITY,domains.list,2021-09-23 02:14:55.053787
bcpad4.pdx.loc.dyn.crwdcntrl.net,AVAILABILITY,domains.list,2021-09-23 02:14:56.162262
bcpad4.iad.loc.dyn.crwdcntrl.net,AVAILABILITY,domains.list,2021-09-23 02:14:57.309041
bcpad4.sin.loc.crwdcntrl.net,AVAILABILITY,domains.list,2021-09-23 02:14:58.372152
bcpad5.dub.loc.crwdcntrl.net,AVAILABILITY,domains.list,2021-09-23 02:14:59.416915
bcpad5.iad.loc.dyn.crwdcntrl.net,AVAILABILITY,domains.list,2021-09-23 02:15:00.372133
bcpad6.dub.loc.crwdcntrl.net,AVAILABILITY,domains.list,2021-09-23 02:15:01.353131
bcpad5.sin.loc.crwdcntrl.net,AVAILABILITY,domains.list,2021-09-23 02:15:02.483710
bcpad6.iad.loc.dyn.crwdcntrl.net,AVAILABILITY,domains.list,2021-09-23 02:15:03.445495
bcpad6.sin.loc.crwdcntrl.net,AVAILABILITY,domains.list,2021-09-23 02:15:04.391101
bcpad7.dub.loc.crwdcntrl.net,AVAILABILITY,domains.list,2021-09-23 02:15:05.516668
bcpad7.iad.loc.crwdcntrl.net,AVAILABILITY,domains.list,2021-09-23 02:15:06.739123
bcpad8.dub.loc.crwdcntrl.net,AVAILABILITY,domains.list,2021-09-23 02:15:07.630090
bcxdjxlassr.bid,AVAILABILITY,domains.list,2021-09-23 02:15:08.487397
bd0dc.v.fwmrm.net,AVAILABILITY,domains.list,2021-09-23 02:15:09.211099
be.fyber.com,AVAILABILITY,domains.list,2021-09-23 02:15:09.920596
beacon.eyeviewads.com,AVAILABILITY,domains.list,2021-09-23 02:15:10.919018
beacon-apac-nrt1.rubiconproject.com,AVAILABILITY,domains.list,2021-09-23 02:15:11.768524
beacon-eu.rubiconproject.com,AVAILABILITY,domains.list,2021-09-23 02:15:12.759734
beacon-us-east.rubiconproject.com,AVAILABILITY,domains.list,2021-09-23 02:15:13.830577
beacon-monitor.sharethrough.com,AVAILABILITY,domains.list,2021-09-23 02:15:14.705231
beacon-us-sjc1.rubiconproject.com,AVAILABILITY,domains.list,2021-09-23 02:15:15.549986
beamkite.com,AVAILABILITY,domains.list,2021-09-23 02:15:16.528414
bebe.adlegend.com,AVAILABILITY,domains.list,2021-09-23 02:15:17.339745
bebe.alphonso.tv,AVAILABILITY,domains.list,2021-09-23 02:15:18.507382
beckham.alphonso.tv,AVAILABILITY,domains.list,2021-09-23 02:15:19.693622
become.t.domdex.com,AVAILABILITY,domains.list,2021-09-23 02:15:20.517905
beeradvocate-d.openx.net,AVAILABILITY,domains.list,2021-09-23 02:15:21.572366
be-get.teads.tv,AVAILABILITY,domains.list,2021-09-23 02:15:22.333931
belkin.btttag.com,AVAILABILITY,domains.list,2021-09-23 02:15:23.095172
b-endpoint-elb-307841411.adomik.com,AVAILABILITY,domains.list,2021-09-23 02:15:24.037317
benteng.ad.xiaomi.com,AVAILABILITY,domains.list,2021-09-23 02:15:25.945813
berrybenka.moengage.com,AVAILABILITY,domains.list,2021-09-23 02:15:27.012104
best10traveltips.com,AVAILABILITY,domains.list,2021-09-23 02:15:27.843063
be-ss.teads.tv,AVAILABILITY,domains.list,2021-09-23 02:15:28.699080
best.alphonso.tv,AVAILABILITY,domains.list,2021-09-23 02:15:30.183369
bestbuys.t.domdex.com,AVAILABILITY,domains.list,2021-09-23 02:15:31.052760
bestinsoles.btttag.com,AVAILABILITY,domains.list,2021-09-23 02:15:31.848000
bestoffers.go2affise.com,AVAILABILITY,domains.list,2021-09-23 02:15:32.807209
bestshopec97.info,AVAILABILITY,domains.list,2021-09-23 02:15:34.063392
beta2.ace.advertising.com,AVAILABILITY,domains.list,2021-09-23 02:15:34.834964
beta.ace.advertising.com,AVAILABILITY,domains.list,2021-09-23 02:15:35.591148
beta.addesk.advertising.com,AVAILABILITY,domains.list,2021-09-23 02:15:36.352075
beta.api.adlearnop.advertising.com,AVAILABILITY,domains.list,2021-09-23 02:15:37.124058
beta.adlearnop.advertising.com,AVAILABILITY,domains.list,2021-09-23 02:15:40.908012
beta.m.rtb.gateway.advertising.com,AVAILABILITY,domains.list,2021-09-23 02:15:41.693855
beta.brightroll.com,AVAILABILITY,domains.list,2021-09-23 02:15:42.839713
beta.mobile.ace.advertising.com,AVAILABILITY,domains.list,2021-09-23 02:15:43.617242
beta.mobileapptracking.com,AVAILABILITY,domains.list,2021-09-23 02:15:44.439519
beta.outbrain.com,AVAILABILITY,domains.list,2021-09-23 02:15:45.169877
beta.reports.advertising.com,AVAILABILITY,domains.list,2021-09-23 02:15:45.869358
beta.beemray.com,AVAILABILITY,domains.list,2021-09-23 02:15:55.487922
beta.tapjoy.com,AVAILABILITY,domains.list,2021-09-23 02:15:56.308986
beta.trafficshop.com,AVAILABILITY,domains.list,2021-09-23 02:15:57.171289
beta.usr.mgid.com,AVAILABILITY,domains.list,2021-09-23 02:15:57.884071
beta.webengage.com,AVAILABILITY,domains.list,2021-09-23 02:15:58.606457
beta.vungle.com,AVAILABILITY,domains.list,2021-09-23 02:15:59.582541
beta-adserver.adtechus.com,AVAILABILITY,domains.list,2021-09-23 02:16:00.370380
betabanner.vrtzads.com,AVAILABILITY,domains.list,2021-09-23 02:16:01.280658
beta-dashboard.mgid.com,AVAILABILITY,domains.list,2021-09-23 02:16:02.011842
beta-editorial.outbrain.com,AVAILABILITY,domains.list,2021-09-23 02:16:02.774496
beta-imageserver.adtechus.com,AVAILABILITY,domains.list,2021-09-23 02:16:03.471979
beta-jp.adlearnop.advertising.com,AVAILABILITY,domains.list,2021-09-23 02:16:04.188865
beta-lombardi.advertising.com,AVAILABILITY,domains.list,2021-09-23 02:16:04.886928
betathome-sb-ams.adtech.de,AVAILABILITY,domains.list,2021-09-23 02:16:05.849487
betathome-sb-fra.adtech.de,AVAILABILITY,domains.list,2021-09-23 02:16:06.837915
beta-uk.adlearnop.advertising.com,AVAILABILITY,domains.list,2021-09-23 02:16:07.600010
beta-www.brightroll.com,AVAILABILITY,domains.list,2021-09-23 02:16:08.383246
bevo.adsnative.com,AVAILABILITY,domains.list,2021-09-23 02:16:09.132968
bevo-eu-west-1.adsnative.com,AVAILABILITY,domains.list,2021-09-23 02:16:09.832550
bevo-ap-southeast-1.adsnative.com,AVAILABILITY,domains.list,2021-09-23 02:16:10.494364
bevo-us-east-1.adsnative.com,AVAILABILITY,domains.list,2021-09-23 02:16:11.173829
beyond.t.domdex.com,AVAILABILITY,domains.list,2021-09-23 02:16:11.984696
bh1.doubleclick.net,AVAILABILITY,domains.list,2021-09-23 02:16:12.880308
bh.ams.contextweb.com,AVAILABILITY,domains.list,2021-09-23 02:16:13.616587
bhphoto.btttag.com,AVAILABILITY,domains.list,2021-09-23 02:16:14.377661
bhg.vizury.com,AVAILABILITY,domains.list,2021-09-23 02:16:15.048989
bhphoto-d.openx.net,AVAILABILITY,domains.list,2021-09-23 02:16:16.151353
bi.adroll.com,AVAILABILITY,domains.list,2021-09-23 02:16:16.904558
bi.corp.exoclick.com,AVAILABILITY,domains.list,2021-09-23 02:16:17.741386
bid.ace.advertising.com,AVAILABILITY,domains.list,2021-09-23 02:16:18.469028
bid.advertising.com,AVAILABILITY,domains.list,2021-09-23 02:16:19.172115
bid.goog.east.r.domdex.com,AVAILABILITY,domains.list,2021-09-23 02:16:19.990160
bid.goog.eu.r.domdex.com,AVAILABILITY,domains.list,2021-09-23 02:16:20.708931
bid.goog.west.r.domdex.com,AVAILABILITY,domains.list,2021-09-23 02:16:21.507850
bid.goog.lon.r.domdex.com,AVAILABILITY,domains.list,2021-09-23 02:16:22.335112
bi-collector.oneapm.com,AVAILABILITY,domains.list,2021-09-23 02:16:25.013849
bid.grandonmedia.com,AVAILABILITY,domains.list,2021-09-23 02:16:25.735472
bidbgp-lga.contextweb.com,AVAILABILITY,domains.list,2021-09-23 02:16:26.456308
bidder2.criteo.com,AVAILABILITY,domains.list,2021-09-23 02:16:27.751803
bid.hiido.com,AVAILABILITY,domains.list,2021-09-23 02:16:28.895443
bidder.eyeviewads.com,AVAILABILITY,domains.list,2021-09-23 02:16:29.914928
bidder-asia-openx.spotad.co,AVAILABILITY,domains.list,2021-09-23 02:16:30.600384
bidder-asia.spotad.co,AVAILABILITY,domains.list,2021-09-23 02:16:31.253802
bidder-asia-ub14.spotad.co,AVAILABILITY,domains.list,2021-09-23 02:16:31.906994
bidder-europe.spotad.co,AVAILABILITY,domains.list,2021-09-23 02:16:32.586115
bidder-ssl.eyeviewads.com,AVAILABILITY,domains.list,2021-09-23 02:16:33.463793
bidder-useast-adx-ub14.spotad.co,AVAILABILITY,domains.list,2021-09-23 02:16:34.198088
bidder-useast.spotad.co,AVAILABILITY,domains.list,2021-09-23 02:16:34.879192
bidder-uswest.spotad.co,AVAILABILITY,domains.list,2021-09-23 02:16:35.516659
bidder-uswest-ub14.spotad.co,AVAILABILITY,domains.list,2021-09-23 02:16:36.154346
bid-us-east.onetag-sys.com,AVAILABILITY,domains.list,2021-09-23 02:16:36.818163
bidwin.vrtzads.com,AVAILABILITY,domains.list,2021-09-23 02:16:37.494654
big.g.doubleclick.net,AVAILABILITY,domains.list,2021-09-23 02:16:38.318984
bigblueparrot.optimove.net,AVAILABILITY,domains.list,2021-09-23 02:16:39.185228
bigplus.g2afse.com,AVAILABILITY,domains.list,2021-09-23 02:16:40.018808
bigsalefindercom.t.domdex.com,AVAILABILITY,domains.list,2021-09-23 02:16:40.812985
billabong.btttag.com,AVAILABILITY,domains.list,2021-09-23 02:16:41.490200
bim-cdn-m.clickability.com,AVAILABILITY,domains.list,2021-09-23 02:16:42.882052
bitwarden.propellerads.com,AVAILABILITY,domains.list,2021-09-23 02:16:43.822100
biyzz.ymaqdv.bapb.gdn,AVAILABILITY,domains.list,2021-09-23 02:16:45.581415
biz.appsflyer.com,AVAILABILITY,domains.list,2021-09-23 02:16:46.526146
bj.manager.getui.com,AVAILABILITY,domains.list,2021-09-23 02:16:48.817367
black.soju.openx.net,AVAILABILITY,domains.list,2021-09-23 02:16:49.918882
blackocean-d.openx.net,AVAILABILITY,domains.list,2021-09-23 02:16:50.950190
blackpeoplemeet.adlegend.com,AVAILABILITY,domains.list,2021-09-23 02:16:51.696233
blanja.vizury.com,AVAILABILITY,domains.list,2021-09-23 02:16:52.376736
blizzofia.trustx.org,AVAILABILITY,domains.list,2021-09-23 02:16:54.110070
blkrad.rad.atdmt.com,AVAILABILITY,domains.list,2021-09-23 02:16:55.062262
bloom.datafirst.io,AVAILABILITY,domains.list,2021-09-23 02:17:06.650971
blog.adsame.com,AVAILABILITY,domains.list,2021-09-23 02:17:08.331978
blue.soju.openx.net,AVAILABILITY,domains.list,2021-09-23 02:17:09.545068
blue-link.t.domdex.com,AVAILABILITY,domains.list,2021-09-23 02:17:10.300266
bluelink-health.t.domdex.com,AVAILABILITY,domains.list,2021-09-23 02:17:11.062807
bluelink-entertainment.t.domdex.com,AVAILABILITY,domains.list,2021-09-23 02:17:11.782657
bluelink-education.t.domdex.com,AVAILABILITY,domains.list,2021-09-23 02:17:12.586601
bluelink-parenting.t.domdex.com,AVAILABILITY,domains.list,2021-09-23 02:17:13.329698
bluelink-lifestyle.t.domdex.com,AVAILABILITY,domains.list,2021-09-23 02:17:14.077865
bluelink-pets.t.domdex.com,AVAILABILITY,domains.list,2021-09-23 02:17:14.803217
bluelink-home.t.domdex.com,AVAILABILITY,domains.list,2021-09-23 02:17:15.523918
bluelink-travel.t.domdex.com,AVAILABILITY,domains.list,2021-09-23 02:17:16.286398
bluewater-video-d.openx.net,AVAILABILITY,domains.list,2021-09-23 02:17:17.219611
bm9nbswsnl.mentalist.kameleoon.com,AVAILABILITY,domains.list,2021-09-23 02:17:17.960169
bluesky.brightroll.com,AVAILABILITY,domains.list,2021-09-23 02:17:18.693185
bm87576.fra1.appnexus.com,AVAILABILITY,domains.list,2021-09-23 02:17:19.837177
bm87596.fra1.appnexus.com,AVAILABILITY,domains.list,2021-09-23 02:17:20.692052
bm87586.fra1.appnexus.com,AVAILABILITY,domains.list,2021-09-23 02:17:21.640790
bm203430.nym2.appnexus.com,AVAILABILITY,domains.list,2021-09-23 02:17:22.946990
bm203440.nym2.appnexus.com,AVAILABILITY,domains.list,2021-09-23 02:17:23.831820
bmpzz.jmojh8fc6x.bapb.gdn,AVAILABILITY,domains.list,2021-09-23 02:17:25.898256
bmssdk.getfocus.in,AVAILABILITY,domains.list,2021-09-23 02:17:26.690926
bms-ext.nyc2.appnexus.com,AVAILABILITY,domains.list,2021-09-23 02:17:27.858294
bnhtracksdk.optimove.net,AVAILABILITY,domains.list,2021-09-23 02:17:28.810910
boca.urbanairship.com,AVAILABILITY,domains.list,2021-09-23 02:17:29.973597
bodyscan-camera.com,AVAILABILITY,domains.list,2021-09-23 02:17:30.822130
boldscreenmedia-d.openx.net,AVAILABILITY,domains.list,2021-09-23 02:17:31.850749
bombora-electronics.t.domdex.com,AVAILABILITY,domains.list,2021-09-23 02:17:32.538743
bontiva-d.openx.net,AVAILABILITY,domains.list,2021-09-23 02:17:33.624589
book.catalina.com,AVAILABILITY,domains.list,2021-09-23 02:17:34.825311
boole.datafirst.io,AVAILABILITY,domains.list,2021-09-23 02:17:36.086045
bookit.partner.intentmedia.net,AVAILABILITY,domains.list,2021-09-23 02:17:51.849653
boost-d.openx.net,AVAILABILITY,domains.list,2021-09-23 02:17:52.920103
boost-dev-api.districtm.net,AVAILABILITY,domains.list,2021-09-23 02:17:53.677284
bootsphoto.ie.102.112.2o7.net,AVAILABILITY,domains.list,2021-09-23 02:17:54.425172
boren.marfeel.com,AVAILABILITY,domains.list,2021-09-23 02:17:55.330693
bossip.moengage.com,AVAILABILITY,domains.list,2021-09-23 02:17:56.258734
botdev.c.appier.net,AVAILABILITY,domains.list,2021-09-23 02:17:56.986656
boxy-bea-iad2.rubiconproject.com,AVAILABILITY,domains.list,2021-09-23 02:17:57.938702
bp.bpasyspro.com,AVAILABILITY,domains.list,2021-09-23 02:17:58.803230
br.bmbs.baidu.com,AVAILABILITY,domains.list,2021-09-23 02:18:00.376060
br.labs.teads.tv,AVAILABILITY,domains.list,2021-09-23 02:18:01.125841
br.tags.vizury.com,AVAILABILITY,domains.list,2021-09-23 02:18:01.777284
brand.criteo.com,AVAILABILITY,domains.list,2021-09-23 02:18:03.236162
brandsafety.adlooxtracking.com,AVAILABILITY,domains.list,2021-09-23 02:18:05.126330
brassrule.com,AVAILABILITY,domains.list,2021-09-23 02:18:06.110572
brass.go2affise.com,AVAILABILITY,domains.list,2021-09-23 02:18:06.983577
bravenet.t.domdex.com,AVAILABILITY,domains.list,2021-09-23 02:18:07.758817
bravenet-internet.t.domdex.com,AVAILABILITY,domains.list,2021-09-23 02:18:08.530011
brayolatracksdk.optimove.net,AVAILABILITY,domains.list,2021-09-23 02:18:09.460967
branding.ad.xiaomi.com,AVAILABILITY,domains.list,2021-09-23 02:18:11.141766
bre.fyber.com,AVAILABILITY,domains.list,2021-09-23 02:18:11.802613
brezz.lyfd2xzauti9d8p.bapb.gdn,AVAILABILITY,domains.list,2021-09-23 02:18:12.890649
brickhousesecurity.btttag.com,AVAILABILITY,domains.list,2021-09-23 02:18:13.619626
brighthub-uncategorized.t.domdex.com,AVAILABILITY,domains.list,2021-09-23 02:18:14.450494
brisbane.advertising.com,AVAILABILITY,domains.list,2021-09-23 02:18:15.145380
broadcast.admob.com,AVAILABILITY,domains.list,2021-09-23 02:18:16.073928
brow.data.cnzz.com,AVAILABILITY,domains.list,2021-09-23 02:18:17.477171
browser-update.7fyfyt3a9l.top,AVAILABILITY,domains.list,2021-09-23 02:18:18.543333
br-tags.vizury.com,AVAILABILITY,domains.list,2021-09-23 02:18:19.250273
brusmedia.g2afse.com,AVAILABILITY,domains.list,2021-09-23 02:18:20.069429
brx.pxl.ace.advertising.com,AVAILABILITY,domains.list,2021-09-23 02:18:20.746655
brxserv-20.btrll.com,AVAILABILITY,domains.list,2021-09-23 02:18:21.950927
brxserv-21.btrll.com,AVAILABILITY,domains.list,2021-09-23 02:18:23.631866
brxserv1.btrll.com,AVAILABILITY,domains.list,2021-09-23 02:18:24.462387
bs-creatives-fix.fyber.com,AVAILABILITY,domains.list,2021-09-23 02:18:25.120879
bsg-rabbitmq-prod.nym2.appnexus.com,AVAILABILITY,domains.list,2021-09-23 02:18:26.106041
bsg-sfdcgw-prod.nym2.appnexus.com,AVAILABILITY,domains.list,2021-09-23 02:18:27.051015
bsg-sfdcgw-sand.nym2.appnexus.com,AVAILABILITY,domains.list,2021-09-23 02:18:27.922832
bslbeacon.lijit.com,AVAILABILITY,domains.list,2021-09-23 02:18:28.598441
b-ssl.grvcdn.com,AVAILABILITY,domains.list,2021-09-23 02:18:29.394167
bsw.pxl.ace.advertising.com,AVAILABILITY,domains.list,2021-09-23 02:18:30.074677
bsw-winners-ap-southeast-1-rtb.adroll.com,AVAILABILITY,domains.list,2021-09-23 02:18:30.747355
bt.criteo.com,AVAILABILITY,domains.list,2021-09-23 02:18:31.921398
btbzz.ymaqdv.bapb.gdn,AVAILABILITY,domains.list,2021-09-23 02:18:33.088662
btlr-ap-southeast-1.sharethrough.com,AVAILABILITY,domains.list,2021-09-23 02:18:33.975225
btosports.btttag.com,AVAILABILITY,domains.list,2021-09-23 02:18:34.690350
btr.vertamedia.com,AVAILABILITY,domains.list,2021-09-23 02:18:35.371449
budget.adlegend.com,AVAILABILITY,domains.list,2021-09-23 02:18:36.119722
builder.smartlook.com,AVAILABILITY,domains.list,2021-09-23 02:18:36.955938
bugbeta.umeng.com,AVAILABILITY,domains.list,2021-09-23 02:18:38.679470
build-master-3e786f9.use.dynamicyield.com,AVAILABILITY,domains.list,2021-09-23 02:18:39.542270
bulk.pubnative.net,AVAILABILITY,domains.list,2021-09-23 02:18:40.450963
bulletin-d.openx.net,AVAILABILITY,domains.list,2021-09-23 02:18:41.362835
bumpclick-d.openx.net,AVAILABILITY,domains.list,2021-09-23 02:18:42.389180
bundle.moglistat.com,AVAILABILITY,domains.list,2021-09-23 02:18:43.194494
business.t.domdex.com,AVAILABILITY,domains.list,2021-09-23 02:18:43.948553
businessspectrum.adlegend.com,AVAILABILITY,domains.list,2021-09-23 02:18:44.613537
buyercloud.rubiconproject.com,AVAILABILITY,domains.list,2021-09-23 02:18:45.626892
buzzeff.ebz.io,AVAILABILITY,domains.list,2021-09-23 02:18:46.557030
buzzlamp-d.openx.net,AVAILABILITY,domains.list,2021-09-23 02:18:47.566169
bw.bidder.inmobi.com,AVAILABILITY,domains.list,2021-09-23 02:18:48.594907
bw-euwest-bidder.appd.inmobi.com,AVAILABILITY,domains.list,2021-09-23 02:18:49.726220
bw-useast-bidder.appd.inmobi.com,AVAILABILITY,domains.list,2021-09-23 02:18:50.758003
bw-uswest-bidder.appd.inmobi.com,AVAILABILITY,domains.list,2021-09-23 02:18:51.765391
by.advertising.com,AVAILABILITY,domains.list,2021-09-23 02:18:52.463091
c1.la4.download.9appsinstall.com,AVAILABILITY,domains.list,2021-09-23 02:18:53.236970
c1f9b35b00f.com,AVAILABILITY,domains.list,2021-09-23 02:18:54.177375
c2.mouseflow.com,AVAILABILITY,domains.list,2021-09-23 02:18:56.461676
c02.smaato.net,AVAILABILITY,domains.list,2021-09-23 02:18:57.266470
c2-cn.w.inmobi.com,AVAILABILITY,domains.list,2021-09-23 02:18:58.068005
c3.la4.download.9appsinstall.com,AVAILABILITY,domains.list,2021-09-23 02:18:58.841369
c4.la4.download.9appsinstall.com,AVAILABILITY,domains.list,2021-09-23 02:18:59.623151
c5.la4.download.9appsinstall.com,AVAILABILITY,domains.list,2021-09-23 02:19:00.309359
c5dzz.lyfd2xzauti9d8p.bapb.gdn,AVAILABILITY,domains.list,2021-09-23 02:19:01.452905
c7.la4.download.9appsinstall.com,AVAILABILITY,domains.list,2021-09-23 02:19:02.165040
c9.la4.download.9appsinstall.com,AVAILABILITY,domains.list,2021-09-23 02:19:02.884163
c10.la4.download.9appsinstall.com,AVAILABILITY,domains.list,2021-09-23 02:19:03.559454
c11.la4.download.9appsinstall.com,AVAILABILITY,domains.list,2021-09-23 02:19:04.300126
c17c.v.fwmrm.net,AVAILABILITY,domains.list,2021-09-23 02:19:04.966125
c535qvgz0l.mentalist.kameleoon.com,AVAILABILITY,domains.list,2021-09-23 02:19:05.654799
c1475741074.mtraction.com,AVAILABILITY,domains.list,2021-09-23 02:19:06.598802
c1479369057.mtraction.com,AVAILABILITY,domains.list,2021-09-23 02:19:07.496420
c.dlx.addthis.com,AVAILABILITY,domains.list,2021-09-23 02:19:08.151859
c.googlesyndication.com,AVAILABILITY,domains.list,2021-09-23 02:19:09.127161
c.gcp.msas.media.net,AVAILABILITY,domains.list,2021-09-23 02:19:10.815782
c.media.net,AVAILABILITY,domains.list,2021-09-23 02:19:12.166164
c.mouseflow.com,AVAILABILITY,domains.list,2021-09-23 02:19:13.340983
c.o5o4o6.com,AVAILABILITY,domains.list,2021-09-23 02:19:14.113017
c.parsely.com,AVAILABILITY,domains.list,2021-09-23 02:19:14.981399
c.nz.gt.igexin.com,AVAILABILITY,domains.list,2021-09-23 02:19:18.594135
c.lp.xapads.com,AVAILABILITY,domains.list,2021-09-23 02:19:33.326406
c.t.dps-reach.com,AVAILABILITY,domains.list,2021-09-23 02:19:35.676867
c.t.inmobi.com,AVAILABILITY,domains.list,2021-09-23 02:19:36.622286
c.targetserving.com,AVAILABILITY,domains.list,2021-09-23 02:19:37.650416
c.sz.gt.igexin.com,AVAILABILITY,domains.list,2021-09-23 02:19:39.982270
c.trfpump.com,AVAILABILITY,domains.list,2021-09-23 02:19:40.749272
ca.akamai.startappservice.com,AVAILABILITY,domains.list,2021-09-23 02:19:41.564826
ca.origin.startappservice.com,AVAILABILITY,domains.list,2021-09-23 02:19:42.264641
ca.xs.mookie1.com,AVAILABILITY,domains.list,2021-09-23 02:19:43.022500
cab.gbc.criteo.net,AVAILABILITY,domains.list,2021-09-23 02:19:44.468906
cache-fast.addthis.com,AVAILABILITY,domains.list,2021-09-23 02:19:45.133809
cache-uat-fast.addthis.com,AVAILABILITY,domains.list,2021-09-23 02:19:45.866527
c.split.cnzz.com,AVAILABILITY,domains.list,2021-09-23 02:20:27.789150
